prioridad,punto,gravedad,pagina,idioma,ruta,elemento,actual,propuesta,estado,evidencia
1,U01,MEDIO,10_BLOG_HOME,ca,PAGINAS/10_BLOG_HOME/cat/index.html,Organization.sameAs / LocalBusiness.sameAs,coordinate=41.390577%2C2.198362,coordinate=41.3906488%2C2.1984312,CORRECCIÓN DEFINIDA,"[{""line"": 70, ""code"": ""coordinate=41.390577%2C2.198362""}, {""line"": 224, ""code"": ""coordinate=41.390577%2C2.198362""}]"
1,U01,MEDIO,10_BLOG_HOME,de,PAGINAS/10_BLOG_HOME/de/index.html,Organization.sameAs / LocalBusiness.sameAs,coordinate=41.390577%2C2.198362,coordinate=41.3906488%2C2.1984312,CORRECCIÓN DEFINIDA,"[{""line"": 68, ""code"": ""coordinate=41.390577%2C2.198362""}, {""line"": 222, ""code"": ""coordinate=41.390577%2C2.198362""}]"
1,U01,MEDIO,10_BLOG_HOME,en,PAGINAS/10_BLOG_HOME/en/index.html,Organization.sameAs / LocalBusiness.sameAs,coordinate=41.390577%2C2.198362,coordinate=41.3906488%2C2.1984312,CORRECCIÓN DEFINIDA,"[{""line"": 81, ""code"": ""coordinate=41.390577%2C2.198362""}, {""line"": 272, ""code"": ""coordinate=41.390577%2C2.198362""}]"
1,U01,MEDIO,10_BLOG_HOME,es,PAGINAS/10_BLOG_HOME/es/index.html,Organization.sameAs / LocalBusiness.sameAs,coordinate=41.390577%2C2.198362,coordinate=41.3906488%2C2.1984312,CORRECCIÓN DEFINIDA,"[{""line"": 78, ""code"": ""coordinate=41.390577%2C2.198362""}, {""line"": 270, ""code"": ""coordinate=41.390577%2C2.198362""}]"
1,U01,MEDIO,10_BLOG_HOME,fr,PAGINAS/10_BLOG_HOME/fr/index.html,Organization.sameAs / LocalBusiness.sameAs,coordinate=41.390577%2C2.198362,coordinate=41.3906488%2C2.1984312,CORRECCIÓN DEFINIDA,"[{""line"": 71, ""code"": ""coordinate=41.390577%2C2.198362""}, {""line"": 225, ""code"": ""coordinate=41.390577%2C2.198362""}]"
1,U01,MEDIO,10_BLOG_HOME,it,PAGINAS/10_BLOG_HOME/it/index.html,Organization.sameAs / LocalBusiness.sameAs,coordinate=41.390577%2C2.198362,coordinate=41.3906488%2C2.1984312,CORRECCIÓN DEFINIDA,"[{""line"": 70, ""code"": ""coordinate=41.390577%2C2.198362""}, {""line"": 224, ""code"": ""coordinate=41.390577%2C2.198362""}]"
1,U01,MEDIO,10_BLOG_HOME,nl,PAGINAS/10_BLOG_HOME/nl/index.html,Organization.sameAs / LocalBusiness.sameAs,coordinate=41.390577%2C2.198362,coordinate=41.3906488%2C2.1984312,CORRECCIÓN DEFINIDA,"[{""line"": 81, ""code"": ""coordinate=41.390577%2C2.198362""}, {""line"": 235, ""code"": ""coordinate=41.390577%2C2.198362""}]"
1,U01,MEDIO,10_BLOG_HOME,pl,PAGINAS/10_BLOG_HOME/pl/index.html,Organization.sameAs / LocalBusiness.sameAs,coordinate=41.390577%2C2.198362,coordinate=41.3906488%2C2.1984312,CORRECCIÓN DEFINIDA,"[{""line"": 81, ""code"": ""coordinate=41.390577%2C2.198362""}, {""line"": 272, ""code"": ""coordinate=41.390577%2C2.198362""}]"
1,U01,MEDIO,10_BLOG_HOME,pt,PAGINAS/10_BLOG_HOME/pt/index.html,Organization.sameAs / LocalBusiness.sameAs,coordinate=41.390577%2C2.198362,coordinate=41.3906488%2C2.1984312,CORRECCIÓN DEFINIDA,"[{""line"": 81, ""code"": ""coordinate=41.390577%2C2.198362""}, {""line"": 235, ""code"": ""coordinate=41.390577%2C2.198362""}]"
1,U01,MEDIO,10_BLOG_HOME,sv,PAGINAS/10_BLOG_HOME/sv/index.html,Organization.sameAs / LocalBusiness.sameAs,coordinate=41.390577%2C2.198362,coordinate=41.3906488%2C2.1984312,CORRECCIÓN DEFINIDA,"[{""line"": 81, ""code"": ""coordinate=41.390577%2C2.198362""}, {""line"": 235, ""code"": ""coordinate=41.390577%2C2.198362""}]"
1,U01,MEDIO,12_BLOG_BEGINNER_INLINE_SKATING,ca,PAGINAS/12_BLOG_BEGINNER_INLINE_SKATING/cat/index.html,Organization.sameAs / LocalBusiness.sameAs,coordinate=41.390577%2C2.198362,coordinate=41.3906488%2C2.1984312,CORRECCIÓN DEFINIDA,"[{""line"": 121, ""code"": ""coordinate=41.390577%2C2.198362""}, {""line"": 312, ""code"": ""coordinate=41.390577%2C2.198362""}]"
1,U01,MEDIO,12_BLOG_BEGINNER_INLINE_SKATING,de,PAGINAS/12_BLOG_BEGINNER_INLINE_SKATING/de/index.html,Organization.sameAs / LocalBusiness.sameAs,coordinate=41.390577%2C2.198362,coordinate=41.3906488%2C2.1984312,CORRECCIÓN DEFINIDA,"[{""line"": 121, ""code"": ""coordinate=41.390577%2C2.198362""}, {""line"": 312, ""code"": ""coordinate=41.390577%2C2.198362""}]"
1,U01,MEDIO,12_BLOG_BEGINNER_INLINE_SKATING,en,PAGINAS/12_BLOG_BEGINNER_INLINE_SKATING/en/index.html,Organization.sameAs / LocalBusiness.sameAs,coordinate=41.390577%2C2.198362,coordinate=41.3906488%2C2.1984312,CORRECCIÓN DEFINIDA,"[{""line"": 121, ""code"": ""coordinate=41.390577%2C2.198362""}, {""line"": 312, ""code"": ""coordinate=41.390577%2C2.198362""}]"
1,U01,MEDIO,12_BLOG_BEGINNER_INLINE_SKATING,es,PAGINAS/12_BLOG_BEGINNER_INLINE_SKATING/es/index.html,Organization.sameAs / LocalBusiness.sameAs,coordinate=41.390577%2C2.198362,coordinate=41.3906488%2C2.1984312,CORRECCIÓN DEFINIDA,"[{""line"": 118, ""code"": ""coordinate=41.390577%2C2.198362""}, {""line"": 269, ""code"": ""coordinate=41.390577%2C2.198362""}]"
1,U01,MEDIO,12_BLOG_BEGINNER_INLINE_SKATING,fr,PAGINAS/12_BLOG_BEGINNER_INLINE_SKATING/fr/index.html,Organization.sameAs / LocalBusiness.sameAs,coordinate=41.390577%2C2.198362,coordinate=41.3906488%2C2.1984312,CORRECCIÓN DEFINIDA,"[{""line"": 121, ""code"": ""coordinate=41.390577%2C2.198362""}, {""line"": 312, ""code"": ""coordinate=41.390577%2C2.198362""}]"
1,U01,MEDIO,12_BLOG_BEGINNER_INLINE_SKATING,it,PAGINAS/12_BLOG_BEGINNER_INLINE_SKATING/it/index.html,Organization.sameAs / LocalBusiness.sameAs,coordinate=41.390577%2C2.198362,coordinate=41.3906488%2C2.1984312,CORRECCIÓN DEFINIDA,"[{""line"": 121, ""code"": ""coordinate=41.390577%2C2.198362""}, {""line"": 312, ""code"": ""coordinate=41.390577%2C2.198362""}]"
1,U01,MEDIO,12_BLOG_BEGINNER_INLINE_SKATING,nl,PAGINAS/12_BLOG_BEGINNER_INLINE_SKATING/nl/index.html,Organization.sameAs / LocalBusiness.sameAs,coordinate=41.390577%2C2.198362,coordinate=41.3906488%2C2.1984312,CORRECCIÓN DEFINIDA,"[{""line"": 121, ""code"": ""coordinate=41.390577%2C2.198362""}, {""line"": 312, ""code"": ""coordinate=41.390577%2C2.198362""}]"
1,U01,MEDIO,12_BLOG_BEGINNER_INLINE_SKATING,pl,PAGINAS/12_BLOG_BEGINNER_INLINE_SKATING/pl/index.html,Organization.sameAs / LocalBusiness.sameAs,coordinate=41.390577%2C2.198362,coordinate=41.3906488%2C2.1984312,CORRECCIÓN DEFINIDA,"[{""line"": 121, ""code"": ""coordinate=41.390577%2C2.198362""}, {""line"": 312, ""code"": ""coordinate=41.390577%2C2.198362""}]"
1,U01,MEDIO,12_BLOG_BEGINNER_INLINE_SKATING,pt,PAGINAS/12_BLOG_BEGINNER_INLINE_SKATING/pt/index.html,Organization.sameAs / LocalBusiness.sameAs,coordinate=41.390577%2C2.198362,coordinate=41.3906488%2C2.1984312,CORRECCIÓN DEFINIDA,"[{""line"": 121, ""code"": ""coordinate=41.390577%2C2.198362""}, {""line"": 312, ""code"": ""coordinate=41.390577%2C2.198362""}]"
1,U01,MEDIO,12_BLOG_BEGINNER_INLINE_SKATING,sv,PAGINAS/12_BLOG_BEGINNER_INLINE_SKATING/sv/index.html,Organization.sameAs / LocalBusiness.sameAs,coordinate=41.390577%2C2.198362,coordinate=41.3906488%2C2.1984312,CORRECCIÓN DEFINIDA,"[{""line"": 121, ""code"": ""coordinate=41.390577%2C2.198362""}, {""line"": 312, ""code"": ""coordinate=41.390577%2C2.198362""}]"
1,U01,MEDIO,13_BLOG_BEST_ROLLERBLADING_ROUTES,ca,PAGINAS/13_BLOG_BEST_ROLLERBLADING_ROUTES/cat/index.html,Organization.sameAs / LocalBusiness.sameAs,coordinate=41.390577%2C2.198362,coordinate=41.3906488%2C2.1984312,CORRECCIÓN DEFINIDA,"[{""line"": 99, ""code"": ""coordinate=41.390577%2C2.198362""}, {""line"": 290, ""code"": ""coordinate=41.390577%2C2.198362""}]"
1,U01,MEDIO,13_BLOG_BEST_ROLLERBLADING_ROUTES,de,PAGINAS/13_BLOG_BEST_ROLLERBLADING_ROUTES/de/index.html,Organization.sameAs / LocalBusiness.sameAs,coordinate=41.390577%2C2.198362,coordinate=41.3906488%2C2.1984312,CORRECCIÓN DEFINIDA,"[{""line"": 97, ""code"": ""coordinate=41.390577%2C2.198362""}, {""line"": 288, ""code"": ""coordinate=41.390577%2C2.198362""}]"
1,U01,MEDIO,13_BLOG_BEST_ROLLERBLADING_ROUTES,en,PAGINAS/13_BLOG_BEST_ROLLERBLADING_ROUTES/en/index.html,Organization.sameAs / LocalBusiness.sameAs,coordinate=41.390577%2C2.198362,coordinate=41.3906488%2C2.1984312,CORRECCIÓN DEFINIDA,"[{""line"": 110, ""code"": ""coordinate=41.390577%2C2.198362""}, {""line"": 301, ""code"": ""coordinate=41.390577%2C2.198362""}]"
1,U01,MEDIO,13_BLOG_BEST_ROLLERBLADING_ROUTES,es,PAGINAS/13_BLOG_BEST_ROLLERBLADING_ROUTES/es/index.html,Organization.sameAs / LocalBusiness.sameAs,coordinate=41.390577%2C2.198362,coordinate=41.3906488%2C2.1984312,CORRECCIÓN DEFINIDA,"[{""line"": 107, ""code"": ""coordinate=41.390577%2C2.198362""}, {""line"": 298, ""code"": ""coordinate=41.390577%2C2.198362""}]"
1,U01,MEDIO,13_BLOG_BEST_ROLLERBLADING_ROUTES,fr,PAGINAS/13_BLOG_BEST_ROLLERBLADING_ROUTES/fr/index.html,Organization.sameAs / LocalBusiness.sameAs,coordinate=41.390577%2C2.198362,coordinate=41.3906488%2C2.1984312,CORRECCIÓN DEFINIDA,"[{""line"": 100, ""code"": ""coordinate=41.390577%2C2.198362""}, {""line"": 291, ""code"": ""coordinate=41.390577%2C2.198362""}]"
1,U01,MEDIO,13_BLOG_BEST_ROLLERBLADING_ROUTES,it,PAGINAS/13_BLOG_BEST_ROLLERBLADING_ROUTES/it/index.html,Organization.sameAs / LocalBusiness.sameAs,coordinate=41.390577%2C2.198362,coordinate=41.3906488%2C2.1984312,CORRECCIÓN DEFINIDA,"[{""line"": 99, ""code"": ""coordinate=41.390577%2C2.198362""}, {""line"": 290, ""code"": ""coordinate=41.390577%2C2.198362""}]"
1,U01,MEDIO,13_BLOG_BEST_ROLLERBLADING_ROUTES,nl,PAGINAS/13_BLOG_BEST_ROLLERBLADING_ROUTES/nl/index.html,Organization.sameAs / LocalBusiness.sameAs,coordinate=41.390577%2C2.198362,coordinate=41.3906488%2C2.1984312,CORRECCIÓN DEFINIDA,"[{""line"": 110, ""code"": ""coordinate=41.390577%2C2.198362""}, {""line"": 301, ""code"": ""coordinate=41.390577%2C2.198362""}]"
1,U01,MEDIO,13_BLOG_BEST_ROLLERBLADING_ROUTES,pl,PAGINAS/13_BLOG_BEST_ROLLERBLADING_ROUTES/pl/index.html,Organization.sameAs / LocalBusiness.sameAs,coordinate=41.390577%2C2.198362,coordinate=41.3906488%2C2.1984312,CORRECCIÓN DEFINIDA,"[{""line"": 110, ""code"": ""coordinate=41.390577%2C2.198362""}, {""line"": 301, ""code"": ""coordinate=41.390577%2C2.198362""}]"
1,U01,MEDIO,13_BLOG_BEST_ROLLERBLADING_ROUTES,pt,PAGINAS/13_BLOG_BEST_ROLLERBLADING_ROUTES/pt/index.html,Organization.sameAs / LocalBusiness.sameAs,coordinate=41.390577%2C2.198362,coordinate=41.3906488%2C2.1984312,CORRECCIÓN DEFINIDA,"[{""line"": 110, ""code"": ""coordinate=41.390577%2C2.198362""}, {""line"": 301, ""code"": ""coordinate=41.390577%2C2.198362""}]"
1,U01,MEDIO,13_BLOG_BEST_ROLLERBLADING_ROUTES,sv,PAGINAS/13_BLOG_BEST_ROLLERBLADING_ROUTES/sv/index.html,Organization.sameAs / LocalBusiness.sameAs,coordinate=41.390577%2C2.198362,coordinate=41.3906488%2C2.1984312,CORRECCIÓN DEFINIDA,"[{""line"": 110, ""code"": ""coordinate=41.390577%2C2.198362""}, {""line"": 301, ""code"": ""coordinate=41.390577%2C2.198362""}]"
1,U01,MEDIO,14_BLOG_BIKE,ca,PAGINAS/14_BLOG_BIKE/cat/index.html,Organization.sameAs / LocalBusiness.sameAs,coordinate=41.390577%2C2.198362,coordinate=41.3906488%2C2.1984312,CORRECCIÓN DEFINIDA,"[{""line"": 99, ""code"": ""coordinate=41.390577%2C2.198362""}, {""line"": 250, ""code"": ""coordinate=41.390577%2C2.198362""}]"
1,U01,MEDIO,14_BLOG_BIKE,de,PAGINAS/14_BLOG_BIKE/de/index.html,Organization.sameAs / LocalBusiness.sameAs,coordinate=41.390577%2C2.198362,coordinate=41.3906488%2C2.1984312,CORRECCIÓN DEFINIDA,"[{""line"": 97, ""code"": ""coordinate=41.390577%2C2.198362""}, {""line"": 248, ""code"": ""coordinate=41.390577%2C2.198362""}]"
1,U01,MEDIO,14_BLOG_BIKE,en,PAGINAS/14_BLOG_BIKE/en/index.html,Organization.sameAs / LocalBusiness.sameAs,coordinate=41.390577%2C2.198362,coordinate=41.3906488%2C2.1984312,CORRECCIÓN DEFINIDA,"[{""line"": 110, ""code"": ""coordinate=41.390577%2C2.198362""}, {""line"": 301, ""code"": ""coordinate=41.390577%2C2.198362""}]"
1,U01,MEDIO,14_BLOG_BIKE,es,PAGINAS/14_BLOG_BIKE/es/index.html,Organization.sameAs / LocalBusiness.sameAs,coordinate=41.390577%2C2.198362,coordinate=41.3906488%2C2.1984312,CORRECCIÓN DEFINIDA,"[{""line"": 107, ""code"": ""coordinate=41.390577%2C2.198362""}, {""line"": 258, ""code"": ""coordinate=41.390577%2C2.198362""}]"
1,U01,MEDIO,14_BLOG_BIKE,fr,PAGINAS/14_BLOG_BIKE/fr/index.html,Organization.sameAs / LocalBusiness.sameAs,coordinate=41.390577%2C2.198362,coordinate=41.3906488%2C2.1984312,CORRECCIÓN DEFINIDA,"[{""line"": 100, ""code"": ""coordinate=41.390577%2C2.198362""}, {""line"": 251, ""code"": ""coordinate=41.390577%2C2.198362""}]"
1,U01,MEDIO,14_BLOG_BIKE,it,PAGINAS/14_BLOG_BIKE/it/index.html,Organization.sameAs / LocalBusiness.sameAs,coordinate=41.390577%2C2.198362,coordinate=41.3906488%2C2.1984312,CORRECCIÓN DEFINIDA,"[{""line"": 99, ""code"": ""coordinate=41.390577%2C2.198362""}, {""line"": 250, ""code"": ""coordinate=41.390577%2C2.198362""}]"
1,U01,MEDIO,14_BLOG_BIKE,nl,PAGINAS/14_BLOG_BIKE/nl/index.html,Organization.sameAs / LocalBusiness.sameAs,coordinate=41.390577%2C2.198362,coordinate=41.3906488%2C2.1984312,CORRECCIÓN DEFINIDA,"[{""line"": 110, ""code"": ""coordinate=41.390577%2C2.198362""}, {""line"": 261, ""code"": ""coordinate=41.390577%2C2.198362""}]"
1,U01,MEDIO,14_BLOG_BIKE,pl,PAGINAS/14_BLOG_BIKE/pl/index.html,Organization.sameAs / LocalBusiness.sameAs,coordinate=41.390577%2C2.198362,coordinate=41.3906488%2C2.1984312,CORRECCIÓN DEFINIDA,"[{""line"": 110, ""code"": ""coordinate=41.390577%2C2.198362""}, {""line"": 301, ""code"": ""coordinate=41.390577%2C2.198362""}]"
1,U01,MEDIO,14_BLOG_BIKE,pt,PAGINAS/14_BLOG_BIKE/pt/index.html,Organization.sameAs / LocalBusiness.sameAs,coordinate=41.390577%2C2.198362,coordinate=41.3906488%2C2.1984312,CORRECCIÓN DEFINIDA,"[{""line"": 110, ""code"": ""coordinate=41.390577%2C2.198362""}, {""line"": 261, ""code"": ""coordinate=41.390577%2C2.198362""}]"
1,U01,MEDIO,14_BLOG_BIKE,sv,PAGINAS/14_BLOG_BIKE/sv/index.html,Organization.sameAs / LocalBusiness.sameAs,coordinate=41.390577%2C2.198362,coordinate=41.3906488%2C2.1984312,CORRECCIÓN DEFINIDA,"[{""line"": 110, ""code"": ""coordinate=41.390577%2C2.198362""}, {""line"": 261, ""code"": ""coordinate=41.390577%2C2.198362""}]"
1,U01,MEDIO,15_BLOG_HOURLY_INLINE_SKATE_RENTAL,ca,PAGINAS/15_BLOG_HOURLY_INLINE_SKATE_RENTAL/cat/index.html,Organization.sameAs / LocalBusiness.sameAs,coordinate=41.390577%2C2.198362,coordinate=41.3906488%2C2.1984312,CORRECCIÓN DEFINIDA,"[{""line"": 121, ""code"": ""coordinate=41.390577%2C2.198362""}, {""line"": 312, ""code"": ""coordinate=41.390577%2C2.198362""}]"
1,U01,MEDIO,15_BLOG_HOURLY_INLINE_SKATE_RENTAL,de,PAGINAS/15_BLOG_HOURLY_INLINE_SKATE_RENTAL/de/index.html,Organization.sameAs / LocalBusiness.sameAs,coordinate=41.390577%2C2.198362,coordinate=41.3906488%2C2.1984312,CORRECCIÓN DEFINIDA,"[{""line"": 121, ""code"": ""coordinate=41.390577%2C2.198362""}, {""line"": 312, ""code"": ""coordinate=41.390577%2C2.198362""}]"
1,U01,MEDIO,15_BLOG_HOURLY_INLINE_SKATE_RENTAL,en,PAGINAS/15_BLOG_HOURLY_INLINE_SKATE_RENTAL/en/index.html,Organization.sameAs / LocalBusiness.sameAs,coordinate=41.390577%2C2.198362,coordinate=41.3906488%2C2.1984312,CORRECCIÓN DEFINIDA,"[{""line"": 121, ""code"": ""coordinate=41.390577%2C2.198362""}, {""line"": 312, ""code"": ""coordinate=41.390577%2C2.198362""}]"
1,U01,MEDIO,15_BLOG_HOURLY_INLINE_SKATE_RENTAL,es,PAGINAS/15_BLOG_HOURLY_INLINE_SKATE_RENTAL/es/index.html,Organization.sameAs / LocalBusiness.sameAs,coordinate=41.390577%2C2.198362,coordinate=41.3906488%2C2.1984312,CORRECCIÓN DEFINIDA,"[{""line"": 118, ""code"": ""coordinate=41.390577%2C2.198362""}, {""line"": 269, ""code"": ""coordinate=41.390577%2C2.198362""}]"
1,U01,MEDIO,15_BLOG_HOURLY_INLINE_SKATE_RENTAL,fr,PAGINAS/15_BLOG_HOURLY_INLINE_SKATE_RENTAL/fr/index.html,Organization.sameAs / LocalBusiness.sameAs,coordinate=41.390577%2C2.198362,coordinate=41.3906488%2C2.1984312,CORRECCIÓN DEFINIDA,"[{""line"": 121, ""code"": ""coordinate=41.390577%2C2.198362""}, {""line"": 312, ""code"": ""coordinate=41.390577%2C2.198362""}]"
1,U01,MEDIO,15_BLOG_HOURLY_INLINE_SKATE_RENTAL,it,PAGINAS/15_BLOG_HOURLY_INLINE_SKATE_RENTAL/it/index.html,Organization.sameAs / LocalBusiness.sameAs,coordinate=41.390577%2C2.198362,coordinate=41.3906488%2C2.1984312,CORRECCIÓN DEFINIDA,"[{""line"": 122, ""code"": ""coordinate=41.390577%2C2.198362""}, {""line"": 313, ""code"": ""coordinate=41.390577%2C2.198362""}]"
1,U01,MEDIO,15_BLOG_HOURLY_INLINE_SKATE_RENTAL,nl,PAGINAS/15_BLOG_HOURLY_INLINE_SKATE_RENTAL/nl/index.html,Organization.sameAs / LocalBusiness.sameAs,coordinate=41.390577%2C2.198362,coordinate=41.3906488%2C2.1984312,CORRECCIÓN DEFINIDA,"[{""line"": 121, ""code"": ""coordinate=41.390577%2C2.198362""}, {""line"": 311, ""code"": ""coordinate=41.390577%2C2.198362""}]"
1,U01,MEDIO,15_BLOG_HOURLY_INLINE_SKATE_RENTAL,pl,PAGINAS/15_BLOG_HOURLY_INLINE_SKATE_RENTAL/pl/index.html,Organization.sameAs / LocalBusiness.sameAs,coordinate=41.390577%2C2.198362,coordinate=41.3906488%2C2.1984312,CORRECCIÓN DEFINIDA,"[{""line"": 122, ""code"": ""coordinate=41.390577%2C2.198362""}, {""line"": 313, ""code"": ""coordinate=41.390577%2C2.198362""}]"
1,U01,MEDIO,15_BLOG_HOURLY_INLINE_SKATE_RENTAL,pt,PAGINAS/15_BLOG_HOURLY_INLINE_SKATE_RENTAL/pt/index.html,Organization.sameAs / LocalBusiness.sameAs,coordinate=41.390577%2C2.198362,coordinate=41.3906488%2C2.1984312,CORRECCIÓN DEFINIDA,"[{""line"": 121, ""code"": ""coordinate=41.390577%2C2.198362""}, {""line"": 312, ""code"": ""coordinate=41.390577%2C2.198362""}]"
1,U01,MEDIO,15_BLOG_HOURLY_INLINE_SKATE_RENTAL,sv,PAGINAS/15_BLOG_HOURLY_INLINE_SKATE_RENTAL/sv/index.html,Organization.sameAs / LocalBusiness.sameAs,coordinate=41.390577%2C2.198362,coordinate=41.3906488%2C2.1984312,CORRECCIÓN DEFINIDA,"[{""line"": 121, ""code"": ""coordinate=41.390577%2C2.198362""}, {""line"": 312, ""code"": ""coordinate=41.390577%2C2.198362""}]"
1,U01,MEDIO,16_BLOG_INLINE_SKATES,ca,PAGINAS/16_BLOG_INLINE_SKATES/cat/index.html,Organization.sameAs / LocalBusiness.sameAs,coordinate=41.390577%2C2.198362,coordinate=41.3906488%2C2.1984312,CORRECCIÓN DEFINIDA,"[{""line"": 99, ""code"": ""coordinate=41.390577%2C2.198362""}, {""line"": 250, ""code"": ""coordinate=41.390577%2C2.198362""}]"
1,U01,MEDIO,16_BLOG_INLINE_SKATES,de,PAGINAS/16_BLOG_INLINE_SKATES/de/index.html,Organization.sameAs / LocalBusiness.sameAs,coordinate=41.390577%2C2.198362,coordinate=41.3906488%2C2.1984312,CORRECCIÓN DEFINIDA,"[{""line"": 97, ""code"": ""coordinate=41.390577%2C2.198362""}, {""line"": 248, ""code"": ""coordinate=41.390577%2C2.198362""}]"
1,U01,MEDIO,16_BLOG_INLINE_SKATES,en,PAGINAS/16_BLOG_INLINE_SKATES/en/index.html,Organization.sameAs / LocalBusiness.sameAs,coordinate=41.390577%2C2.198362,coordinate=41.3906488%2C2.1984312,CORRECCIÓN DEFINIDA,"[{""line"": 110, ""code"": ""coordinate=41.390577%2C2.198362""}, {""line"": 301, ""code"": ""coordinate=41.390577%2C2.198362""}]"
1,U01,MEDIO,16_BLOG_INLINE_SKATES,es,PAGINAS/16_BLOG_INLINE_SKATES/es/index.html,Organization.sameAs / LocalBusiness.sameAs,coordinate=41.390577%2C2.198362,coordinate=41.3906488%2C2.1984312,CORRECCIÓN DEFINIDA,"[{""line"": 107, ""code"": ""coordinate=41.390577%2C2.198362""}, {""line"": 258, ""code"": ""coordinate=41.390577%2C2.198362""}]"
1,U01,MEDIO,16_BLOG_INLINE_SKATES,fr,PAGINAS/16_BLOG_INLINE_SKATES/fr/index.html,Organization.sameAs / LocalBusiness.sameAs,coordinate=41.390577%2C2.198362,coordinate=41.3906488%2C2.1984312,CORRECCIÓN DEFINIDA,"[{""line"": 100, ""code"": ""coordinate=41.390577%2C2.198362""}, {""line"": 251, ""code"": ""coordinate=41.390577%2C2.198362""}]"
1,U01,MEDIO,16_BLOG_INLINE_SKATES,it,PAGINAS/16_BLOG_INLINE_SKATES/it/index.html,Organization.sameAs / LocalBusiness.sameAs,coordinate=41.390577%2C2.198362,coordinate=41.3906488%2C2.1984312,CORRECCIÓN DEFINIDA,"[{""line"": 99, ""code"": ""coordinate=41.390577%2C2.198362""}, {""line"": 250, ""code"": ""coordinate=41.390577%2C2.198362""}]"
1,U01,MEDIO,16_BLOG_INLINE_SKATES,nl,PAGINAS/16_BLOG_INLINE_SKATES/nl/index.html,Organization.sameAs / LocalBusiness.sameAs,coordinate=41.390577%2C2.198362,coordinate=41.3906488%2C2.1984312,CORRECCIÓN DEFINIDA,"[{""line"": 110, ""code"": ""coordinate=41.390577%2C2.198362""}, {""line"": 261, ""code"": ""coordinate=41.390577%2C2.198362""}]"
1,U01,MEDIO,16_BLOG_INLINE_SKATES,pl,PAGINAS/16_BLOG_INLINE_SKATES/pl/index.html,Organization.sameAs / LocalBusiness.sameAs,coordinate=41.390577%2C2.198362,coordinate=41.3906488%2C2.1984312,CORRECCIÓN DEFINIDA,"[{""line"": 110, ""code"": ""coordinate=41.390577%2C2.198362""}, {""line"": 301, ""code"": ""coordinate=41.390577%2C2.198362""}]"
1,U01,MEDIO,16_BLOG_INLINE_SKATES,pt,PAGINAS/16_BLOG_INLINE_SKATES/pt/index.html,Organization.sameAs / LocalBusiness.sameAs,coordinate=41.390577%2C2.198362,coordinate=41.3906488%2C2.1984312,CORRECCIÓN DEFINIDA,"[{""line"": 110, ""code"": ""coordinate=41.390577%2C2.198362""}, {""line"": 261, ""code"": ""coordinate=41.390577%2C2.198362""}]"
1,U01,MEDIO,16_BLOG_INLINE_SKATES,sv,PAGINAS/16_BLOG_INLINE_SKATES/sv/index.html,Organization.sameAs / LocalBusiness.sameAs,coordinate=41.390577%2C2.198362,coordinate=41.3906488%2C2.1984312,CORRECCIÓN DEFINIDA,"[{""line"": 110, ""code"": ""coordinate=41.390577%2C2.198362""}, {""line"": 261, ""code"": ""coordinate=41.390577%2C2.198362""}]"
1,U01,MEDIO,17_BLOG_LONGBOARD,ca,PAGINAS/17_BLOG_LONGBOARD/cat/index.html,Organization.sameAs / LocalBusiness.sameAs,coordinate=41.390577%2C2.198362,coordinate=41.3906488%2C2.1984312,CORRECCIÓN DEFINIDA,"[{""line"": 99, ""code"": ""coordinate=41.390577%2C2.198362""}, {""line"": 250, ""code"": ""coordinate=41.390577%2C2.198362""}]"
1,U01,MEDIO,17_BLOG_LONGBOARD,de,PAGINAS/17_BLOG_LONGBOARD/de/index.html,Organization.sameAs / LocalBusiness.sameAs,coordinate=41.390577%2C2.198362,coordinate=41.3906488%2C2.1984312,CORRECCIÓN DEFINIDA,"[{""line"": 97, ""code"": ""coordinate=41.390577%2C2.198362""}, {""line"": 248, ""code"": ""coordinate=41.390577%2C2.198362""}]"
1,U01,MEDIO,17_BLOG_LONGBOARD,en,PAGINAS/17_BLOG_LONGBOARD/en/index.html,Organization.sameAs / LocalBusiness.sameAs,coordinate=41.390577%2C2.198362,coordinate=41.3906488%2C2.1984312,CORRECCIÓN DEFINIDA,"[{""line"": 110, ""code"": ""coordinate=41.390577%2C2.198362""}, {""line"": 301, ""code"": ""coordinate=41.390577%2C2.198362""}]"
1,U01,MEDIO,17_BLOG_LONGBOARD,es,PAGINAS/17_BLOG_LONGBOARD/es/index.html,Organization.sameAs / LocalBusiness.sameAs,coordinate=41.390577%2C2.198362,coordinate=41.3906488%2C2.1984312,CORRECCIÓN DEFINIDA,"[{""line"": 107, ""code"": ""coordinate=41.390577%2C2.198362""}, {""line"": 258, ""code"": ""coordinate=41.390577%2C2.198362""}]"
1,U01,MEDIO,17_BLOG_LONGBOARD,fr,PAGINAS/17_BLOG_LONGBOARD/fr/index.html,Organization.sameAs / LocalBusiness.sameAs,coordinate=41.390577%2C2.198362,coordinate=41.3906488%2C2.1984312,CORRECCIÓN DEFINIDA,"[{""line"": 100, ""code"": ""coordinate=41.390577%2C2.198362""}, {""line"": 251, ""code"": ""coordinate=41.390577%2C2.198362""}]"
1,U01,MEDIO,17_BLOG_LONGBOARD,it,PAGINAS/17_BLOG_LONGBOARD/it/index.html,Organization.sameAs / LocalBusiness.sameAs,coordinate=41.390577%2C2.198362,coordinate=41.3906488%2C2.1984312,CORRECCIÓN DEFINIDA,"[{""line"": 99, ""code"": ""coordinate=41.390577%2C2.198362""}, {""line"": 250, ""code"": ""coordinate=41.390577%2C2.198362""}]"
1,U01,MEDIO,17_BLOG_LONGBOARD,nl,PAGINAS/17_BLOG_LONGBOARD/nl/index.html,Organization.sameAs / LocalBusiness.sameAs,coordinate=41.390577%2C2.198362,coordinate=41.3906488%2C2.1984312,CORRECCIÓN DEFINIDA,"[{""line"": 110, ""code"": ""coordinate=41.390577%2C2.198362""}, {""line"": 261, ""code"": ""coordinate=41.390577%2C2.198362""}]"
1,U01,MEDIO,17_BLOG_LONGBOARD,pl,PAGINAS/17_BLOG_LONGBOARD/pl/index.html,Organization.sameAs / LocalBusiness.sameAs,coordinate=41.390577%2C2.198362,coordinate=41.3906488%2C2.1984312,CORRECCIÓN DEFINIDA,"[{""line"": 110, ""code"": ""coordinate=41.390577%2C2.198362""}, {""line"": 301, ""code"": ""coordinate=41.390577%2C2.198362""}]"
1,U01,MEDIO,17_BLOG_LONGBOARD,pt,PAGINAS/17_BLOG_LONGBOARD/pt/index.html,Organization.sameAs / LocalBusiness.sameAs,coordinate=41.390577%2C2.198362,coordinate=41.3906488%2C2.1984312,CORRECCIÓN DEFINIDA,"[{""line"": 110, ""code"": ""coordinate=41.390577%2C2.198362""}, {""line"": 261, ""code"": ""coordinate=41.390577%2C2.198362""}]"
1,U01,MEDIO,17_BLOG_LONGBOARD,sv,PAGINAS/17_BLOG_LONGBOARD/sv/index.html,Organization.sameAs / LocalBusiness.sameAs,coordinate=41.390577%2C2.198362,coordinate=41.3906488%2C2.1984312,CORRECCIÓN DEFINIDA,"[{""line"": 110, ""code"": ""coordinate=41.390577%2C2.198362""}, {""line"": 261, ""code"": ""coordinate=41.390577%2C2.198362""}]"
1,U01,MEDIO,18_BLOG_ROLLER_SKATES,ca,PAGINAS/18_BLOG_ROLLER_SKATES/cat/index.html,Organization.sameAs / LocalBusiness.sameAs,coordinate=41.390577%2C2.198362,coordinate=41.3906488%2C2.1984312,CORRECCIÓN DEFINIDA,"[{""line"": 99, ""code"": ""coordinate=41.390577%2C2.198362""}, {""line"": 250, ""code"": ""coordinate=41.390577%2C2.198362""}]"
1,U01,MEDIO,18_BLOG_ROLLER_SKATES,de,PAGINAS/18_BLOG_ROLLER_SKATES/de/index.html,Organization.sameAs / LocalBusiness.sameAs,coordinate=41.390577%2C2.198362,coordinate=41.3906488%2C2.1984312,CORRECCIÓN DEFINIDA,"[{""line"": 97, ""code"": ""coordinate=41.390577%2C2.198362""}, {""line"": 248, ""code"": ""coordinate=41.390577%2C2.198362""}]"
1,U01,MEDIO,18_BLOG_ROLLER_SKATES,en,PAGINAS/18_BLOG_ROLLER_SKATES/en/index.html,Organization.sameAs / LocalBusiness.sameAs,coordinate=41.390577%2C2.198362,coordinate=41.3906488%2C2.1984312,CORRECCIÓN DEFINIDA,"[{""line"": 110, ""code"": ""coordinate=41.390577%2C2.198362""}, {""line"": 301, ""code"": ""coordinate=41.390577%2C2.198362""}]"
1,U01,MEDIO,18_BLOG_ROLLER_SKATES,es,PAGINAS/18_BLOG_ROLLER_SKATES/es/index.html,Organization.sameAs / LocalBusiness.sameAs,coordinate=41.390577%2C2.198362,coordinate=41.3906488%2C2.1984312,CORRECCIÓN DEFINIDA,"[{""line"": 107, ""code"": ""coordinate=41.390577%2C2.198362""}, {""line"": 258, ""code"": ""coordinate=41.390577%2C2.198362""}]"
1,U01,MEDIO,18_BLOG_ROLLER_SKATES,fr,PAGINAS/18_BLOG_ROLLER_SKATES/fr/index.html,Organization.sameAs / LocalBusiness.sameAs,coordinate=41.390577%2C2.198362,coordinate=41.3906488%2C2.1984312,CORRECCIÓN DEFINIDA,"[{""line"": 100, ""code"": ""coordinate=41.390577%2C2.198362""}, {""line"": 251, ""code"": ""coordinate=41.390577%2C2.198362""}]"
1,U01,MEDIO,18_BLOG_ROLLER_SKATES,it,PAGINAS/18_BLOG_ROLLER_SKATES/it/index.html,Organization.sameAs / LocalBusiness.sameAs,coordinate=41.390577%2C2.198362,coordinate=41.3906488%2C2.1984312,CORRECCIÓN DEFINIDA,"[{""line"": 99, ""code"": ""coordinate=41.390577%2C2.198362""}, {""line"": 250, ""code"": ""coordinate=41.390577%2C2.198362""}]"
1,U01,MEDIO,18_BLOG_ROLLER_SKATES,nl,PAGINAS/18_BLOG_ROLLER_SKATES/nl/index.html,Organization.sameAs / LocalBusiness.sameAs,coordinate=41.390577%2C2.198362,coordinate=41.3906488%2C2.1984312,CORRECCIÓN DEFINIDA,"[{""line"": 110, ""code"": ""coordinate=41.390577%2C2.198362""}, {""line"": 261, ""code"": ""coordinate=41.390577%2C2.198362""}]"
1,U01,MEDIO,18_BLOG_ROLLER_SKATES,pl,PAGINAS/18_BLOG_ROLLER_SKATES/pl/index.html,Organization.sameAs / LocalBusiness.sameAs,coordinate=41.390577%2C2.198362,coordinate=41.3906488%2C2.1984312,CORRECCIÓN DEFINIDA,"[{""line"": 110, ""code"": ""coordinate=41.390577%2C2.198362""}, {""line"": 301, ""code"": ""coordinate=41.390577%2C2.198362""}]"
1,U01,MEDIO,18_BLOG_ROLLER_SKATES,pt,PAGINAS/18_BLOG_ROLLER_SKATES/pt/index.html,Organization.sameAs / LocalBusiness.sameAs,coordinate=41.390577%2C2.198362,coordinate=41.3906488%2C2.1984312,CORRECCIÓN DEFINIDA,"[{""line"": 110, ""code"": ""coordinate=41.390577%2C2.198362""}, {""line"": 261, ""code"": ""coordinate=41.390577%2C2.198362""}]"
1,U01,MEDIO,18_BLOG_ROLLER_SKATES,sv,PAGINAS/18_BLOG_ROLLER_SKATES/sv/index.html,Organization.sameAs / LocalBusiness.sameAs,coordinate=41.390577%2C2.198362,coordinate=41.3906488%2C2.1984312,CORRECCIÓN DEFINIDA,"[{""line"": 110, ""code"": ""coordinate=41.390577%2C2.198362""}, {""line"": 261, ""code"": ""coordinate=41.390577%2C2.198362""}]"
1,U01,MEDIO,19_BLOG_SCOOTER,ca,PAGINAS/19_BLOG_SCOOTER/cat/index.html,Organization.sameAs / LocalBusiness.sameAs,coordinate=41.390577%2C2.198362,coordinate=41.3906488%2C2.1984312,CORRECCIÓN DEFINIDA,"[{""line"": 99, ""code"": ""coordinate=41.390577%2C2.198362""}, {""line"": 250, ""code"": ""coordinate=41.390577%2C2.198362""}]"
1,U01,MEDIO,19_BLOG_SCOOTER,de,PAGINAS/19_BLOG_SCOOTER/de/index.html,Organization.sameAs / LocalBusiness.sameAs,coordinate=41.390577%2C2.198362,coordinate=41.3906488%2C2.1984312,CORRECCIÓN DEFINIDA,"[{""line"": 97, ""code"": ""coordinate=41.390577%2C2.198362""}, {""line"": 248, ""code"": ""coordinate=41.390577%2C2.198362""}]"
1,U01,MEDIO,19_BLOG_SCOOTER,en,PAGINAS/19_BLOG_SCOOTER/en/index.html,Organization.sameAs / LocalBusiness.sameAs,coordinate=41.390577%2C2.198362,coordinate=41.3906488%2C2.1984312,CORRECCIÓN DEFINIDA,"[{""line"": 107, ""code"": ""coordinate=41.390577%2C2.198362""}, {""line"": 258, ""code"": ""coordinate=41.390577%2C2.198362""}]"
1,U01,MEDIO,19_BLOG_SCOOTER,es,PAGINAS/19_BLOG_SCOOTER/es/index.html,Organization.sameAs / LocalBusiness.sameAs,coordinate=41.390577%2C2.198362,coordinate=41.3906488%2C2.1984312,CORRECCIÓN DEFINIDA,"[{""line"": 107, ""code"": ""coordinate=41.390577%2C2.198362""}, {""line"": 258, ""code"": ""coordinate=41.390577%2C2.198362""}]"
1,U01,MEDIO,19_BLOG_SCOOTER,fr,PAGINAS/19_BLOG_SCOOTER/fr/index.html,Organization.sameAs / LocalBusiness.sameAs,coordinate=41.390577%2C2.198362,coordinate=41.3906488%2C2.1984312,CORRECCIÓN DEFINIDA,"[{""line"": 100, ""code"": ""coordinate=41.390577%2C2.198362""}, {""line"": 251, ""code"": ""coordinate=41.390577%2C2.198362""}]"
1,U01,MEDIO,19_BLOG_SCOOTER,it,PAGINAS/19_BLOG_SCOOTER/it/index.html,Organization.sameAs / LocalBusiness.sameAs,coordinate=41.390577%2C2.198362,coordinate=41.3906488%2C2.1984312,CORRECCIÓN DEFINIDA,"[{""line"": 99, ""code"": ""coordinate=41.390577%2C2.198362""}, {""line"": 250, ""code"": ""coordinate=41.390577%2C2.198362""}]"
1,U01,MEDIO,19_BLOG_SCOOTER,nl,PAGINAS/19_BLOG_SCOOTER/nl/index.html,Organization.sameAs / LocalBusiness.sameAs,coordinate=41.390577%2C2.198362,coordinate=41.3906488%2C2.1984312,CORRECCIÓN DEFINIDA,"[{""line"": 110, ""code"": ""coordinate=41.390577%2C2.198362""}, {""line"": 261, ""code"": ""coordinate=41.390577%2C2.198362""}]"
1,U01,MEDIO,19_BLOG_SCOOTER,pl,PAGINAS/19_BLOG_SCOOTER/pl/index.html,Organization.sameAs / LocalBusiness.sameAs,coordinate=41.390577%2C2.198362,coordinate=41.3906488%2C2.1984312,CORRECCIÓN DEFINIDA,"[{""line"": 107, ""code"": ""coordinate=41.390577%2C2.198362""}, {""line"": 258, ""code"": ""coordinate=41.390577%2C2.198362""}]"
1,U01,MEDIO,19_BLOG_SCOOTER,pt,PAGINAS/19_BLOG_SCOOTER/pt/index.html,Organization.sameAs / LocalBusiness.sameAs,coordinate=41.390577%2C2.198362,coordinate=41.3906488%2C2.1984312,CORRECCIÓN DEFINIDA,"[{""line"": 110, ""code"": ""coordinate=41.390577%2C2.198362""}, {""line"": 261, ""code"": ""coordinate=41.390577%2C2.198362""}]"
1,U01,MEDIO,19_BLOG_SCOOTER,sv,PAGINAS/19_BLOG_SCOOTER/sv/index.html,Organization.sameAs / LocalBusiness.sameAs,coordinate=41.390577%2C2.198362,coordinate=41.3906488%2C2.1984312,CORRECCIÓN DEFINIDA,"[{""line"": 110, ""code"": ""coordinate=41.390577%2C2.198362""}, {""line"": 261, ""code"": ""coordinate=41.390577%2C2.198362""}]"
1,U01,MEDIO,20_BLOG_SKATEBOARD,ca,PAGINAS/20_BLOG_SKATEBOARD/cat/index.html,Organization.sameAs / LocalBusiness.sameAs,coordinate=41.390577%2C2.198362,coordinate=41.3906488%2C2.1984312,CORRECCIÓN DEFINIDA,"[{""line"": 99, ""code"": ""coordinate=41.390577%2C2.198362""}, {""line"": 250, ""code"": ""coordinate=41.390577%2C2.198362""}]"
1,U01,MEDIO,20_BLOG_SKATEBOARD,de,PAGINAS/20_BLOG_SKATEBOARD/de/index.html,Organization.sameAs / LocalBusiness.sameAs,coordinate=41.390577%2C2.198362,coordinate=41.3906488%2C2.1984312,CORRECCIÓN DEFINIDA,"[{""line"": 97, ""code"": ""coordinate=41.390577%2C2.198362""}, {""line"": 248, ""code"": ""coordinate=41.390577%2C2.198362""}]"
1,U01,MEDIO,20_BLOG_SKATEBOARD,en,PAGINAS/20_BLOG_SKATEBOARD/en/index.html,Organization.sameAs / LocalBusiness.sameAs,coordinate=41.390577%2C2.198362,coordinate=41.3906488%2C2.1984312,CORRECCIÓN DEFINIDA,"[{""line"": 110, ""code"": ""coordinate=41.390577%2C2.198362""}, {""line"": 301, ""code"": ""coordinate=41.390577%2C2.198362""}]"
1,U01,MEDIO,20_BLOG_SKATEBOARD,es,PAGINAS/20_BLOG_SKATEBOARD/es/index.html,Organization.sameAs / LocalBusiness.sameAs,coordinate=41.390577%2C2.198362,coordinate=41.3906488%2C2.1984312,CORRECCIÓN DEFINIDA,"[{""line"": 107, ""code"": ""coordinate=41.390577%2C2.198362""}, {""line"": 258, ""code"": ""coordinate=41.390577%2C2.198362""}]"
1,U01,MEDIO,20_BLOG_SKATEBOARD,fr,PAGINAS/20_BLOG_SKATEBOARD/fr/index.html,Organization.sameAs / LocalBusiness.sameAs,coordinate=41.390577%2C2.198362,coordinate=41.3906488%2C2.1984312,CORRECCIÓN DEFINIDA,"[{""line"": 100, ""code"": ""coordinate=41.390577%2C2.198362""}, {""line"": 251, ""code"": ""coordinate=41.390577%2C2.198362""}]"
1,U01,MEDIO,20_BLOG_SKATEBOARD,it,PAGINAS/20_BLOG_SKATEBOARD/it/index.html,Organization.sameAs / LocalBusiness.sameAs,coordinate=41.390577%2C2.198362,coordinate=41.3906488%2C2.1984312,CORRECCIÓN DEFINIDA,"[{""line"": 99, ""code"": ""coordinate=41.390577%2C2.198362""}, {""line"": 250, ""code"": ""coordinate=41.390577%2C2.198362""}]"
1,U01,MEDIO,20_BLOG_SKATEBOARD,nl,PAGINAS/20_BLOG_SKATEBOARD/nl/index.html,Organization.sameAs / LocalBusiness.sameAs,coordinate=41.390577%2C2.198362,coordinate=41.3906488%2C2.1984312,CORRECCIÓN DEFINIDA,"[{""line"": 110, ""code"": ""coordinate=41.390577%2C2.198362""}, {""line"": 261, ""code"": ""coordinate=41.390577%2C2.198362""}]"
1,U01,MEDIO,20_BLOG_SKATEBOARD,pl,PAGINAS/20_BLOG_SKATEBOARD/pl/index.html,Organization.sameAs / LocalBusiness.sameAs,coordinate=41.390577%2C2.198362,coordinate=41.3906488%2C2.1984312,CORRECCIÓN DEFINIDA,"[{""line"": 110, ""code"": ""coordinate=41.390577%2C2.198362""}, {""line"": 301, ""code"": ""coordinate=41.390577%2C2.198362""}]"
1,U01,MEDIO,20_BLOG_SKATEBOARD,pt,PAGINAS/20_BLOG_SKATEBOARD/pt/index.html,Organization.sameAs / LocalBusiness.sameAs,coordinate=41.390577%2C2.198362,coordinate=41.3906488%2C2.1984312,CORRECCIÓN DEFINIDA,"[{""line"": 110, ""code"": ""coordinate=41.390577%2C2.198362""}, {""line"": 261, ""code"": ""coordinate=41.390577%2C2.198362""}]"
1,U01,MEDIO,20_BLOG_SKATEBOARD,sv,PAGINAS/20_BLOG_SKATEBOARD/sv/index.html,Organization.sameAs / LocalBusiness.sameAs,coordinate=41.390577%2C2.198362,coordinate=41.3906488%2C2.1984312,CORRECCIÓN DEFINIDA,"[{""line"": 110, ""code"": ""coordinate=41.390577%2C2.198362""}, {""line"": 261, ""code"": ""coordinate=41.390577%2C2.198362""}]"
1,U02,MEDIO,10_BLOG_HOME,pl,PAGINAS/10_BLOG_HOME/pl/index.html,Organization.url,https://rentalscooterbarcelona.com/pl/,https://rentalscooterbarcelona.com/,CORRECCIÓN DEFINIDA,"[{""line"": 71, ""json_block"": 1, ""json_path"": ""$.@graph[0].url"", ""code"": ""\""https://rentalscooterbarcelona.com/pl/\""""}]"
1,U02,MEDIO,10_BLOG_HOME,pl,PAGINAS/10_BLOG_HOME/pl/index.html,WebSite.url,https://rentalscooterbarcelona.com/pl/,https://rentalscooterbarcelona.com/,CORRECCIÓN DEFINIDA,"[{""line"": 139, ""json_block"": 1, ""json_path"": ""$.@graph[1].url"", ""code"": ""\""https://rentalscooterbarcelona.com/pl/\""""}]"
1,U02,MEDIO,12_BLOG_BEGINNER_INLINE_SKATING,pl,PAGINAS/12_BLOG_BEGINNER_INLINE_SKATING/pl/index.html,Organization.url,https://rentalscooterbarcelona.com/pl/,https://rentalscooterbarcelona.com/,CORRECCIÓN DEFINIDA,"[{""line"": 111, ""json_block"": 1, ""json_path"": ""$.@graph[0].url"", ""code"": ""\""https://rentalscooterbarcelona.com/pl/\""""}]"
1,U02,MEDIO,12_BLOG_BEGINNER_INLINE_SKATING,pl,PAGINAS/12_BLOG_BEGINNER_INLINE_SKATING/pl/index.html,WebSite.url,https://rentalscooterbarcelona.com/pl/,https://rentalscooterbarcelona.com/,CORRECCIÓN DEFINIDA,"[{""line"": 179, ""json_block"": 1, ""json_path"": ""$.@graph[1].url"", ""code"": ""\""https://rentalscooterbarcelona.com/pl/\""""}]"
1,U02,MEDIO,13_BLOG_BEST_ROLLERBLADING_ROUTES,pl,PAGINAS/13_BLOG_BEST_ROLLERBLADING_ROUTES/pl/index.html,Organization.url,https://rentalscooterbarcelona.com/pl/,https://rentalscooterbarcelona.com/,CORRECCIÓN DEFINIDA,"[{""line"": 100, ""json_block"": 1, ""json_path"": ""$.@graph[0].url"", ""code"": ""\""https://rentalscooterbarcelona.com/pl/\""""}]"
1,U02,MEDIO,13_BLOG_BEST_ROLLERBLADING_ROUTES,pl,PAGINAS/13_BLOG_BEST_ROLLERBLADING_ROUTES/pl/index.html,WebSite.url,https://rentalscooterbarcelona.com/pl/,https://rentalscooterbarcelona.com/,CORRECCIÓN DEFINIDA,"[{""line"": 168, ""json_block"": 1, ""json_path"": ""$.@graph[1].url"", ""code"": ""\""https://rentalscooterbarcelona.com/pl/\""""}]"
1,U02,MEDIO,14_BLOG_BIKE,pl,PAGINAS/14_BLOG_BIKE/pl/index.html,Organization.url,https://rentalscooterbarcelona.com/pl/,https://rentalscooterbarcelona.com/,CORRECCIÓN DEFINIDA,"[{""line"": 100, ""json_block"": 1, ""json_path"": ""$.@graph[0].url"", ""code"": ""\""https://rentalscooterbarcelona.com/pl/\""""}]"
1,U02,MEDIO,14_BLOG_BIKE,pl,PAGINAS/14_BLOG_BIKE/pl/index.html,WebSite.url,https://rentalscooterbarcelona.com/pl/,https://rentalscooterbarcelona.com/,CORRECCIÓN DEFINIDA,"[{""line"": 168, ""json_block"": 1, ""json_path"": ""$.@graph[1].url"", ""code"": ""\""https://rentalscooterbarcelona.com/pl/\""""}]"
1,U02,MEDIO,16_BLOG_INLINE_SKATES,pl,PAGINAS/16_BLOG_INLINE_SKATES/pl/index.html,Organization.url,https://rentalscooterbarcelona.com/pl/,https://rentalscooterbarcelona.com/,CORRECCIÓN DEFINIDA,"[{""line"": 100, ""json_block"": 1, ""json_path"": ""$.@graph[0].url"", ""code"": ""\""https://rentalscooterbarcelona.com/pl/\""""}]"
1,U02,MEDIO,16_BLOG_INLINE_SKATES,pl,PAGINAS/16_BLOG_INLINE_SKATES/pl/index.html,WebSite.url,https://rentalscooterbarcelona.com/pl/,https://rentalscooterbarcelona.com/,CORRECCIÓN DEFINIDA,"[{""line"": 168, ""json_block"": 1, ""json_path"": ""$.@graph[1].url"", ""code"": ""\""https://rentalscooterbarcelona.com/pl/\""""}]"
1,U02,MEDIO,17_BLOG_LONGBOARD,pl,PAGINAS/17_BLOG_LONGBOARD/pl/index.html,Organization.url,https://rentalscooterbarcelona.com/pl/,https://rentalscooterbarcelona.com/,CORRECCIÓN DEFINIDA,"[{""line"": 100, ""json_block"": 1, ""json_path"": ""$.@graph[0].url"", ""code"": ""\""https://rentalscooterbarcelona.com/pl/\""""}]"
1,U02,MEDIO,17_BLOG_LONGBOARD,pl,PAGINAS/17_BLOG_LONGBOARD/pl/index.html,WebSite.url,https://rentalscooterbarcelona.com/pl/,https://rentalscooterbarcelona.com/,CORRECCIÓN DEFINIDA,"[{""line"": 168, ""json_block"": 1, ""json_path"": ""$.@graph[1].url"", ""code"": ""\""https://rentalscooterbarcelona.com/pl/\""""}]"
1,U02,MEDIO,18_BLOG_ROLLER_SKATES,pl,PAGINAS/18_BLOG_ROLLER_SKATES/pl/index.html,Organization.url,https://rentalscooterbarcelona.com/pl/,https://rentalscooterbarcelona.com/,CORRECCIÓN DEFINIDA,"[{""line"": 100, ""json_block"": 1, ""json_path"": ""$.@graph[0].url"", ""code"": ""\""https://rentalscooterbarcelona.com/pl/\""""}]"
1,U02,MEDIO,18_BLOG_ROLLER_SKATES,pl,PAGINAS/18_BLOG_ROLLER_SKATES/pl/index.html,WebSite.url,https://rentalscooterbarcelona.com/pl/,https://rentalscooterbarcelona.com/,CORRECCIÓN DEFINIDA,"[{""line"": 168, ""json_block"": 1, ""json_path"": ""$.@graph[1].url"", ""code"": ""\""https://rentalscooterbarcelona.com/pl/\""""}]"
1,U02,MEDIO,19_BLOG_SCOOTER,pl,PAGINAS/19_BLOG_SCOOTER/pl/index.html,Organization.url,https://rentalscooterbarcelona.com/pl/,https://rentalscooterbarcelona.com/,CORRECCIÓN DEFINIDA,"[{""line"": 97, ""json_block"": 1, ""json_path"": ""$.@graph[0].url"", ""code"": ""\""https://rentalscooterbarcelona.com/pl/\""""}]"
1,U02,MEDIO,19_BLOG_SCOOTER,pl,PAGINAS/19_BLOG_SCOOTER/pl/index.html,WebSite.url,https://rentalscooterbarcelona.com/pl/,https://rentalscooterbarcelona.com/,CORRECCIÓN DEFINIDA,"[{""line"": 165, ""json_block"": 1, ""json_path"": ""$.@graph[1].url"", ""code"": ""\""https://rentalscooterbarcelona.com/pl/\""""}]"
1,U02,MEDIO,20_BLOG_SKATEBOARD,pl,PAGINAS/20_BLOG_SKATEBOARD/pl/index.html,Organization.url,https://rentalscooterbarcelona.com/pl/,https://rentalscooterbarcelona.com/,CORRECCIÓN DEFINIDA,"[{""line"": 100, ""json_block"": 1, ""json_path"": ""$.@graph[0].url"", ""code"": ""\""https://rentalscooterbarcelona.com/pl/\""""}]"
1,U02,MEDIO,20_BLOG_SKATEBOARD,pl,PAGINAS/20_BLOG_SKATEBOARD/pl/index.html,WebSite.url,https://rentalscooterbarcelona.com/pl/,https://rentalscooterbarcelona.com/,CORRECCIÓN DEFINIDA,"[{""line"": 168, ""json_block"": 1, ""json_path"": ""$.@graph[1].url"", ""code"": ""\""https://rentalscooterbarcelona.com/pl/\""""}]"
2,U03,MEDIO,03_SCOOTER,ca,PAGINAS/03_SCOOTER/cat/index.html,WebPage https://rentalscooterbarcelona.com/cat/scooter/#webpage,2026-07-30 / 2026-08-24,"Una sola fecha de última modificación real, pendiente de fuente canónica.",FECHA REAL PENDIENTE,"[{""line"": 147, ""code"": ""\""dateModified\"": \""2026-07-30\"""", ""value"": ""2026-07-30""}, {""line"": 529, ""code"": ""\""dateModified\"": \""2026-08-24\"""", ""value"": ""2026-08-24""}]"
2,U03,MEDIO,03_SCOOTER,de,PAGINAS/03_SCOOTER/de/index.html,WebPage https://rentalscooterbarcelona.com/de/scooter/#webpage,2026-07-30 / 2026-08-24,"Una sola fecha de última modificación real, pendiente de fuente canónica.",FECHA REAL PENDIENTE,"[{""line"": 187, ""code"": ""\""dateModified\"": \""2026-07-30\"""", ""value"": ""2026-07-30""}, {""line"": 576, ""code"": ""\""dateModified\"": \""2026-08-24\"""", ""value"": ""2026-08-24""}]"
2,U03,MEDIO,03_SCOOTER,en,PAGINAS/03_SCOOTER/en/index.html,WebPage https://rentalscooterbarcelona.com/scooter/#webpage,2026-07-30 / 2026-08-24,"Una sola fecha de última modificación real, pendiente de fuente canónica.",FECHA REAL PENDIENTE,"[{""line"": 219, ""code"": ""\""dateModified\"": \""2026-07-30\"""", ""value"": ""2026-07-30""}, {""line"": 641, ""code"": ""\""dateModified\"": \""2026-08-24\"""", ""value"": ""2026-08-24""}]"
2,U03,MEDIO,03_SCOOTER,es,PAGINAS/03_SCOOTER/es/index.html,WebPage https://rentalscooterbarcelona.com/es/scooter/#webpage,2026-07-30 / 2026-08-24,"Una sola fecha de última modificación real, pendiente de fuente canónica.",FECHA REAL PENDIENTE,"[{""line"": 216, ""code"": ""\""dateModified\"": \""2026-07-30\"""", ""value"": ""2026-07-30""}, {""line"": 635, ""code"": ""\""dateModified\"": \""2026-08-24\"""", ""value"": ""2026-08-24""}]"
2,U03,MEDIO,03_SCOOTER,fr,PAGINAS/03_SCOOTER/fr/index.html,WebPage https://rentalscooterbarcelona.com/fr/scooter/#webpage,2026-07-30 / 2026-08-24,"Una sola fecha de última modificación real, pendiente de fuente canónica.",FECHA REAL PENDIENTE,"[{""line"": 148, ""code"": ""\""dateModified\"": \""2026-07-30\"""", ""value"": ""2026-07-30""}, {""line"": 530, ""code"": ""\""dateModified\"": \""2026-08-24\"""", ""value"": ""2026-08-24""}]"
2,U03,MEDIO,03_SCOOTER,it,PAGINAS/03_SCOOTER/it/index.html,WebPage https://rentalscooterbarcelona.com/it/scooter/#webpage,2026-07-30 / 2026-08-24,"Una sola fecha de última modificación real, pendiente de fuente canónica.",FECHA REAL PENDIENTE,"[{""line"": 147, ""code"": ""\""dateModified\"": \""2026-07-30\"""", ""value"": ""2026-07-30""}, {""line"": 529, ""code"": ""\""dateModified\"": \""2026-08-24\"""", ""value"": ""2026-08-24""}]"
2,U03,MEDIO,03_SCOOTER,nl,PAGINAS/03_SCOOTER/nl/index.html,WebPage https://rentalscooterbarcelona.com/nl/scooter/#webpage,2026-07-30 / 2026-08-24,"Una sola fecha de última modificación real, pendiente de fuente canónica.",FECHA REAL PENDIENTE,"[{""line"": 200, ""code"": ""\""dateModified\"": \""2026-07-30\"""", ""value"": ""2026-07-30""}, {""line"": 585, ""code"": ""\""dateModified\"": \""2026-08-24\"""", ""value"": ""2026-08-24""}]"
2,U03,MEDIO,03_SCOOTER,pl,PAGINAS/03_SCOOTER/pl/index.html,WebPage https://rentalscooterbarcelona.com/pl/scooter/#webpage,2026-07-30 / 2026-08-24,"Una sola fecha de última modificación real, pendiente de fuente canónica.",FECHA REAL PENDIENTE,"[{""line"": 180, ""code"": ""\""dateModified\"": \""2026-07-30\"""", ""value"": ""2026-07-30""}, {""line"": 602, ""code"": ""\""dateModified\"": \""2026-08-24\"""", ""value"": ""2026-08-24""}]"
2,U03,MEDIO,03_SCOOTER,pt,PAGINAS/03_SCOOTER/pt/index.html,WebPage https://rentalscooterbarcelona.com/pt/scooter/#webpage,2026-07-30 / 2026-08-24,"Una sola fecha de última modificación real, pendiente de fuente canónica.",FECHA REAL PENDIENTE,"[{""line"": 161, ""code"": ""\""dateModified\"": \""2026-07-30\"""", ""value"": ""2026-07-30""}, {""line"": 554, ""code"": ""\""dateModified\"": \""2026-08-24\"""", ""value"": ""2026-08-24""}]"
2,U03,MEDIO,03_SCOOTER,sv,PAGINAS/03_SCOOTER/sv/index.html,WebPage https://rentalscooterbarcelona.com/sv/scooter/#webpage,2026-07-30 / 2026-08-24,"Una sola fecha de última modificación real, pendiente de fuente canónica.",FECHA REAL PENDIENTE,"[{""line"": 161, ""code"": ""\""dateModified\"": \""2026-07-30\"""", ""value"": ""2026-07-30""}, {""line"": 546, ""code"": ""\""dateModified\"": \""2026-08-24\"""", ""value"": ""2026-08-24""}]"
2,U03,MEDIO,04_BIKE,ca,PAGINAS/04_BIKE/cat/index.html,https://rentalscooterbarcelona.com/cat/bike/#webpage.dateModified,2026-07-30 / 2026-08-24,"Conservar una única fecha real de última modificación, pendiente de registro editorial. No elegir automáticamente la más reciente.",FECHA REAL PENDIENTE,"[{""line"": 136, ""code"": ""\""dateModified\"": \""2026-07-30\""""}, {""line"": 481, ""code"": ""\""dateModified\"": \""2026-08-24\""""}]"
2,U03,MEDIO,04_BIKE,de,PAGINAS/04_BIKE/de/index.html,https://rentalscooterbarcelona.com/de/bike/#webpage.dateModified,2026-07-30 / 2026-08-24,"Conservar una única fecha real de última modificación, pendiente de registro editorial. No elegir automáticamente la más reciente.",FECHA REAL PENDIENTE,"[{""line"": 137, ""code"": ""\""dateModified\"": \""2026-07-30\"",""}, {""line"": 489, ""code"": ""\""dateModified\"": \""2026-08-24\""""}]"
2,U03,MEDIO,04_BIKE,en,PAGINAS/04_BIKE/en/index.html,https://rentalscooterbarcelona.com/bike/#webpage.dateModified,2026-07-30 / 2026-08-24,"Conservar una única fecha real de última modificación, pendiente de registro editorial. No elegir automáticamente la más reciente.",FECHA REAL PENDIENTE,"[{""line"": 170, ""code"": ""\""dateModified\"": \""2026-07-30\"",""}, {""line"": 556, ""code"": ""\""dateModified\"": \""2026-08-24\""""}]"
2,U03,MEDIO,04_BIKE,es,PAGINAS/04_BIKE/es/index.html,https://rentalscooterbarcelona.com/es/bike/#webpage.dateModified,2026-07-30 / 2026-08-24,"Conservar una única fecha real de última modificación, pendiente de registro editorial. No elegir automáticamente la más reciente.",FECHA REAL PENDIENTE,"[{""line"": 167, ""code"": ""\""dateModified\"": \""2026-07-30\"",""}, {""line"": 550, ""code"": ""\""dateModified\"": \""2026-08-24\""""}]"
2,U03,MEDIO,04_BIKE,fr,PAGINAS/04_BIKE/fr/index.html,https://rentalscooterbarcelona.com/fr/bike/#webpage.dateModified,2026-07-30 / 2026-08-24,"Conservar una única fecha real de última modificación, pendiente de registro editorial. No elegir automáticamente la más reciente.",FECHA REAL PENDIENTE,"[{""line"": 137, ""code"": ""\""dateModified\"": \""2026-07-30\""""}, {""line"": 481, ""code"": ""\""dateModified\"": \""2026-08-24\""""}]"
2,U03,MEDIO,04_BIKE,it,PAGINAS/04_BIKE/it/index.html,https://rentalscooterbarcelona.com/it/bike/#webpage.dateModified,2026-07-30 / 2026-08-24,"Conservar una única fecha real de última modificación, pendiente de registro editorial. No elegir automáticamente la más reciente.",FECHA REAL PENDIENTE,"[{""line"": 136, ""code"": ""\""dateModified\"": \""2026-07-30\""""}, {""line"": 481, ""code"": ""\""dateModified\"": \""2026-08-24\""""}]"
2,U03,MEDIO,04_BIKE,nl,PAGINAS/04_BIKE/nl/index.html,https://rentalscooterbarcelona.com/nl/bike/#webpage.dateModified,2026-07-30 / 2026-08-24,"Conservar una única fecha real de última modificación, pendiente de registro editorial. No elegir automáticamente la más reciente.",FECHA REAL PENDIENTE,"[{""line"": 150, ""code"": ""\""dateModified\"": \""2026-07-30\"",""}, {""line"": 497, ""code"": ""\""dateModified\"": \""2026-08-24\""""}]"
2,U03,MEDIO,04_BIKE,pl,PAGINAS/04_BIKE/pl/index.html,https://rentalscooterbarcelona.com/pl/bike/#webpage.dateModified,2026-07-30 / 2026-08-24,"Conservar una única fecha real de última modificación, pendiente de registro editorial. No elegir automáticamente la más reciente.",FECHA REAL PENDIENTE,"[{""line"": 170, ""code"": ""\""dateModified\"": \""2026-07-30\"",""}, {""line"": 556, ""code"": ""\""dateModified\"": \""2026-08-24\""""}]"
2,U03,MEDIO,04_BIKE,pt,PAGINAS/04_BIKE/pt/index.html,https://rentalscooterbarcelona.com/pt/bike/#webpage.dateModified,2026-07-30 / 2026-08-24,"Conservar una única fecha real de última modificación, pendiente de registro editorial. No elegir automáticamente la más reciente.",FECHA REAL PENDIENTE,"[{""line"": 150, ""code"": ""\""dateModified\"": \""2026-07-30\"",""}, {""line"": 497, ""code"": ""\""dateModified\"": \""2026-08-24\""""}]"
2,U03,MEDIO,04_BIKE,sv,PAGINAS/04_BIKE/sv/index.html,https://rentalscooterbarcelona.com/sv/bike/#webpage.dateModified,2026-07-30 / 2026-08-24,"Conservar una única fecha real de última modificación, pendiente de registro editorial. No elegir automáticamente la más reciente.",FECHA REAL PENDIENTE,"[{""line"": 150, ""code"": ""\""dateModified\"": \""2026-07-30\"",""}, {""line"": 497, ""code"": ""\""dateModified\"": \""2026-08-24\""""}]"
2,U03,MEDIO,06_QUADS,ca,PAGINAS/06_QUADS/cat/index.html,https://rentalscooterbarcelona.com/cat/quads/#webpage.dateModified,2026-07-30 / 2026-08-24,"Conservar una única fecha real de última modificación, pendiente de registro editorial. No elegir automáticamente la más reciente.",FECHA REAL PENDIENTE,"[{""line"": 151, ""code"": ""\""dateModified\"": \""2026-07-30\""""}, {""line"": 518, ""code"": ""\""dateModified\"": \""2026-08-24\""""}]"
2,U03,MEDIO,06_QUADS,de,PAGINAS/06_QUADS/de/index.html,https://rentalscooterbarcelona.com/de/quads/#webpage.dateModified,2026-07-30 / 2026-08-24,"Conservar una única fecha real de última modificación, pendiente de registro editorial. No elegir automáticamente la más reciente.",FECHA REAL PENDIENTE,"[{""line"": 152, ""code"": ""\""dateModified\"": \""2026-07-30\"",""}, {""line"": 526, ""code"": ""\""dateModified\"": \""2026-08-24\""""}]"
2,U03,MEDIO,06_QUADS,en,PAGINAS/06_QUADS/en/index.html,https://rentalscooterbarcelona.com/quads/#webpage.dateModified,2026-07-30 / 2026-08-24,"Conservar una única fecha real de última modificación, pendiente de registro editorial. No elegir automáticamente la más reciente.",FECHA REAL PENDIENTE,"[{""line"": 184, ""code"": ""\""dateModified\"": \""2026-07-30\"",""}, {""line"": 591, ""code"": ""\""dateModified\"": \""2026-08-24\""""}]"
2,U03,MEDIO,06_QUADS,es,PAGINAS/06_QUADS/es/index.html,https://rentalscooterbarcelona.com/es/quads/#webpage.dateModified,2026-07-30 / 2026-08-24,"Conservar una única fecha real de última modificación, pendiente de registro editorial. No elegir automáticamente la más reciente.",FECHA REAL PENDIENTE,"[{""line"": 180, ""code"": ""\""dateModified\"": \""2026-07-30\"",""}, {""line"": 585, ""code"": ""\""dateModified\"": \""2026-08-24\""""}]"
2,U03,MEDIO,06_QUADS,fr,PAGINAS/06_QUADS/fr/index.html,https://rentalscooterbarcelona.com/fr/quads/#webpage.dateModified,2026-07-30 / 2026-08-24,"Conservar una única fecha real de última modificación, pendiente de registro editorial. No elegir automáticamente la más reciente.",FECHA REAL PENDIENTE,"[{""line"": 151, ""code"": ""\""dateModified\"": \""2026-07-30\"",""}, {""line"": 519, ""code"": ""\""dateModified\"": \""2026-08-24\""""}]"
2,U03,MEDIO,06_QUADS,it,PAGINAS/06_QUADS/it/index.html,https://rentalscooterbarcelona.com/it/quads/#webpage.dateModified,2026-07-30 / 2026-08-24,"Conservar una única fecha real de última modificación, pendiente de registro editorial. No elegir automáticamente la más reciente.",FECHA REAL PENDIENTE,"[{""line"": 151, ""code"": ""\""dateModified\"": \""2026-07-30\""""}, {""line"": 518, ""code"": ""\""dateModified\"": \""2026-08-24\""""}]"
2,U03,MEDIO,06_QUADS,nl,PAGINAS/06_QUADS/nl/index.html,https://rentalscooterbarcelona.com/nl/quads/#webpage.dateModified,2026-07-30 / 2026-08-24,"Conservar una única fecha real de última modificación, pendiente de registro editorial. No elegir automáticamente la más reciente.",FECHA REAL PENDIENTE,"[{""line"": 164, ""code"": ""\""dateModified\"": \""2026-07-30\"",""}, {""line"": 535, ""code"": ""\""dateModified\"": \""2026-08-24\""""}]"
2,U03,MEDIO,06_QUADS,pl,PAGINAS/06_QUADS/pl/index.html,https://rentalscooterbarcelona.com/pl/quads/#webpage.dateModified,2026-07-30 / 2026-08-24,"Conservar una única fecha real de última modificación, pendiente de registro editorial. No elegir automáticamente la más reciente.",FECHA REAL PENDIENTE,"[{""line"": 184, ""code"": ""\""dateModified\"": \""2026-07-30\"",""}, {""line"": 591, ""code"": ""\""dateModified\"": \""2026-08-24\""""}]"
2,U03,MEDIO,06_QUADS,pt,PAGINAS/06_QUADS/pt/index.html,https://rentalscooterbarcelona.com/pt/quads/#webpage.dateModified,2026-07-30 / 2026-08-24,"Conservar una única fecha real de última modificación, pendiente de registro editorial. No elegir automáticamente la más reciente.",FECHA REAL PENDIENTE,"[{""line"": 164, ""code"": ""\""dateModified\"": \""2026-07-30\"",""}, {""line"": 535, ""code"": ""\""dateModified\"": \""2026-08-24\""""}]"
2,U03,MEDIO,06_QUADS,sv,PAGINAS/06_QUADS/sv/index.html,https://rentalscooterbarcelona.com/sv/quads/#webpage.dateModified,2026-07-30 / 2026-08-24,"Conservar una única fecha real de última modificación, pendiente de registro editorial. No elegir automáticamente la más reciente.",FECHA REAL PENDIENTE,"[{""line"": 164, ""code"": ""\""dateModified\"": \""2026-07-30\"",""}, {""line"": 535, ""code"": ""\""dateModified\"": \""2026-08-24\""""}]"
2,U03,MEDIO,07_SKATEBOARD,ca,PAGINAS/07_SKATEBOARD/cat/index.html,https://rentalscooterbarcelona.com/cat/skateboard/#webpage.dateModified,2026-07-30 / 2026-08-24,"Conservar una única fecha real de última modificación, pendiente de registro editorial. No elegir automáticamente la más reciente.",FECHA REAL PENDIENTE,"[{""line"": 136, ""code"": ""\""dateModified\"": \""2026-07-30\""""}, {""line"": 503, ""code"": ""\""dateModified\"": \""2026-08-24\""""}]"
2,U03,MEDIO,07_SKATEBOARD,de,PAGINAS/07_SKATEBOARD/de/index.html,https://rentalscooterbarcelona.com/de/skateboard/#webpage.dateModified,2026-07-30 / 2026-08-24,"Conservar una única fecha real de última modificación, pendiente de registro editorial. No elegir automáticamente la más reciente.",FECHA REAL PENDIENTE,"[{""line"": 137, ""code"": ""\""dateModified\"": \""2026-07-30\"",""}, {""line"": 511, ""code"": ""\""dateModified\"": \""2026-08-24\""""}]"
2,U03,MEDIO,07_SKATEBOARD,en,PAGINAS/07_SKATEBOARD/en/index.html,https://rentalscooterbarcelona.com/skateboard/#webpage.dateModified,2026-07-30 / 2026-08-24,"Conservar una única fecha real de última modificación, pendiente de registro editorial. No elegir automáticamente la más reciente.",FECHA REAL PENDIENTE,"[{""line"": 169, ""code"": ""\""dateModified\"": \""2026-07-30\"",""}, {""line"": 569, ""code"": ""\""dateModified\"": \""2026-08-24\""""}]"
2,U03,MEDIO,07_SKATEBOARD,es,PAGINAS/07_SKATEBOARD/es/index.html,https://rentalscooterbarcelona.com/es/skateboard/#webpage.dateModified,2026-07-30 / 2026-08-24,"Conservar una única fecha real de última modificación, pendiente de registro editorial. No elegir automáticamente la más reciente.",FECHA REAL PENDIENTE,"[{""line"": 166, ""code"": ""\""dateModified\"": \""2026-07-30\"",""}, {""line"": 563, ""code"": ""\""dateModified\"": \""2026-08-24\""""}]"
2,U03,MEDIO,07_SKATEBOARD,fr,PAGINAS/07_SKATEBOARD/fr/index.html,https://rentalscooterbarcelona.com/fr/skateboard/#webpage.dateModified,2026-07-30 / 2026-08-24,"Conservar una única fecha real de última modificación, pendiente de registro editorial. No elegir automáticamente la más reciente.",FECHA REAL PENDIENTE,"[{""line"": 137, ""code"": ""\""dateModified\"": \""2026-07-30\""""}, {""line"": 504, ""code"": ""\""dateModified\"": \""2026-08-24\""""}]"
2,U03,MEDIO,07_SKATEBOARD,it,PAGINAS/07_SKATEBOARD/it/index.html,https://rentalscooterbarcelona.com/it/skateboard/#webpage.dateModified,2026-07-30 / 2026-08-24,"Conservar una única fecha real de última modificación, pendiente de registro editorial. No elegir automáticamente la más reciente.",FECHA REAL PENDIENTE,"[{""line"": 136, ""code"": ""\""dateModified\"": \""2026-07-30\""""}, {""line"": 503, ""code"": ""\""dateModified\"": \""2026-08-24\""""}]"
2,U03,MEDIO,07_SKATEBOARD,nl,PAGINAS/07_SKATEBOARD/nl/index.html,https://rentalscooterbarcelona.com/nl/skateboard/#webpage.dateModified,2026-07-30 / 2026-08-24,"Conservar una única fecha real de última modificación, pendiente de registro editorial. No elegir automáticamente la más reciente.",FECHA REAL PENDIENTE,"[{""line"": 150, ""code"": ""\""dateModified\"": \""2026-07-30\"",""}, {""line"": 520, ""code"": ""\""dateModified\"": \""2026-08-24\""""}]"
2,U03,MEDIO,07_SKATEBOARD,pl,PAGINAS/07_SKATEBOARD/pl/index.html,https://rentalscooterbarcelona.com/pl/skateboard/#webpage.dateModified,2026-07-30 / 2026-08-24,"Conservar una única fecha real de última modificación, pendiente de registro editorial. No elegir automáticamente la más reciente.",FECHA REAL PENDIENTE,"[{""line"": 169, ""code"": ""\""dateModified\"": \""2026-07-30\"",""}, {""line"": 577, ""code"": ""\""dateModified\"": \""2026-08-24\""""}]"
2,U03,MEDIO,07_SKATEBOARD,pt,PAGINAS/07_SKATEBOARD/pt/index.html,https://rentalscooterbarcelona.com/pt/skateboard/#webpage.dateModified,2026-07-30 / 2026-08-24,"Conservar una única fecha real de última modificación, pendiente de registro editorial. No elegir automáticamente la más reciente.",FECHA REAL PENDIENTE,"[{""line"": 150, ""code"": ""\""dateModified\"": \""2026-07-30\"",""}, {""line"": 520, ""code"": ""\""dateModified\"": \""2026-08-24\""""}]"
2,U03,MEDIO,07_SKATEBOARD,sv,PAGINAS/07_SKATEBOARD/sv/index.html,https://rentalscooterbarcelona.com/sv/skateboard/#webpage.dateModified,2026-07-30 / 2026-08-24,"Conservar una única fecha real de última modificación, pendiente de registro editorial. No elegir automáticamente la más reciente.",FECHA REAL PENDIENTE,"[{""line"": 150, ""code"": ""\""dateModified\"": \""2026-07-30\"",""}, {""line"": 520, ""code"": ""\""dateModified\"": \""2026-08-24\""""}]"
2,U03,MEDIO,08_LONGBOARD,ca,PAGINAS/08_LONGBOARD/cat/index.html,https://rentalscooterbarcelona.com/cat/longboard/#webpage.dateModified,"[""2026-07-30"", ""2026-08-24""]",Un valor real de última modificación; pendiente de fuente.,FECHA REAL PENDIENTE,"[{""line"": 137, ""json_block"": 1, ""json_path"": ""$.@graph[2].dateModified"", ""code"": ""\""2026-07-30\""""}, {""line"": 504, ""json_block"": 2, ""json_path"": ""$.@graph[0].dateModified"", ""code"": ""\""2026-08-24\""""}]"
2,U03,MEDIO,08_LONGBOARD,de,PAGINAS/08_LONGBOARD/de/index.html,https://rentalscooterbarcelona.com/de/longboard/#webpage.dateModified,"[""2026-07-30"", ""2026-08-24""]",Un valor real de última modificación; pendiente de fuente.,FECHA REAL PENDIENTE,"[{""line"": 138, ""json_block"": 1, ""json_path"": ""$.@graph[2].dateModified"", ""code"": ""\""2026-07-30\""""}, {""line"": 512, ""json_block"": 2, ""json_path"": ""$.@graph[0].dateModified"", ""code"": ""\""2026-08-24\""""}]"
2,U03,MEDIO,08_LONGBOARD,en,PAGINAS/08_LONGBOARD/en/index.html,https://rentalscooterbarcelona.com/longboard/#webpage.dateModified,"[""2026-07-30"", ""2026-08-24""]",Un valor real de última modificación; pendiente de fuente.,FECHA REAL PENDIENTE,"[{""line"": 170, ""json_block"": 1, ""json_path"": ""$.@graph[2].dateModified"", ""code"": ""\""2026-07-30\""""}, {""line"": 570, ""json_block"": 2, ""json_path"": ""$.@graph[0].dateModified"", ""code"": ""\""2026-08-24\""""}]"
2,U03,MEDIO,08_LONGBOARD,es,PAGINAS/08_LONGBOARD/es/index.html,https://rentalscooterbarcelona.com/es/longboard/#webpage.dateModified,"[""2026-07-30"", ""2026-08-24""]",Un valor real de última modificación; pendiente de fuente.,FECHA REAL PENDIENTE,"[{""line"": 167, ""json_block"": 1, ""json_path"": ""$.@graph[2].dateModified"", ""code"": ""\""2026-07-30\""""}, {""line"": 564, ""json_block"": 2, ""json_path"": ""$.@graph[0].dateModified"", ""code"": ""\""2026-08-24\""""}]"
2,U03,MEDIO,08_LONGBOARD,fr,PAGINAS/08_LONGBOARD/fr/index.html,https://rentalscooterbarcelona.com/fr/longboard/#webpage.dateModified,"[""2026-07-30"", ""2026-08-24""]",Un valor real de última modificación; pendiente de fuente.,FECHA REAL PENDIENTE,"[{""line"": 137, ""json_block"": 1, ""json_path"": ""$.@graph[2].dateModified"", ""code"": ""\""2026-07-30\""""}, {""line"": 504, ""json_block"": 2, ""json_path"": ""$.@graph[0].dateModified"", ""code"": ""\""2026-08-24\""""}]"
2,U03,MEDIO,08_LONGBOARD,it,PAGINAS/08_LONGBOARD/it/index.html,https://rentalscooterbarcelona.com/it/longboard/#webpage.dateModified,"[""2026-07-30"", ""2026-08-24""]",Un valor real de última modificación; pendiente de fuente.,FECHA REAL PENDIENTE,"[{""line"": 137, ""json_block"": 1, ""json_path"": ""$.@graph[2].dateModified"", ""code"": ""\""2026-07-30\""""}, {""line"": 504, ""json_block"": 2, ""json_path"": ""$.@graph[0].dateModified"", ""code"": ""\""2026-08-24\""""}]"
2,U03,MEDIO,08_LONGBOARD,nl,PAGINAS/08_LONGBOARD/nl/index.html,https://rentalscooterbarcelona.com/nl/longboard/#webpage.dateModified,"[""2026-07-30"", ""2026-08-24""]",Un valor real de última modificación; pendiente de fuente.,FECHA REAL PENDIENTE,"[{""line"": 151, ""json_block"": 1, ""json_path"": ""$.@graph[2].dateModified"", ""code"": ""\""2026-07-30\""""}, {""line"": 521, ""json_block"": 2, ""json_path"": ""$.@graph[0].dateModified"", ""code"": ""\""2026-08-24\""""}]"
2,U03,MEDIO,08_LONGBOARD,pl,PAGINAS/08_LONGBOARD/pl/index.html,https://rentalscooterbarcelona.com/pl/longboard/#webpage.dateModified,"[""2026-07-30"", ""2026-08-24""]",Un valor real de última modificación; pendiente de fuente.,FECHA REAL PENDIENTE,"[{""line"": 170, ""json_block"": 1, ""json_path"": ""$.@graph[2].dateModified"", ""code"": ""\""2026-07-30\""""}, {""line"": 578, ""json_block"": 2, ""json_path"": ""$.@graph[0].dateModified"", ""code"": ""\""2026-08-24\""""}]"
2,U03,MEDIO,08_LONGBOARD,pt,PAGINAS/08_LONGBOARD/pt/index.html,https://rentalscooterbarcelona.com/pt/longboard/#webpage.dateModified,"[""2026-07-30"", ""2026-08-24""]",Un valor real de última modificación; pendiente de fuente.,FECHA REAL PENDIENTE,"[{""line"": 151, ""json_block"": 1, ""json_path"": ""$.@graph[2].dateModified"", ""code"": ""\""2026-07-30\""""}, {""line"": 521, ""json_block"": 2, ""json_path"": ""$.@graph[0].dateModified"", ""code"": ""\""2026-08-24\""""}]"
2,U03,MEDIO,08_LONGBOARD,sv,PAGINAS/08_LONGBOARD/sv/index.html,https://rentalscooterbarcelona.com/sv/longboard/#webpage.dateModified,"[""2026-07-30"", ""2026-08-24""]",Un valor real de última modificación; pendiente de fuente.,FECHA REAL PENDIENTE,"[{""line"": 151, ""json_block"": 1, ""json_path"": ""$.@graph[2].dateModified"", ""code"": ""\""2026-07-30\""""}, {""line"": 521, ""json_block"": 2, ""json_path"": ""$.@graph[0].dateModified"", ""code"": ""\""2026-08-24\""""}]"
2,U03,MEDIO,12_BLOG_BEGINNER_INLINE_SKATING,ca,PAGINAS/12_BLOG_BEGINNER_INLINE_SKATING/cat/index.html,https://rentalscooterbarcelona.com/cat/blog/patinar-linia-barcelona-principiants/#webpage.dateModified,"[""2026-06-29"", ""2026-08-24""]",Un valor real de última modificación; pendiente de fuente.,FECHA REAL PENDIENTE,"[{""line"": 378, ""json_block"": 1, ""json_path"": ""$.@graph[4].dateModified"", ""code"": ""\""2026-06-29\""""}, {""line"": 482, ""json_block"": 2, ""json_path"": ""$.@graph[0].dateModified"", ""code"": ""\""2026-08-24\""""}]"
2,U03,MEDIO,12_BLOG_BEGINNER_INLINE_SKATING,de,PAGINAS/12_BLOG_BEGINNER_INLINE_SKATING/de/index.html,https://rentalscooterbarcelona.com/de/blog/inlineskaten-barcelona-anfaenger/#webpage.dateModified,"[""2026-06-29"", ""2026-08-24""]",Un valor real de última modificación; pendiente de fuente.,FECHA REAL PENDIENTE,"[{""line"": 378, ""json_block"": 1, ""json_path"": ""$.@graph[4].dateModified"", ""code"": ""\""2026-06-29\""""}, {""line"": 482, ""json_block"": 2, ""json_path"": ""$.@graph[0].dateModified"", ""code"": ""\""2026-08-24\""""}]"
2,U03,MEDIO,12_BLOG_BEGINNER_INLINE_SKATING,en,PAGINAS/12_BLOG_BEGINNER_INLINE_SKATING/en/index.html,https://rentalscooterbarcelona.com/blog/beginner-inline-skating-barcelona/#webpage.dateModified,"[""2026-06-29"", ""2026-08-24""]",Un valor real de última modificación; pendiente de fuente.,FECHA REAL PENDIENTE,"[{""line"": 378, ""json_block"": 1, ""json_path"": ""$.@graph[4].dateModified"", ""code"": ""\""2026-06-29\""""}, {""line"": 482, ""json_block"": 2, ""json_path"": ""$.@graph[0].dateModified"", ""code"": ""\""2026-08-24\""""}]"
2,U03,MEDIO,12_BLOG_BEGINNER_INLINE_SKATING,es,PAGINAS/12_BLOG_BEGINNER_INLINE_SKATING/es/index.html,https://rentalscooterbarcelona.com/es/blog/patinar-en-barcelona-principiantes/#webpage.dateModified,"[""2026-06-29"", ""2026-08-24""]",Un valor real de última modificación; pendiente de fuente.,FECHA REAL PENDIENTE,"[{""line"": 372, ""json_block"": 1, ""json_path"": ""$.@graph[4].dateModified"", ""code"": ""\""2026-06-29\""""}, {""line"": 475, ""json_block"": 2, ""json_path"": ""$.@graph[0].dateModified"", ""code"": ""\""2026-08-24\""""}]"
2,U03,MEDIO,12_BLOG_BEGINNER_INLINE_SKATING,fr,PAGINAS/12_BLOG_BEGINNER_INLINE_SKATING/fr/index.html,https://rentalscooterbarcelona.com/fr/blog/roller-en-ligne-debutants-barcelone/#webpage.dateModified,"[""2026-06-29"", ""2026-08-24""]",Un valor real de última modificación; pendiente de fuente.,FECHA REAL PENDIENTE,"[{""line"": 378, ""json_block"": 1, ""json_path"": ""$.@graph[4].dateModified"", ""code"": ""\""2026-06-29\""""}, {""line"": 482, ""json_block"": 2, ""json_path"": ""$.@graph[0].dateModified"", ""code"": ""\""2026-08-24\""""}]"
2,U03,MEDIO,12_BLOG_BEGINNER_INLINE_SKATING,it,PAGINAS/12_BLOG_BEGINNER_INLINE_SKATING/it/index.html,https://rentalscooterbarcelona.com/it/blog/pattinaggio-inline-principianti-barcellona/#webpage.dateModified,"[""2026-07-27"", ""2026-08-24""]",Un valor real de última modificación; pendiente de fuente.,FECHA REAL PENDIENTE,"[{""line"": 378, ""json_block"": 1, ""json_path"": ""$.@graph[4].dateModified"", ""code"": ""\""2026-07-27\""""}, {""line"": 482, ""json_block"": 2, ""json_path"": ""$.@graph[0].dateModified"", ""code"": ""\""2026-08-24\""""}]"
2,U03,MEDIO,12_BLOG_BEGINNER_INLINE_SKATING,nl,PAGINAS/12_BLOG_BEGINNER_INLINE_SKATING/nl/index.html,https://rentalscooterbarcelona.com/nl/blog/inline-skaten-barcelona-beginners/#webpage.dateModified,"[""2026-07-27"", ""2026-08-24""]",Un valor real de última modificación; pendiente de fuente.,FECHA REAL PENDIENTE,"[{""line"": 378, ""json_block"": 1, ""json_path"": ""$.@graph[4].dateModified"", ""code"": ""\""2026-07-27\""""}, {""line"": 482, ""json_block"": 2, ""json_path"": ""$.@graph[0].dateModified"", ""code"": ""\""2026-08-24\""""}]"
2,U03,MEDIO,12_BLOG_BEGINNER_INLINE_SKATING,pl,PAGINAS/12_BLOG_BEGINNER_INLINE_SKATING/pl/index.html,https://rentalscooterbarcelona.com/pl/blog/jazda-na-rolkach-barcelona-poczatkujacy/#webpage.dateModified,"[""2026-06-29"", ""2026-08-24""]",Un valor real de última modificación; pendiente de fuente.,FECHA REAL PENDIENTE,"[{""line"": 378, ""json_block"": 1, ""json_path"": ""$.@graph[4].dateModified"", ""code"": ""\""2026-06-29\""""}, {""line"": 482, ""json_block"": 2, ""json_path"": ""$.@graph[0].dateModified"", ""code"": ""\""2026-08-24\""""}]"
2,U03,MEDIO,12_BLOG_BEGINNER_INLINE_SKATING,pt,PAGINAS/12_BLOG_BEGINNER_INLINE_SKATING/pt/index.html,https://rentalscooterbarcelona.com/pt/blog/patinagem-inline-barcelona-iniciantes/#webpage.dateModified,"[""2026-07-27"", ""2026-08-24""]",Un valor real de última modificación; pendiente de fuente.,FECHA REAL PENDIENTE,"[{""line"": 378, ""json_block"": 1, ""json_path"": ""$.@graph[4].dateModified"", ""code"": ""\""2026-07-27\""""}, {""line"": 482, ""json_block"": 2, ""json_path"": ""$.@graph[0].dateModified"", ""code"": ""\""2026-08-24\""""}]"
2,U03,MEDIO,12_BLOG_BEGINNER_INLINE_SKATING,sv,PAGINAS/12_BLOG_BEGINNER_INLINE_SKATING/sv/index.html,https://rentalscooterbarcelona.com/sv/blog/inline-skating-barcelona-nyborjare/#webpage.dateModified,"[""2026-07-27"", ""2026-08-24""]",Un valor real de última modificación; pendiente de fuente.,FECHA REAL PENDIENTE,"[{""line"": 378, ""json_block"": 1, ""json_path"": ""$.@graph[4].dateModified"", ""code"": ""\""2026-07-27\""""}, {""line"": 482, ""json_block"": 2, ""json_path"": ""$.@graph[0].dateModified"", ""code"": ""\""2026-08-24\""""}]"
2,U03,MEDIO,14_BLOG_BIKE,ca,PAGINAS/14_BLOG_BIKE/cat/index.html,https://rentalscooterbarcelona.com/cat/blog/bike/#webpage.dateModified,"[""2026-07-27"", ""2026-08-24""]",Un valor real de última modificación; pendiente de fuente.,FECHA REAL PENDIENTE,"[{""line"": 353, ""json_block"": 1, ""json_path"": ""$.@graph[4].dateModified"", ""code"": ""\""2026-07-27\""""}, {""line"": 449, ""json_block"": 2, ""json_path"": ""$.@graph[0].dateModified"", ""code"": ""\""2026-08-24\""""}]"
2,U03,MEDIO,14_BLOG_BIKE,de,PAGINAS/14_BLOG_BIKE/de/index.html,https://rentalscooterbarcelona.com/de/blog/bike/#webpage.dateModified,"[""2026-06-29"", ""2026-08-24""]",Un valor real de última modificación; pendiente de fuente.,FECHA REAL PENDIENTE,"[{""line"": 351, ""json_block"": 1, ""json_path"": ""$.@graph[4].dateModified"", ""code"": ""\""2026-06-29\""""}, {""line"": 443, ""json_block"": 2, ""json_path"": ""$.@graph[0].dateModified"", ""code"": ""\""2026-08-24\""""}]"
2,U03,MEDIO,14_BLOG_BIKE,en,PAGINAS/14_BLOG_BIKE/en/index.html,https://rentalscooterbarcelona.com/blog/bike/#webpage.dateModified,"[""2026-06-29"", ""2026-08-24""]",Un valor real de última modificación; pendiente de fuente.,FECHA REAL PENDIENTE,"[{""line"": 367, ""json_block"": 1, ""json_path"": ""$.@graph[4].dateModified"", ""code"": ""\""2026-06-29\""""}, {""line"": 471, ""json_block"": 2, ""json_path"": ""$.@graph[0].dateModified"", ""code"": ""\""2026-08-24\""""}]"
2,U03,MEDIO,14_BLOG_BIKE,es,PAGINAS/14_BLOG_BIKE/es/index.html,https://rentalscooterbarcelona.com/es/blog/bike/#webpage.dateModified,"[""2026-06-29"", ""2026-08-24""]",Un valor real de última modificación; pendiente de fuente.,FECHA REAL PENDIENTE,"[{""line"": 361, ""json_block"": 1, ""json_path"": ""$.@graph[4].dateModified"", ""code"": ""\""2026-06-29\""""}, {""line"": 468, ""json_block"": 2, ""json_path"": ""$.@graph[0].dateModified"", ""code"": ""\""2026-08-24\""""}]"
2,U03,MEDIO,14_BLOG_BIKE,fr,PAGINAS/14_BLOG_BIKE/fr/index.html,https://rentalscooterbarcelona.com/fr/blog/bike/#webpage.dateModified,"[""2026-06-29"", ""2026-08-24""]",Un valor real de última modificación; pendiente de fuente.,FECHA REAL PENDIENTE,"[{""line"": 354, ""json_block"": 1, ""json_path"": ""$.@graph[4].dateModified"", ""code"": ""\""2026-06-29\""""}, {""line"": 452, ""json_block"": 2, ""json_path"": ""$.@graph[0].dateModified"", ""code"": ""\""2026-08-24\""""}]"
2,U03,MEDIO,14_BLOG_BIKE,it,PAGINAS/14_BLOG_BIKE/it/index.html,https://rentalscooterbarcelona.com/it/blog/bike/#webpage.dateModified,"[""2026-06-29"", ""2026-08-24""]",Un valor real de última modificación; pendiente de fuente.,FECHA REAL PENDIENTE,"[{""line"": 353, ""json_block"": 1, ""json_path"": ""$.@graph[4].dateModified"", ""code"": ""\""2026-06-29\""""}, {""line"": 449, ""json_block"": 2, ""json_path"": ""$.@graph[0].dateModified"", ""code"": ""\""2026-08-24\""""}]"
2,U03,MEDIO,14_BLOG_BIKE,nl,PAGINAS/14_BLOG_BIKE/nl/index.html,https://rentalscooterbarcelona.com/nl/blog/bike/#webpage.dateModified,"[""2026-06-29"", ""2026-08-24""]",Un valor real de última modificación; pendiente de fuente.,FECHA REAL PENDIENTE,"[{""line"": 364, ""json_block"": 1, ""json_path"": ""$.@graph[4].dateModified"", ""code"": ""\""2026-06-29\""""}, {""line"": 458, ""json_block"": 2, ""json_path"": ""$.@graph[0].dateModified"", ""code"": ""\""2026-08-24\""""}]"
2,U03,MEDIO,14_BLOG_BIKE,pl,PAGINAS/14_BLOG_BIKE/pl/index.html,https://rentalscooterbarcelona.com/pl/blog/bike/#webpage.dateModified,"[""2026-07-27"", ""2026-08-24""]",Un valor real de última modificación; pendiente de fuente.,FECHA REAL PENDIENTE,"[{""line"": 367, ""json_block"": 1, ""json_path"": ""$.@graph[4].dateModified"", ""code"": ""\""2026-07-27\""""}, {""line"": 471, ""json_block"": 2, ""json_path"": ""$.@graph[0].dateModified"", ""code"": ""\""2026-08-24\""""}]"
2,U03,MEDIO,14_BLOG_BIKE,pt,PAGINAS/14_BLOG_BIKE/pt/index.html,https://rentalscooterbarcelona.com/pt/blog/bike/#webpage.dateModified,"[""2026-07-27"", ""2026-08-24""]",Un valor real de última modificación; pendiente de fuente.,FECHA REAL PENDIENTE,"[{""line"": 364, ""json_block"": 1, ""json_path"": ""$.@graph[4].dateModified"", ""code"": ""\""2026-07-27\""""}, {""line"": 458, ""json_block"": 2, ""json_path"": ""$.@graph[0].dateModified"", ""code"": ""\""2026-08-24\""""}]"
2,U03,MEDIO,14_BLOG_BIKE,sv,PAGINAS/14_BLOG_BIKE/sv/index.html,https://rentalscooterbarcelona.com/sv/blog/bike/#webpage.dateModified,"[""2026-07-27"", ""2026-08-24""]",Un valor real de última modificación; pendiente de fuente.,FECHA REAL PENDIENTE,"[{""line"": 364, ""json_block"": 1, ""json_path"": ""$.@graph[4].dateModified"", ""code"": ""\""2026-07-27\""""}, {""line"": 458, ""json_block"": 2, ""json_path"": ""$.@graph[0].dateModified"", ""code"": ""\""2026-08-24\""""}]"
2,U03,MEDIO,15_BLOG_HOURLY_INLINE_SKATE_RENTAL,ca,PAGINAS/15_BLOG_HOURLY_INLINE_SKATE_RENTAL/cat/index.html,https://rentalscooterbarcelona.com/cat/blog/lloguer-patins-linia-barcelona-per-hores/#webpage.dateModified,"[""2026-07-26"", ""2026-08-24""]",Un valor real de última modificación; pendiente de fuente.,FECHA REAL PENDIENTE,"[{""line"": 378, ""json_block"": 1, ""json_path"": ""$.@graph[4].dateModified"", ""code"": ""\""2026-07-26\""""}, {""line"": 482, ""json_block"": 2, ""json_path"": ""$.@graph[0].dateModified"", ""code"": ""\""2026-08-24\""""}]"
2,U03,MEDIO,15_BLOG_HOURLY_INLINE_SKATE_RENTAL,de,PAGINAS/15_BLOG_HOURLY_INLINE_SKATE_RENTAL/de/index.html,https://rentalscooterbarcelona.com/de/blog/inlineskates-stundenweise-mieten-barcelona/#webpage.dateModified,"[""2026-07-26"", ""2026-08-24""]",Un valor real de última modificación; pendiente de fuente.,FECHA REAL PENDIENTE,"[{""line"": 378, ""json_block"": 1, ""json_path"": ""$.@graph[4].dateModified"", ""code"": ""\""2026-07-26\""""}, {""line"": 482, ""json_block"": 2, ""json_path"": ""$.@graph[0].dateModified"", ""code"": ""\""2026-08-24\""""}]"
2,U03,MEDIO,15_BLOG_HOURLY_INLINE_SKATE_RENTAL,en,PAGINAS/15_BLOG_HOURLY_INLINE_SKATE_RENTAL/en/index.html,https://rentalscooterbarcelona.com/blog/hourly-inline-skate-rental-barcelona/#webpage.dateModified,"[""2026-06-29"", ""2026-08-24""]",Un valor real de última modificación; pendiente de fuente.,FECHA REAL PENDIENTE,"[{""line"": 378, ""json_block"": 1, ""json_path"": ""$.@graph[4].dateModified"", ""code"": ""\""2026-06-29\""""}, {""line"": 482, ""json_block"": 2, ""json_path"": ""$.@graph[0].dateModified"", ""code"": ""\""2026-08-24\""""}]"
2,U03,MEDIO,15_BLOG_HOURLY_INLINE_SKATE_RENTAL,es,PAGINAS/15_BLOG_HOURLY_INLINE_SKATE_RENTAL/es/index.html,https://rentalscooterbarcelona.com/es/blog/alquiler-patines-linea-barcelona-por-horas/#webpage.dateModified,"[""2026-06-29"", ""2026-08-24""]",Un valor real de última modificación; pendiente de fuente.,FECHA REAL PENDIENTE,"[{""line"": 372, ""json_block"": 1, ""json_path"": ""$.@graph[4].dateModified"", ""code"": ""\""2026-06-29\""""}, {""line"": 474, ""json_block"": 2, ""json_path"": ""$.@graph[0].dateModified"", ""code"": ""\""2026-08-24\""""}]"
2,U03,MEDIO,15_BLOG_HOURLY_INLINE_SKATE_RENTAL,fr,PAGINAS/15_BLOG_HOURLY_INLINE_SKATE_RENTAL/fr/index.html,https://rentalscooterbarcelona.com/fr/blog/location-rollers-en-ligne-barcelone-heure/#webpage.dateModified,"[""2026-07-26"", ""2026-08-24""]",Un valor real de última modificación; pendiente de fuente.,FECHA REAL PENDIENTE,"[{""line"": 378, ""json_block"": 1, ""json_path"": ""$.@graph[4].dateModified"", ""code"": ""\""2026-07-26\""""}, {""line"": 482, ""json_block"": 2, ""json_path"": ""$.@graph[0].dateModified"", ""code"": ""\""2026-08-24\""""}]"
2,U03,MEDIO,15_BLOG_HOURLY_INLINE_SKATE_RENTAL,it,PAGINAS/15_BLOG_HOURLY_INLINE_SKATE_RENTAL/it/index.html,https://rentalscooterbarcelona.com/it/blog/noleggio-pattini-linea-barcellona-a-ore/#webpage.dateModified,"[""2026-07-26"", ""2026-08-24""]",Un valor real de última modificación; pendiente de fuente.,FECHA REAL PENDIENTE,"[{""line"": 379, ""json_block"": 1, ""json_path"": ""$.@graph[4].dateModified"", ""code"": ""\""2026-07-26\""""}, {""line"": 483, ""json_block"": 2, ""json_path"": ""$.@graph[0].dateModified"", ""code"": ""\""2026-08-24\""""}]"
2,U03,MEDIO,15_BLOG_HOURLY_INLINE_SKATE_RENTAL,nl,PAGINAS/15_BLOG_HOURLY_INLINE_SKATE_RENTAL/nl/index.html,https://rentalscooterbarcelona.com/nl/blog/inline-skates-huren-barcelona-per-uur/#webpage.dateModified,"[""2026-07-26"", ""2026-08-24""]",Un valor real de última modificación; pendiente de fuente.,FECHA REAL PENDIENTE,"[{""line"": 377, ""json_block"": 1, ""json_path"": ""$.@graph[4].dateModified"", ""code"": ""\""2026-07-26\""""}, {""line"": 481, ""json_block"": 2, ""json_path"": ""$.@graph[0].dateModified"", ""code"": ""\""2026-08-24\""""}]"
2,U03,MEDIO,15_BLOG_HOURLY_INLINE_SKATE_RENTAL,pl,PAGINAS/15_BLOG_HOURLY_INLINE_SKATE_RENTAL/pl/index.html,https://rentalscooterbarcelona.com/pl/blog/wynajem-rolek-na-godziny-barcelona/#webpage.dateModified,"[""2026-07-26"", ""2026-08-24""]",Un valor real de última modificación; pendiente de fuente.,FECHA REAL PENDIENTE,"[{""line"": 379, ""json_block"": 1, ""json_path"": ""$.@graph[4].dateModified"", ""code"": ""\""2026-07-26\""""}, {""line"": 483, ""json_block"": 2, ""json_path"": ""$.@graph[0].dateModified"", ""code"": ""\""2026-08-24\""""}]"
2,U03,MEDIO,15_BLOG_HOURLY_INLINE_SKATE_RENTAL,pt,PAGINAS/15_BLOG_HOURLY_INLINE_SKATE_RENTAL/pt/index.html,https://rentalscooterbarcelona.com/pt/blog/aluguer-patins-linha-barcelona-a-hora/#webpage.dateModified,"[""2026-07-26"", ""2026-08-24""]",Un valor real de última modificación; pendiente de fuente.,FECHA REAL PENDIENTE,"[{""line"": 378, ""json_block"": 1, ""json_path"": ""$.@graph[4].dateModified"", ""code"": ""\""2026-07-26\""""}, {""line"": 482, ""json_block"": 2, ""json_path"": ""$.@graph[0].dateModified"", ""code"": ""\""2026-08-24\""""}]"
2,U03,MEDIO,15_BLOG_HOURLY_INLINE_SKATE_RENTAL,sv,PAGINAS/15_BLOG_HOURLY_INLINE_SKATE_RENTAL/sv/index.html,https://rentalscooterbarcelona.com/sv/blog/hyra-inlines-barcelona-per-timme/#webpage.dateModified,"[""2026-07-27"", ""2026-08-24""]",Un valor real de última modificación; pendiente de fuente.,FECHA REAL PENDIENTE,"[{""line"": 378, ""json_block"": 1, ""json_path"": ""$.@graph[4].dateModified"", ""code"": ""\""2026-07-27\""""}, {""line"": 482, ""json_block"": 2, ""json_path"": ""$.@graph[0].dateModified"", ""code"": ""\""2026-08-24\""""}]"
2,U03,MEDIO,16_BLOG_INLINE_SKATES,ca,PAGINAS/16_BLOG_INLINE_SKATES/cat/index.html,https://rentalscooterbarcelona.com/cat/blog/inline-skates/#webpage.dateModified,"[""2026-07-27"", ""2026-08-24""]",Un valor real de última modificación; pendiente de fuente.,FECHA REAL PENDIENTE,"[{""line"": 353, ""json_block"": 1, ""json_path"": ""$.@graph[4].dateModified"", ""code"": ""\""2026-07-27\""""}, {""line"": 465, ""json_block"": 2, ""json_path"": ""$.@graph[0].dateModified"", ""code"": ""\""2026-08-24\""""}]"
2,U03,MEDIO,16_BLOG_INLINE_SKATES,de,PAGINAS/16_BLOG_INLINE_SKATES/de/index.html,https://rentalscooterbarcelona.com/de/blog/inline-skates/#webpage.dateModified,"[""2026-07-27"", ""2026-08-24""]",Un valor real de última modificación; pendiente de fuente.,FECHA REAL PENDIENTE,"[{""line"": 351, ""json_block"": 1, ""json_path"": ""$.@graph[4].dateModified"", ""code"": ""\""2026-07-27\""""}, {""line"": 464, ""json_block"": 2, ""json_path"": ""$.@graph[0].dateModified"", ""code"": ""\""2026-08-24\""""}]"
2,U03,MEDIO,16_BLOG_INLINE_SKATES,en,PAGINAS/16_BLOG_INLINE_SKATES/en/index.html,https://rentalscooterbarcelona.com/blog/inline-skates/#webpage.dateModified,"[""2026-07-27"", ""2026-08-24""]",Un valor real de última modificación; pendiente de fuente.,FECHA REAL PENDIENTE,"[{""line"": 367, ""json_block"": 1, ""json_path"": ""$.@graph[4].dateModified"", ""code"": ""\""2026-07-27\""""}, {""line"": 489, ""json_block"": 2, ""json_path"": ""$.@graph[0].dateModified"", ""code"": ""\""2026-08-24\""""}]"
2,U03,MEDIO,16_BLOG_INLINE_SKATES,es,PAGINAS/16_BLOG_INLINE_SKATES/es/index.html,https://rentalscooterbarcelona.com/es/blog/inline-skates/#webpage.dateModified,"[""2026-07-27"", ""2026-08-24""]",Un valor real de última modificación; pendiente de fuente.,FECHA REAL PENDIENTE,"[{""line"": 361, ""json_block"": 1, ""json_path"": ""$.@graph[4].dateModified"", ""code"": ""\""2026-07-27\""""}, {""line"": 485, ""json_block"": 2, ""json_path"": ""$.@graph[0].dateModified"", ""code"": ""\""2026-08-24\""""}]"
2,U03,MEDIO,16_BLOG_INLINE_SKATES,fr,PAGINAS/16_BLOG_INLINE_SKATES/fr/index.html,https://rentalscooterbarcelona.com/fr/blog/inline-skates/#webpage.dateModified,"[""2026-07-27"", ""2026-08-24""]",Un valor real de última modificación; pendiente de fuente.,FECHA REAL PENDIENTE,"[{""line"": 354, ""json_block"": 1, ""json_path"": ""$.@graph[4].dateModified"", ""code"": ""\""2026-07-27\""""}, {""line"": 468, ""json_block"": 2, ""json_path"": ""$.@graph[0].dateModified"", ""code"": ""\""2026-08-24\""""}]"
2,U03,MEDIO,16_BLOG_INLINE_SKATES,it,PAGINAS/16_BLOG_INLINE_SKATES/it/index.html,https://rentalscooterbarcelona.com/it/blog/inline-skates/#webpage.dateModified,"[""2026-07-27"", ""2026-08-24""]",Un valor real de última modificación; pendiente de fuente.,FECHA REAL PENDIENTE,"[{""line"": 353, ""json_block"": 1, ""json_path"": ""$.@graph[4].dateModified"", ""code"": ""\""2026-07-27\""""}, {""line"": 465, ""json_block"": 2, ""json_path"": ""$.@graph[0].dateModified"", ""code"": ""\""2026-08-24\""""}]"
2,U03,MEDIO,16_BLOG_INLINE_SKATES,nl,PAGINAS/16_BLOG_INLINE_SKATES/nl/index.html,https://rentalscooterbarcelona.com/nl/blog/inline-skates/#webpage.dateModified,"[""2026-07-27"", ""2026-08-24""]",Un valor real de última modificación; pendiente de fuente.,FECHA REAL PENDIENTE,"[{""line"": 364, ""json_block"": 1, ""json_path"": ""$.@graph[4].dateModified"", ""code"": ""\""2026-07-27\""""}, {""line"": 479, ""json_block"": 2, ""json_path"": ""$.@graph[0].dateModified"", ""code"": ""\""2026-08-24\""""}]"
2,U03,MEDIO,16_BLOG_INLINE_SKATES,pl,PAGINAS/16_BLOG_INLINE_SKATES/pl/index.html,https://rentalscooterbarcelona.com/pl/blog/inline-skates/#webpage.dateModified,"[""2026-07-27"", ""2026-08-24""]",Un valor real de última modificación; pendiente de fuente.,FECHA REAL PENDIENTE,"[{""line"": 367, ""json_block"": 1, ""json_path"": ""$.@graph[4].dateModified"", ""code"": ""\""2026-07-27\""""}, {""line"": 489, ""json_block"": 2, ""json_path"": ""$.@graph[0].dateModified"", ""code"": ""\""2026-08-24\""""}]"
2,U03,MEDIO,16_BLOG_INLINE_SKATES,pt,PAGINAS/16_BLOG_INLINE_SKATES/pt/index.html,https://rentalscooterbarcelona.com/pt/blog/inline-skates/#webpage.dateModified,"[""2026-07-27"", ""2026-08-24""]",Un valor real de última modificación; pendiente de fuente.,FECHA REAL PENDIENTE,"[{""line"": 364, ""json_block"": 1, ""json_path"": ""$.@graph[4].dateModified"", ""code"": ""\""2026-07-27\""""}, {""line"": 479, ""json_block"": 2, ""json_path"": ""$.@graph[0].dateModified"", ""code"": ""\""2026-08-24\""""}]"
2,U03,MEDIO,16_BLOG_INLINE_SKATES,sv,PAGINAS/16_BLOG_INLINE_SKATES/sv/index.html,https://rentalscooterbarcelona.com/sv/blog/inline-skates/#webpage.dateModified,"[""2026-07-27"", ""2026-08-24""]",Un valor real de última modificación; pendiente de fuente.,FECHA REAL PENDIENTE,"[{""line"": 364, ""json_block"": 1, ""json_path"": ""$.@graph[4].dateModified"", ""code"": ""\""2026-07-27\""""}, {""line"": 479, ""json_block"": 2, ""json_path"": ""$.@graph[0].dateModified"", ""code"": ""\""2026-08-24\""""}]"
2,U03,MEDIO,17_BLOG_LONGBOARD,ca,PAGINAS/17_BLOG_LONGBOARD/cat/index.html,https://rentalscooterbarcelona.com/cat/blog/longboard/#webpage.dateModified,"[""2026-07-27"", ""2026-08-24""]",Un valor real de última modificación; pendiente de fuente.,FECHA REAL PENDIENTE,"[{""line"": 353, ""json_block"": 1, ""json_path"": ""$.@graph[4].dateModified"", ""code"": ""\""2026-07-27\""""}, {""line"": 449, ""json_block"": 2, ""json_path"": ""$.@graph[0].dateModified"", ""code"": ""\""2026-08-24\""""}]"
2,U03,MEDIO,17_BLOG_LONGBOARD,de,PAGINAS/17_BLOG_LONGBOARD/de/index.html,https://rentalscooterbarcelona.com/de/blog/longboard/#webpage.dateModified,"[""2026-06-29"", ""2026-08-24""]",Un valor real de última modificación; pendiente de fuente.,FECHA REAL PENDIENTE,"[{""line"": 351, ""json_block"": 1, ""json_path"": ""$.@graph[4].dateModified"", ""code"": ""\""2026-06-29\""""}, {""line"": 443, ""json_block"": 2, ""json_path"": ""$.@graph[0].dateModified"", ""code"": ""\""2026-08-24\""""}]"
2,U03,MEDIO,17_BLOG_LONGBOARD,en,PAGINAS/17_BLOG_LONGBOARD/en/index.html,https://rentalscooterbarcelona.com/blog/longboard/#webpage.dateModified,"[""2026-06-29"", ""2026-08-24""]",Un valor real de última modificación; pendiente de fuente.,FECHA REAL PENDIENTE,"[{""line"": 367, ""json_block"": 1, ""json_path"": ""$.@graph[4].dateModified"", ""code"": ""\""2026-06-29\""""}, {""line"": 470, ""json_block"": 2, ""json_path"": ""$.@graph[0].dateModified"", ""code"": ""\""2026-08-24\""""}]"
2,U03,MEDIO,17_BLOG_LONGBOARD,es,PAGINAS/17_BLOG_LONGBOARD/es/index.html,https://rentalscooterbarcelona.com/es/blog/longboard/#webpage.dateModified,"[""2026-06-29"", ""2026-08-24""]",Un valor real de última modificación; pendiente de fuente.,FECHA REAL PENDIENTE,"[{""line"": 361, ""json_block"": 1, ""json_path"": ""$.@graph[4].dateModified"", ""code"": ""\""2026-06-29\""""}, {""line"": 467, ""json_block"": 2, ""json_path"": ""$.@graph[0].dateModified"", ""code"": ""\""2026-08-24\""""}]"
2,U03,MEDIO,17_BLOG_LONGBOARD,fr,PAGINAS/17_BLOG_LONGBOARD/fr/index.html,https://rentalscooterbarcelona.com/fr/blog/longboard/#webpage.dateModified,"[""2026-06-29"", ""2026-08-24""]",Un valor real de última modificación; pendiente de fuente.,FECHA REAL PENDIENTE,"[{""line"": 354, ""json_block"": 1, ""json_path"": ""$.@graph[4].dateModified"", ""code"": ""\""2026-06-29\""""}, {""line"": 452, ""json_block"": 2, ""json_path"": ""$.@graph[0].dateModified"", ""code"": ""\""2026-08-24\""""}]"
2,U03,MEDIO,17_BLOG_LONGBOARD,it,PAGINAS/17_BLOG_LONGBOARD/it/index.html,https://rentalscooterbarcelona.com/it/blog/longboard/#webpage.dateModified,"[""2026-06-29"", ""2026-08-24""]",Un valor real de última modificación; pendiente de fuente.,FECHA REAL PENDIENTE,"[{""line"": 353, ""json_block"": 1, ""json_path"": ""$.@graph[4].dateModified"", ""code"": ""\""2026-06-29\""""}, {""line"": 449, ""json_block"": 2, ""json_path"": ""$.@graph[0].dateModified"", ""code"": ""\""2026-08-24\""""}]"
2,U03,MEDIO,17_BLOG_LONGBOARD,nl,PAGINAS/17_BLOG_LONGBOARD/nl/index.html,https://rentalscooterbarcelona.com/nl/blog/longboard/#webpage.dateModified,"[""2026-06-29"", ""2026-08-24""]",Un valor real de última modificación; pendiente de fuente.,FECHA REAL PENDIENTE,"[{""line"": 364, ""json_block"": 1, ""json_path"": ""$.@graph[4].dateModified"", ""code"": ""\""2026-06-29\""""}, {""line"": 458, ""json_block"": 2, ""json_path"": ""$.@graph[0].dateModified"", ""code"": ""\""2026-08-24\""""}]"
2,U03,MEDIO,17_BLOG_LONGBOARD,pl,PAGINAS/17_BLOG_LONGBOARD/pl/index.html,https://rentalscooterbarcelona.com/pl/blog/longboard/#webpage.dateModified,"[""2026-07-27"", ""2026-08-24""]",Un valor real de última modificación; pendiente de fuente.,FECHA REAL PENDIENTE,"[{""line"": 367, ""json_block"": 1, ""json_path"": ""$.@graph[4].dateModified"", ""code"": ""\""2026-07-27\""""}, {""line"": 470, ""json_block"": 2, ""json_path"": ""$.@graph[0].dateModified"", ""code"": ""\""2026-08-24\""""}]"
2,U03,MEDIO,17_BLOG_LONGBOARD,pt,PAGINAS/17_BLOG_LONGBOARD/pt/index.html,https://rentalscooterbarcelona.com/pt/blog/longboard/#webpage.dateModified,"[""2026-07-27"", ""2026-08-24""]",Un valor real de última modificación; pendiente de fuente.,FECHA REAL PENDIENTE,"[{""line"": 364, ""json_block"": 1, ""json_path"": ""$.@graph[4].dateModified"", ""code"": ""\""2026-07-27\""""}, {""line"": 458, ""json_block"": 2, ""json_path"": ""$.@graph[0].dateModified"", ""code"": ""\""2026-08-24\""""}]"
2,U03,MEDIO,17_BLOG_LONGBOARD,sv,PAGINAS/17_BLOG_LONGBOARD/sv/index.html,https://rentalscooterbarcelona.com/sv/blog/longboard/#webpage.dateModified,"[""2026-07-27"", ""2026-08-24""]",Un valor real de última modificación; pendiente de fuente.,FECHA REAL PENDIENTE,"[{""line"": 364, ""json_block"": 1, ""json_path"": ""$.@graph[4].dateModified"", ""code"": ""\""2026-07-27\""""}, {""line"": 458, ""json_block"": 2, ""json_path"": ""$.@graph[0].dateModified"", ""code"": ""\""2026-08-24\""""}]"
2,U03,MEDIO,18_BLOG_ROLLER_SKATES,ca,PAGINAS/18_BLOG_ROLLER_SKATES/cat/index.html,https://rentalscooterbarcelona.com/cat/blog/roller-skates/#webpage.dateModified,"[""2026-07-27"", ""2026-08-24""]",Un valor real de última modificación; pendiente de fuente.,FECHA REAL PENDIENTE,"[{""line"": 353, ""json_block"": 1, ""json_path"": ""$.@graph[4].dateModified"", ""code"": ""\""2026-07-27\""""}, {""line"": 449, ""json_block"": 2, ""json_path"": ""$.@graph[0].dateModified"", ""code"": ""\""2026-08-24\""""}]"
2,U03,MEDIO,18_BLOG_ROLLER_SKATES,de,PAGINAS/18_BLOG_ROLLER_SKATES/de/index.html,https://rentalscooterbarcelona.com/de/blog/roller-skates/#webpage.dateModified,"[""2026-06-29"", ""2026-08-24""]",Un valor real de última modificación; pendiente de fuente.,FECHA REAL PENDIENTE,"[{""line"": 351, ""json_block"": 1, ""json_path"": ""$.@graph[4].dateModified"", ""code"": ""\""2026-06-29\""""}, {""line"": 443, ""json_block"": 2, ""json_path"": ""$.@graph[0].dateModified"", ""code"": ""\""2026-08-24\""""}]"
2,U03,MEDIO,18_BLOG_ROLLER_SKATES,en,PAGINAS/18_BLOG_ROLLER_SKATES/en/index.html,https://rentalscooterbarcelona.com/blog/roller-skates/#webpage.dateModified,"[""2026-06-29"", ""2026-08-24""]",Un valor real de última modificación; pendiente de fuente.,FECHA REAL PENDIENTE,"[{""line"": 367, ""json_block"": 1, ""json_path"": ""$.@graph[4].dateModified"", ""code"": ""\""2026-06-29\""""}, {""line"": 471, ""json_block"": 2, ""json_path"": ""$.@graph[0].dateModified"", ""code"": ""\""2026-08-24\""""}]"
2,U03,MEDIO,18_BLOG_ROLLER_SKATES,es,PAGINAS/18_BLOG_ROLLER_SKATES/es/index.html,https://rentalscooterbarcelona.com/es/blog/roller-skates/#webpage.dateModified,"[""2026-06-29"", ""2026-08-24""]",Un valor real de última modificación; pendiente de fuente.,FECHA REAL PENDIENTE,"[{""line"": 361, ""json_block"": 1, ""json_path"": ""$.@graph[4].dateModified"", ""code"": ""\""2026-06-29\""""}, {""line"": 468, ""json_block"": 2, ""json_path"": ""$.@graph[0].dateModified"", ""code"": ""\""2026-08-24\""""}]"
2,U03,MEDIO,18_BLOG_ROLLER_SKATES,fr,PAGINAS/18_BLOG_ROLLER_SKATES/fr/index.html,https://rentalscooterbarcelona.com/fr/blog/roller-skates/#webpage.dateModified,"[""2026-06-29"", ""2026-08-24""]",Un valor real de última modificación; pendiente de fuente.,FECHA REAL PENDIENTE,"[{""line"": 354, ""json_block"": 1, ""json_path"": ""$.@graph[4].dateModified"", ""code"": ""\""2026-06-29\""""}, {""line"": 452, ""json_block"": 2, ""json_path"": ""$.@graph[0].dateModified"", ""code"": ""\""2026-08-24\""""}]"
2,U03,MEDIO,18_BLOG_ROLLER_SKATES,it,PAGINAS/18_BLOG_ROLLER_SKATES/it/index.html,https://rentalscooterbarcelona.com/it/blog/roller-skates/#webpage.dateModified,"[""2026-06-29"", ""2026-08-24""]",Un valor real de última modificación; pendiente de fuente.,FECHA REAL PENDIENTE,"[{""line"": 353, ""json_block"": 1, ""json_path"": ""$.@graph[4].dateModified"", ""code"": ""\""2026-06-29\""""}, {""line"": 449, ""json_block"": 2, ""json_path"": ""$.@graph[0].dateModified"", ""code"": ""\""2026-08-24\""""}]"
2,U03,MEDIO,18_BLOG_ROLLER_SKATES,nl,PAGINAS/18_BLOG_ROLLER_SKATES/nl/index.html,https://rentalscooterbarcelona.com/nl/blog/roller-skates/#webpage.dateModified,"[""2026-06-29"", ""2026-08-24""]",Un valor real de última modificación; pendiente de fuente.,FECHA REAL PENDIENTE,"[{""line"": 364, ""json_block"": 1, ""json_path"": ""$.@graph[4].dateModified"", ""code"": ""\""2026-06-29\""""}, {""line"": 458, ""json_block"": 2, ""json_path"": ""$.@graph[0].dateModified"", ""code"": ""\""2026-08-24\""""}]"
2,U03,MEDIO,18_BLOG_ROLLER_SKATES,pl,PAGINAS/18_BLOG_ROLLER_SKATES/pl/index.html,https://rentalscooterbarcelona.com/pl/blog/roller-skates/#webpage.dateModified,"[""2026-07-27"", ""2026-08-24""]",Un valor real de última modificación; pendiente de fuente.,FECHA REAL PENDIENTE,"[{""line"": 367, ""json_block"": 1, ""json_path"": ""$.@graph[4].dateModified"", ""code"": ""\""2026-07-27\""""}, {""line"": 471, ""json_block"": 2, ""json_path"": ""$.@graph[0].dateModified"", ""code"": ""\""2026-08-24\""""}]"
2,U03,MEDIO,18_BLOG_ROLLER_SKATES,pt,PAGINAS/18_BLOG_ROLLER_SKATES/pt/index.html,https://rentalscooterbarcelona.com/pt/blog/roller-skates/#webpage.dateModified,"[""2026-07-27"", ""2026-08-24""]",Un valor real de última modificación; pendiente de fuente.,FECHA REAL PENDIENTE,"[{""line"": 364, ""json_block"": 1, ""json_path"": ""$.@graph[4].dateModified"", ""code"": ""\""2026-07-27\""""}, {""line"": 458, ""json_block"": 2, ""json_path"": ""$.@graph[0].dateModified"", ""code"": ""\""2026-08-24\""""}]"
2,U03,MEDIO,18_BLOG_ROLLER_SKATES,sv,PAGINAS/18_BLOG_ROLLER_SKATES/sv/index.html,https://rentalscooterbarcelona.com/sv/blog/roller-skates/#webpage.dateModified,"[""2026-07-27"", ""2026-08-24""]",Un valor real de última modificación; pendiente de fuente.,FECHA REAL PENDIENTE,"[{""line"": 364, ""json_block"": 1, ""json_path"": ""$.@graph[4].dateModified"", ""code"": ""\""2026-07-27\""""}, {""line"": 458, ""json_block"": 2, ""json_path"": ""$.@graph[0].dateModified"", ""code"": ""\""2026-08-24\""""}]"
2,U03,MEDIO,19_BLOG_SCOOTER,ca,PAGINAS/19_BLOG_SCOOTER/cat/index.html,https://rentalscooterbarcelona.com/cat/blog/scooter/#webpage.dateModified,"[""2026-07-27"", ""2026-08-24""]",Un valor real de última modificación; pendiente de fuente.,FECHA REAL PENDIENTE,"[{""line"": 353, ""json_block"": 1, ""json_path"": ""$.@graph[4].dateModified"", ""code"": ""\""2026-07-27\""""}, {""line"": 449, ""json_block"": 2, ""json_path"": ""$.@graph[0].dateModified"", ""code"": ""\""2026-08-24\""""}]"
2,U03,MEDIO,19_BLOG_SCOOTER,de,PAGINAS/19_BLOG_SCOOTER/de/index.html,https://rentalscooterbarcelona.com/de/blog/scooter/#webpage.dateModified,"[""2026-07-27"", ""2026-08-24""]",Un valor real de última modificación; pendiente de fuente.,FECHA REAL PENDIENTE,"[{""line"": 351, ""json_block"": 1, ""json_path"": ""$.@graph[4].dateModified"", ""code"": ""\""2026-07-27\""""}, {""line"": 444, ""json_block"": 2, ""json_path"": ""$.@graph[0].dateModified"", ""code"": ""\""2026-08-24\""""}]"
2,U03,MEDIO,19_BLOG_SCOOTER,en,PAGINAS/19_BLOG_SCOOTER/en/index.html,https://rentalscooterbarcelona.com/blog/scooter/#webpage.dateModified,"[""2026-07-27"", ""2026-08-24""]",Un valor real de última modificación; pendiente de fuente.,FECHA REAL PENDIENTE,"[{""line"": 361, ""json_block"": 1, ""json_path"": ""$.@graph[4].dateModified"", ""code"": ""\""2026-07-27\""""}, {""line"": 463, ""json_block"": 2, ""json_path"": ""$.@graph[0].dateModified"", ""code"": ""\""2026-08-24\""""}]"
2,U03,MEDIO,19_BLOG_SCOOTER,es,PAGINAS/19_BLOG_SCOOTER/es/index.html,https://rentalscooterbarcelona.com/es/blog/scooter/#webpage.dateModified,"[""2026-07-27"", ""2026-08-24""]",Un valor real de última modificación; pendiente de fuente.,FECHA REAL PENDIENTE,"[{""line"": 361, ""json_block"": 1, ""json_path"": ""$.@graph[4].dateModified"", ""code"": ""\""2026-07-27\""""}, {""line"": 463, ""json_block"": 2, ""json_path"": ""$.@graph[0].dateModified"", ""code"": ""\""2026-08-24\""""}]"
2,U03,MEDIO,19_BLOG_SCOOTER,fr,PAGINAS/19_BLOG_SCOOTER/fr/index.html,https://rentalscooterbarcelona.com/fr/blog/scooter/#webpage.dateModified,"[""2026-07-27"", ""2026-08-24""]",Un valor real de última modificación; pendiente de fuente.,FECHA REAL PENDIENTE,"[{""line"": 354, ""json_block"": 1, ""json_path"": ""$.@graph[4].dateModified"", ""code"": ""\""2026-07-27\""""}, {""line"": 452, ""json_block"": 2, ""json_path"": ""$.@graph[0].dateModified"", ""code"": ""\""2026-08-24\""""}]"
2,U03,MEDIO,19_BLOG_SCOOTER,it,PAGINAS/19_BLOG_SCOOTER/it/index.html,https://rentalscooterbarcelona.com/it/blog/scooter/#webpage.dateModified,"[""2026-07-27"", ""2026-08-24""]",Un valor real de última modificación; pendiente de fuente.,FECHA REAL PENDIENTE,"[{""line"": 353, ""json_block"": 1, ""json_path"": ""$.@graph[4].dateModified"", ""code"": ""\""2026-07-27\""""}, {""line"": 449, ""json_block"": 2, ""json_path"": ""$.@graph[0].dateModified"", ""code"": ""\""2026-08-24\""""}]"
2,U03,MEDIO,19_BLOG_SCOOTER,nl,PAGINAS/19_BLOG_SCOOTER/nl/index.html,https://rentalscooterbarcelona.com/nl/blog/scooter/#webpage.dateModified,"[""2026-07-27"", ""2026-08-24""]",Un valor real de última modificación; pendiente de fuente.,FECHA REAL PENDIENTE,"[{""line"": 364, ""json_block"": 1, ""json_path"": ""$.@graph[4].dateModified"", ""code"": ""\""2026-07-27\""""}, {""line"": 458, ""json_block"": 2, ""json_path"": ""$.@graph[0].dateModified"", ""code"": ""\""2026-08-24\""""}]"
2,U03,MEDIO,19_BLOG_SCOOTER,pl,PAGINAS/19_BLOG_SCOOTER/pl/index.html,https://rentalscooterbarcelona.com/pl/blog/scooter/#webpage.dateModified,"[""2026-07-27"", ""2026-08-24""]",Un valor real de última modificación; pendiente de fuente.,FECHA REAL PENDIENTE,"[{""line"": 361, ""json_block"": 1, ""json_path"": ""$.@graph[4].dateModified"", ""code"": ""\""2026-07-27\""""}, {""line"": 463, ""json_block"": 2, ""json_path"": ""$.@graph[0].dateModified"", ""code"": ""\""2026-08-24\""""}]"
2,U03,MEDIO,19_BLOG_SCOOTER,pt,PAGINAS/19_BLOG_SCOOTER/pt/index.html,https://rentalscooterbarcelona.com/pt/blog/scooter/#webpage.dateModified,"[""2026-07-27"", ""2026-08-24""]",Un valor real de última modificación; pendiente de fuente.,FECHA REAL PENDIENTE,"[{""line"": 364, ""json_block"": 1, ""json_path"": ""$.@graph[4].dateModified"", ""code"": ""\""2026-07-27\""""}, {""line"": 458, ""json_block"": 2, ""json_path"": ""$.@graph[0].dateModified"", ""code"": ""\""2026-08-24\""""}]"
2,U03,MEDIO,19_BLOG_SCOOTER,sv,PAGINAS/19_BLOG_SCOOTER/sv/index.html,https://rentalscooterbarcelona.com/sv/blog/scooter/#webpage.dateModified,"[""2026-07-27"", ""2026-08-24""]",Un valor real de última modificación; pendiente de fuente.,FECHA REAL PENDIENTE,"[{""line"": 364, ""json_block"": 1, ""json_path"": ""$.@graph[4].dateModified"", ""code"": ""\""2026-07-27\""""}, {""line"": 458, ""json_block"": 2, ""json_path"": ""$.@graph[0].dateModified"", ""code"": ""\""2026-08-24\""""}]"
2,U03,MEDIO,20_BLOG_SKATEBOARD,ca,PAGINAS/20_BLOG_SKATEBOARD/cat/index.html,https://rentalscooterbarcelona.com/cat/blog/skateboard/#webpage.dateModified,"[""2026-07-27"", ""2026-08-24""]",Un valor real de última modificación; pendiente de fuente.,FECHA REAL PENDIENTE,"[{""line"": 353, ""json_block"": 1, ""json_path"": ""$.@graph[4].dateModified"", ""code"": ""\""2026-07-27\""""}, {""line"": 449, ""json_block"": 2, ""json_path"": ""$.@graph[0].dateModified"", ""code"": ""\""2026-08-24\""""}]"
2,U03,MEDIO,20_BLOG_SKATEBOARD,de,PAGINAS/20_BLOG_SKATEBOARD/de/index.html,https://rentalscooterbarcelona.com/de/blog/skateboard/#webpage.dateModified,"[""2026-06-29"", ""2026-08-24""]",Un valor real de última modificación; pendiente de fuente.,FECHA REAL PENDIENTE,"[{""line"": 351, ""json_block"": 1, ""json_path"": ""$.@graph[4].dateModified"", ""code"": ""\""2026-06-29\""""}, {""line"": 443, ""json_block"": 2, ""json_path"": ""$.@graph[0].dateModified"", ""code"": ""\""2026-08-24\""""}]"
2,U03,MEDIO,20_BLOG_SKATEBOARD,en,PAGINAS/20_BLOG_SKATEBOARD/en/index.html,https://rentalscooterbarcelona.com/blog/skateboard/#webpage.dateModified,"[""2026-06-29"", ""2026-08-24""]",Un valor real de última modificación; pendiente de fuente.,FECHA REAL PENDIENTE,"[{""line"": 367, ""json_block"": 1, ""json_path"": ""$.@graph[4].dateModified"", ""code"": ""\""2026-06-29\""""}, {""line"": 470, ""json_block"": 2, ""json_path"": ""$.@graph[0].dateModified"", ""code"": ""\""2026-08-24\""""}]"
2,U03,MEDIO,20_BLOG_SKATEBOARD,es,PAGINAS/20_BLOG_SKATEBOARD/es/index.html,https://rentalscooterbarcelona.com/es/blog/skateboard/#webpage.dateModified,"[""2026-06-29"", ""2026-08-24""]",Un valor real de última modificación; pendiente de fuente.,FECHA REAL PENDIENTE,"[{""line"": 361, ""json_block"": 1, ""json_path"": ""$.@graph[4].dateModified"", ""code"": ""\""2026-06-29\""""}, {""line"": 467, ""json_block"": 2, ""json_path"": ""$.@graph[0].dateModified"", ""code"": ""\""2026-08-24\""""}]"
2,U03,MEDIO,20_BLOG_SKATEBOARD,fr,PAGINAS/20_BLOG_SKATEBOARD/fr/index.html,https://rentalscooterbarcelona.com/fr/blog/skateboard/#webpage.dateModified,"[""2026-06-29"", ""2026-08-24""]",Un valor real de última modificación; pendiente de fuente.,FECHA REAL PENDIENTE,"[{""line"": 354, ""json_block"": 1, ""json_path"": ""$.@graph[4].dateModified"", ""code"": ""\""2026-06-29\""""}, {""line"": 452, ""json_block"": 2, ""json_path"": ""$.@graph[0].dateModified"", ""code"": ""\""2026-08-24\""""}]"
2,U03,MEDIO,20_BLOG_SKATEBOARD,it,PAGINAS/20_BLOG_SKATEBOARD/it/index.html,https://rentalscooterbarcelona.com/it/blog/skateboard/#webpage.dateModified,"[""2026-06-29"", ""2026-08-24""]",Un valor real de última modificación; pendiente de fuente.,FECHA REAL PENDIENTE,"[{""line"": 353, ""json_block"": 1, ""json_path"": ""$.@graph[4].dateModified"", ""code"": ""\""2026-06-29\""""}, {""line"": 449, ""json_block"": 2, ""json_path"": ""$.@graph[0].dateModified"", ""code"": ""\""2026-08-24\""""}]"
2,U03,MEDIO,20_BLOG_SKATEBOARD,nl,PAGINAS/20_BLOG_SKATEBOARD/nl/index.html,https://rentalscooterbarcelona.com/nl/blog/skateboard/#webpage.dateModified,"[""2026-06-29"", ""2026-08-24""]",Un valor real de última modificación; pendiente de fuente.,FECHA REAL PENDIENTE,"[{""line"": 364, ""json_block"": 1, ""json_path"": ""$.@graph[4].dateModified"", ""code"": ""\""2026-06-29\""""}, {""line"": 458, ""json_block"": 2, ""json_path"": ""$.@graph[0].dateModified"", ""code"": ""\""2026-08-24\""""}]"
2,U03,MEDIO,20_BLOG_SKATEBOARD,pl,PAGINAS/20_BLOG_SKATEBOARD/pl/index.html,https://rentalscooterbarcelona.com/pl/blog/skateboard/#webpage.dateModified,"[""2026-07-27"", ""2026-08-24""]",Un valor real de última modificación; pendiente de fuente.,FECHA REAL PENDIENTE,"[{""line"": 367, ""json_block"": 1, ""json_path"": ""$.@graph[4].dateModified"", ""code"": ""\""2026-07-27\""""}, {""line"": 470, ""json_block"": 2, ""json_path"": ""$.@graph[0].dateModified"", ""code"": ""\""2026-08-24\""""}]"
2,U03,MEDIO,20_BLOG_SKATEBOARD,pt,PAGINAS/20_BLOG_SKATEBOARD/pt/index.html,https://rentalscooterbarcelona.com/pt/blog/skateboard/#webpage.dateModified,"[""2026-07-27"", ""2026-08-24""]",Un valor real de última modificación; pendiente de fuente.,FECHA REAL PENDIENTE,"[{""line"": 364, ""json_block"": 1, ""json_path"": ""$.@graph[4].dateModified"", ""code"": ""\""2026-07-27\""""}, {""line"": 458, ""json_block"": 2, ""json_path"": ""$.@graph[0].dateModified"", ""code"": ""\""2026-08-24\""""}]"
2,U03,MEDIO,20_BLOG_SKATEBOARD,sv,PAGINAS/20_BLOG_SKATEBOARD/sv/index.html,https://rentalscooterbarcelona.com/sv/blog/skateboard/#webpage.dateModified,"[""2026-07-27"", ""2026-08-24""]",Un valor real de última modificación; pendiente de fuente.,FECHA REAL PENDIENTE,"[{""line"": 364, ""json_block"": 1, ""json_path"": ""$.@graph[4].dateModified"", ""code"": ""\""2026-07-27\""""}, {""line"": 458, ""json_block"": 2, ""json_path"": ""$.@graph[0].dateModified"", ""code"": ""\""2026-08-24\""""}]"
2,U04,MEDIO,12_BLOG_BEGINNER_INLINE_SKATING,ca,PAGINAS/12_BLOG_BEGINNER_INLINE_SKATING/cat/index.html,Fecha visible de actualización ↔ BlogPosting.dateModified,"{""visible"": ""Actualitzat el 16 de juny de 2026"", ""iso_visible"": ""2026-06-16"", ""schema"": [""2026-06-29""]}",Publicat el 16 de juny de 2026,PROPUESTA DE ETIQUETA DEFINIDA,"[{""line"": 593, ""code"": ""Actualitzat el 16 de juny de 2026""}, {""line"": 397, ""json_block"": 1, ""json_path"": ""$.@graph[5].dateModified"", ""code"": ""\""2026-06-29\""""}]"
2,U04,MEDIO,12_BLOG_BEGINNER_INLINE_SKATING,de,PAGINAS/12_BLOG_BEGINNER_INLINE_SKATING/de/index.html,Fecha visible de actualización ↔ BlogPosting.dateModified,"{""visible"": ""Aktualisiert am 16. Juni 2026"", ""iso_visible"": ""2026-06-16"", ""schema"": [""2026-06-29""]}",Veröffentlicht am 16. Juni 2026,PROPUESTA DE ETIQUETA DEFINIDA,"[{""line"": 593, ""code"": ""Aktualisiert am 16. Juni 2026""}, {""line"": 397, ""json_block"": 1, ""json_path"": ""$.@graph[5].dateModified"", ""code"": ""\""2026-06-29\""""}]"
2,U04,MEDIO,12_BLOG_BEGINNER_INLINE_SKATING,en,PAGINAS/12_BLOG_BEGINNER_INLINE_SKATING/en/index.html,Fecha visible de actualización ↔ BlogPosting.dateModified,"{""visible"": ""Updated 16 June 2026"", ""iso_visible"": ""2026-06-16"", ""schema"": [""2026-06-29""]}",Published 16 June 2026,PROPUESTA DE ETIQUETA DEFINIDA,"[{""line"": 593, ""code"": ""Updated 16 June 2026""}, {""line"": 397, ""json_block"": 1, ""json_path"": ""$.@graph[5].dateModified"", ""code"": ""\""2026-06-29\""""}]"
2,U04,MEDIO,12_BLOG_BEGINNER_INLINE_SKATING,es,PAGINAS/12_BLOG_BEGINNER_INLINE_SKATING/es/index.html,Fecha visible de actualización ↔ BlogPosting.dateModified,"{""visible"": ""Actualizado el 18 de mayo de 2026"", ""iso_visible"": ""2026-05-18"", ""schema"": [""2026-06-29""]}",Publicado el 18 de mayo de 2026,PROPUESTA DE ETIQUETA DEFINIDA,"[{""line"": 586, ""code"": ""Actualizado el 18 de mayo de 2026""}, {""line"": 386, ""json_block"": 1, ""json_path"": ""$.@graph[5].dateModified"", ""code"": ""\""2026-06-29\""""}]"
2,U04,MEDIO,12_BLOG_BEGINNER_INLINE_SKATING,fr,PAGINAS/12_BLOG_BEGINNER_INLINE_SKATING/fr/index.html,Fecha visible de actualización ↔ BlogPosting.dateModified,"{""visible"": ""Mis à jour le 16 juin 2026"", ""iso_visible"": ""2026-06-16"", ""schema"": [""2026-06-29""]}",Publié le 16 juin 2026,PROPUESTA DE ETIQUETA DEFINIDA,"[{""line"": 593, ""code"": ""Mis à jour le 16 juin 2026""}, {""line"": 397, ""json_block"": 1, ""json_path"": ""$.@graph[5].dateModified"", ""code"": ""\""2026-06-29\""""}]"
2,U04,MEDIO,12_BLOG_BEGINNER_INLINE_SKATING,pl,PAGINAS/12_BLOG_BEGINNER_INLINE_SKATING/pl/index.html,Fecha visible de actualización ↔ BlogPosting.dateModified,"{""visible"": ""Zaktualizowano 16 czerwca 2026"", ""iso_visible"": ""2026-06-16"", ""schema"": [""2026-06-29""]}",Opublikowano 16 czerwca 2026,PROPUESTA DE ETIQUETA DEFINIDA,"[{""line"": 593, ""code"": ""Zaktualizowano 16 czerwca 2026""}, {""line"": 397, ""json_block"": 1, ""json_path"": ""$.@graph[5].dateModified"", ""code"": ""\""2026-06-29\""""}]"
2,U04,MEDIO,14_BLOG_BIKE,de,PAGINAS/14_BLOG_BIKE/de/index.html,Fecha visible de actualización ↔ BlogPosting.dateModified,"{""visible"": ""Aktualisiert am 12. April 2026"", ""iso_visible"": ""2026-04-12"", ""schema"": [""2026-06-29""]}",Veröffentlicht am 12. April 2026,PROPUESTA DE ETIQUETA DEFINIDA,"[{""line"": 552, ""code"": ""Aktualisiert am 12. April 2026""}, {""line"": 365, ""json_block"": 1, ""json_path"": ""$.@graph[5].dateModified"", ""code"": ""\""2026-06-29\""""}]"
2,U04,MEDIO,14_BLOG_BIKE,en,PAGINAS/14_BLOG_BIKE/en/index.html,Fecha visible de actualización ↔ BlogPosting.dateModified,"{""visible"": ""Updated 12 April 2026"", ""iso_visible"": ""2026-04-12"", ""schema"": [""2026-06-29""]}",Published 12 April 2026,PROPUESTA DE ETIQUETA DEFINIDA,"[{""line"": 582, ""code"": ""Updated 12 April 2026""}, {""line"": 386, ""json_block"": 1, ""json_path"": ""$.@graph[5].dateModified"", ""code"": ""\""2026-06-29\""""}]"
2,U04,MEDIO,14_BLOG_BIKE,es,PAGINAS/14_BLOG_BIKE/es/index.html,Fecha visible de actualización ↔ BlogPosting.dateModified,"{""visible"": ""Actualizado el 12 de abril de 2026"", ""iso_visible"": ""2026-04-12"", ""schema"": [""2026-06-29""]}",Publicado el 12 de abril de 2026,PROPUESTA DE ETIQUETA DEFINIDA,"[{""line"": 579, ""code"": ""Actualizado el 12 de abril de 2026""}, {""line"": 380, ""json_block"": 1, ""json_path"": ""$.@graph[5].dateModified"", ""code"": ""\""2026-06-29\""""}]"
2,U04,MEDIO,14_BLOG_BIKE,fr,PAGINAS/14_BLOG_BIKE/fr/index.html,Fecha visible de actualización ↔ BlogPosting.dateModified,"{""visible"": ""Mis à jour le 12 avril 2026"", ""iso_visible"": ""2026-04-12"", ""schema"": [""2026-06-29""]}",Publié le 12 avril 2026,PROPUESTA DE ETIQUETA DEFINIDA,"[{""line"": 561, ""code"": ""Mis à jour le 12 avril 2026""}, {""line"": 366, ""json_block"": 1, ""json_path"": ""$.@graph[5].dateModified"", ""code"": ""\""2026-06-29\""""}]"
2,U04,MEDIO,14_BLOG_BIKE,it,PAGINAS/14_BLOG_BIKE/it/index.html,Fecha visible de actualización ↔ BlogPosting.dateModified,"{""visible"": ""Aggiornato il 12 aprile 2026"", ""iso_visible"": ""2026-04-12"", ""schema"": [""2026-06-29""]}",Pubblicato il 12 aprile 2026,PROPUESTA DE ETIQUETA DEFINIDA,"[{""line"": 564, ""code"": ""Aggiornato il 12 aprile 2026""}, {""line"": 367, ""json_block"": 1, ""json_path"": ""$.@graph[5].dateModified"", ""code"": ""\""2026-06-29\""""}]"
2,U04,MEDIO,14_BLOG_BIKE,nl,PAGINAS/14_BLOG_BIKE/nl/index.html,Fecha visible de actualización ↔ BlogPosting.dateModified,"{""visible"": ""Bijgewerkt op 12 april 2026"", ""iso_visible"": ""2026-04-12"", ""schema"": [""2026-06-29""]}",Gepubliceerd op 12 april 2026,PROPUESTA DE ETIQUETA DEFINIDA,"[{""line"": 567, ""code"": ""Bijgewerkt op 12 april 2026""}, {""line"": 378, ""json_block"": 1, ""json_path"": ""$.@graph[5].dateModified"", ""code"": ""\""2026-06-29\""""}]"
2,U04,MEDIO,15_BLOG_HOURLY_INLINE_SKATE_RENTAL,en,PAGINAS/15_BLOG_HOURLY_INLINE_SKATE_RENTAL/en/index.html,Fecha visible de actualización ↔ BlogPosting.dateModified,"{""visible"": ""Updated 16 June 2026"", ""iso_visible"": ""2026-06-16"", ""schema"": [""2026-06-29""]}",Published 16 June 2026,PROPUESTA DE ETIQUETA DEFINIDA,"[{""line"": 593, ""code"": ""Updated 16 June 2026""}, {""line"": 397, ""json_block"": 1, ""json_path"": ""$.@graph[5].dateModified"", ""code"": ""\""2026-06-29\""""}]"
2,U04,MEDIO,15_BLOG_HOURLY_INLINE_SKATE_RENTAL,es,PAGINAS/15_BLOG_HOURLY_INLINE_SKATE_RENTAL/es/index.html,Fecha visible de actualización ↔ BlogPosting.dateModified,"{""visible"": ""Actualizado el 18 de mayo de 2026"", ""iso_visible"": ""2026-05-18"", ""schema"": [""2026-06-29""]}",Publicado el 18 de mayo de 2026,PROPUESTA DE ETIQUETA DEFINIDA,"[{""line"": 585, ""code"": ""Actualizado el 18 de mayo de 2026""}, {""line"": 386, ""json_block"": 1, ""json_path"": ""$.@graph[5].dateModified"", ""code"": ""\""2026-06-29\""""}]"
2,U04,MEDIO,17_BLOG_LONGBOARD,de,PAGINAS/17_BLOG_LONGBOARD/de/index.html,Fecha visible de actualización ↔ BlogPosting.dateModified,"{""visible"": ""Aktualisiert am 12. April 2026"", ""iso_visible"": ""2026-04-12"", ""schema"": [""2026-06-29""]}",Veröffentlicht am 12. April 2026,PROPUESTA DE ETIQUETA DEFINIDA,"[{""line"": 526, ""code"": ""Aktualisiert am 12. April 2026""}, {""line"": 365, ""json_block"": 1, ""json_path"": ""$.@graph[5].dateModified"", ""code"": ""\""2026-06-29\""""}]"
2,U04,MEDIO,17_BLOG_LONGBOARD,en,PAGINAS/17_BLOG_LONGBOARD/en/index.html,Fecha visible de actualización ↔ BlogPosting.dateModified,"{""visible"": ""Updated 12 April 2026"", ""iso_visible"": ""2026-04-12"", ""schema"": [""2026-06-29""]}",Published 12 April 2026,PROPUESTA DE ETIQUETA DEFINIDA,"[{""line"": 555, ""code"": ""Updated 12 April 2026""}, {""line"": 386, ""json_block"": 1, ""json_path"": ""$.@graph[5].dateModified"", ""code"": ""\""2026-06-29\""""}]"
2,U04,MEDIO,17_BLOG_LONGBOARD,es,PAGINAS/17_BLOG_LONGBOARD/es/index.html,Fecha visible de actualización ↔ BlogPosting.dateModified,"{""visible"": ""Actualizado el 12 de abril de 2026"", ""iso_visible"": ""2026-04-12"", ""schema"": [""2026-06-29""]}",Publicado el 12 de abril de 2026,PROPUESTA DE ETIQUETA DEFINIDA,"[{""line"": 552, ""code"": ""Actualizado el 12 de abril de 2026""}, {""line"": 380, ""json_block"": 1, ""json_path"": ""$.@graph[5].dateModified"", ""code"": ""\""2026-06-29\""""}]"
2,U04,MEDIO,17_BLOG_LONGBOARD,fr,PAGINAS/17_BLOG_LONGBOARD/fr/index.html,Fecha visible de actualización ↔ BlogPosting.dateModified,"{""visible"": ""Mis à jour le 12 avril 2026"", ""iso_visible"": ""2026-04-12"", ""schema"": [""2026-06-29""]}",Publié le 12 avril 2026,PROPUESTA DE ETIQUETA DEFINIDA,"[{""line"": 535, ""code"": ""Mis à jour le 12 avril 2026""}, {""line"": 366, ""json_block"": 1, ""json_path"": ""$.@graph[5].dateModified"", ""code"": ""\""2026-06-29\""""}]"
2,U04,MEDIO,17_BLOG_LONGBOARD,it,PAGINAS/17_BLOG_LONGBOARD/it/index.html,Fecha visible de actualización ↔ BlogPosting.dateModified,"{""visible"": ""Aggiornato il 12 aprile 2026"", ""iso_visible"": ""2026-04-12"", ""schema"": [""2026-06-29""]}",Pubblicato il 12 aprile 2026,PROPUESTA DE ETIQUETA DEFINIDA,"[{""line"": 538, ""code"": ""Aggiornato il 12 aprile 2026""}, {""line"": 367, ""json_block"": 1, ""json_path"": ""$.@graph[5].dateModified"", ""code"": ""\""2026-06-29\""""}]"
2,U04,MEDIO,17_BLOG_LONGBOARD,nl,PAGINAS/17_BLOG_LONGBOARD/nl/index.html,Fecha visible de actualización ↔ BlogPosting.dateModified,"{""visible"": ""Bijgewerkt op 12 april 2026"", ""iso_visible"": ""2026-04-12"", ""schema"": [""2026-06-29""]}",Gepubliceerd op 12 april 2026,PROPUESTA DE ETIQUETA DEFINIDA,"[{""line"": 541, ""code"": ""Bijgewerkt op 12 april 2026""}, {""line"": 378, ""json_block"": 1, ""json_path"": ""$.@graph[5].dateModified"", ""code"": ""\""2026-06-29\""""}]"
2,U04,MEDIO,18_BLOG_ROLLER_SKATES,de,PAGINAS/18_BLOG_ROLLER_SKATES/de/index.html,Fecha visible de actualización ↔ BlogPosting.dateModified,"{""visible"": ""Aktualisiert am 12. April 2026"", ""iso_visible"": ""2026-04-12"", ""schema"": [""2026-06-29""]}",Veröffentlicht am 12. April 2026,PROPUESTA DE ETIQUETA DEFINIDA,"[{""line"": 526, ""code"": ""Aktualisiert am 12. April 2026""}, {""line"": 365, ""json_block"": 1, ""json_path"": ""$.@graph[5].dateModified"", ""code"": ""\""2026-06-29\""""}]"
2,U04,MEDIO,18_BLOG_ROLLER_SKATES,en,PAGINAS/18_BLOG_ROLLER_SKATES/en/index.html,Fecha visible de actualización ↔ BlogPosting.dateModified,"{""visible"": ""Updated 12 April 2026"", ""iso_visible"": ""2026-04-12"", ""schema"": [""2026-06-29""]}",Published 12 April 2026,PROPUESTA DE ETIQUETA DEFINIDA,"[{""line"": 556, ""code"": ""Updated 12 April 2026""}, {""line"": 386, ""json_block"": 1, ""json_path"": ""$.@graph[5].dateModified"", ""code"": ""\""2026-06-29\""""}]"
2,U04,MEDIO,18_BLOG_ROLLER_SKATES,es,PAGINAS/18_BLOG_ROLLER_SKATES/es/index.html,Fecha visible de actualización ↔ BlogPosting.dateModified,"{""visible"": ""Actualizado el 12 de abril de 2026"", ""iso_visible"": ""2026-04-12"", ""schema"": [""2026-06-29""]}",Publicado el 12 de abril de 2026,PROPUESTA DE ETIQUETA DEFINIDA,"[{""line"": 553, ""code"": ""Actualizado el 12 de abril de 2026""}, {""line"": 380, ""json_block"": 1, ""json_path"": ""$.@graph[5].dateModified"", ""code"": ""\""2026-06-29\""""}]"
2,U04,MEDIO,18_BLOG_ROLLER_SKATES,fr,PAGINAS/18_BLOG_ROLLER_SKATES/fr/index.html,Fecha visible de actualización ↔ BlogPosting.dateModified,"{""visible"": ""Mis à jour le 12 avril 2026"", ""iso_visible"": ""2026-04-12"", ""schema"": [""2026-06-29""]}",Publié le 12 avril 2026,PROPUESTA DE ETIQUETA DEFINIDA,"[{""line"": 535, ""code"": ""Mis à jour le 12 avril 2026""}, {""line"": 366, ""json_block"": 1, ""json_path"": ""$.@graph[5].dateModified"", ""code"": ""\""2026-06-29\""""}]"
2,U04,MEDIO,18_BLOG_ROLLER_SKATES,it,PAGINAS/18_BLOG_ROLLER_SKATES/it/index.html,Fecha visible de actualización ↔ BlogPosting.dateModified,"{""visible"": ""Aggiornato il 12 aprile 2026"", ""iso_visible"": ""2026-04-12"", ""schema"": [""2026-06-29""]}",Pubblicato il 12 aprile 2026,PROPUESTA DE ETIQUETA DEFINIDA,"[{""line"": 538, ""code"": ""Aggiornato il 12 aprile 2026""}, {""line"": 367, ""json_block"": 1, ""json_path"": ""$.@graph[5].dateModified"", ""code"": ""\""2026-06-29\""""}]"
2,U04,MEDIO,18_BLOG_ROLLER_SKATES,nl,PAGINAS/18_BLOG_ROLLER_SKATES/nl/index.html,Fecha visible de actualización ↔ BlogPosting.dateModified,"{""visible"": ""Bijgewerkt op 12 april 2026"", ""iso_visible"": ""2026-04-12"", ""schema"": [""2026-06-29""]}",Gepubliceerd op 12 april 2026,PROPUESTA DE ETIQUETA DEFINIDA,"[{""line"": 541, ""code"": ""Bijgewerkt op 12 april 2026""}, {""line"": 378, ""json_block"": 1, ""json_path"": ""$.@graph[5].dateModified"", ""code"": ""\""2026-06-29\""""}]"
2,U04,MEDIO,20_BLOG_SKATEBOARD,de,PAGINAS/20_BLOG_SKATEBOARD/de/index.html,Fecha visible de actualización ↔ BlogPosting.dateModified,"{""visible"": ""Aktualisiert am 12. April 2026"", ""iso_visible"": ""2026-04-12"", ""schema"": [""2026-06-29""]}",Veröffentlicht am 12. April 2026,PROPUESTA DE ETIQUETA DEFINIDA,"[{""line"": 526, ""code"": ""Aktualisiert am 12. April 2026""}, {""line"": 365, ""json_block"": 1, ""json_path"": ""$.@graph[5].dateModified"", ""code"": ""\""2026-06-29\""""}]"
2,U04,MEDIO,20_BLOG_SKATEBOARD,en,PAGINAS/20_BLOG_SKATEBOARD/en/index.html,Fecha visible de actualización ↔ BlogPosting.dateModified,"{""visible"": ""Updated 12 April 2026"", ""iso_visible"": ""2026-04-12"", ""schema"": [""2026-06-29""]}",Published 12 April 2026,PROPUESTA DE ETIQUETA DEFINIDA,"[{""line"": 555, ""code"": ""Updated 12 April 2026""}, {""line"": 386, ""json_block"": 1, ""json_path"": ""$.@graph[5].dateModified"", ""code"": ""\""2026-06-29\""""}]"
2,U04,MEDIO,20_BLOG_SKATEBOARD,es,PAGINAS/20_BLOG_SKATEBOARD/es/index.html,Fecha visible de actualización ↔ BlogPosting.dateModified,"{""visible"": ""Actualizado el 12 de abril de 2026"", ""iso_visible"": ""2026-04-12"", ""schema"": [""2026-06-29""]}",Publicado el 12 de abril de 2026,PROPUESTA DE ETIQUETA DEFINIDA,"[{""line"": 552, ""code"": ""Actualizado el 12 de abril de 2026""}, {""line"": 380, ""json_block"": 1, ""json_path"": ""$.@graph[5].dateModified"", ""code"": ""\""2026-06-29\""""}]"
2,U04,MEDIO,20_BLOG_SKATEBOARD,fr,PAGINAS/20_BLOG_SKATEBOARD/fr/index.html,Fecha visible de actualización ↔ BlogPosting.dateModified,"{""visible"": ""Mis à jour le 12 avril 2026"", ""iso_visible"": ""2026-04-12"", ""schema"": [""2026-06-29""]}",Publié le 12 avril 2026,PROPUESTA DE ETIQUETA DEFINIDA,"[{""line"": 535, ""code"": ""Mis à jour le 12 avril 2026""}, {""line"": 366, ""json_block"": 1, ""json_path"": ""$.@graph[5].dateModified"", ""code"": ""\""2026-06-29\""""}]"
2,U04,MEDIO,20_BLOG_SKATEBOARD,it,PAGINAS/20_BLOG_SKATEBOARD/it/index.html,Fecha visible de actualización ↔ BlogPosting.dateModified,"{""visible"": ""Aggiornato il 12 aprile 2026"", ""iso_visible"": ""2026-04-12"", ""schema"": [""2026-06-29""]}",Pubblicato il 12 aprile 2026,PROPUESTA DE ETIQUETA DEFINIDA,"[{""line"": 538, ""code"": ""Aggiornato il 12 aprile 2026""}, {""line"": 367, ""json_block"": 1, ""json_path"": ""$.@graph[5].dateModified"", ""code"": ""\""2026-06-29\""""}]"
2,U04,MEDIO,20_BLOG_SKATEBOARD,nl,PAGINAS/20_BLOG_SKATEBOARD/nl/index.html,Fecha visible de actualización ↔ BlogPosting.dateModified,"{""visible"": ""Bijgewerkt op 12 april 2026"", ""iso_visible"": ""2026-04-12"", ""schema"": [""2026-06-29""]}",Gepubliceerd op 12 april 2026,PROPUESTA DE ETIQUETA DEFINIDA,"[{""line"": 541, ""code"": ""Bijgewerkt op 12 april 2026""}, {""line"": 378, ""json_block"": 1, ""json_path"": ""$.@graph[5].dateModified"", ""code"": ""\""2026-06-29\""""}]"
3,U05,BAJO,05_ROLLERBLADES,de,PAGINAS/05_ROLLERBLADES/de/index.html,Contenido visible,Guide zum Inlineskates-Verleih in Barcelona</a>.</p>,Guide zum Inlineskates-Verleih in Barcelona</a> lesen.</p>,CORRECCIÓN DEFINIDA,"[{""line"": 894, ""code"": ""Guide zum Inlineskates-Verleih in Barcelona</a>.</p>""}]"
3,U05,BAJO,05_ROLLERBLADES,nl,PAGINAS/05_ROLLERBLADES/nl/index.html,Contenido visible,gids voor inline skates huren in Barcelona</a>.</p>,gids voor inline skates huren in Barcelona</a> lezen.</p>,CORRECCIÓN DEFINIDA,"[{""line"": 906, ""code"": ""gids voor inline skates huren in Barcelona</a>.</p>""}]"
3,U05,BAJO,06_QUADS,de,PAGINAS/06_QUADS/de/index.html,Párrafo de enlace a la guía,"Geöffnet von 10:30–13:30 und 16:30–20:00 Uhr. Wir bieten stunden- und tageweise Vermietung. Kinderhelm, Handgelenkschoner, Knieschoner und Ellbogenschoner sind bei jeder Rollschuhmiete inklusive. Die Größen reichen von EU 35 bis 42, und unser lokales Team gibt grundlegende Hinweise sowie Routentipps. Für lokale Routenideen und praktische Tipps kannst du unseren Guide zum Rollschuhe mieten in Barcelona.","Kinderhelm, Handgelenkschoner, Knieschoner und Ellbogenschoner sind bei jeder Rollschuhmiete inklusive. Die Größen reichen von EU 35 bis 42, und unser lokales Team gibt grundlegende Hinweise sowie Routentipps. Für lokale Routenideen und praktische Tipps kannst du unseren <a href=""https://rentalscooterbarcelona.com/de/blog/roller-skates/"">Guide zum Rollschuhe mieten in Barcelona</a> lesen.</p>",CORRECCIÓN DEFINIDA,"[{""line"": 809, ""code"": ""Kinderhelm, Handgelenkschoner, Knieschoner und Ellbogenschoner sind bei jeder Rollschuhmiete inklusive. Die Größen reichen von EU 35 bis 42, und unser lokales Team gibt grundlegende Hinweise sowie Routentipps. Für lokale Routenideen und praktische Tipps kannst du unseren <a href=\""https://rentalscooterbarcelona.com/de/blog/roller-skates/\"">Guide zum Rollschuhe mieten in Barcelona</a>.</p>""}]"
3,U05,BAJO,07_SKATEBOARD,nl,PAGINAS/07_SKATEBOARD/nl/index.html,Párrafo de enlace a la guía,"Elke dag geopend: 10:30–13:30 en 16:30–20:00. We bieden verhuur per uur en per dag. Een kinderhelm is inbegrepen bij elke skateboardhuur en beschermers zijn inbegrepen. Ons lokale team kan je helpen een stabiel board te kiezen, de basis uitleggen en geschikte routes aanbevelen. Voor lokale route-ideeën en praktische tips kun je onze gids voor skateboard huren in Barcelona.","Een kinderhelm is inbegrepen bij elke skateboardhuur en beschermers zijn inbegrepen. Ons lokale team kan je helpen een stabiel board te kiezen, de basis uitleggen en geschikte routes aanbevelen. Voor lokale route-ideeën en praktische tips kun je onze <a href=""https://rentalscooterbarcelona.com/nl/blog/skateboard/"">gids voor skateboard huren in Barcelona</a> lezen.</p>",CORRECCIÓN DEFINIDA,"[{""line"": 804, ""code"": ""Een kinderhelm is inbegrepen bij elke skateboardhuur en beschermers zijn inbegrepen. Ons lokale team kan je helpen een stabiel board te kiezen, de basis uitleggen en geschikte routes aanbevelen. Voor lokale route-ideeën en praktische tips kun je onze <a href=\""https://rentalscooterbarcelona.com/nl/blog/skateboard/\"">gids voor skateboard huren in Barcelona</a>.</p>""}]"
3,U05,BAJO,08_LONGBOARD,de,PAGINAS/08_LONGBOARD/de/index.html,Párrafo de información práctica,Longboard-Verleih-Guide für Barcelona</a>.</p>,Longboard-Verleih-Guide für Barcelona</a> lesen.</p>,CORRECCIÓN DEFINIDA,"[{""line"": 796, ""code"": ""Longboard-Verleih-Guide für Barcelona</a>.</p>""}]"
3,U05,BAJO,08_LONGBOARD,nl,PAGINAS/08_LONGBOARD/nl/index.html,Párrafo de información práctica,gids voor longboardverhuur in Barcelona</a>.</p>,gids voor longboardverhuur in Barcelona</a> lezen.</p>,CORRECCIÓN DEFINIDA,"[{""line"": 805, ""code"": ""gids voor longboardverhuur in Barcelona</a>.</p>""}]"
3,U06,BAJO,01_HOME,de,PAGINAS/01_HOME/de/index.html,Contenido visible,vor deinem Besuch an.</p>,vor deinem Besuch.</p>,CORRECCIÓN DEFINIDA,"[{""line"": 1186, ""code"": ""vor deinem Besuch an.</p>""}]"
3,U07,BAJO,05_ROLLERBLADES,sv,PAGINAS/05_ROLLERBLADES/sv/index.html,Contenido visible,Letar du efter att hyra inlines eller inlines i Barcelona?,Letar du efter att hyra inlines i Barcelona?,CORRECCIÓN DEFINIDA,"[{""line"": 782, ""code"": ""Letar du efter att hyra inlines eller inlines i Barcelona?""}]"
