grupo,idioma,numero,linea,pregunta_visible,pregunta_schema,respuesta_visible,respuesta_schema,pregunta_coincide,respuesta_coincide
HOME,en,1,1071,Where is RSB Rental Scooter Barcelona located?,Where is RSB Rental Scooter Barcelona located?,"We are in Vila Olímpica, at Carrer de Salvador Espriu, 63, 08005 Barcelona, near Port Olímpic and Barceloneta Beach.","We are in Vila Olímpica, at Carrer de Salvador Espriu, 63, 08005 Barcelona, near Port Olímpic and Barceloneta Beach.",SÍ,SÍ
HOME,en,2,1080,Do you offer free hotel delivery for scooter rentals?,Do you offer free hotel delivery for scooter rentals?,Yes. FREE scooter hotel delivery is included for 3+ day rentals in Barcelona. Contact us to confirm availability.,Yes. FREE scooter hotel delivery is included for 3+ day rentals in Barcelona. Contact us to confirm availability.,SÍ,SÍ
HOME,en,3,1089,Can I leave my luggage or personal items at the shop while I rent?,Can I leave my luggage or personal items at the shop while I rent?,"Yes. Free storage for luggage, shoes, jackets and backpacks is available in our supervised shop.","Yes. Free storage for luggage, shoes, jackets and backpacks is available in our supervised shop.",SÍ,SÍ
HOME,en,4,1098,"Do inline skates, bikes, roller skates, skateboards and longboards require a deposit?","Do inline skates, bikes, roller skates, skateboards and longboards require a deposit?",No. These rentals do not require a deposit. You only need a valid ID.,No. These rentals do not require a deposit. You only need a valid ID.,SÍ,SÍ
HOME,en,5,1107,Do I need a driving licence to rent a scooter in Barcelona?,Do I need a driving licence to rent a scooter in Barcelona?,"Yes. A valid driving licence is required. For 125cc scooters, you need a category B driving licence held for at least 3 years, or the corresponding motorcycle licence.","Yes. A valid driving licence is required. For 125cc scooters, you need a category B driving licence held for at least 3 years, or the corresponding motorcycle licence.",SÍ,SÍ
HOME,en,6,1116,Are helmets and protective gear included in the price?,Are helmets and protective gear included in the price?,"Yes. Scooter rentals include two helmets. Bike rentals include a child helmet. Inline skate rentals, roller skate rentals, skateboard rentals and longboard rentals include a child helmet, wrist guards, knee pads and elbow pads.","Yes. Scooter rentals include two helmets. Bike rentals include a child helmet. Inline skate rentals, roller skate rentals, skateboard rentals and longboard rentals include a child helmet, wrist guards, knee pads and elbow pads.",SÍ,SÍ
HOME,en,7,1125,Where are the best places to use inline skates or scooters near the shop?,Where are the best places to use inline skates or scooters near the shop?,"Vila Olímpica, Port Olímpic and Barceloneta Beach offer some of the best flat routes near our shop.","Vila Olímpica, Port Olímpic and Barceloneta Beach offer some of the best flat routes near our shop.",SÍ,SÍ
HOME,en,8,1134,Can I return the scooter outside shop opening hours?,Can I return the scooter outside shop opening hours?,Yes. We offer after-hours scooter returns. Contact us in advance.,Yes. We offer after-hours scooter returns. Contact us in advance.,SÍ,SÍ
HOME,en,9,1142,What payment methods do you accept?,What payment methods do you accept?,We accept card payments. PayPal is also available for online payments.,We accept card payments. PayPal is also available for online payments.,SÍ,SÍ
HOME,es,1,1068,¿Dónde está RSB Rental Scooter Barcelona?,¿Dónde está RSB Rental Scooter Barcelona?,"Estamos en Vila Olímpica del Poblenou, en Carrer de Salvador Espriu, 63, 08005 Barcelona, cerca de Port Olímpic y la playa de la Barceloneta.","Estamos en Vila Olímpica del Poblenou, en Carrer de Salvador Espriu, 63, 08005 Barcelona, cerca de Port Olímpic y la playa de la Barceloneta.",SÍ,SÍ
HOME,es,2,1077,¿Ofrecéis entrega gratuita del scooter en el hotel?,¿Ofrecéis entrega gratuita del scooter en el hotel?,Sí. La entrega gratuita del scooter en el hotel está incluida para alquileres de 3 días o más en Barcelona. Contáctanos para confirmar disponibilidad.,Sí. La entrega gratuita del scooter en el hotel está incluida para alquileres de 3 días o más en Barcelona. Contáctanos para confirmar disponibilidad.,SÍ,SÍ
HOME,es,3,1086,¿Puedo dejar el equipaje o mis cosas en la tienda durante el alquiler?,¿Puedo dejar el equipaje o mis cosas en la tienda durante el alquiler?,"Sí. Disponemos de consigna gratuita para maletas, zapatos, chaquetas y mochilas dentro de nuestra tienda supervisada.","Sí. Disponemos de consigna gratuita para maletas, zapatos, chaquetas y mochilas dentro de nuestra tienda supervisada.",SÍ,SÍ
HOME,es,4,1095,"¿Los patines en línea, las bicicletas, los patines de 4 ruedas, los skateboards y los longboards requieren depósito?","¿Los patines en línea, las bicicletas, los patines de 4 ruedas, los skateboards y los longboards requieren depósito?",No. Estos alquileres no requieren depósito. Solo necesitas un documento de identidad válido.,No. Estos alquileres no requieren depósito. Solo necesitas un documento de identidad válido.,SÍ,SÍ
HOME,es,5,1104,¿Necesito carnet de conducir para alquilar un scooter en Barcelona?,¿Necesito carnet de conducir para alquilar un scooter en Barcelona?,"Sí. Necesitas un carnet de conducir válido. Para los scooters de 125cc hace falta el carnet B con al menos 3 años de antigüedad, o el permiso de moto correspondiente.","Sí. Necesitas un carnet de conducir válido. Para los scooters de 125cc hace falta el carnet B con al menos 3 años de antigüedad, o el permiso de moto correspondiente.",SÍ,SÍ
HOME,es,6,1113,¿Están incluidos los cascos y las protecciones en el precio?,¿Están incluidos los cascos y las protecciones en el precio?,"Sí. El alquiler de scooter incluye dos cascos. El alquiler de bicicleta incluye casco infantil. Los alquileres de patines en línea, patines de 4 ruedas, skateboard y longboard incluyen casco infantil, muñequeras, rodilleras y coderas.","Sí. El alquiler de scooter incluye dos cascos. El alquiler de bicicleta incluye casco infantil. Los alquileres de patines en línea, patines de 4 ruedas, skateboard y longboard incluyen casco infantil, muñequeras, rodilleras y coderas.",SÍ,SÍ
HOME,es,7,1122,¿Cuáles son las mejores zonas para usar patines en línea o scooter cerca de la tienda?,¿Cuáles son las mejores zonas para usar patines en línea o scooter cerca de la tienda?,"Vila Olímpica del Poblenou, Port Olímpic y la Barceloneta ofrecen algunas de las mejores rutas llanas cerca de nuestra tienda.","Vila Olímpica del Poblenou, Port Olímpic y la Barceloneta ofrecen algunas de las mejores rutas llanas cerca de nuestra tienda.",SÍ,SÍ
HOME,es,8,1131,¿Es posible devolver el scooter fuera del horario de la tienda?,¿Es posible devolver el scooter fuera del horario de la tienda?,Sí. Ofrecemos devoluciones de scooter fuera de horario. Contacta con nosotros con antelación.,Sí. Ofrecemos devoluciones de scooter fuera de horario. Contacta con nosotros con antelación.,SÍ,SÍ
HOME,es,9,1139,¿Qué métodos de pago aceptáis?,¿Qué métodos de pago aceptáis?,Aceptamos pago con tarjeta. PayPal también está disponible para pagos online.,Aceptamos pago con tarjeta. PayPal también está disponible para pagos online.,SÍ,SÍ
HOME,fr,1,1061,Où se trouve RSB Rental Scooter Barcelona ?,Où se trouve RSB Rental Scooter Barcelona ?,"Nous sommes à Vila Olímpica del Poblenou, Carrer de Salvador Espriu, 63, 08005 Barcelone, près de Port Olímpic et de la plage de la Barceloneta.","Nous sommes à Vila Olímpica del Poblenou, Carrer de Salvador Espriu, 63, 08005 Barcelone, près de Port Olímpic et de la plage de la Barceloneta.",SÍ,SÍ
HOME,fr,2,1070,Proposez-vous la livraison gratuite du scooter à l’hôtel ?,Proposez-vous la livraison gratuite du scooter à l’hôtel ?,Oui. La livraison gratuite du scooter à l’hôtel est incluse pour les locations de 3 jours ou plus à Barcelone. Contactez-nous pour confirmer la disponibilité.,Oui. La livraison gratuite du scooter à l’hôtel est incluse pour les locations de 3 jours ou plus à Barcelone. Contactez-nous pour confirmer la disponibilité.,SÍ,SÍ
HOME,fr,3,1079,Puis-je laisser mes bagages ou mes affaires à la boutique pendant la location ?,Puis-je laisser mes bagages ou mes affaires à la boutique pendant la location ?,"Oui. Une consigne gratuite pour les valises, chaussures, vestes et sacs à dos est disponible dans notre boutique surveillée.","Oui. Une consigne gratuite pour les valises, chaussures, vestes et sacs à dos est disponible dans notre boutique surveillée.",SÍ,SÍ
HOME,fr,4,1088,"Les rollers, les vélos, les rollers classiques, les skateboards et les longboards nécessitent-ils une caution ?","Les rollers, les vélos, les rollers classiques, les skateboards et les longboards nécessitent-ils une caution ?",Non. Ces locations ne nécessitent pas de caution. Vous avez seulement besoin d’une pièce d’identité valide.,Non. Ces locations ne nécessitent pas de caution. Vous avez seulement besoin d’une pièce d’identité valide.,SÍ,SÍ
HOME,fr,5,1097,Ai-je besoin d’un permis pour louer un scooter à Barcelone ?,Ai-je besoin d’un permis pour louer un scooter à Barcelone ?,"Oui. Un permis de conduire valide est nécessaire. Pour les scooters 125cc, il faut un permis B obtenu depuis au moins 3 ans, ou le permis moto correspondant.","Oui. Un permis de conduire valide est nécessaire. Pour les scooters 125cc, il faut un permis B obtenu depuis au moins 3 ans, ou le permis moto correspondant.",SÍ,SÍ
HOME,fr,6,1106,Les casques et les protections sont-ils inclus dans le prix ?,Les casques et les protections sont-ils inclus dans le prix ?,"Oui. La location de scooter comprend deux casques. La location de vélo comprend un casque pour enfant. Les locations de rollers en ligne, de rollers classiques, de skateboard et de longboard comprennent un casque pour enfant, des protège-poignets, des genouillères et des coudières.","Oui. La location de scooter comprend deux casques. La location de vélo comprend un casque pour enfant. Les locations de rollers en ligne, de rollers classiques, de skateboard et de longboard comprennent un casque pour enfant, des protège-poignets, des genouillères et des coudières.",SÍ,SÍ
HOME,fr,7,1115,Quels sont les meilleurs endroits pour utiliser des rollers en ligne ou un scooter près de la boutique ?,Quels sont les meilleurs endroits pour utiliser des rollers en ligne ou un scooter près de la boutique ?,"Vila Olímpica del Poblenou, Port Olímpic et la Barceloneta offrent parmi les meilleurs itinéraires plats près de notre boutique.","Vila Olímpica del Poblenou, Port Olímpic et la Barceloneta offrent parmi les meilleurs itinéraires plats près de notre boutique.",SÍ,SÍ
HOME,fr,8,1124,Est-il possible de rendre le scooter en dehors des horaires de la boutique ?,Est-il possible de rendre le scooter en dehors des horaires de la boutique ?,Oui. Nous proposons des retours de scooter en dehors des horaires. Contactez-nous à l’avance.,Oui. Nous proposons des retours de scooter en dehors des horaires. Contactez-nous à l’avance.,SÍ,SÍ
HOME,fr,9,1132,Quels moyens de paiement acceptez-vous ?,Quels moyens de paiement acceptez-vous ?,Nous acceptons les paiements par carte. PayPal est également disponible pour les paiements en ligne.,Nous acceptons les paiements par carte. PayPal est également disponible pour les paiements en ligne.,SÍ,SÍ
HOME,it,1,1066,Dove si trova RSB Rental Scooter Barcelona?,Dove si trova RSB Rental Scooter Barcelona?,"Siamo a Vila Olímpica del Poblenou, Carrer de Salvador Espriu, 63, 08005 Barcellona, vicino a Port Olímpic e alla spiaggia della Barceloneta.","Siamo a Vila Olímpica del Poblenou, Carrer de Salvador Espriu, 63, 08005 Barcellona, vicino a Port Olímpic e alla spiaggia della Barceloneta.",SÍ,SÍ
HOME,it,2,1075,Offrite la consegna gratuita dello scooter in hotel?,Offrite la consegna gratuita dello scooter in hotel?,Sì. La consegna gratuita dello scooter in hotel è inclusa per noleggi di 3 giorni o più a Barcellona. Contattaci per confermare la disponibilità.,Sì. La consegna gratuita dello scooter in hotel è inclusa per noleggi di 3 giorni o più a Barcellona. Contattaci per confermare la disponibilità.,SÍ,SÍ
HOME,it,3,1084,Posso lasciare bagagli o effetti personali in negozio durante il noleggio?,Posso lasciare bagagli o effetti personali in negozio durante il noleggio?,"Sì. Disponiamo di deposito gratuito per valigie, scarpe, giacche e zaini all’interno del nostro negozio sorvegliato.","Sì. Disponiamo di deposito gratuito per valigie, scarpe, giacche e zaini all’interno del nostro negozio sorvegliato.",SÍ,SÍ
HOME,it,4,1093,"Pattini in linea, biciclette, pattini a rotelle, skateboard e longboard richiedono un deposito?","Pattini in linea, biciclette, pattini a rotelle, skateboard e longboard richiedono un deposito?",No. Questi noleggi non richiedono deposito. Ti serve solo un documento d’identità valido.,No. Questi noleggi non richiedono deposito. Ti serve solo un documento d’identità valido.,SÍ,SÍ
HOME,it,5,1102,Ho bisogno della patente per noleggiare uno scooter a Barcellona?,Ho bisogno della patente per noleggiare uno scooter a Barcellona?,"Sì. È necessaria una patente valida. Per gli scooter 125cc serve la patente B da almeno 3 anni, oppure la patente moto corrispondente.","Sì. È necessaria una patente valida. Per gli scooter 125cc serve la patente B da almeno 3 anni, oppure la patente moto corrispondente.",SÍ,SÍ
HOME,it,6,1111,Caschi e protezioni sono inclusi nel prezzo?,Caschi e protezioni sono inclusi nel prezzo?,"Sì. Il noleggio scooter include due caschi. Il noleggio bici include un casco per bambini. I noleggi di pattini in linea, pattini a rotelle, skateboard e longboard includono un casco per bambini, polsiere, ginocchiere e gomitiere.","Sì. Il noleggio scooter include due caschi. Il noleggio bici include un casco per bambini. I noleggi di pattini in linea, pattini a rotelle, skateboard e longboard includono un casco per bambini, polsiere, ginocchiere e gomitiere.",SÍ,SÍ
HOME,it,7,1120,Quali sono le migliori zone per usare pattini in linea o scooter vicino al negozio?,Quali sono le migliori zone per usare pattini in linea o scooter vicino al negozio?,"Vila Olímpica del Poblenou, Port Olímpic e la Barceloneta offrono alcuni dei migliori percorsi pianeggianti vicino al nostro negozio.","Vila Olímpica del Poblenou, Port Olímpic e la Barceloneta offrono alcuni dei migliori percorsi pianeggianti vicino al nostro negozio.",SÍ,SÍ
HOME,it,8,1129,È possibile restituire lo scooter fuori dagli orari del negozio?,È possibile restituire lo scooter fuori dagli orari del negozio?,Sì. Offriamo la restituzione dello scooter fuori orario. Contattaci in anticipo.,Sì. Offriamo la restituzione dello scooter fuori orario. Contattaci in anticipo.,SÍ,SÍ
HOME,it,9,1137,Quali metodi di pagamento accettate?,Quali metodi di pagamento accettate?,Accettiamo pagamenti con carta. PayPal è disponibile anche per i pagamenti online.,Accettiamo pagamenti con carta. PayPal è disponibile anche per i pagamenti online.,SÍ,SÍ
HOME,de,1,1059,Wo befindet sich RSB Rental Scooter Barcelona?,Wo befindet sich RSB Rental Scooter Barcelona?,"Wir sind in Vila Olímpica del Poblenou, Carrer de Salvador Espriu, 63, 08005 Barcelona, nahe Port Olímpic und dem Strand Barceloneta.","Wir sind in Vila Olímpica del Poblenou, Carrer de Salvador Espriu, 63, 08005 Barcelona, nahe Port Olímpic und dem Strand Barceloneta.",SÍ,SÍ
HOME,de,2,1068,Bietet ihr kostenlose Hotelzustellung für den Scooter an?,Bietet ihr kostenlose Hotelzustellung für den Scooter an?,"Ja. Die kostenlose Hotelzustellung des Scooters ist bei Mieten ab 3 Tagen in Barcelona inklusive. Kontaktiere uns, um die Verfügbarkeit zu bestätigen.","Ja. Die kostenlose Hotelzustellung des Scooters ist bei Mieten ab 3 Tagen in Barcelona inklusive. Kontaktiere uns, um die Verfügbarkeit zu bestätigen.",SÍ,SÍ
HOME,de,3,1077,Kann ich mein Gepäck oder persönliche Sachen während der Miete im Shop lassen?,Kann ich mein Gepäck oder persönliche Sachen während der Miete im Shop lassen?,"Ja. In unserem beaufsichtigten Shop gibt es kostenlose Gepäckaufbewahrung für Koffer, Schuhe, Jacken und Rucksäcke.","Ja. In unserem beaufsichtigten Shop gibt es kostenlose Gepäckaufbewahrung für Koffer, Schuhe, Jacken und Rucksäcke.",SÍ,SÍ
HOME,de,4,1086,"Benötigen Inlineskates, Fahrräder, Rollschuhe, Skateboards und Longboards eine Kaution?","Benötigen Inlineskates, Fahrräder, Rollschuhe, Skateboards und Longboards eine Kaution?",Nein. Für diese Mieten ist keine Kaution nötig. Du brauchst nur einen gültigen Ausweis.,Nein. Für diese Mieten ist keine Kaution nötig. Du brauchst nur einen gültigen Ausweis.,SÍ,SÍ
HOME,de,5,1095,"Brauche ich einen Führerschein, um in Barcelona einen Scooter zu mieten?","Brauche ich einen Führerschein, um in Barcelona einen Scooter zu mieten?",Ja. Du benötigst einen gültigen Führerschein. Für 125cc-Scooter brauchst du den Führerschein Klasse B seit mindestens 3 Jahren oder den entsprechenden Motorradführerschein.,Ja. Du benötigst einen gültigen Führerschein. Für 125cc-Scooter brauchst du den Führerschein Klasse B seit mindestens 3 Jahren oder den entsprechenden Motorradführerschein.,SÍ,SÍ
HOME,de,6,1104,Sind Helme und Schutzausrüstung im Preis enthalten?,Sind Helme und Schutzausrüstung im Preis enthalten?,"Ja. Bei der Scootermiete sind zwei Helme enthalten. Bei der Fahrradmiete ist ein Kinderhelm enthalten. Bei der Miete von Inlineskates, Rollschuhen, Skateboards und Longboards sind ein Kinderhelm, Handgelenkschoner, Knieschoner und Ellbogenschoner enthalten.","Ja. Bei der Scootermiete sind zwei Helme enthalten. Bei der Fahrradmiete ist ein Kinderhelm enthalten. Bei der Miete von Inlineskates, Rollschuhen, Skateboards und Longboards sind ein Kinderhelm, Handgelenkschoner, Knieschoner und Ellbogenschoner enthalten.",SÍ,SÍ
HOME,de,7,1113,"Wo sind die besten Orte, um Inlineskates oder Scooter in der Nähe des Shops zu nutzen?","Wo sind die besten Orte, um Inlineskates oder Scooter in der Nähe des Shops zu nutzen?","Vila Olímpica del Poblenou, Port Olímpic und Barceloneta bieten einige der besten flachen Routen in der Nähe unseres Shops.","Vila Olímpica del Poblenou, Port Olímpic und Barceloneta bieten einige der besten flachen Routen in der Nähe unseres Shops.",SÍ,SÍ
HOME,de,8,1123,Kann ich den Scooter außerhalb der Öffnungszeiten zurückgeben?,Kann ich den Scooter außerhalb der Öffnungszeiten zurückgeben?,Ja. Wir bieten die Rückgabe von Scootern außerhalb der Öffnungszeiten an. Kontaktiere uns im Voraus.,Ja. Wir bieten die Rückgabe von Scootern außerhalb der Öffnungszeiten an. Kontaktiere uns im Voraus.,SÍ,SÍ
HOME,de,9,1131,Welche Zahlungsmethoden akzeptiert ihr?,Welche Zahlungsmethoden akzeptiert ihr?,Wir akzeptieren Kartenzahlung. PayPal ist auch für Online-Zahlungen verfügbar.,Wir akzeptieren Kartenzahlung. PayPal ist auch für Online-Zahlungen verfügbar.,SÍ,SÍ
HOME,nl,1,1073,Waar ligt RSB Rental Scooter Barcelona?,Waar ligt RSB Rental Scooter Barcelona?,"We zitten in Vila Olímpica del Poblenou, aan Carrer de Salvador Espriu, 63, 08005 Barcelona, dicht bij Port Olímpic en het strand van Barceloneta.","We zitten in Vila Olímpica del Poblenou, aan Carrer de Salvador Espriu, 63, 08005 Barcelona, dicht bij Port Olímpic en het strand van Barceloneta.",SÍ,SÍ
HOME,nl,2,1082,Bieden jullie gratis scooterbezorging bij het hotel aan?,Bieden jullie gratis scooterbezorging bij het hotel aan?,Ja. Gratis scooterbezorging bij het hotel is inbegrepen voor huurperiodes van 3 dagen of langer in Barcelona. Neem contact op om de beschikbaarheid te bevestigen.,Ja. Gratis scooterbezorging bij het hotel is inbegrepen voor huurperiodes van 3 dagen of langer in Barcelona. Neem contact op om de beschikbaarheid te bevestigen.,SÍ,SÍ
HOME,nl,3,1091,Kan ik mijn bagage of spullen in de winkel laten tijdens de huur?,Kan ik mijn bagage of spullen in de winkel laten tijdens de huur?,"Ja. We hebben gratis bagageopslag voor koffers, schoenen, jassen en rugzakken in onze bewaakte winkel.","Ja. We hebben gratis bagageopslag voor koffers, schoenen, jassen en rugzakken in onze bewaakte winkel.",SÍ,SÍ
HOME,nl,4,1100,"Hebben inline skates, fietsen, rolschaatsen, skateboards en longboards een borg nodig?","Hebben inline skates, fietsen, rolschaatsen, skateboards en longboards een borg nodig?",Nee. Voor deze verhuur is geen borg nodig. Je hebt alleen een geldig identiteitsbewijs nodig.,Nee. Voor deze verhuur is geen borg nodig. Je hebt alleen een geldig identiteitsbewijs nodig.,SÍ,SÍ
HOME,nl,5,1109,Heb ik een rijbewijs nodig om in Barcelona een scooter te huren?,Heb ik een rijbewijs nodig om in Barcelona een scooter te huren?,"Ja. Je hebt een geldig rijbewijs nodig. Voor 125cc-scooters heb je een B-rijbewijs nodig dat je minstens 3 jaar hebt, of het bijbehorende motorrijbewijs.","Ja. Je hebt een geldig rijbewijs nodig. Voor 125cc-scooters heb je een B-rijbewijs nodig dat je minstens 3 jaar hebt, of het bijbehorende motorrijbewijs.",SÍ,SÍ
HOME,nl,6,1118,Zijn helmen en beschermers inbegrepen in de prijs?,Zijn helmen en beschermers inbegrepen in de prijs?,"Ja. Bij scooterhuur zijn twee helmen inbegrepen. Bij fietsverhuur is een kinderhelm inbegrepen. Bij de huur van inline skates, rolschaatsen, skateboards en longboards zijn een kinderhelm, polsbeschermers, kniebeschermers en elleboogbeschermers inbegrepen.","Ja. Bij scooterhuur zijn twee helmen inbegrepen. Bij fietsverhuur is een kinderhelm inbegrepen. Bij de huur van inline skates, rolschaatsen, skateboards en longboards zijn een kinderhelm, polsbeschermers, kniebeschermers en elleboogbeschermers inbegrepen.",SÍ,SÍ
HOME,nl,7,1127,Wat zijn de beste plekken om inline skates of een scooter te gebruiken in de buurt van de winkel?,Wat zijn de beste plekken om inline skates of een scooter te gebruiken in de buurt van de winkel?,"Vila Olímpica del Poblenou, Port Olímpic en Barceloneta bieden enkele van de beste vlakke routes vlak bij onze winkel.","Vila Olímpica del Poblenou, Port Olímpic en Barceloneta bieden enkele van de beste vlakke routes vlak bij onze winkel.",SÍ,SÍ
HOME,nl,8,1137,Kan ik de scooter buiten de openingstijden van de winkel terugbrengen?,Kan ik de scooter buiten de openingstijden van de winkel terugbrengen?,Ja. We bieden de mogelijkheid om scooters buiten de openingstijden terug te brengen. Neem vooraf contact met ons op.,Ja. We bieden de mogelijkheid om scooters buiten de openingstijden terug te brengen. Neem vooraf contact met ons op.,SÍ,SÍ
HOME,nl,9,1145,Welke betaalmethoden accepteren jullie?,Welke betaalmethoden accepteren jullie?,We accepteren kaartbetalingen. PayPal is ook beschikbaar voor online betalingen.,We accepteren kaartbetalingen. PayPal is ook beschikbaar voor online betalingen.,SÍ,SÍ
HOME,pt,1,1078,Onde fica a RSB Rental Scooter Barcelona?,Onde fica a RSB Rental Scooter Barcelona?,"Estamos em Vila Olímpica del Poblenou, na Carrer de Salvador Espriu, 63, 08005 Barcelona, perto de Port Olímpic e da praia da Barceloneta.","Estamos em Vila Olímpica del Poblenou, na Carrer de Salvador Espriu, 63, 08005 Barcelona, perto de Port Olímpic e da praia da Barceloneta.",SÍ,SÍ
HOME,pt,2,1087,Oferecem entrega gratuita do scooter no hotel?,Oferecem entrega gratuita do scooter no hotel?,Sim. A entrega gratuita do scooter no hotel está incluída para alugueres de 3 dias ou mais em Barcelona. Contacta-nos para confirmar disponibilidade.,Sim. A entrega gratuita do scooter no hotel está incluída para alugueres de 3 dias ou mais em Barcelona. Contacta-nos para confirmar disponibilidade.,SÍ,SÍ
HOME,pt,3,1096,Posso deixar bagagem ou os meus pertences na loja durante o aluguer?,Posso deixar bagagem ou os meus pertences na loja durante o aluguer?,"Sim. Dispomos de um serviço gratuito de guarda de bagagem para malas, sapatos, casacos e mochilas dentro da nossa loja supervisionada.","Sim. Dispomos de um serviço gratuito de guarda de bagagem para malas, sapatos, casacos e mochilas dentro da nossa loja supervisionada.",SÍ,SÍ
HOME,pt,4,1105,"Os patins em linha, bicicletas, patins de 4 rodas, skateboards e longboards exigem depósito?","Os patins em linha, bicicletas, patins de 4 rodas, skateboards e longboards exigem depósito?",Não. Estes alugueres não exigem depósito. Só precisas de um documento de identificação válido.,Não. Estes alugueres não exigem depósito. Só precisas de um documento de identificação válido.,SÍ,SÍ
HOME,pt,5,1114,Preciso de carta de condução para alugar um scooter em Barcelona?,Preciso de carta de condução para alugar um scooter em Barcelona?,"Sim. Precisas de uma carta de condução válida. Para scooters de 125cc é necessária carta B com pelo menos 3 anos, ou a carta de mota correspondente.","Sim. Precisas de uma carta de condução válida. Para scooters de 125cc é necessária carta B com pelo menos 3 anos, ou a carta de mota correspondente.",SÍ,SÍ
HOME,pt,6,1123,Os capacetes e as proteções estão incluídos no preço?,Os capacetes e as proteções estão incluídos no preço?,"Sim. O aluguer de scooter inclui dois capacetes. O aluguer de bicicleta inclui capacete infantil. Os alugueres de patins em linha, patins de 4 rodas, skateboard e longboard incluem capacete infantil, proteções de pulso, joelheiras e cotoveleiras.","Sim. O aluguer de scooter inclui dois capacetes. O aluguer de bicicleta inclui capacete infantil. Os alugueres de patins em linha, patins de 4 rodas, skateboard e longboard incluem capacete infantil, proteções de pulso, joelheiras e cotoveleiras.",SÍ,SÍ
HOME,pt,7,1132,Quais são as melhores zonas para usar patins em linha ou scooter perto da loja?,Quais são as melhores zonas para usar patins em linha ou scooter perto da loja?,"Vila Olímpica del Poblenou, Port Olímpic e Barceloneta oferecem alguns dos melhores percursos planos perto da nossa loja.","Vila Olímpica del Poblenou, Port Olímpic e Barceloneta oferecem alguns dos melhores percursos planos perto da nossa loja.",SÍ,SÍ
HOME,pt,8,1141,É possível devolver o scooter fora do horário da loja?,É possível devolver o scooter fora do horário da loja?,Sim. Oferecemos devoluções de scooter fora do horário. Fale connosco com antecedência.,Sim. Oferecemos devoluções de scooter fora do horário. Fale connosco com antecedência.,SÍ,SÍ
HOME,pt,9,1150,Que métodos de pagamento aceitam?,Que métodos de pagamento aceitam?,Aceitamos pagamentos com cartão. O PayPal também está disponível para pagamentos online.,Aceitamos pagamentos com cartão. O PayPal também está disponível para pagamentos online.,SÍ,SÍ
HOME,ca,1,1066,On és RSB Rental Scooter Barcelona?,On és RSB Rental Scooter Barcelona?,"Som a Vila Olímpica del Poblenou, al Carrer de Salvador Espriu, 63, 08005 Barcelona, a prop de Port Olímpic i de la platja de la Barceloneta.","Som a Vila Olímpica del Poblenou, al Carrer de Salvador Espriu, 63, 08005 Barcelona, a prop de Port Olímpic i de la platja de la Barceloneta.",SÍ,SÍ
HOME,ca,2,1075,Oferiu lliurament gratuït del scooter a l’hotel?,Oferiu lliurament gratuït del scooter a l’hotel?,Sí. El lliurament gratuït del scooter a l’hotel està inclòs per a lloguers de 3 dies o més a Barcelona. Contacta’ns per confirmar disponibilitat.,Sí. El lliurament gratuït del scooter a l’hotel està inclòs per a lloguers de 3 dies o més a Barcelona. Contacta’ns per confirmar disponibilitat.,SÍ,SÍ
HOME,ca,3,1084,Puc deixar l’equipatge o les meves coses a la botiga durant el lloguer?,Puc deixar l’equipatge o les meves coses a la botiga durant el lloguer?,"Sí. Disposem de servei gratuït de guarda d’equipatge per a maletes, sabates, jaquetes i motxilles dins de la nostra botiga supervisada.","Sí. Disposem de servei gratuït de guarda d’equipatge per a maletes, sabates, jaquetes i motxilles dins de la nostra botiga supervisada.",SÍ,SÍ
HOME,ca,4,1093,"Els patins en línia, les bicicletes, els patins de quatre rodes, els skateboards i els longboards requereixen dipòsit?","Els patins en línia, les bicicletes, els patins de quatre rodes, els skateboards i els longboards requereixen dipòsit?",No. Aquests lloguers no requereixen dipòsit. Només necessites un document d’identitat vàlid.,No. Aquests lloguers no requereixen dipòsit. Només necessites un document d’identitat vàlid.,SÍ,SÍ
HOME,ca,5,1102,Necessito carnet de conduir per llogar un scooter a Barcelona?,Necessito carnet de conduir per llogar un scooter a Barcelona?,"Sí. Necessites un carnet de conduir vàlid. Per als scooters de 125cc cal el carnet B amb almenys 3 anys d’antiguitat, o el permís de moto corresponent.","Sí. Necessites un carnet de conduir vàlid. Per als scooters de 125cc cal el carnet B amb almenys 3 anys d’antiguitat, o el permís de moto corresponent.",SÍ,SÍ
HOME,ca,6,1111,Els cascos i les proteccions estan inclosos en el preu?,Els cascos i les proteccions estan inclosos en el preu?,"Sí. El lloguer de scooter inclou dos cascos. El lloguer de bicicleta inclou casc infantil. Els lloguers de patins en línia, patins de 4 rodes, skateboard i longboard inclouen casc infantil, canelleres, genolleres i colzeres.","Sí. El lloguer de scooter inclou dos cascos. El lloguer de bicicleta inclou casc infantil. Els lloguers de patins en línia, patins de 4 rodes, skateboard i longboard inclouen casc infantil, canelleres, genolleres i colzeres.",SÍ,SÍ
HOME,ca,7,1120,Quines són les millors zones per fer servir patins en línia o scooter a prop de la botiga?,Quines són les millors zones per fer servir patins en línia o scooter a prop de la botiga?,"Vila Olímpica del Poblenou, Port Olímpic i la Barceloneta ofereixen algunes de les millors rutes planes a prop de la nostra botiga.","Vila Olímpica del Poblenou, Port Olímpic i la Barceloneta ofereixen algunes de les millors rutes planes a prop de la nostra botiga.",SÍ,SÍ
HOME,ca,8,1129,És possible retornar el scooter fora de l’horari de la botiga?,És possible retornar el scooter fora de l’horari de la botiga?,Sí. Oferim devolucions de scooter fora d’horari. Contacta amb nosaltres amb antelació.,Sí. Oferim devolucions de scooter fora d’horari. Contacta amb nosaltres amb antelació.,SÍ,SÍ
HOME,ca,9,1137,Quins mètodes de pagament accepteu?,Quins mètodes de pagament accepteu?,Acceptem pagament amb targeta. PayPal també està disponible per a pagaments en línia.,Acceptem pagament amb targeta. PayPal també està disponible per a pagaments en línia.,SÍ,SÍ
HOME,sv,1,1075,Var ligger RSB Rental Scooter Barcelona?,Var ligger RSB Rental Scooter Barcelona?,"Vi finns i Vila Olímpica del Poblenou, på Carrer de Salvador Espriu, 63, 08005 Barcelona, nära Port Olímpic och Barceloneta-stranden.","Vi finns i Vila Olímpica del Poblenou, på Carrer de Salvador Espriu, 63, 08005 Barcelona, nära Port Olímpic och Barceloneta-stranden.",SÍ,SÍ
HOME,sv,2,1084,Erbjuder ni gratis scooterleverans till hotellet?,Erbjuder ni gratis scooterleverans till hotellet?,Ja. Gratis scooterleverans till hotellet ingår vid hyror på 3 dagar eller mer i Barcelona. Kontakta oss för att bekräfta tillgänglighet.,Ja. Gratis scooterleverans till hotellet ingår vid hyror på 3 dagar eller mer i Barcelona. Kontakta oss för att bekräfta tillgänglighet.,SÍ,SÍ
HOME,sv,3,1093,Kan jag lämna bagage eller mina saker i butiken under hyrtiden?,Kan jag lämna bagage eller mina saker i butiken under hyrtiden?,"Ja. Vi har gratis bagageförvaring för väskor, skor, jackor och ryggsäckar i vår övervakade butik.","Ja. Vi har gratis bagageförvaring för väskor, skor, jackor och ryggsäckar i vår övervakade butik.",SÍ,SÍ
HOME,sv,4,1102,"Behöver inlines, cyklar, rullskridskor, skateboards och longboards en deposition?","Behöver inlines, cyklar, rullskridskor, skateboards och longboards en deposition?",Nej. Dessa hyror kräver ingen deposition. Du behöver bara en giltig legitimation.,Nej. Dessa hyror kräver ingen deposition. Du behöver bara en giltig legitimation.,SÍ,SÍ
HOME,sv,5,1111,Behöver jag körkort för att hyra scooter i Barcelona?,Behöver jag körkort för att hyra scooter i Barcelona?,Ja. Du behöver ett giltigt körkort. För 125cc-scootrar krävs B-körkort sedan minst 3 år eller motsvarande motorcykelkörkort.,Ja. Du behöver ett giltigt körkort. För 125cc-scootrar krävs B-körkort sedan minst 3 år eller motsvarande motorcykelkörkort.,SÍ,SÍ
HOME,sv,6,1120,Ingår hjälmar och skydd i priset?,Ingår hjälmar och skydd i priset?,"Ja. Scooteruthyrningen inkluderar två hjälmar. Cykeluthyrningen inkluderar en barnhjälm. Uthyrning av inlines, rullskridskor, skateboard och longboard inkluderar barnhjälm, handledsskydd, knäskydd och armbågsskydd.","Ja. Scooteruthyrningen inkluderar två hjälmar. Cykeluthyrningen inkluderar en barnhjälm. Uthyrning av inlines, rullskridskor, skateboard och longboard inkluderar barnhjälm, handledsskydd, knäskydd och armbågsskydd.",SÍ,SÍ
HOME,sv,7,1129,Vilka är de bästa områdena för att använda inlines eller scooter nära butiken?,Vilka är de bästa områdena för att använda inlines eller scooter nära butiken?,"Vila Olímpica del Poblenou, Port Olímpic och Barceloneta erbjuder några av de bästa platta rutterna nära vår butik.","Vila Olímpica del Poblenou, Port Olímpic och Barceloneta erbjuder några av de bästa platta rutterna nära vår butik.",SÍ,SÍ
HOME,sv,8,1139,Kan jag lämna tillbaka scootern utanför butikens öppettider?,Kan jag lämna tillbaka scootern utanför butikens öppettider?,Ja. Vi erbjuder återlämning av scooter utanför öppettiderna. Kontakta oss i förväg.,Ja. Vi erbjuder återlämning av scooter utanför öppettiderna. Kontakta oss i förväg.,SÍ,SÍ
HOME,sv,9,1147,Vilka betalningsmetoder accepterar ni?,Vilka betalningsmetoder accepterar ni?,Vi accepterar kortbetalning. PayPal finns också för onlinebetalningar.,Vi accepterar kortbetalning. PayPal finns också för onlinebetalningar.,SÍ,SÍ
HOME,pl,1,1063,Gdzie znajduje się RSB Rental Scooter Barcelona?,Gdzie znajduje się RSB Rental Scooter Barcelona?,"Jesteśmy w Vila Olímpica, przy Carrer de Salvador Espriu, 63, 08005 Barcelona, naprzeciwko plaży i obok Port Olímpic.","Jesteśmy w Vila Olímpica, przy Carrer de Salvador Espriu, 63, 08005 Barcelona, naprzeciwko plaży i obok Port Olímpic.",SÍ,SÍ
HOME,pl,2,1072,Czy oferujecie darmową dostawę skutera do hotelu?,Czy oferujecie darmową dostawę skutera do hotelu?,"Tak. DARMOWA dostawa skutera do hotelu jest wliczona przy wynajmie na 3+ dni w Barcelonie. Skontaktuj się z nami, aby potwierdzić dostępność.","Tak. DARMOWA dostawa skutera do hotelu jest wliczona przy wynajmie na 3+ dni w Barcelonie. Skontaktuj się z nami, aby potwierdzić dostępność.",SÍ,SÍ
HOME,pl,3,1081,Czy mogę zostawić bagaż lub rzeczy osobiste w wypożyczalni podczas wynajmu?,Czy mogę zostawić bagaż lub rzeczy osobiste w wypożyczalni podczas wynajmu?,"Tak. Darmowe przechowanie bagażu, butów, kurtek i plecaków jest dostępne w naszej nadzorowanej wypożyczalni.","Tak. Darmowe przechowanie bagażu, butów, kurtek i plecaków jest dostępne w naszej nadzorowanej wypożyczalni.",SÍ,SÍ
HOME,pl,4,1090,"Czy rolki, rowery, wrotki, deskorolki i longboardy wymagają kaucji?","Czy rolki, rowery, wrotki, deskorolki i longboardy wymagają kaucji?",Nie. Wynajem tego sprzętu nie wymaga kaucji. Potrzebujesz tylko ważnego dokumentu tożsamości.,Nie. Wynajem tego sprzętu nie wymaga kaucji. Potrzebujesz tylko ważnego dokumentu tożsamości.,SÍ,SÍ
HOME,pl,5,1099,"Czy potrzebuję prawa jazdy, aby wynająć skuter w Barcelonie?","Czy potrzebuję prawa jazdy, aby wynająć skuter w Barcelonie?",Tak. Wymagane jest ważne prawo jazdy. Na skutery 125cc potrzebujesz prawa jazdy kategorii B posiadanego od co najmniej 3 lat albo odpowiedniego prawa jazdy motocyklowego.,Tak. Wymagane jest ważne prawo jazdy. Na skutery 125cc potrzebujesz prawa jazdy kategorii B posiadanego od co najmniej 3 lat albo odpowiedniego prawa jazdy motocyklowego.,SÍ,SÍ
HOME,pl,6,1108,Czy kaski i ochraniacze są wliczone w cenę?,Czy kaski i ochraniacze są wliczone w cenę?,"Tak. Wynajem skutera obejmuje dwa kaski. Wynajem roweru obejmuje kask dziecięcy. Wynajem rolek, wrotek, deskorolki i longboardu obejmuje kask dziecięcy, ochraniacze nadgarstków, nakolanniki i nałokietniki.","Tak. Wynajem skutera obejmuje dwa kaski. Wynajem roweru obejmuje kask dziecięcy. Wynajem rolek, wrotek, deskorolki i longboardu obejmuje kask dziecięcy, ochraniacze nadgarstków, nakolanniki i nałokietniki.",SÍ,SÍ
HOME,pl,7,1117,Gdzie najlepiej jeździć na rolkach lub skuterze blisko wypożyczalni?,Gdzie najlepiej jeździć na rolkach lub skuterze blisko wypożyczalni?,"Vila Olímpica, Port Olímpic i plaża Barceloneta oferują jedne z najlepszych płaskich tras blisko naszej wypożyczalni.","Vila Olímpica, Port Olímpic i plaża Barceloneta oferują jedne z najlepszych płaskich tras blisko naszej wypożyczalni.",SÍ,SÍ
HOME,pl,8,1127,Czy mogę zwrócić skuter poza godzinami otwarcia wypożyczalni?,Czy mogę zwrócić skuter poza godzinami otwarcia wypożyczalni?,Tak. Oferujemy zwrot skutera poza godzinami otwarcia. Skontaktuj się z nami wcześniej.,Tak. Oferujemy zwrot skutera poza godzinami otwarcia. Skontaktuj się z nami wcześniej.,SÍ,SÍ
HOME,pl,9,1135,Jakie metody płatności akceptujecie?,Jakie metody płatności akceptujecie?,Akceptujemy płatności kartą. PayPal jest również dostępny dla płatności online.,Akceptujemy płatności kartą. PayPal jest również dostępny dla płatności online.,SÍ,SÍ
PRICES,en,1,1505,Can I book directly via WhatsApp?,Can I book directly via WhatsApp?,"Yes. You can contact RSB Rental Scooter Barcelona via WhatsApp to confirm availability, prices and booking details before visiting the shop.","Yes. You can contact RSB Rental Scooter Barcelona via WhatsApp to confirm availability, prices and booking details before visiting the shop.",SÍ,SÍ
PRICES,en,2,1515,Where is RSB Rental Scooter Barcelona located?,Where is RSB Rental Scooter Barcelona located?,"Our rental shop is in Vila Olímpica del Poblenou, one of the best areas to start your route in Barcelona.","Our rental shop is in Vila Olímpica del Poblenou, one of the best areas to start your route in Barcelona.",SÍ,SÍ
PRICES,en,3,1525,Do rentals include helmets and accessories?,Do rentals include helmets and accessories?,"Scooter rentals include helmets. Bike rentals include a children's helmet and lock. Inline skate, roller skate, skateboard and longboard rentals include a children's helmet, wrist guards, knee pads and elbow pads.","Scooter rentals include helmets. Bike rentals include a children's helmet and lock. Inline skate, roller skate, skateboard and longboard rentals include a children's helmet, wrist guards, knee pads and elbow pads.",SÍ,SÍ
PRICES,en,4,1535,Do tourists need a licence to rent?,Do tourists need a licence to rent?,"A valid driving licence is required for 125cc scooters. Bikes, inline skates, roller skates, skateboards and longboards can be rented without a driving licence.","A valid driving licence is required for 125cc scooters. Bikes, inline skates, roller skates, skateboards and longboards can be rented without a driving licence.",SÍ,SÍ
PRICES,en,5,1545,Booking & deposits,Booking & deposits,"For most items you can come directly to the shop, but during weekends and high season a reservation is recommended, especially for groups. ID or passport is required for all rentals. A refundable security deposit applies only to motor scooter rentals; inline skates, bikes, roller skates, skateboards and longboards do not require a deposit.","For most items you can come directly to the shop, but during weekends and high season a reservation is recommended, especially for groups. ID or passport is required for all rentals. A refundable security deposit applies only to motor scooter rentals; inline skates, bikes, roller skates, skateboards and longboards do not require a deposit.",SÍ,SÍ
PRICES,en,6,1555,What payment methods do you accept?,What payment methods do you accept?,We accept card payments. PayPal is also available for online payments.,We accept card payments. PayPal is also available for online payments.,SÍ,SÍ
PRICES,es,1,1500,¿Puedo reservar directamente por WhatsApp?,¿Puedo reservar directamente por WhatsApp?,"Sí. Puedes contactar con RSB Rental Scooter Barcelona por WhatsApp para confirmar disponibilidad, precios y detalles de la reserva antes de venir a la tienda.","Sí. Puedes contactar con RSB Rental Scooter Barcelona por WhatsApp para confirmar disponibilidad, precios y detalles de la reserva antes de venir a la tienda.",SÍ,SÍ
PRICES,es,2,1510,¿Dónde está RSB Rental Scooter Barcelona?,¿Dónde está RSB Rental Scooter Barcelona?,"Nuestra tienda de alquiler está en Vila Olímpica del Poblenou, una de las mejores zonas para empezar tu ruta en Barcelona.","Nuestra tienda de alquiler está en Vila Olímpica del Poblenou, una de las mejores zonas para empezar tu ruta en Barcelona.",SÍ,SÍ
PRICES,es,3,1520,¿Los alquileres incluyen cascos y accesorios?,¿Los alquileres incluyen cascos y accesorios?,"Los scooters incluyen sus cascos; las bicicletas incluyen casco infantil y candado; y los patines en línea, los patines de cuatro ruedas, los skateboards y los longboards incluyen casco infantil y protecciones de muñecas, rodillas y codos.","Los scooters incluyen sus cascos; las bicicletas incluyen casco infantil y candado; y los patines en línea, los patines de cuatro ruedas, los skateboards y los longboards incluyen casco infantil y protecciones de muñecas, rodillas y codos.",SÍ,SÍ
PRICES,es,4,1530,¿Los turistas necesitan permiso para alquilar?,¿Los turistas necesitan permiso para alquilar?,"Para los scooters de 125 cc se requiere un permiso de conducir válido. Las bicicletas, los patines en línea, los patines de cuatro ruedas, los skateboards y los longboards se pueden alquilar sin permiso de conducir.","Para los scooters de 125 cc se requiere un permiso de conducir válido. Las bicicletas, los patines en línea, los patines de cuatro ruedas, los skateboards y los longboards se pueden alquilar sin permiso de conducir.",SÍ,SÍ
PRICES,es,5,1540,Reserva y depósitos,Reserva y depósitos,"Para la mayoría de los artículos puedes venir directamente a la tienda, pero los fines de semana y en temporada alta se recomienda reservar, especialmente para grupos. Se requiere DNI o pasaporte para todos los alquileres. El depósito reembolsable se aplica únicamente al alquiler de scooters; patines en línea, bicicletas, patines de cuatro ruedas, skateboards y longboards no requieren depósito.","Para la mayoría de los artículos puedes venir directamente a la tienda, pero los fines de semana y en temporada alta se recomienda reservar, especialmente para grupos. Se requiere DNI o pasaporte para todos los alquileres. El depósito reembolsable se aplica únicamente al alquiler de scooters; patines en línea, bicicletas, patines de cuatro ruedas, skateboards y longboards no requieren depósito.",SÍ,SÍ
PRICES,es,6,1550,¿Qué métodos de pago aceptáis?,¿Qué métodos de pago aceptáis?,Aceptamos pagos con tarjeta. PayPal también está disponible para pagos online.,Aceptamos pagos con tarjeta. PayPal también está disponible para pagos online.,SÍ,SÍ
PRICES,fr,1,1485,Puis-je réserver directement via WhatsApp ?,Puis-je réserver directement via WhatsApp ?,"Oui. Vous pouvez contacter RSB Rental Scooter Barcelona via WhatsApp pour confirmer la disponibilité, les prix et les détails de réservation avant de venir à la boutique.","Oui. Vous pouvez contacter RSB Rental Scooter Barcelona via WhatsApp pour confirmer la disponibilité, les prix et les détails de réservation avant de venir à la boutique.",SÍ,SÍ
PRICES,fr,2,1495,Où se trouve RSB Rental Scooter Barcelona ?,Où se trouve RSB Rental Scooter Barcelona ?,"Notre boutique de location se trouve à Vila Olímpica del Poblenou, l’un des meilleurs quartiers pour commencer votre itinéraire à Barcelone.","Notre boutique de location se trouve à Vila Olímpica del Poblenou, l’un des meilleurs quartiers pour commencer votre itinéraire à Barcelone.",SÍ,SÍ
PRICES,fr,3,1505,Les locations incluent-elles casques et accessoires ?,Les locations incluent-elles casques et accessoires ?,"Chaque location de scooter inclut ses casques. Chaque location de vélo inclut un casque pour enfant et un antivol. Les locations de patins et de planches incluent un casque pour enfant, des protège-poignets, des genouillères et des coudières.","Chaque location de scooter inclut ses casques. Chaque location de vélo inclut un casque pour enfant et un antivol. Les locations de patins et de planches incluent un casque pour enfant, des protège-poignets, des genouillères et des coudières.",SÍ,SÍ
PRICES,fr,4,1515,Les touristes ont-ils besoin d’un permis pour louer ?,Les touristes ont-ils besoin d’un permis pour louer ?,"Un permis de conduire valide est requis pour les scooters 125 cc. Les vélos, rollers en ligne, patins à roulettes, skateboards et longboards peuvent être loués sans permis de conduire.","Un permis de conduire valide est requis pour les scooters 125 cc. Les vélos, rollers en ligne, patins à roulettes, skateboards et longboards peuvent être loués sans permis de conduire.",SÍ,SÍ
PRICES,fr,5,1525,Réservations et dépôts,Réservations et dépôts,"Pour la plupart des articles, vous pouvez venir directement à la boutique, mais le week-end et en haute saison une réservation est recommandée, surtout pour les groupes. Une pièce d’identité ou un passeport est requis pour toutes les locations. Un dépôt remboursable s’applique uniquement à la location de scooters ; les rollers en ligne, vélos, patins à roulettes, skateboards et longboards ne nécessitent aucun dépôt.","Pour la plupart des articles, vous pouvez venir directement à la boutique, mais le week-end et en haute saison une réservation est recommandée, surtout pour les groupes. Une pièce d’identité ou un passeport est requis pour toutes les locations. Un dépôt remboursable s’applique uniquement à la location de scooters ; les rollers en ligne, vélos, patins à roulettes, skateboards et longboards ne nécessitent aucun dépôt.",SÍ,SÍ
PRICES,fr,6,1535,Quels moyens de paiement acceptez-vous ?,Quels moyens de paiement acceptez-vous ?,Nous acceptons les paiements par carte. PayPal est également disponible pour les paiements en ligne.,Nous acceptons les paiements par carte. PayPal est également disponible pour les paiements en ligne.,SÍ,SÍ
PRICES,it,1,1490,Posso prenotare direttamente via WhatsApp?,Posso prenotare direttamente via WhatsApp?,"Sì. Puoi contattare RSB Rental Scooter Barcelona via WhatsApp per confermare disponibilità, prezzi e dettagli della prenotazione prima di venire in negozio.","Sì. Puoi contattare RSB Rental Scooter Barcelona via WhatsApp per confermare disponibilità, prezzi e dettagli della prenotazione prima di venire in negozio.",SÍ,SÍ
PRICES,it,2,1500,Dove si trova RSB Rental Scooter Barcelona?,Dove si trova RSB Rental Scooter Barcelona?,"Il nostro negozio di noleggio si trova a Vila Olímpica del Poblenou, una delle zone migliori da cui iniziare il tuo percorso a Barcellona.","Il nostro negozio di noleggio si trova a Vila Olímpica del Poblenou, una delle zone migliori da cui iniziare il tuo percorso a Barcellona.",SÍ,SÍ
PRICES,it,3,1510,I noleggi includono caschi e accessori?,I noleggi includono caschi e accessori?,"Il noleggio scooter include i caschi; il noleggio biciclette include casco per bambini e lucchetto; il noleggio di pattini e tavole include casco per bambini e protezioni per polsi, ginocchia e gomiti.","Il noleggio scooter include i caschi; il noleggio biciclette include casco per bambini e lucchetto; il noleggio di pattini e tavole include casco per bambini e protezioni per polsi, ginocchia e gomiti.",SÍ,SÍ
PRICES,it,4,1520,I turisti hanno bisogno di una patente per noleggiare?,I turisti hanno bisogno di una patente per noleggiare?,"Per gli scooter 125cc è richiesta una patente di guida valida. Biciclette, pattini in linea, pattini a rotelle, skateboard e longboard possono essere noleggiati senza patente di guida.","Per gli scooter 125cc è richiesta una patente di guida valida. Biciclette, pattini in linea, pattini a rotelle, skateboard e longboard possono essere noleggiati senza patente di guida.",SÍ,SÍ
PRICES,it,5,1530,Prenotazioni e depositi,Prenotazioni e depositi,"Per la maggior parte degli articoli puoi venire direttamente in negozio, ma nei fine settimana e in alta stagione è consigliata la prenotazione, soprattutto per i gruppi. Per tutti i noleggi è richiesto un documento o passaporto. Un deposito rimborsabile si applica esclusivamente al noleggio di scooter; pattini in linea, biciclette, pattini a rotelle, skateboard e longboard non richiedono alcun deposito.","Per la maggior parte degli articoli puoi venire direttamente in negozio, ma nei fine settimana e in alta stagione è consigliata la prenotazione, soprattutto per i gruppi. Per tutti i noleggi è richiesto un documento o passaporto. Un deposito rimborsabile si applica esclusivamente al noleggio di scooter; pattini in linea, biciclette, pattini a rotelle, skateboard e longboard non richiedono alcun deposito.",SÍ,SÍ
PRICES,it,6,1540,Quali metodi di pagamento accettate?,Quali metodi di pagamento accettate?,Accettiamo pagamenti con carta. PayPal è disponibile anche per i pagamenti online.,Accettiamo pagamenti con carta. PayPal è disponibile anche per i pagamenti online.,SÍ,SÍ
PRICES,de,1,1483,Kann ich direkt per WhatsApp buchen?,Kann ich direkt per WhatsApp buchen?,"Ja. Du kannst RSB Rental Scooter Barcelona per WhatsApp kontaktieren, um Verfügbarkeit, Preise und Buchungsdetails zu bestätigen, bevor du in den Shop kommst.","Ja. Du kannst RSB Rental Scooter Barcelona per WhatsApp kontaktieren, um Verfügbarkeit, Preise und Buchungsdetails zu bestätigen, bevor du in den Shop kommst.",SÍ,SÍ
PRICES,de,2,1495,Wo befindet sich RSB Rental Scooter Barcelona?,Wo befindet sich RSB Rental Scooter Barcelona?,"Unser Verleihshop befindet sich in Vila Olímpica del Poblenou, einer der besten Gegenden, um deine Route in Barcelona zu starten.","Unser Verleihshop befindet sich in Vila Olímpica del Poblenou, einer der besten Gegenden, um deine Route in Barcelona zu starten.",SÍ,SÍ
PRICES,de,3,1507,Sind Helme und Zubehör inbegriffen?,Sind Helme und Zubehör inbegriffen?,"Bei der Scootermiete sind die zugehörigen Helme inklusive. Bei der Fahrradmiete sind Kinderhelm und Fahrradschloss inklusive. Bei der Miete von Inlineskates, Rollschuhen, Skateboards und Longboards sind Kinderhelm sowie Handgelenk-, Knie- und Ellbogenschoner inklusive.","Bei der Scootermiete sind die zugehörigen Helme inklusive. Bei der Fahrradmiete sind Kinderhelm und Fahrradschloss inklusive. Bei der Miete von Inlineskates, Rollschuhen, Skateboards und Longboards sind Kinderhelm sowie Handgelenk-, Knie- und Ellbogenschoner inklusive.",SÍ,SÍ
PRICES,de,4,1519,Brauchen Touristen einen Führerschein zum Mieten?,Brauchen Touristen einen Führerschein zum Mieten?,"Für 125cc-Scooter ist ein gültiger Führerschein erforderlich. Fahrräder, Inlineskates, Rollschuhe, Skateboards und Longboards können ohne Führerschein gemietet werden.","Für 125cc-Scooter ist ein gültiger Führerschein erforderlich. Fahrräder, Inlineskates, Rollschuhe, Skateboards und Longboards können ohne Führerschein gemietet werden.",SÍ,SÍ
PRICES,de,5,1531,Buchung und Kautionen,Buchung und Kautionen,"Für die meisten Artikel kannst du direkt in den Shop kommen, aber an Wochenenden und in der Hochsaison ist eine Reservierung besonders für Gruppen empfehlenswert. Für alle Mieten ist ein Ausweis oder Reisepass erforderlich. Eine rückzahlbare Kaution gilt ausschließlich für die Motorrollervermietung; Inlineskates, Fahrräder, Rollschuhe, Skateboards und Longboards erfordern keine Kaution.","Für die meisten Artikel kannst du direkt in den Shop kommen, aber an Wochenenden und in der Hochsaison ist eine Reservierung besonders für Gruppen empfehlenswert. Für alle Mieten ist ein Ausweis oder Reisepass erforderlich. Eine rückzahlbare Kaution gilt ausschließlich für die Motorrollervermietung; Inlineskates, Fahrräder, Rollschuhe, Skateboards und Longboards erfordern keine Kaution.",SÍ,SÍ
PRICES,de,6,1543,Welche Zahlungsmethoden akzeptiert ihr?,Welche Zahlungsmethoden akzeptiert ihr?,Wir akzeptieren Kartenzahlungen. PayPal ist auch für Online-Zahlungen verfügbar.,Wir akzeptieren Kartenzahlungen. PayPal ist auch für Online-Zahlungen verfügbar.,SÍ,SÍ
PRICES,nl,1,1495,Kan ik direct via WhatsApp boeken?,Kan ik direct via WhatsApp boeken?,"Ja. Je kunt via WhatsApp contact met ons opnemen om beschikbaarheid, prijzen en boekingsdetails te bevestigen voordat je naar de winkel komt.","Ja. Je kunt via WhatsApp contact met ons opnemen om beschikbaarheid, prijzen en boekingsdetails te bevestigen voordat je naar de winkel komt.",SÍ,SÍ
PRICES,nl,2,1507,Waar bevindt RSB Rental Scooter Barcelona zich?,Waar bevindt RSB Rental Scooter Barcelona zich?,"Onze verhuurwinkel bevindt zich in Vila Olímpica del Poblenou, een van de beste plekken om je route in Barcelona te beginnen.","Onze verhuurwinkel bevindt zich in Vila Olímpica del Poblenou, een van de beste plekken om je route in Barcelona te beginnen.",SÍ,SÍ
PRICES,nl,3,1519,Zijn helmen en accessoires inbegrepen?,Zijn helmen en accessoires inbegrepen?,"Bij scooterhuur zijn de bijbehorende helmen inbegrepen. Bij fietsverhuur zijn een kinderhelm en een fietsslot inbegrepen. Bij de huur van inline skates, rolschaatsen, skateboards en longboards zijn een kinderhelm en pols-, knie- en elleboogbeschermers inbegrepen.","Bij scooterhuur zijn de bijbehorende helmen inbegrepen. Bij fietsverhuur zijn een kinderhelm en een fietsslot inbegrepen. Bij de huur van inline skates, rolschaatsen, skateboards en longboards zijn een kinderhelm en pols-, knie- en elleboogbeschermers inbegrepen.",SÍ,SÍ
PRICES,nl,4,1531,Hebben toeristen een rijbewijs nodig om te huren?,Hebben toeristen een rijbewijs nodig om te huren?,"Voor 125cc-scooters is een geldig rijbewijs vereist. Fietsen, inline skates, rolschaatsen, skateboards en longboards kunnen zonder rijbewijs worden gehuurd.","Voor 125cc-scooters is een geldig rijbewijs vereist. Fietsen, inline skates, rolschaatsen, skateboards en longboards kunnen zonder rijbewijs worden gehuurd.",SÍ,SÍ
PRICES,nl,5,1543,Boekingen en borg,Boekingen en borg,"Voor de meeste artikelen kun je direct naar de winkel komen, maar in het weekend en in het hoogseizoen is een reservering aanbevolen, vooral voor groepen. Voor alle verhuur is een identiteitsbewijs of paspoort nodig. Een terugbetaalbare borg geldt uitsluitend voor scooterverhuur; inline skates, fietsen, rolschaatsen, skateboards en longboards vereisen geen borg.","Voor de meeste artikelen kun je direct naar de winkel komen, maar in het weekend en in het hoogseizoen is een reservering aanbevolen, vooral voor groepen. Voor alle verhuur is een identiteitsbewijs of paspoort nodig. Een terugbetaalbare borg geldt uitsluitend voor scooterverhuur; inline skates, fietsen, rolschaatsen, skateboards en longboards vereisen geen borg.",SÍ,SÍ
PRICES,nl,6,1555,Welke betaalmethoden accepteren jullie?,Welke betaalmethoden accepteren jullie?,We accepteren kaartbetalingen. PayPal is ook beschikbaar voor online betalingen.,We accepteren kaartbetalingen. PayPal is ook beschikbaar voor online betalingen.,SÍ,SÍ
PRICES,pt,1,1501,Posso reservar diretamente por WhatsApp?,Posso reservar diretamente por WhatsApp?,"Sim. Pode contactar a RSB Rental Scooter Barcelona por WhatsApp para confirmar disponibilidade, preços e detalhes da reserva antes de visitar a loja.","Sim. Pode contactar a RSB Rental Scooter Barcelona por WhatsApp para confirmar disponibilidade, preços e detalhes da reserva antes de visitar a loja.",SÍ,SÍ
PRICES,pt,2,1511,Onde fica a RSB Rental Scooter Barcelona?,Onde fica a RSB Rental Scooter Barcelona?,"A nossa loja de aluguer fica em Vila Olímpica del Poblenou, uma das melhores zonas para começar o teu percurso em Barcelona.","A nossa loja de aluguer fica em Vila Olímpica del Poblenou, uma das melhores zonas para começar o teu percurso em Barcelona.",SÍ,SÍ
PRICES,pt,3,1521,Os alugueres incluem capacetes e acessórios?,Os alugueres incluem capacetes e acessórios?,"Nos alugueres de scooters, estão incluídos os respetivos capacetes. Nos alugueres de bicicletas, estão incluídos o capacete infantil e o cadeado. Nos alugueres de patins, skateboards e longboards, estão incluídos o capacete infantil e as proteções para pulsos, joelhos e cotovelos.","Nos alugueres de scooters, estão incluídos os respetivos capacetes. Nos alugueres de bicicletas, estão incluídos o capacete infantil e o cadeado. Nos alugueres de patins, skateboards e longboards, estão incluídos o capacete infantil e as proteções para pulsos, joelhos e cotovelos.",SÍ,SÍ
PRICES,pt,4,1531,Os turistas precisam de carta para alugar?,Os turistas precisam de carta para alugar?,"É necessária uma carta de condução válida para scooters de 125cc. Bicicletas, patins em linha, patins de 4 rodas, skateboards e longboards podem ser alugados sem carta de condução.","É necessária uma carta de condução válida para scooters de 125cc. Bicicletas, patins em linha, patins de 4 rodas, skateboards e longboards podem ser alugados sem carta de condução.",SÍ,SÍ
PRICES,pt,5,1541,Reservas e depósitos,Reservas e depósitos,"Para a maioria dos artigos podes vir diretamente à loja, mas aos fins de semana e na época alta recomenda-se reserva, especialmente para grupos. É necessário documento de identificação ou passaporte para todos os alugueres. O depósito aplica-se apenas ao aluguer de scooter; patins em linha, bicicletas, patins de 4 rodas, skateboards e longboards não exigem depósito.","Para a maioria dos artigos podes vir diretamente à loja, mas aos fins de semana e na época alta recomenda-se reserva, especialmente para grupos. É necessário documento de identificação ou passaporte para todos os alugueres. O depósito aplica-se apenas ao aluguer de scooter; patins em linha, bicicletas, patins de 4 rodas, skateboards e longboards não exigem depósito.",SÍ,SÍ
PRICES,pt,6,1551,Que métodos de pagamento aceitam?,Que métodos de pagamento aceitam?,Aceitamos pagamentos com cartão. O PayPal também está disponível para pagamentos online.,Aceitamos pagamentos com cartão. O PayPal também está disponível para pagamentos online.,SÍ,SÍ
PRICES,ca,1,1490,Puc reservar directament per WhatsApp?,Puc reservar directament per WhatsApp?,"Sí. Pots contactar amb RSB Rental Scooter Barcelona per WhatsApp per confirmar disponibilitat, preus i detalls de la reserva abans de venir a la botiga.","Sí. Pots contactar amb RSB Rental Scooter Barcelona per WhatsApp per confirmar disponibilitat, preus i detalls de la reserva abans de venir a la botiga.",SÍ,SÍ
PRICES,ca,2,1500,On és RSB Rental Scooter Barcelona?,On és RSB Rental Scooter Barcelona?,"La nostra botiga de lloguer és a Vila Olímpica del Poblenou, una de les millors zones per començar la teva ruta a Barcelona.","La nostra botiga de lloguer és a Vila Olímpica del Poblenou, una de les millors zones per començar la teva ruta a Barcelona.",SÍ,SÍ
PRICES,ca,3,1510,Els lloguers inclouen cascos i accessoris?,Els lloguers inclouen cascos i accessoris?,"Els lloguers de scooter inclouen els cascos; els de bicicleta inclouen casc infantil i cadenat; i els de patins en línia, patins de quatre rodes, skateboard i longboard inclouen casc infantil, canelleres, genolleres i colzeres.","Els lloguers de scooter inclouen els cascos; els de bicicleta inclouen casc infantil i cadenat; i els de patins en línia, patins de quatre rodes, skateboard i longboard inclouen casc infantil, canelleres, genolleres i colzeres.",SÍ,SÍ
PRICES,ca,4,1520,Els turistes necessiten carnet per llogar?,Els turistes necessiten carnet per llogar?,"Cal un permís de conduir vàlid per als scooters de 125cc. Les bicicletes, els patins en línia, els patins de quatre rodes, els skateboards i els longboards es poden llogar sense permís de conduir.","Cal un permís de conduir vàlid per als scooters de 125cc. Les bicicletes, els patins en línia, els patins de quatre rodes, els skateboards i els longboards es poden llogar sense permís de conduir.",SÍ,SÍ
PRICES,ca,5,1530,Reserves i dipòsits,Reserves i dipòsits,"Per a la majoria d’articles pots venir directament a la botiga, però els caps de setmana i en temporada alta és recomanable reservar, sobretot per a grups. Cal document d’identitat o passaport per a tots els lloguers. Només en el lloguer de scooter pot aplicar-se un dipòsit retornable; bicicletes, patins en línia, patins de quatre rodes, skateboards i longboards no requereixen dipòsit.","Per a la majoria d’articles pots venir directament a la botiga, però els caps de setmana i en temporada alta és recomanable reservar, sobretot per a grups. Cal document d’identitat o passaport per a tots els lloguers. Només en el lloguer de scooter pot aplicar-se un dipòsit retornable; bicicletes, patins en línia, patins de quatre rodes, skateboards i longboards no requereixen dipòsit.",SÍ,SÍ
PRICES,ca,6,1540,Quins mètodes de pagament accepteu?,Quins mètodes de pagament accepteu?,Acceptem pagament amb targeta. PayPal també està disponible per a pagaments en línia.,Acceptem pagament amb targeta. PayPal també està disponible per a pagaments en línia.,SÍ,SÍ
PRICES,sv,1,1497,Kan jag boka direkt via WhatsApp?,Kan jag boka direkt via WhatsApp?,"Ja. Du kan kontakta RSB Rental Scooter Barcelona via WhatsApp för att bekräfta tillgänglighet, priser och bokningsdetaljer innan du kommer till butiken.","Ja. Du kan kontakta RSB Rental Scooter Barcelona via WhatsApp för att bekräfta tillgänglighet, priser och bokningsdetaljer innan du kommer till butiken.",SÍ,SÍ
PRICES,sv,2,1507,Var ligger RSB Rental Scooter Barcelona?,Var ligger RSB Rental Scooter Barcelona?,"Vår uthyrningsbutik ligger i Vila Olímpica del Poblenou, ett av de bästa områdena att starta din rutt från i Barcelona.","Vår uthyrningsbutik ligger i Vila Olímpica del Poblenou, ett av de bästa områdena att starta din rutt från i Barcelona.",SÍ,SÍ
PRICES,sv,3,1517,Ingår hjälmar och tillbehör?,Ingår hjälmar och tillbehör?,"Scooteruthyrning inkluderar två hjälmar. Vid cykeluthyrning ingår barnhjälm och lås. Vid hyra av inlines, rullskridskor, skateboard och longboard ingår barnhjälm, handledsskydd, knäskydd och armbågsskydd.","Scooteruthyrning inkluderar två hjälmar. Vid cykeluthyrning ingår barnhjälm och lås. Vid hyra av inlines, rullskridskor, skateboard och longboard ingår barnhjälm, handledsskydd, knäskydd och armbågsskydd.",SÍ,SÍ
PRICES,sv,4,1527,Behöver turister körkort för att hyra?,Behöver turister körkort för att hyra?,"Giltigt körkort krävs för 125cc-scootrar. Cyklar, inlines, rullskridskor, skateboards och longboards kan hyras utan körkort.","Giltigt körkort krävs för 125cc-scootrar. Cyklar, inlines, rullskridskor, skateboards och longboards kan hyras utan körkort.",SÍ,SÍ
PRICES,sv,5,1537,Bokning och depositioner,Bokning och depositioner,"För de flesta artiklar kan du komma direkt till butiken, men på helger och under högsäsong rekommenderas bokning, särskilt för grupper. ID-kort eller pass krävs för alla hyror. En återbetalningsbar deposition kan endast tillkomma vid scooteruthyrning; inlines, cyklar, rullskridskor, skateboards och longboards kräver ingen deposition.","För de flesta artiklar kan du komma direkt till butiken, men på helger och under högsäsong rekommenderas bokning, särskilt för grupper. ID-kort eller pass krävs för alla hyror. En återbetalningsbar deposition kan endast tillkomma vid scooteruthyrning; inlines, cyklar, rullskridskor, skateboards och longboards kräver ingen deposition.",SÍ,SÍ
PRICES,sv,6,1547,Vilka betalningsmetoder accepterar ni?,Vilka betalningsmetoder accepterar ni?,Vi accepterar kortbetalning. PayPal finns också för onlinebetalningar.,Vi accepterar kortbetalning. PayPal finns också för onlinebetalningar.,SÍ,SÍ
PRICES,pl,1,1503,Czy mogę zarezerwować bezpośrednio przez WhatsApp?,Czy mogę zarezerwować bezpośrednio przez WhatsApp?,"Tak. Możesz skontaktować się z RSB Rental Scooter Barcelona przez WhatsApp, aby potwierdzić dostępność, ceny i szczegóły rezerwacji przed wizytą.","Tak. Możesz skontaktować się z RSB Rental Scooter Barcelona przez WhatsApp, aby potwierdzić dostępność, ceny i szczegóły rezerwacji przed wizytą.",SÍ,SÍ
PRICES,pl,2,1513,Gdzie znajduje się RSB Rental Scooter Barcelona?,Gdzie znajduje się RSB Rental Scooter Barcelona?,"Nasza wypożyczalnia znajduje się w Vila Olímpica del Poblenou, jednej z najlepszych dzielnic do rozpoczęcia trasy w Barcelonie.","Nasza wypożyczalnia znajduje się w Vila Olímpica del Poblenou, jednej z najlepszych dzielnic do rozpoczęcia trasy w Barcelonie.",SÍ,SÍ
PRICES,pl,3,1523,Czy wynajem obejmuje kaski i akcesoria?,Czy wynajem obejmuje kaski i akcesoria?,"Wynajem skuterów obejmuje kaski; wynajem rowerów — kask dziecięcy i zapięcie; a wynajem rolek, wrotek, deskorolek i longboardów — kask dziecięcy oraz ochraniacze na nadgarstki, kolana i łokcie.","Wynajem skuterów obejmuje kaski; wynajem rowerów — kask dziecięcy i zapięcie; a wynajem rolek, wrotek, deskorolek i longboardów — kask dziecięcy oraz ochraniacze na nadgarstki, kolana i łokcie.",SÍ,SÍ
PRICES,pl,4,1533,Czy turyści potrzebują prawa jazdy do wynajmu?,Czy turyści potrzebują prawa jazdy do wynajmu?,"Do skuterów 125cc wymagane jest ważne prawo jazdy. Rowery, rolki, wrotki, deskorolki i longboardy można wynająć bez prawa jazdy.","Do skuterów 125cc wymagane jest ważne prawo jazdy. Rowery, rolki, wrotki, deskorolki i longboardy można wynająć bez prawa jazdy.",SÍ,SÍ
PRICES,pl,5,1543,Rezerwacja i kaucje,Rezerwacja i kaucje,"W przypadku większości sprzętu możesz przyjść bezpośrednio do wypożyczalni, ale w weekendy i w sezonie zalecana jest rezerwacja, szczególnie dla grup. Do każdego wynajmu wymagany jest dokument tożsamości lub paszport. Kaucja zwrotna może być wymagana wyłącznie przy wynajmie skutera; rolki, rowery, wrotki, deskorolki i longboardy nie wymagają kaucji.","W przypadku większości sprzętu możesz przyjść bezpośrednio do wypożyczalni, ale w weekendy i w sezonie zalecana jest rezerwacja, szczególnie dla grup. Do każdego wynajmu wymagany jest dokument tożsamości lub paszport. Kaucja zwrotna może być wymagana wyłącznie przy wynajmie skutera; rolki, rowery, wrotki, deskorolki i longboardy nie wymagają kaucji.",SÍ,SÍ
PRICES,pl,6,1553,Jakie metody płatności akceptujecie?,Jakie metody płatności akceptujecie?,Akceptujemy płatności kartą. PayPal jest również dostępny przy płatnościach online.,Akceptujemy płatności kartą. PayPal jest również dostępny przy płatnościach online.,SÍ,SÍ
SCOOTER,en,1,1137,Should I choose a 50cc or 125cc scooter?,Should I choose a 50cc or 125cc scooter?,"A 50cc scooter is practical for city routes. A 125cc scooter is better for longer routes, hills or riding with a passenger. Check our 50cc vs 125cc guide before booking.","A 50cc scooter is practical for city routes. A 125cc scooter is better for longer routes, hills or riding with a passenger. Check our 50cc vs 125cc guide before booking.",SÍ,SÍ
SCOOTER,en,2,1141,Can I rent a scooter in Barcelona today?,Can I rent a scooter in Barcelona today?,Same-day scooter rentals may be available depending on stock. Contact us on WhatsApp before coming to confirm availability.,Same-day scooter rentals may be available depending on stock. Contact us on WhatsApp before coming to confirm availability.,SÍ,SÍ
SCOOTER,en,3,1145,Where is RSB Rental Scooter Barcelona located?,Where is RSB Rental Scooter Barcelona located?,"We are in Vila Olímpica, at Carrer de Salvador Espriu, 63, 08005 Barcelona, near Port Olímpic and Barceloneta Beach.","We are in Vila Olímpica, at Carrer de Salvador Espriu, 63, 08005 Barcelona, near Port Olímpic and Barceloneta Beach.",SÍ,SÍ
SCOOTER,en,4,1149,Do you offer free hotel delivery for scooter rentals?,Do you offer free hotel delivery for scooter rentals?,"Yes. Free scooter hotel delivery is included for rentals of 3 or more days in Barcelona, subject to availability confirmation.","Yes. Free scooter hotel delivery is included for rentals of 3 or more days in Barcelona, subject to availability confirmation.",SÍ,SÍ
SCOOTER,en,5,1153,Can I leave my luggage or personal items at the shop while I rent?,Can I leave my luggage or personal items at the shop while I rent?,"Yes. Free storage for luggage, shoes, jackets and backpacks is available in our supervised shop.","Yes. Free storage for luggage, shoes, jackets and backpacks is available in our supervised shop.",SÍ,SÍ
SCOOTER,en,6,1157,Do I need a driving licence to rent a scooter in Barcelona?,Do I need a driving licence to rent a scooter in Barcelona?,"Licence requirements depend on whether you rent a 50cc or 125cc scooter. Check that your driving licence is valid for the scooter category before booking. For 125cc scooters, you need a category B driving licence held for at least 3 years, or the corresponding motorcycle licence.","Licence requirements depend on whether you rent a 50cc or 125cc scooter. Check that your driving licence is valid for the scooter category before booking. For 125cc scooters, you need a category B driving licence held for at least 3 years, or the corresponding motorcycle licence.",SÍ,SÍ
SCOOTER,en,7,1161,Do scooter rentals require a deposit?,Do scooter rentals require a deposit?,A refundable deposit may apply depending on the scooter category and vehicle. Bring your ID or passport and contact us for details.,A refundable deposit may apply depending on the scooter category and vehicle. Bring your ID or passport and contact us for details.,SÍ,SÍ
SCOOTER,en,8,1165,Are helmets and protective gear included in the price?,Are helmets and protective gear included in the price?,Yes. Scooter rentals include two helmets.,Yes. Scooter rentals include two helmets.,SÍ,SÍ
SCOOTER,en,9,1169,Can tourists rent a scooter in Barcelona?,Can tourists rent a scooter in Barcelona?,"Yes. Many travellers rent from our shop near Vila Olímpica and Barceloneta Beach. Bring your licence, ID or passport and contact us if you want confirmation before coming.","Yes. Many travellers rent from our shop near Vila Olímpica and Barceloneta Beach. Bring your licence, ID or passport and contact us if you want confirmation before coming.",SÍ,SÍ
SCOOTER,en,10,1173,Where are the best places to use a scooter near the shop?,Where are the best places to use a scooter near the shop?,"Vila Olímpica, Port Olímpic and Barceloneta Beach offer some of the best flat routes near our shop.","Vila Olímpica, Port Olímpic and Barceloneta Beach offer some of the best flat routes near our shop.",SÍ,SÍ
SCOOTER,en,11,1177,What payment methods do you accept?,What payment methods do you accept?,We accept card payments. PayPal is also available for online payments.,We accept card payments. PayPal is also available for online payments.,SÍ,SÍ
SCOOTER,es,1,1095,¿Me conviene un scooter 50cc o 125cc?,¿Me conviene un scooter 50cc o 125cc?,"Un scooter 50cc es práctico para rutas urbanas. Un 125cc es mejor para rutas más largas, subidas o si viajan dos personas. Consulta nuestra guía 50cc vs 125cc antes de reservar.","Un scooter 50cc es práctico para rutas urbanas. Un 125cc es mejor para rutas más largas, subidas o si viajan dos personas. Consulta nuestra guía 50cc vs 125cc antes de reservar.",SÍ,SÍ
SCOOTER,es,2,1099,¿Puedo alquilar un scooter hoy en Barcelona?,¿Puedo alquilar un scooter hoy en Barcelona?,Puede haber alquiler de scooter el mismo día según disponibilidad. Escríbenos por WhatsApp antes de venir para confirmarlo.,Puede haber alquiler de scooter el mismo día según disponibilidad. Escríbenos por WhatsApp antes de venir para confirmarlo.,SÍ,SÍ
SCOOTER,es,3,1103,¿Dónde está RSB Rental Scooter Barcelona?,¿Dónde está RSB Rental Scooter Barcelona?,"Estamos en Vila Olímpica, en Carrer de Salvador Espriu, 63, 08005 Barcelona, cerca de Torre MAPFRE, Port Olímpic, Casino Barcelona y la playa de la Barceloneta.","Estamos en Vila Olímpica, en Carrer de Salvador Espriu, 63, 08005 Barcelona, cerca de Torre MAPFRE, Port Olímpic, Casino Barcelona y la playa de la Barceloneta.",SÍ,SÍ
SCOOTER,es,4,1107,¿Ofrecéis entrega gratuita del scooter en el hotel?,¿Ofrecéis entrega gratuita del scooter en el hotel?,"Sí. La entrega gratuita del scooter en el hotel está incluida para alquileres de 3 o más días en Barcelona, sujeta a confirmación de disponibilidad.","Sí. La entrega gratuita del scooter en el hotel está incluida para alquileres de 3 o más días en Barcelona, sujeta a confirmación de disponibilidad.",SÍ,SÍ
SCOOTER,es,5,1111,¿Puedo dejar mi equipaje o efectos personales en la tienda durante el alquiler?,¿Puedo dejar mi equipaje o efectos personales en la tienda durante el alquiler?,"Sí. Disponemos de consigna gratuita para maletas, zapatos, chaquetas y mochilas en nuestra tienda supervisada.","Sí. Disponemos de consigna gratuita para maletas, zapatos, chaquetas y mochilas en nuestra tienda supervisada.",SÍ,SÍ
SCOOTER,es,6,1115,¿Necesito carnet de conducir para alquilar un scooter en Barcelona?,¿Necesito carnet de conducir para alquilar un scooter en Barcelona?,"El carnet necesario depende de si alquilas un scooter 50cc o 125cc. Comprueba que tu permiso sea válido para la categoría del scooter antes de reservar. Para scooters de 125cc, necesitas un carnet tipo B con al menos 3 años de antigüedad, o el permiso de moto correspondiente.","El carnet necesario depende de si alquilas un scooter 50cc o 125cc. Comprueba que tu permiso sea válido para la categoría del scooter antes de reservar. Para scooters de 125cc, necesitas un carnet tipo B con al menos 3 años de antigüedad, o el permiso de moto correspondiente.",SÍ,SÍ
SCOOTER,es,7,1119,¿Los alquileres de scooter requieren depósito?,¿Los alquileres de scooter requieren depósito?,Puede aplicarse un depósito reembolsable según la categoría y el vehículo. Trae tu DNI o pasaporte y contáctanos para más detalles.,Puede aplicarse un depósito reembolsable según la categoría y el vehículo. Trae tu DNI o pasaporte y contáctanos para más detalles.,SÍ,SÍ
SCOOTER,es,8,1123,¿Están incluidos los cascos y las protecciones en el precio?,¿Están incluidos los cascos y las protecciones en el precio?,Sí. El alquiler de scooter incluye dos cascos.,Sí. El alquiler de scooter incluye dos cascos.,SÍ,SÍ
SCOOTER,es,9,1127,¿Pueden los turistas alquilar un scooter en Barcelona?,¿Pueden los turistas alquilar un scooter en Barcelona?,"Sí. Muchos viajeros alquilan en nuestra tienda cerca de Vila Olímpica y la playa de la Barceloneta. Trae tu carnet, DNI o pasaporte y contáctanos si quieres confirmación antes de venir.","Sí. Muchos viajeros alquilan en nuestra tienda cerca de Vila Olímpica y la playa de la Barceloneta. Trae tu carnet, DNI o pasaporte y contáctanos si quieres confirmación antes de venir.",SÍ,SÍ
SCOOTER,es,10,1131,¿Cuáles son las mejores zonas para usar un scooter cerca de la tienda?,¿Cuáles son las mejores zonas para usar un scooter cerca de la tienda?,"Vila Olímpica, Port Olímpic y la playa de la Barceloneta ofrecen algunas de las mejores rutas llanas cerca de nuestra tienda.","Vila Olímpica, Port Olímpic y la playa de la Barceloneta ofrecen algunas de las mejores rutas llanas cerca de nuestra tienda.",SÍ,SÍ
SCOOTER,es,11,1135,¿Qué métodos de pago aceptáis?,¿Qué métodos de pago aceptáis?,Aceptamos pagos con tarjeta. PayPal también está disponible para pagos online.,Aceptamos pagos con tarjeta. PayPal también está disponible para pagos online.,SÍ,SÍ
SCOOTER,fr,1,988,Dois-je choisir un scooter 50cc ou 125cc ?,Dois-je choisir un scooter 50cc ou 125cc ?,"Un scooter 50cc est pratique pour les trajets en ville. Un scooter 125cc est mieux adapté aux trajets plus longs, aux montées ou si vous roulez avec un passager. Consultez notre guide 50cc vs 125cc avant de réserver.","Un scooter 50cc est pratique pour les trajets en ville. Un scooter 125cc est mieux adapté aux trajets plus longs, aux montées ou si vous roulez avec un passager. Consultez notre guide 50cc vs 125cc avant de réserver.",SÍ,SÍ
SCOOTER,fr,2,992,Puis-je louer un scooter à Barcelone aujourd’hui ?,Puis-je louer un scooter à Barcelone aujourd’hui ?,La location de scooter le jour même peut être disponible selon le stock. Contactez-nous sur WhatsApp avant de venir pour confirmer la disponibilité.,La location de scooter le jour même peut être disponible selon le stock. Contactez-nous sur WhatsApp avant de venir pour confirmer la disponibilité.,SÍ,SÍ
SCOOTER,fr,3,996,Où se trouve RSB Rental Scooter Barcelona ?,Où se trouve RSB Rental Scooter Barcelona ?,"Nous sommes à Vila Olímpica, au Carrer de Salvador Espriu, 63, 08005 Barcelone, près de Torre MAPFRE, Port Olímpic, Casino Barcelona et de la plage de la Barceloneta.","Nous sommes à Vila Olímpica, au Carrer de Salvador Espriu, 63, 08005 Barcelone, près de Torre MAPFRE, Port Olímpic, Casino Barcelona et de la plage de la Barceloneta.",SÍ,SÍ
SCOOTER,fr,4,1000,Proposez-vous la livraison gratuite du scooter à l’hôtel ?,Proposez-vous la livraison gratuite du scooter à l’hôtel ?,"Oui. La livraison gratuite du scooter à l’hôtel est incluse pour les locations de 3 jours ou plus à Barcelone, sous réserve de confirmation de disponibilité.","Oui. La livraison gratuite du scooter à l’hôtel est incluse pour les locations de 3 jours ou plus à Barcelone, sous réserve de confirmation de disponibilité.",SÍ,SÍ
SCOOTER,fr,5,1004,Puis-je laisser mes bagages ou effets personnels à la boutique pendant la location ?,Puis-je laisser mes bagages ou effets personnels à la boutique pendant la location ?,"Oui. Un espace de stockage gratuit pour les bagages, chaussures, vestes et sacs à dos est disponible dans notre boutique surveillée.","Oui. Un espace de stockage gratuit pour les bagages, chaussures, vestes et sacs à dos est disponible dans notre boutique surveillée.",SÍ,SÍ
SCOOTER,fr,6,1008,Ai-je besoin d’un permis de conduire pour louer un scooter à Barcelone ?,Ai-je besoin d’un permis de conduire pour louer un scooter à Barcelone ?,"Le permis nécessaire dépend du choix entre un scooter 50cc ou 125cc. Vérifiez que votre permis est valable pour la catégorie du scooter avant de réserver. Pour les scooters 125cc, vous avez besoin d’un permis B détenu depuis au moins 3 ans, ou du permis moto correspondant.","Le permis nécessaire dépend du choix entre un scooter 50cc ou 125cc. Vérifiez que votre permis est valable pour la catégorie du scooter avant de réserver. Pour les scooters 125cc, vous avez besoin d’un permis B détenu depuis au moins 3 ans, ou du permis moto correspondant.",SÍ,SÍ
SCOOTER,fr,7,1012,Les locations de scooter nécessitent-elles une caution ?,Les locations de scooter nécessitent-elles une caution ?,Une caution remboursable peut s’appliquer selon la catégorie du scooter et le véhicule. Apportez votre pièce d’identité ou passeport et contactez-nous pour plus de détails.,Une caution remboursable peut s’appliquer selon la catégorie du scooter et le véhicule. Apportez votre pièce d’identité ou passeport et contactez-nous pour plus de détails.,SÍ,SÍ
SCOOTER,fr,8,1016,Les casques et protections sont-ils inclus dans le prix ?,Les casques et protections sont-ils inclus dans le prix ?,Oui. La location de scooter inclut deux casques.,Oui. La location de scooter inclut deux casques.,SÍ,SÍ
SCOOTER,fr,9,1020,Les touristes peuvent-ils louer un scooter à Barcelone ?,Les touristes peuvent-ils louer un scooter à Barcelone ?,"Oui. De nombreux voyageurs louent dans notre boutique près de Vila Olímpica et de la plage de la Barceloneta. Apportez votre permis, votre pièce d’identité ou votre passeport et contactez-nous si vous souhaitez une confirmation avant de venir.","Oui. De nombreux voyageurs louent dans notre boutique près de Vila Olímpica et de la plage de la Barceloneta. Apportez votre permis, votre pièce d’identité ou votre passeport et contactez-nous si vous souhaitez une confirmation avant de venir.",SÍ,SÍ
SCOOTER,fr,10,1024,Quels sont les meilleurs quartiers pour utiliser un scooter près de la boutique ?,Quels sont les meilleurs quartiers pour utiliser un scooter près de la boutique ?,"Vila Olímpica, Port Olímpic et la plage de la Barceloneta offrent certains des meilleurs itinéraires plats près de notre boutique.","Vila Olímpica, Port Olímpic et la plage de la Barceloneta offrent certains des meilleurs itinéraires plats près de notre boutique.",SÍ,SÍ
SCOOTER,fr,11,1028,Quels moyens de paiement acceptez-vous ?,Quels moyens de paiement acceptez-vous ?,Nous acceptons les paiements par carte. PayPal est également disponible pour les paiements en ligne.,Nous acceptons les paiements par carte. PayPal est également disponible pour les paiements en ligne.,SÍ,SÍ
SCOOTER,it,1,993,Scooter 50cc o 125cc: quale scegliere?,Scooter 50cc o 125cc: quale scegliere?,"Uno scooter 50cc è pratico per i percorsi in città. Uno scooter 125cc è più adatto a percorsi più lunghi, salite o viaggi con un passeggero. Consulta la nostra guida 50cc vs 125cc prima di prenotare.","Uno scooter 50cc è pratico per i percorsi in città. Uno scooter 125cc è più adatto a percorsi più lunghi, salite o viaggi con un passeggero. Consulta la nostra guida 50cc vs 125cc prima di prenotare.",SÍ,SÍ
SCOOTER,it,2,997,Posso noleggiare uno scooter a Barcellona oggi?,Posso noleggiare uno scooter a Barcellona oggi?,Il noleggio scooter in giornata può essere disponibile in base allo stock. Contattaci su WhatsApp prima di venire per confermare la disponibilità.,Il noleggio scooter in giornata può essere disponibile in base allo stock. Contattaci su WhatsApp prima di venire per confermare la disponibilità.,SÍ,SÍ
SCOOTER,it,3,1001,Dove si trova RSB Rental Scooter Barcelona?,Dove si trova RSB Rental Scooter Barcelona?,"Siamo a Vila Olímpica, in Carrer de Salvador Espriu, 63, 08005 Barcellona, vicino a Torre MAPFRE, Port Olímpic, Casino Barcelona e alla spiaggia della Barceloneta.","Siamo a Vila Olímpica, in Carrer de Salvador Espriu, 63, 08005 Barcellona, vicino a Torre MAPFRE, Port Olímpic, Casino Barcelona e alla spiaggia della Barceloneta.",SÍ,SÍ
SCOOTER,it,4,1005,Offrite la consegna gratuita dello scooter in hotel?,Offrite la consegna gratuita dello scooter in hotel?,"Sì. La consegna gratuita dello scooter in hotel è inclusa per noleggi di 3 o più giorni a Barcellona, previa conferma della disponibilità.","Sì. La consegna gratuita dello scooter in hotel è inclusa per noleggi di 3 o più giorni a Barcellona, previa conferma della disponibilità.",SÍ,SÍ
SCOOTER,it,5,1009,Posso lasciare bagagli o effetti personali in negozio durante il noleggio?,Posso lasciare bagagli o effetti personali in negozio durante il noleggio?,"Sì. Disponiamo di deposito gratuito per valigie, scarpe, giacche e zaini nel nostro negozio sorvegliato.","Sì. Disponiamo di deposito gratuito per valigie, scarpe, giacche e zaini nel nostro negozio sorvegliato.",SÍ,SÍ
SCOOTER,it,6,1013,Ho bisogno della patente per noleggiare uno scooter a Barcellona?,Ho bisogno della patente per noleggiare uno scooter a Barcellona?,"La patente necessaria dipende dal fatto che tu noleggi uno scooter 50cc o 125cc. Verifica che la tua patente sia valida per la categoria dello scooter prima di prenotare. Per gli scooter 125cc serve una patente B da almeno 3 anni, oppure la patente moto corrispondente.","La patente necessaria dipende dal fatto che tu noleggi uno scooter 50cc o 125cc. Verifica che la tua patente sia valida per la categoria dello scooter prima di prenotare. Per gli scooter 125cc serve una patente B da almeno 3 anni, oppure la patente moto corrispondente.",SÍ,SÍ
SCOOTER,it,7,1017,I noleggi scooter richiedono un deposito?,I noleggi scooter richiedono un deposito?,È possibile che venga richiesto un deposito rimborsabile in base alla categoria dello scooter e al veicolo. Porta un documento d’identità o passaporto e contattaci per maggiori dettagli.,È possibile che venga richiesto un deposito rimborsabile in base alla categoria dello scooter e al veicolo. Porta un documento d’identità o passaporto e contattaci per maggiori dettagli.,SÍ,SÍ
SCOOTER,it,8,1021,Caschi e protezioni sono inclusi nel prezzo?,Caschi e protezioni sono inclusi nel prezzo?,Sì. Il noleggio scooter include due caschi.,Sì. Il noleggio scooter include due caschi.,SÍ,SÍ
SCOOTER,it,9,1025,I turisti possono noleggiare uno scooter a Barcellona?,I turisti possono noleggiare uno scooter a Barcellona?,"Sì. Molti viaggiatori noleggiano nella nostra bottega vicino a Vila Olímpica e alla spiaggia della Barceloneta. Porta patente, documento d’identità o passaporto e contattaci se vuoi una conferma prima di venire.","Sì. Molti viaggiatori noleggiano nella nostra bottega vicino a Vila Olímpica e alla spiaggia della Barceloneta. Porta patente, documento d’identità o passaporto e contattaci se vuoi una conferma prima di venire.",SÍ,SÍ
SCOOTER,it,10,1029,Quali sono le migliori zone per usare uno scooter vicino al negozio?,Quali sono le migliori zone per usare uno scooter vicino al negozio?,"Vila Olímpica, Port Olímpic e la spiaggia della Barceloneta offrono alcuni dei migliori percorsi pianeggianti vicino al nostro negozio.","Vila Olímpica, Port Olímpic e la spiaggia della Barceloneta offrono alcuni dei migliori percorsi pianeggianti vicino al nostro negozio.",SÍ,SÍ
SCOOTER,it,11,1033,Quali metodi di pagamento accettate?,Quali metodi di pagamento accettate?,Accettiamo pagamenti con carta. PayPal è disponibile anche per i pagamenti online.,Accettiamo pagamenti con carta. PayPal è disponibile anche per i pagamenti online.,SÍ,SÍ
SCOOTER,de,1,1077,Sollte ich einen 50ccm- oder 125ccm-Scooter wählen?,Sollte ich einen 50ccm- oder 125ccm-Scooter wählen?,"Ein 50ccm-Scooter ist praktisch für Stadtfahrten. Ein 125ccm-Scooter ist besser für längere Strecken, Steigungen oder Fahrten mit Beifahrer geeignet. Lies vor der Buchung unseren 50cc vs 125cc Guide.","Ein 50ccm-Scooter ist praktisch für Stadtfahrten. Ein 125ccm-Scooter ist besser für längere Strecken, Steigungen oder Fahrten mit Beifahrer geeignet. Lies vor der Buchung unseren 50cc vs 125cc Guide.",SÍ,SÍ
SCOOTER,de,2,1083,Kann ich heute in Barcelona einen Scooter mieten?,Kann ich heute in Barcelona einen Scooter mieten?,"Eine Scooter-Miete am selben Tag kann je nach Verfügbarkeit möglich sein. Kontaktiere uns vor deinem Besuch über WhatsApp, um die Verfügbarkeit zu bestätigen.","Eine Scooter-Miete am selben Tag kann je nach Verfügbarkeit möglich sein. Kontaktiere uns vor deinem Besuch über WhatsApp, um die Verfügbarkeit zu bestätigen.",SÍ,SÍ
SCOOTER,de,3,1089,Wo befindet sich RSB Rental Scooter Barcelona?,Wo befindet sich RSB Rental Scooter Barcelona?,"Wir befinden uns in Vila Olímpica, in der Carrer de Salvador Espriu, 63, 08005 Barcelona, nahe Torre MAPFRE, Port Olímpic, Casino Barcelona und dem Strand von Barceloneta.","Wir befinden uns in Vila Olímpica, in der Carrer de Salvador Espriu, 63, 08005 Barcelona, nahe Torre MAPFRE, Port Olímpic, Casino Barcelona und dem Strand von Barceloneta.",SÍ,SÍ
SCOOTER,de,4,1095,Gibt es eine kostenlose Scooter-Hotellieferung?,Gibt es eine kostenlose Scooter-Hotellieferung?,"Ja. Die kostenlose Scooter-Lieferung zum Hotel ist bei Mietdauer von 3 Tagen oder mehr in Barcelona inklusive, vorbehaltlich bestätigter Verfügbarkeit.","Ja. Die kostenlose Scooter-Lieferung zum Hotel ist bei Mietdauer von 3 Tagen oder mehr in Barcelona inklusive, vorbehaltlich bestätigter Verfügbarkeit.",SÍ,SÍ
SCOOTER,de,5,1101,Kann ich mein Gepäck oder persönliche Gegenstände während der Miete im Geschäft lassen?,Kann ich mein Gepäck oder persönliche Gegenstände während der Miete im Geschäft lassen?,"Ja. In unserem beaufsichtigten Geschäft steht eine kostenlose Aufbewahrung für Gepäck, Schuhe, Jacken und Rucksäcke zur Verfügung.","Ja. In unserem beaufsichtigten Geschäft steht eine kostenlose Aufbewahrung für Gepäck, Schuhe, Jacken und Rucksäcke zur Verfügung.",SÍ,SÍ
SCOOTER,de,6,1107,"Brauche ich einen Führerschein, um in Barcelona einen Scooter zu mieten?","Brauche ich einen Führerschein, um in Barcelona einen Scooter zu mieten?","Der erforderliche Führerschein hängt davon ab, ob du einen 50ccm- oder 125ccm-Scooter mietest. Prüfe vor der Buchung, ob dein Führerschein für die Scooter-Kategorie gültig ist. Für 125ccm-Scooter benötigst du einen Führerschein der Klasse B seit mindestens 3 Jahren oder den entsprechenden Motorradführerschein.","Der erforderliche Führerschein hängt davon ab, ob du einen 50ccm- oder 125ccm-Scooter mietest. Prüfe vor der Buchung, ob dein Führerschein für die Scooter-Kategorie gültig ist. Für 125ccm-Scooter benötigst du einen Führerschein der Klasse B seit mindestens 3 Jahren oder den entsprechenden Motorradführerschein.",SÍ,SÍ
SCOOTER,de,7,1113,Erfordern Scooter-Mieten eine Kaution?,Erfordern Scooter-Mieten eine Kaution?,Je nach Scooter-Kategorie und Fahrzeug kann eine rückerstattbare Kaution erforderlich sein. Bring deinen Ausweis oder Reisepass mit und kontaktiere uns für weitere Details.,Je nach Scooter-Kategorie und Fahrzeug kann eine rückerstattbare Kaution erforderlich sein. Bring deinen Ausweis oder Reisepass mit und kontaktiere uns für weitere Details.,SÍ,SÍ
SCOOTER,de,8,1119,Sind Helme und Schutzausrüstung im Preis enthalten?,Sind Helme und Schutzausrüstung im Preis enthalten?,Ja. Die Scooter-Miete umfasst zwei Helme.,Ja. Die Scooter-Miete umfasst zwei Helme.,SÍ,SÍ
SCOOTER,de,9,1125,Können Touristen in Barcelona einen Scooter mieten?,Können Touristen in Barcelona einen Scooter mieten?,"Ja. Viele Reisende mieten in unserem Geschäft in der Nähe von Vila Olímpica und dem Strand von Barceloneta. Bring deinen Führerschein sowie deinen Ausweis oder Reisepass mit und kontaktiere uns, wenn du vorab eine Bestätigung wünschst.","Ja. Viele Reisende mieten in unserem Geschäft in der Nähe von Vila Olímpica und dem Strand von Barceloneta. Bring deinen Führerschein sowie deinen Ausweis oder Reisepass mit und kontaktiere uns, wenn du vorab eine Bestätigung wünschst.",SÍ,SÍ
SCOOTER,de,10,1131,"Welche sind die besten Gegenden, um einen Scooter in der Nähe des Geschäfts zu nutzen?","Welche sind die besten Gegenden, um einen Scooter in der Nähe des Geschäfts zu nutzen?","Vila Olímpica, Port Olímpic und der Strand von Barceloneta bieten einige der besten flachen Routen in der Nähe unseres Geschäfts.","Vila Olímpica, Port Olímpic und der Strand von Barceloneta bieten einige der besten flachen Routen in der Nähe unseres Geschäfts.",SÍ,SÍ
SCOOTER,de,11,1138,Welche Zahlungsmethoden kann ich verwenden?,Welche Zahlungsmethoden kann ich verwenden?,Wir akzeptieren Kartenzahlungen. PayPal ist auch für Online-Zahlungen verfügbar.,Wir akzeptieren Kartenzahlungen. PayPal ist auch für Online-Zahlungen verfügbar.,SÍ,SÍ
SCOOTER,nl,1,1086,Moet ik een 50cc- of 125cc-scooter kiezen?,Moet ik een 50cc- of 125cc-scooter kiezen?,"Een 50cc-scooter is praktisch voor stadsritten. Een 125cc-scooter is beter voor langere routes, heuvels of rijden met een passagier. Bekijk onze 50cc vs 125cc-gids voordat je boekt.","Een 50cc-scooter is praktisch voor stadsritten. Een 125cc-scooter is beter voor langere routes, heuvels of rijden met een passagier. Bekijk onze 50cc vs 125cc-gids voordat je boekt.",SÍ,SÍ
SCOOTER,nl,2,1092,Kan ik vandaag een scooter huren in Barcelona?,Kan ik vandaag een scooter huren in Barcelona?,Scooterhuur op dezelfde dag kan beschikbaar zijn afhankelijk van de voorraad. Neem contact met ons op via WhatsApp voordat je langskomt om de beschikbaarheid te bevestigen.,Scooterhuur op dezelfde dag kan beschikbaar zijn afhankelijk van de voorraad. Neem contact met ons op via WhatsApp voordat je langskomt om de beschikbaarheid te bevestigen.,SÍ,SÍ
SCOOTER,nl,3,1098,Waar bevindt RSB Rental Scooter Barcelona zich?,Waar bevindt RSB Rental Scooter Barcelona zich?,"We bevinden ons in Vila Olímpica, aan Carrer de Salvador Espriu, 63, 08005 Barcelona, vlak bij Torre MAPFRE, Port Olímpic, Casino Barcelona en het strand van Barceloneta.","We bevinden ons in Vila Olímpica, aan Carrer de Salvador Espriu, 63, 08005 Barcelona, vlak bij Torre MAPFRE, Port Olímpic, Casino Barcelona en het strand van Barceloneta.",SÍ,SÍ
SCOOTER,nl,4,1104,Bieden jullie gratis scooterbezorging bij het hotel aan?,Bieden jullie gratis scooterbezorging bij het hotel aan?,"Ja. Gratis scooterbezorging bij het hotel is inbegrepen bij huur van 3 dagen of langer in Barcelona, onder voorbehoud van bevestigde beschikbaarheid.","Ja. Gratis scooterbezorging bij het hotel is inbegrepen bij huur van 3 dagen of langer in Barcelona, onder voorbehoud van bevestigde beschikbaarheid.",SÍ,SÍ
SCOOTER,nl,5,1110,Kan ik mijn bagage of persoonlijke spullen in de winkel achterlaten tijdens de huur?,Kan ik mijn bagage of persoonlijke spullen in de winkel achterlaten tijdens de huur?,"Ja. Er is gratis opslag voor bagage, schoenen, jassen en rugzakken beschikbaar in onze bewaakte winkel.","Ja. Er is gratis opslag voor bagage, schoenen, jassen en rugzakken beschikbaar in onze bewaakte winkel.",SÍ,SÍ
SCOOTER,nl,6,1116,Heb ik een rijbewijs nodig om in Barcelona een scooter te huren?,Heb ik een rijbewijs nodig om in Barcelona een scooter te huren?,"Het benodigde rijbewijs hangt af van of je een 50cc- of 125cc-scooter huurt. Controleer vóór het boeken of je rijbewijs geldig is voor de scootercategorie. Voor 125cc-scooters heb je een rijbewijs B nodig dat je minstens 3 jaar hebt, of het overeenkomstige motorrijbewijs.","Het benodigde rijbewijs hangt af van of je een 50cc- of 125cc-scooter huurt. Controleer vóór het boeken of je rijbewijs geldig is voor de scootercategorie. Voor 125cc-scooters heb je een rijbewijs B nodig dat je minstens 3 jaar hebt, of het overeenkomstige motorrijbewijs.",SÍ,SÍ
SCOOTER,nl,7,1122,Is er een borg nodig voor scooterhuur?,Is er een borg nodig voor scooterhuur?,Er kan een terugbetaalbare borg gelden afhankelijk van de scootercategorie en het voertuig. Neem je ID of paspoort mee en neem contact met ons op voor meer details.,Er kan een terugbetaalbare borg gelden afhankelijk van de scootercategorie en het voertuig. Neem je ID of paspoort mee en neem contact met ons op voor meer details.,SÍ,SÍ
SCOOTER,nl,8,1128,Zijn helmen en beschermers inbegrepen in de prijs?,Zijn helmen en beschermers inbegrepen in de prijs?,Ja. Scooterverhuur omvat twee helmen.,Ja. Scooterverhuur omvat twee helmen.,SÍ,SÍ
SCOOTER,nl,9,1134,Kunnen toeristen een scooter huren in Barcelona?,Kunnen toeristen een scooter huren in Barcelona?,"Ja. Veel reizigers huren in onze winkel vlak bij Vila Olímpica en het strand van Barceloneta. Neem je rijbewijs, identiteitskaart of paspoort mee en neem contact op als je vooraf bevestiging wilt.","Ja. Veel reizigers huren in onze winkel vlak bij Vila Olímpica en het strand van Barceloneta. Neem je rijbewijs, identiteitskaart of paspoort mee en neem contact op als je vooraf bevestiging wilt.",SÍ,SÍ
SCOOTER,nl,10,1140,Wat zijn de beste gebieden om een scooter te gebruiken in de buurt van de winkel?,Wat zijn de beste gebieden om een scooter te gebruiken in de buurt van de winkel?,"Vila Olímpica, Port Olímpic en het strand van Barceloneta bieden enkele van de beste vlakke routes in de buurt van onze winkel.","Vila Olímpica, Port Olímpic en het strand van Barceloneta bieden enkele van de beste vlakke routes in de buurt van onze winkel.",SÍ,SÍ
SCOOTER,nl,11,1147,Welke betaalmethoden accepteren jullie?,Welke betaalmethoden accepteren jullie?,We accepteren kaartbetalingen. PayPal is ook beschikbaar voor online betalingen.,We accepteren kaartbetalingen. PayPal is ook beschikbaar voor online betalingen.,SÍ,SÍ
SCOOTER,pt,1,1060,Devo escolher uma scooter de 50cc ou 125cc?,Devo escolher uma scooter de 50cc ou 125cc?,"Uma scooter de 50cc é prática para percursos urbanos. Uma scooter de 125cc é melhor para trajetos mais longos, subidas ou viagens com passageiro. Consulta o nosso guia 50cc vs 125cc antes de reservar.","Uma scooter de 50cc é prática para percursos urbanos. Uma scooter de 125cc é melhor para trajetos mais longos, subidas ou viagens com passageiro. Consulta o nosso guia 50cc vs 125cc antes de reservar.",SÍ,SÍ
SCOOTER,pt,2,1064,Posso alugar uma scooter em Barcelona hoje?,Posso alugar uma scooter em Barcelona hoje?,O aluguer de scooter no próprio dia pode estar disponível conforme o stock. Contacta-nos por WhatsApp antes de vir para confirmar a disponibilidade.,O aluguer de scooter no próprio dia pode estar disponível conforme o stock. Contacta-nos por WhatsApp antes de vir para confirmar a disponibilidade.,SÍ,SÍ
SCOOTER,pt,3,1068,Onde fica a RSB Rental Scooter Barcelona?,Onde fica a RSB Rental Scooter Barcelona?,"Estamos em Vila Olímpica, na Carrer de Salvador Espriu, 63, 08005 Barcelona, perto da Torre MAPFRE, Port Olímpic, Casino Barcelona e da praia da Barceloneta.","Estamos em Vila Olímpica, na Carrer de Salvador Espriu, 63, 08005 Barcelona, perto da Torre MAPFRE, Port Olímpic, Casino Barcelona e da praia da Barceloneta.",SÍ,SÍ
SCOOTER,pt,4,1072,Oferecem entrega gratuita do scooter no hotel?,Oferecem entrega gratuita do scooter no hotel?,"Sim. A entrega gratuita da scooter no hotel está incluída para alugueres de 3 ou mais dias em Barcelona, sujeita a confirmação de disponibilidade.","Sim. A entrega gratuita da scooter no hotel está incluída para alugueres de 3 ou mais dias em Barcelona, sujeita a confirmação de disponibilidade.",SÍ,SÍ
SCOOTER,pt,5,1076,Posso deixar a minha bagagem ou objetos pessoais na loja durante o aluguer?,Posso deixar a minha bagagem ou objetos pessoais na loja durante o aluguer?,"Dispomos de um serviço gratuito de guarda de bagagem para malas, sapatos, casacos e mochilas na nossa loja supervisionada.","Dispomos de um serviço gratuito de guarda de bagagem para malas, sapatos, casacos e mochilas na nossa loja supervisionada.",SÍ,SÍ
SCOOTER,pt,6,1080,Preciso de carta de condução para alugar um scooter em Barcelona?,Preciso de carta de condução para alugar um scooter em Barcelona?,"A carta de condução necessária depende de alugar uma scooter de 50cc ou 125cc. Verifica se a tua carta é válida para a categoria da scooter antes de reservar. Para scooters de 125cc, precisas de carta de condução categoria B há pelo menos 3 anos, ou da carta de mota correspondente.","A carta de condução necessária depende de alugar uma scooter de 50cc ou 125cc. Verifica se a tua carta é válida para a categoria da scooter antes de reservar. Para scooters de 125cc, precisas de carta de condução categoria B há pelo menos 3 anos, ou da carta de mota correspondente.",SÍ,SÍ
SCOOTER,pt,7,1084,Os alugueres de scooter exigem depósito?,Os alugueres de scooter exigem depósito?,Pode aplicar-se uma caução reembolsável conforme a categoria da scooter e o veículo. Traz o teu documento de identificação ou passaporte e contacta-nos para mais detalhes.,Pode aplicar-se uma caução reembolsável conforme a categoria da scooter e o veículo. Traz o teu documento de identificação ou passaporte e contacta-nos para mais detalhes.,SÍ,SÍ
SCOOTER,pt,8,1088,Os capacetes e as proteções estão incluídos no preço?,Os capacetes e as proteções estão incluídos no preço?,Sim. O aluguer de scooter inclui dois capacetes.,Sim. O aluguer de scooter inclui dois capacetes.,SÍ,SÍ
SCOOTER,pt,9,1092,Os turistas podem alugar um scooter em Barcelona?,Os turistas podem alugar um scooter em Barcelona?,"Sim. Muitos viajantes alugam na nossa loja perto de Vila Olímpica e da praia da Barceloneta. Traz a tua carta, documento de identificação ou passaporte e contacta-nos se quiseres confirmação antes de vir.","Sim. Muitos viajantes alugam na nossa loja perto de Vila Olímpica e da praia da Barceloneta. Traz a tua carta, documento de identificação ou passaporte e contacta-nos se quiseres confirmação antes de vir.",SÍ,SÍ
SCOOTER,pt,10,1096,Quais são as melhores zonas para usar um scooter perto da loja?,Quais são as melhores zonas para usar um scooter perto da loja?,"Vila Olímpica, Port Olímpic e a praia da Barceloneta oferecem algumas das melhores rotas planas perto da nossa loja.","Vila Olímpica, Port Olímpic e a praia da Barceloneta oferecem algumas das melhores rotas planas perto da nossa loja.",SÍ,SÍ
SCOOTER,pt,11,1100,É possível devolver o scooter fora do horário?,É possível devolver o scooter fora do horário?,Sim. As devoluções do scooter fora do horário são possíveis. Contacta-nos com antecedência.,Sim. As devoluções do scooter fora do horário são possíveis. Contacta-nos com antecedência.,SÍ,SÍ
SCOOTER,pt,12,1104,Que métodos de pagamento aceitam?,Que métodos de pagamento aceitam?,Aceitamos pagamentos com cartão. O PayPal também está disponível para pagamentos online.,Aceitamos pagamentos com cartão. O PayPal também está disponível para pagamentos online.,SÍ,SÍ
SCOOTER,ca,1,1036,Em convé un scooter de 50cc o de 125cc?,Em convé un scooter de 50cc o de 125cc?,"Un scooter de 50cc és pràctic per a rutes urbanes. Un scooter de 125cc és millor per a rutes més llargues, pujades o si hi viatgen dues persones. Consulta la nostra guia 50cc vs 125cc abans de reservar.","Un scooter de 50cc és pràctic per a rutes urbanes. Un scooter de 125cc és millor per a rutes més llargues, pujades o si hi viatgen dues persones. Consulta la nostra guia 50cc vs 125cc abans de reservar.",SÍ,SÍ
SCOOTER,ca,2,1040,Puc llogar un scooter avui a Barcelona?,Puc llogar un scooter avui a Barcelona?,Pot haver-hi lloguer de scooter el mateix dia segons disponibilitat. Escriu-nos per WhatsApp abans de venir per confirmar-ho.,Pot haver-hi lloguer de scooter el mateix dia segons disponibilitat. Escriu-nos per WhatsApp abans de venir per confirmar-ho.,SÍ,SÍ
SCOOTER,ca,3,1044,On és RSB Rental Scooter Barcelona?,On és RSB Rental Scooter Barcelona?,"Som a Vila Olímpica, al Carrer de Salvador Espriu, 63, 08005 Barcelona, a prop de Torre MAPFRE, Port Olímpic, Casino Barcelona i la platja de la Barceloneta.","Som a Vila Olímpica, al Carrer de Salvador Espriu, 63, 08005 Barcelona, a prop de Torre MAPFRE, Port Olímpic, Casino Barcelona i la platja de la Barceloneta.",SÍ,SÍ
SCOOTER,ca,4,1048,Oferiu el lliurament gratuït del scooter a l’hotel?,Oferiu el lliurament gratuït del scooter a l’hotel?,"Sí. El lliurament gratuït del scooter a l’hotel està inclòs per a lloguers de 3 dies o més a Barcelona, subjecte a confirmació de disponibilitat.","Sí. El lliurament gratuït del scooter a l’hotel està inclòs per a lloguers de 3 dies o més a Barcelona, subjecte a confirmació de disponibilitat.",SÍ,SÍ
SCOOTER,ca,5,1052,Puc deixar l’equipatge o els meus objectes personals a la botiga durant el lloguer?,Puc deixar l’equipatge o els meus objectes personals a la botiga durant el lloguer?,"Disposem d’un servei gratuït de guarda d’equipatge per a maletes, sabates, jaquetes i motxilles a la nostra botiga supervisada.","Disposem d’un servei gratuït de guarda d’equipatge per a maletes, sabates, jaquetes i motxilles a la nostra botiga supervisada.",SÍ,SÍ
SCOOTER,ca,6,1056,Necessito carnet de conduir per llogar un scooter a Barcelona?,Necessito carnet de conduir per llogar un scooter a Barcelona?,"El carnet necessari depèn de si llogues un scooter de 50cc o de 125cc. Comprova que el teu permís sigui vàlid per a la categoria del scooter abans de reservar. Per a scooters de 125cc, necessites un carnet tipus B amb almenys 3 anys d’antiguitat, o el permís de moto corresponent.","El carnet necessari depèn de si llogues un scooter de 50cc o de 125cc. Comprova que el teu permís sigui vàlid per a la categoria del scooter abans de reservar. Per a scooters de 125cc, necessites un carnet tipus B amb almenys 3 anys d’antiguitat, o el permís de moto corresponent.",SÍ,SÍ
SCOOTER,ca,7,1060,Els lloguers de scooter requereixen dipòsit?,Els lloguers de scooter requereixen dipòsit?,Pot aplicar-se un dipòsit reemborsable segons la categoria del scooter i el vehicle. Porta el DNI o passaport i contacta’ns per a més detalls.,Pot aplicar-se un dipòsit reemborsable segons la categoria del scooter i el vehicle. Porta el DNI o passaport i contacta’ns per a més detalls.,SÍ,SÍ
SCOOTER,ca,8,1064,Estan inclosos els cascs i les proteccions en el preu?,Estan inclosos els cascs i les proteccions en el preu?,Sí. El lloguer de scooter inclou dos cascs.,Sí. El lloguer de scooter inclou dos cascs.,SÍ,SÍ
SCOOTER,ca,9,1068,Els turistes poden llogar un scooter a Barcelona?,Els turistes poden llogar un scooter a Barcelona?,"Sí. Molts viatgers lloguen a la nostra botiga a prop de Vila Olímpica i la platja de la Barceloneta. Porta el teu carnet, DNI o passaport i contacta’ns si vols confirmació abans de venir.","Sí. Molts viatgers lloguen a la nostra botiga a prop de Vila Olímpica i la platja de la Barceloneta. Porta el teu carnet, DNI o passaport i contacta’ns si vols confirmació abans de venir.",SÍ,SÍ
SCOOTER,ca,10,1072,Quines són les millors zones per fer servir un scooter a prop de la botiga?,Quines són les millors zones per fer servir un scooter a prop de la botiga?,"Vila Olímpica, Port Olímpic i la platja de la Barceloneta ofereixen algunes de les millors rutes planes a prop de la nostra botiga.","Vila Olímpica, Port Olímpic i la platja de la Barceloneta ofereixen algunes de les millors rutes planes a prop de la nostra botiga.",SÍ,SÍ
SCOOTER,ca,11,1076,Quins mètodes de pagament accepteu?,Quins mètodes de pagament accepteu?,Acceptem pagaments amb targeta. PayPal també està disponible per a pagaments en línia.,Acceptem pagaments amb targeta. PayPal també està disponible per a pagaments en línia.,SÍ,SÍ
SCOOTER,sv,1,1049,Ska jag välja en 50cc- eller 125cc-scooter?,Ska jag välja en 50cc- eller 125cc-scooter?,"En 50cc-scooter är praktisk för stadskörning. En 125cc-scooter passar bättre för längre sträckor, backar eller körning med passagerare. Läs vår guide om 50cc eller 125cc innan du bokar.","En 50cc-scooter är praktisk för stadskörning. En 125cc-scooter passar bättre för längre sträckor, backar eller körning med passagerare. Läs vår guide om 50cc eller 125cc innan du bokar.",SÍ,SÍ
SCOOTER,sv,2,1053,Kan jag hyra en scooter i Barcelona idag?,Kan jag hyra en scooter i Barcelona idag?,Scooteruthyrning samma dag kan vara tillgänglig beroende på lager. Kontakta oss på WhatsApp innan du kommer för att bekräfta tillgänglighet.,Scooteruthyrning samma dag kan vara tillgänglig beroende på lager. Kontakta oss på WhatsApp innan du kommer för att bekräfta tillgänglighet.,SÍ,SÍ
SCOOTER,sv,3,1057,Var ligger RSB Rental Scooter Barcelona?,Var ligger RSB Rental Scooter Barcelona?,"Vi finns i Vila Olímpica, på Carrer de Salvador Espriu, 63, 08005 Barcelona, nära Torre MAPFRE, Port Olímpic, Casino Barcelona och Barcelonetas strand.","Vi finns i Vila Olímpica, på Carrer de Salvador Espriu, 63, 08005 Barcelona, nära Torre MAPFRE, Port Olímpic, Casino Barcelona och Barcelonetas strand.",SÍ,SÍ
SCOOTER,sv,4,1061,Erbjuder ni gratis hotellleverans av scooter?,Erbjuder ni gratis hotellleverans av scooter?,"Ja. Gratis leverans av scootern till hotell ingår för uthyrningar på 3 dagar eller mer i Barcelona, med förbehåll för bekräftad tillgänglighet.","Ja. Gratis leverans av scootern till hotell ingår för uthyrningar på 3 dagar eller mer i Barcelona, med förbehåll för bekräftad tillgänglighet.",SÍ,SÍ
SCOOTER,sv,5,1065,Kan jag lämna bagage eller personliga saker i butiken under hyran?,Kan jag lämna bagage eller personliga saker i butiken under hyran?,"Gratis förvaring för bagage, skor, jackor och ryggsäckar finns i vår övervakade butik.","Gratis förvaring för bagage, skor, jackor och ryggsäckar finns i vår övervakade butik.",SÍ,SÍ
SCOOTER,sv,6,1069,Behöver jag körkort för att hyra en scooter i Barcelona?,Behöver jag körkort för att hyra en scooter i Barcelona?,"Vilket körkort som krävs beror på om du hyr en 50cc- eller 125cc-scooter. Kontrollera att ditt körkort gäller för scooterns kategori innan du bokar. För 125cc-scootrar behöver du B-körkort sedan minst 3 år, eller motsvarande motorcykelkörkort.","Vilket körkort som krävs beror på om du hyr en 50cc- eller 125cc-scooter. Kontrollera att ditt körkort gäller för scooterns kategori innan du bokar. För 125cc-scootrar behöver du B-körkort sedan minst 3 år, eller motsvarande motorcykelkörkort.",SÍ,SÍ
SCOOTER,sv,7,1073,Kräver scooterhyror deposition?,Kräver scooterhyror deposition?,En återbetalningsbar deposition kan krävas beroende på scooterns kategori och fordonet. Ta med ID eller pass och kontakta oss för mer information.,En återbetalningsbar deposition kan krävas beroende på scooterns kategori och fordonet. Ta med ID eller pass och kontakta oss för mer information.,SÍ,SÍ
SCOOTER,sv,8,1077,Ingår hjälmar och skydd i priset?,Ingår hjälmar och skydd i priset?,Ja. Scooteruthyrning inkluderar två hjälmar.,Ja. Scooteruthyrning inkluderar två hjälmar.,SÍ,SÍ
SCOOTER,sv,9,1081,Kan turister hyra en scooter i Barcelona?,Kan turister hyra en scooter i Barcelona?,"Ja. Många resenärer hyr i vår butik nära Vila Olímpica och stranden Barceloneta. Ta med körkort, ID-kort eller pass och kontakta oss om du vill ha en bekräftelse innan du kommer.","Ja. Många resenärer hyr i vår butik nära Vila Olímpica och stranden Barceloneta. Ta med körkort, ID-kort eller pass och kontakta oss om du vill ha en bekräftelse innan du kommer.",SÍ,SÍ
SCOOTER,sv,10,1085,Vilka är de bästa områdena för att köra scooter nära butiken?,Vilka är de bästa områdena för att köra scooter nära butiken?,"Vila Olímpica, Port Olímpic och Barcelonetas strand erbjuder några av de bästa platta rutterna nära vår butik.","Vila Olímpica, Port Olímpic och Barcelonetas strand erbjuder några av de bästa platta rutterna nära vår butik.",SÍ,SÍ
SCOOTER,sv,11,1090,Vilka betalningsmetoder accepterar ni?,Vilka betalningsmetoder accepterar ni?,Vi accepterar kortbetalningar. PayPal är också tillgängligt för onlinebetalningar.,Vi accepterar kortbetalningar. PayPal är också tillgängligt för onlinebetalningar.,SÍ,SÍ
SCOOTER,pl,1,1103,Czy wybrać skuter 50cc czy 125cc?,Czy wybrać skuter 50cc czy 125cc?,"Skuter 50cc sprawdza się na trasach miejskich. Skuter 125cc jest lepszy na dłuższe trasy, podjazdy lub jazdę z pasażerem. Przed rezerwacją sprawdź nasz przewodnik 50cc vs 125cc.","Skuter 50cc sprawdza się na trasach miejskich. Skuter 125cc jest lepszy na dłuższe trasy, podjazdy lub jazdę z pasażerem. Przed rezerwacją sprawdź nasz przewodnik 50cc vs 125cc.",SÍ,SÍ
SCOOTER,pl,2,1107,Czy mogę wynająć skuter w Barcelonie dzisiaj?,Czy mogę wynająć skuter w Barcelonie dzisiaj?,"Wynajem skutera tego samego dnia może być dostępny w zależności od stanu floty. Skontaktuj się z nami przez WhatsApp przed przyjazdem, aby potwierdzić dostępność.","Wynajem skutera tego samego dnia może być dostępny w zależności od stanu floty. Skontaktuj się z nami przez WhatsApp przed przyjazdem, aby potwierdzić dostępność.",SÍ,SÍ
SCOOTER,pl,3,1111,Gdzie znajduje się RSB Rental Scooter Barcelona?,Gdzie znajduje się RSB Rental Scooter Barcelona?,"Jesteśmy w Vila Olímpica, przy Carrer de Salvador Espriu, 63, 08005 Barcelona, naprzeciwko plaży i obok Port Olímpic.","Jesteśmy w Vila Olímpica, przy Carrer de Salvador Espriu, 63, 08005 Barcelona, naprzeciwko plaży i obok Port Olímpic.",SÍ,SÍ
SCOOTER,pl,4,1115,Czy oferujecie darmową dostawę skutera do hotelu?,Czy oferujecie darmową dostawę skutera do hotelu?,"Tak. Bezpłatna dostawa skutera do hotelu jest wliczona przy wynajmie na 3 dni lub dłużej w Barcelonie, pod warunkiem potwierdzenia dostępności.","Tak. Bezpłatna dostawa skutera do hotelu jest wliczona przy wynajmie na 3 dni lub dłużej w Barcelonie, pod warunkiem potwierdzenia dostępności.",SÍ,SÍ
SCOOTER,pl,5,1119,Czy mogę zostawić bagaż lub rzeczy osobiste w wypożyczalni podczas wynajmu?,Czy mogę zostawić bagaż lub rzeczy osobiste w wypożyczalni podczas wynajmu?,"Tak. Darmowe przechowanie bagażu, butów, kurtek i plecaków jest dostępne w naszej nadzorowanej wypożyczalni.","Tak. Darmowe przechowanie bagażu, butów, kurtek i plecaków jest dostępne w naszej nadzorowanej wypożyczalni.",SÍ,SÍ
SCOOTER,pl,6,1123,"Czy potrzebuję prawa jazdy, aby wynająć skuter w Barcelonie?","Czy potrzebuję prawa jazdy, aby wynająć skuter w Barcelonie?","Wymagane prawo jazdy zależy od tego, czy wynajmujesz skuter 50cc czy 125cc. Przed rezerwacją sprawdź, czy Twoje prawo jazdy jest ważne dla danej kategorii skutera. W przypadku skuterów 125cc potrzebne jest prawo jazdy kategorii B posiadane od co najmniej 3 lat albo odpowiednie prawo jazdy na motocykl.","Wymagane prawo jazdy zależy od tego, czy wynajmujesz skuter 50cc czy 125cc. Przed rezerwacją sprawdź, czy Twoje prawo jazdy jest ważne dla danej kategorii skutera. W przypadku skuterów 125cc potrzebne jest prawo jazdy kategorii B posiadane od co najmniej 3 lat albo odpowiednie prawo jazdy na motocykl.",SÍ,SÍ
SCOOTER,pl,7,1127,Czy wynajem skutera wymaga kaucji?,Czy wynajem skutera wymaga kaucji?,"Może obowiązywać zwrotna kaucja w zależności od kategorii skutera i pojazdu. Zabierz dowód osobisty lub paszport i skontaktuj się z nami, aby uzyskać więcej informacji.","Może obowiązywać zwrotna kaucja w zależności od kategorii skutera i pojazdu. Zabierz dowód osobisty lub paszport i skontaktuj się z nami, aby uzyskać więcej informacji.",SÍ,SÍ
SCOOTER,pl,8,1131,Czy kaski i ochraniacze są wliczone w cenę?,Czy kaski i ochraniacze są wliczone w cenę?,Tak. Wynajem skutera obejmuje dwa kaski.,Tak. Wynajem skutera obejmuje dwa kaski.,SÍ,SÍ
SCOOTER,pl,9,1135,Czy turyści mogą wynająć skuter w Barcelonie?,Czy turyści mogą wynająć skuter w Barcelonie?,"Tak. Wielu podróżnych wynajmuje w naszej wypożyczalni blisko Vila Olímpica i plaży Barceloneta. Weź prawo jazdy, dokument tożsamości lub paszport i skontaktuj się z nami, jeśli chcesz potwierdzić szczegóły przed wizytą.","Tak. Wielu podróżnych wynajmuje w naszej wypożyczalni blisko Vila Olímpica i plaży Barceloneta. Weź prawo jazdy, dokument tożsamości lub paszport i skontaktuj się z nami, jeśli chcesz potwierdzić szczegóły przed wizytą.",SÍ,SÍ
SCOOTER,pl,10,1139,Gdzie najlepiej jeździć skuterem blisko wypożyczalni?,Gdzie najlepiej jeździć skuterem blisko wypożyczalni?,"Vila Olímpica, Port Olímpic i plaża Barceloneta oferują jedne z najlepszych płaskich tras blisko naszej wypożyczalni.","Vila Olímpica, Port Olímpic i plaża Barceloneta oferują jedne z najlepszych płaskich tras blisko naszej wypożyczalni.",SÍ,SÍ
SCOOTER,pl,11,1144,Jakie metody płatności akceptujecie?,Jakie metody płatności akceptujecie?,Akceptujemy płatności kartą. PayPal jest również dostępny przy płatnościach online.,Akceptujemy płatności kartą. PayPal jest również dostępny przy płatnościach online.,SÍ,SÍ
ROLLERBLADES,en,1,1068,Do I need experience to rent inline skates?,Do I need experience to rent inline skates?,"No, you don’t need any previous experience. We provide comfortable skates for beginners and experienced skaters, as well as practical route guidance and rental advice.","No, you don’t need any previous experience. We provide comfortable skates for beginners and experienced skaters, as well as practical route guidance and rental advice.",SÍ,SÍ
ROLLERBLADES,en,2,1072,Is protective gear included with the rental?,Is protective gear included with the rental?,"Yes. Children's helmet, wrist guards, knee pads and elbow pads are included with every inline skates rental at no extra cost.","Yes. Children's helmet, wrist guards, knee pads and elbow pads are included with every inline skates rental at no extra cost.",SÍ,SÍ
ROLLERBLADES,en,3,1076,Where can I rollerblade near the shop?,Where can I rollerblade near the shop?,Our rental shop is just steps from the seafront promenade and Port Olímpic. The flat coastal paths and Ciutadella Park offer great routes for rollerblading near our store.,Our rental shop is just steps from the seafront promenade and Port Olímpic. The flat coastal paths and Ciutadella Park offer great routes for rollerblading near our store.,SÍ,SÍ
ROLLERBLADES,en,4,1080,Can children rent inline skates?,Can children rent inline skates?,"Yes. We have a full range of sizes for kids, teenagers and adults. Our staff help you choose the right size and recommend safe family routes.","Yes. We have a full range of sizes for kids, teenagers and adults. Our staff help you choose the right size and recommend safe family routes.",SÍ,SÍ
ROLLERBLADES,en,5,1084,What sizes are available?,What sizes are available?,"We stock EU sizes 30–47, covering toddlers to adults. You can try different sizes at the shop to find the perfect fit.","We stock EU sizes 30–47, covering toddlers to adults. You can try different sizes at the shop to find the perfect fit.",SÍ,SÍ
ROLLERBLADES,en,6,1088,Do I need a licence to rent inline skates?,Do I need a licence to rent inline skates?,No driving licence is needed. Inline skates are a non-motorised activity so anyone can rent them with a valid ID.,No driving licence is needed. Inline skates are a non-motorised activity so anyone can rent them with a valid ID.,SÍ,SÍ
ROLLERBLADES,en,7,1092,Do I need to leave a deposit to rent inline skates?,Do I need to leave a deposit to rent inline skates?,No. Inline skate rentals do not require a security deposit. A valid ID document is required for the rental.,No. Inline skate rentals do not require a security deposit. A valid ID document is required for the rental.,SÍ,SÍ
ROLLERBLADES,en,8,1096,Can I store my shoes or luggage at the shop?,Can I store my shoes or luggage at the shop?,"Yes. Free storage for shoes, jackets, handbags, backpacks and suitcases is available in our supervised shop during your rental.","Yes. Free storage for shoes, jackets, handbags, backpacks and suitcases is available in our supervised shop during your rental.",SÍ,SÍ
ROLLERBLADES,en,9,1100,How do I book or contact you?,How do I book or contact you?,"You can book via WhatsApp, email or phone. Find all contact details on our website and feel free to ask if you have any questions about sizes or availability.","You can book via WhatsApp, email or phone. Find all contact details on our website and feel free to ask if you have any questions about sizes or availability.",SÍ,SÍ
ROLLERBLADES,es,1,1030,¿Necesito experiencia para alquilar patines en línea?,¿Necesito experiencia para alquilar patines en línea?,"No, no necesitas experiencia previa. Ofrecemos patines cómodos tanto para principiantes como para patinadores con experiencia, además de instrucciones básicas para empezar.","No, no necesitas experiencia previa. Ofrecemos patines cómodos tanto para principiantes como para patinadores con experiencia, además de instrucciones básicas para empezar.",SÍ,SÍ
ROLLERBLADES,es,2,1034,¿Están incluidas las protecciones en el alquiler?,¿Están incluidas las protecciones en el alquiler?,"Sí. El casco infantil, las muñequeras, las rodilleras y las coderas están incluidos con cada alquiler de patines en línea.","Sí. El casco infantil, las muñequeras, las rodilleras y las coderas están incluidos con cada alquiler de patines en línea.",SÍ,SÍ
ROLLERBLADES,es,3,1038,¿Dónde puedo patinar cerca de la tienda?,¿Dónde puedo patinar cerca de la tienda?,Nuestra tienda de alquiler está a pocos pasos del paseo marítimo y de Port Olímpic. Los caminos costeros llanos y el Parc de la Ciutadella ofrecen rutas muy buenas para patinar cerca de nuestra tienda.,Nuestra tienda de alquiler está a pocos pasos del paseo marítimo y de Port Olímpic. Los caminos costeros llanos y el Parc de la Ciutadella ofrecen rutas muy buenas para patinar cerca de nuestra tienda.,SÍ,SÍ
ROLLERBLADES,es,4,1042,¿Pueden alquilar patines en línea los niños?,¿Pueden alquilar patines en línea los niños?,"Sí. Tenemos una gama completa de tallas para niños, adolescentes y adultos. Nuestro personal te ayuda a elegir la talla adecuada y recomienda rutas seguras para familias.","Sí. Tenemos una gama completa de tallas para niños, adolescentes y adultos. Nuestro personal te ayuda a elegir la talla adecuada y recomienda rutas seguras para familias.",SÍ,SÍ
ROLLERBLADES,es,5,1046,¿Qué tallas hay disponibles?,¿Qué tallas hay disponibles?,"Disponemos de tallas de la UE 30 a 47, desde niños pequeños hasta adultos. Puedes probar distintas tallas en la tienda para encontrar el ajuste perfecto.","Disponemos de tallas de la UE 30 a 47, desde niños pequeños hasta adultos. Puedes probar distintas tallas en la tienda para encontrar el ajuste perfecto.",SÍ,SÍ
ROLLERBLADES,es,6,1050,¿Necesito licencia para alquilar patines en línea?,¿Necesito licencia para alquilar patines en línea?,"No se necesita licencia de conducir. Los patines en línea son una actividad no motorizada, así que cualquiera puede alquilarlos con un documento de identidad válido.","No se necesita licencia de conducir. Los patines en línea son una actividad no motorizada, así que cualquiera puede alquilarlos con un documento de identidad válido.",SÍ,SÍ
ROLLERBLADES,es,7,1054,¿Tengo que dejar un depósito para alquilar patines en línea?,¿Tengo que dejar un depósito para alquilar patines en línea?,No. El alquiler de patines en línea no requiere depósito de seguridad. Se necesita un documento de identidad válido para el alquiler.,No. El alquiler de patines en línea no requiere depósito de seguridad. Se necesita un documento de identidad válido para el alquiler.,SÍ,SÍ
ROLLERBLADES,es,8,1058,¿Puedo guardar mis zapatos o equipaje en la tienda?,¿Puedo guardar mis zapatos o equipaje en la tienda?,"Sí. Durante tu alquiler ofrecemos consigna gratuita para zapatos, chaquetas, bolsos, mochilas y maletas en nuestra tienda supervisada.","Sí. Durante tu alquiler ofrecemos consigna gratuita para zapatos, chaquetas, bolsos, mochilas y maletas en nuestra tienda supervisada.",SÍ,SÍ
ROLLERBLADES,es,9,1062,¿Cómo puedo reservar o contactar con vosotros?,¿Cómo puedo reservar o contactar con vosotros?,"Puedes reservar por WhatsApp, email o teléfono. Encontrarás todos los datos de contacto en nuestra web y puedes preguntar cualquier duda sobre tallas o disponibilidad.","Puedes reservar por WhatsApp, email o teléfono. Encontrarás todos los datos de contacto en nuestra web y puedes preguntar cualquier duda sobre tallas o disponibilidad.",SÍ,SÍ
ROLLERBLADES,fr,1,969,Faut-il avoir de l’expérience pour louer des rollers en ligne ?,Faut-il avoir de l’expérience pour louer des rollers en ligne ?,"Non, vous n’avez pas besoin d’expérience préalable. Nous proposons des rollers confortables aussi bien pour les débutants que pour les patineurs expérimentés, ainsi que des instructions de base pour commencer.","Non, vous n’avez pas besoin d’expérience préalable. Nous proposons des rollers confortables aussi bien pour les débutants que pour les patineurs expérimentés, ainsi que des instructions de base pour commencer.",SÍ,SÍ
ROLLERBLADES,fr,2,973,Les protections sont-elles incluses dans la location ?,Les protections sont-elles incluses dans la location ?,"Oui. Un casque pour enfant, des protège-poignets, des genouillères et des coudières sont inclus avec chaque location de rollers en ligne.","Oui. Un casque pour enfant, des protège-poignets, des genouillères et des coudières sont inclus avec chaque location de rollers en ligne.",SÍ,SÍ
ROLLERBLADES,fr,3,977,Où peut-on patiner près de la boutique ?,Où peut-on patiner près de la boutique ?,Notre boutique de location se trouve face à la plage et à côté du Port Olímpic. Les chemins côtiers plats et le parc de la Ciutadella offrent de très bons parcours pour patiner près de notre boutique.,Notre boutique de location se trouve face à la plage et à côté du Port Olímpic. Les chemins côtiers plats et le parc de la Ciutadella offrent de très bons parcours pour patiner près de notre boutique.,SÍ,SÍ
ROLLERBLADES,fr,4,981,Les enfants peuvent-ils louer des rollers en ligne ?,Les enfants peuvent-ils louer des rollers en ligne ?,"Oui. Nous avons une gamme complète de pointures pour enfants, adolescents et adultes. Notre équipe vous aide à choisir la bonne taille et recommande des itinéraires sûrs pour les familles.","Oui. Nous avons une gamme complète de pointures pour enfants, adolescents et adultes. Notre équipe vous aide à choisir la bonne taille et recommande des itinéraires sûrs pour les familles.",SÍ,SÍ
ROLLERBLADES,fr,5,985,Quelles pointures sont disponibles ?,Quelles pointures sont disponibles ?,"Nous avons des pointures UE 30 à 47, des tout-petits aux adultes. Vous pouvez essayer différentes tailles en boutique pour trouver l’ajustement parfait.","Nous avons des pointures UE 30 à 47, des tout-petits aux adultes. Vous pouvez essayer différentes tailles en boutique pour trouver l’ajustement parfait.",SÍ,SÍ
ROLLERBLADES,fr,6,989,Ai-je besoin d’un permis pour louer des rollers en ligne ?,Ai-je besoin d’un permis pour louer des rollers en ligne ?,"Aucun permis de conduire n’est nécessaire. Les rollers en ligne sont une activité non motorisée, donc toute personne peut en louer avec une pièce d’identité valide.","Aucun permis de conduire n’est nécessaire. Les rollers en ligne sont une activité non motorisée, donc toute personne peut en louer avec une pièce d’identité valide.",SÍ,SÍ
ROLLERBLADES,fr,7,993,Dois-je laisser une caution pour louer des rollers en ligne ?,Dois-je laisser une caution pour louer des rollers en ligne ?,Non. La location de rollers en ligne ne nécessite pas de dépôt de garantie. Une pièce d’identité valide est requise pour la location.,Non. La location de rollers en ligne ne nécessite pas de dépôt de garantie. Une pièce d’identité valide est requise pour la location.,SÍ,SÍ
ROLLERBLADES,fr,8,997,Puis-je laisser mes chaussures ou mes bagages à la boutique ?,Puis-je laisser mes chaussures ou mes bagages à la boutique ?,"Oui. Pendant votre location, nous proposons une consigne gratuite pour chaussures, vestes, sacs à main, sacs à dos et valises dans notre boutique surveillée.","Oui. Pendant votre location, nous proposons une consigne gratuite pour chaussures, vestes, sacs à main, sacs à dos et valises dans notre boutique surveillée.",SÍ,SÍ
ROLLERBLADES,fr,9,1001,Comment puis-je réserver ou vous contacter ?,Comment puis-je réserver ou vous contacter ?,"Vous pouvez réserver via WhatsApp, e-mail ou téléphone. Vous trouverez toutes les coordonnées sur notre site web et pouvez poser toute question sur les pointures ou la disponibilité.","Vous pouvez réserver via WhatsApp, e-mail ou téléphone. Vous trouverez toutes les coordonnées sur notre site web et pouvez poser toute question sur les pointures ou la disponibilité.",SÍ,SÍ
ROLLERBLADES,it,1,975,Serve esperienza per noleggiare pattini in linea?,Serve esperienza per noleggiare pattini in linea?,"No, non serve esperienza precedente. Offriamo pattini comodi sia per principianti sia per pattinatori esperti, oltre a istruzioni di base per iniziare.","No, non serve esperienza precedente. Offriamo pattini comodi sia per principianti sia per pattinatori esperti, oltre a istruzioni di base per iniziare.",SÍ,SÍ
ROLLERBLADES,it,2,979,Le protezioni sono incluse nel noleggio?,Le protezioni sono incluse nel noleggio?,"Sì. Casco per bambini, polsiere, ginocchiere e gomitiere sono inclusi con ogni noleggio di pattini in linea.","Sì. Casco per bambini, polsiere, ginocchiere e gomitiere sono inclusi con ogni noleggio di pattini in linea.",SÍ,SÍ
ROLLERBLADES,it,3,983,Dove posso pattinare vicino al negozio?,Dove posso pattinare vicino al negozio?,Il nostro negozio di noleggio si trova di fronte alla spiaggia e accanto al Port Olímpic. I percorsi costieri pianeggianti e il Parc de la Ciutadella offrono ottimi itinerari per pattinare vicino al nostro negozio.,Il nostro negozio di noleggio si trova di fronte alla spiaggia e accanto al Port Olímpic. I percorsi costieri pianeggianti e il Parc de la Ciutadella offrono ottimi itinerari per pattinare vicino al nostro negozio.,SÍ,SÍ
ROLLERBLADES,it,4,987,I bambini possono noleggiare pattini in linea?,I bambini possono noleggiare pattini in linea?,"Sì. Abbiamo una gamma completa di taglie per bambini, adolescenti e adulti. Il nostro staff ti aiuta a scegliere la misura giusta e consiglia percorsi sicuri per famiglie.","Sì. Abbiamo una gamma completa di taglie per bambini, adolescenti e adulti. Il nostro staff ti aiuta a scegliere la misura giusta e consiglia percorsi sicuri per famiglie.",SÍ,SÍ
ROLLERBLADES,it,5,991,Quali taglie sono disponibili?,Quali taglie sono disponibili?,"Disponiamo di taglie UE dal 30 al 47, dai più piccoli agli adulti. Puoi provare diverse misure in negozio per trovare la calzata perfetta.","Disponiamo di taglie UE dal 30 al 47, dai più piccoli agli adulti. Puoi provare diverse misure in negozio per trovare la calzata perfetta.",SÍ,SÍ
ROLLERBLADES,it,6,995,Ho bisogno di una patente per noleggiare pattini in linea?,Ho bisogno di una patente per noleggiare pattini in linea?,"Non serve la patente di guida. I pattini in linea sono un’attività non motorizzata, quindi chiunque può noleggiarli con un documento valido.","Non serve la patente di guida. I pattini in linea sono un’attività non motorizzata, quindi chiunque può noleggiarli con un documento valido.",SÍ,SÍ
ROLLERBLADES,it,7,999,Devo lasciare un deposito per noleggiare i pattini in linea?,Devo lasciare un deposito per noleggiare i pattini in linea?,No. Il noleggio dei pattini in linea non richiede un deposito cauzionale. Per il noleggio è richiesto un documento d’identità valido.,No. Il noleggio dei pattini in linea non richiede un deposito cauzionale. Per il noleggio è richiesto un documento d’identità valido.,SÍ,SÍ
ROLLERBLADES,it,8,1003,Posso lasciare le scarpe o i bagagli in negozio?,Posso lasciare le scarpe o i bagagli in negozio?,"Sì. Durante il tuo noleggio offriamo deposito gratuito per scarpe, giacche, borse, zaini e valigie nel nostro negozio sorvegliato.","Sì. Durante il tuo noleggio offriamo deposito gratuito per scarpe, giacche, borse, zaini e valigie nel nostro negozio sorvegliato.",SÍ,SÍ
ROLLERBLADES,it,9,1007,Come posso prenotare o contattarvi?,Come posso prenotare o contattarvi?,"Puoi prenotare via WhatsApp, email o telefono. Troverai tutti i dati di contatto sul nostro sito web e potrai chiedere qualsiasi dubbio su taglie o disponibilità.","Puoi prenotare via WhatsApp, email o telefono. Troverai tutti i dati di contatto sul nostro sito web e potrai chiedere qualsiasi dubbio su taglie o disponibilità.",SÍ,SÍ
ROLLERBLADES,de,1,1006,"Braucht man Erfahrung, um Inlineskates zu mieten?","Braucht man Erfahrung, um Inlineskates zu mieten?","Nein, du brauchst keine Vorerfahrung. Wir bieten bequeme Inlineskates sowohl für Anfänger als auch für erfahrene Skater sowie grundlegende Anweisungen für den Start.","Nein, du brauchst keine Vorerfahrung. Wir bieten bequeme Inlineskates sowohl für Anfänger als auch für erfahrene Skater sowie grundlegende Anweisungen für den Start.",SÍ,SÍ
ROLLERBLADES,de,2,1012,Ist die Schutzausrüstung in der Miete enthalten?,Ist die Schutzausrüstung in der Miete enthalten?,"Ja. Kinderhelm, Handgelenkschoner, Knieschoner und Ellbogenschoner sind bei jeder Miete von Inline-Skates inklusive.","Ja. Kinderhelm, Handgelenkschoner, Knieschoner und Ellbogenschoner sind bei jeder Miete von Inline-Skates inklusive.",SÍ,SÍ
ROLLERBLADES,de,3,1018,Wo kann ich in der Nähe des Geschäfts skaten?,Wo kann ich in der Nähe des Geschäfts skaten?,Unser Verleih ist direkt gegenüber dem Strand und neben dem Port Olímpic. Die flachen Küstenwege und der Parc de la Ciutadella bieten großartige Strecken zum Skaten in der Nähe unseres Geschäfts.,Unser Verleih ist direkt gegenüber dem Strand und neben dem Port Olímpic. Die flachen Küstenwege und der Parc de la Ciutadella bieten großartige Strecken zum Skaten in der Nähe unseres Geschäfts.,SÍ,SÍ
ROLLERBLADES,de,4,1024,Können Kinder Inlineskates mieten?,Können Kinder Inlineskates mieten?,"Ja. Wir haben eine vollständige Größenauswahl für Kinder, Jugendliche und Erwachsene. Unser Team hilft dir bei der Wahl der richtigen Größe und empfiehlt sichere Familienrouten.","Ja. Wir haben eine vollständige Größenauswahl für Kinder, Jugendliche und Erwachsene. Unser Team hilft dir bei der Wahl der richtigen Größe und empfiehlt sichere Familienrouten.",SÍ,SÍ
ROLLERBLADES,de,5,1030,Welche Größen sind verfügbar?,Welche Größen sind verfügbar?,"Wir führen EU-Größen von 30 bis 47, von kleinen Kindern bis zu Erwachsenen. Du kannst im Geschäft verschiedene Größen ausprobieren, um die perfekte Passform zu finden.","Wir führen EU-Größen von 30 bis 47, von kleinen Kindern bis zu Erwachsenen. Du kannst im Geschäft verschiedene Größen ausprobieren, um die perfekte Passform zu finden.",SÍ,SÍ
ROLLERBLADES,de,6,1036,"Brauche ich einen Führerschein, um Inlineskates zu mieten?","Brauche ich einen Führerschein, um Inlineskates zu mieten?",Nein. Für die Miete von Inlineskates ist kein Führerschein erforderlich.,Nein. Für die Miete von Inlineskates ist kein Führerschein erforderlich.,SÍ,SÍ
ROLLERBLADES,de,7,1042,Muss ich für die Miete von Inlineskates eine Kaution hinterlegen?,Muss ich für die Miete von Inlineskates eine Kaution hinterlegen?,Nein. Für die Miete von Inlineskates ist keine Kaution erforderlich. Für die Miete ist ein gültiger Ausweis erforderlich.,Nein. Für die Miete von Inlineskates ist keine Kaution erforderlich. Für die Miete ist ein gültiger Ausweis erforderlich.,SÍ,SÍ
ROLLERBLADES,de,8,1047,Kann ich meine Schuhe oder mein Gepäck im Geschäft aufbewahren?,Kann ich meine Schuhe oder mein Gepäck im Geschäft aufbewahren?,"Ja. Während deiner Miete bieten wir kostenlose Aufbewahrung für Schuhe, Jacken, Handtaschen, Rucksäcke und Koffer in unserem beaufsichtigten Geschäft an.","Ja. Während deiner Miete bieten wir kostenlose Aufbewahrung für Schuhe, Jacken, Handtaschen, Rucksäcke und Koffer in unserem beaufsichtigten Geschäft an.",SÍ,SÍ
ROLLERBLADES,de,9,1053,Wie kann ich buchen oder euch kontaktieren?,Wie kann ich buchen oder euch kontaktieren?,"Du kannst per WhatsApp, E-Mail oder Telefon buchen. Alle Kontaktdaten findest du auf unserer Website und du kannst jede Frage zu Größen oder Verfügbarkeit stellen.","Du kannst per WhatsApp, E-Mail oder Telefon buchen. Alle Kontaktdaten findest du auf unserer Website und du kannst jede Frage zu Größen oder Verfügbarkeit stellen.",SÍ,SÍ
ROLLERBLADES,nl,1,1018,Heb je ervaring nodig om inline skates te huren?,Heb je ervaring nodig om inline skates te huren?,"Nee, je hebt geen eerdere ervaring nodig. We bieden comfortabele inline skates voor zowel beginners als ervaren skaters, plus basisinstructies om te starten.","Nee, je hebt geen eerdere ervaring nodig. We bieden comfortabele inline skates voor zowel beginners als ervaren skaters, plus basisinstructies om te starten.",SÍ,SÍ
ROLLERBLADES,nl,2,1024,Zijn beschermers inbegrepen bij de huur?,Zijn beschermers inbegrepen bij de huur?,"Ja. Een kinderhelm, polsbeschermers, kniebeschermers en elleboogbeschermers zijn altijd inbegrepen.","Ja. Een kinderhelm, polsbeschermers, kniebeschermers en elleboogbeschermers zijn altijd inbegrepen.",SÍ,SÍ
ROLLERBLADES,nl,3,1030,Waar kan ik in de buurt van de winkel skaten?,Waar kan ik in de buurt van de winkel skaten?,Onze verhuurwinkel ligt tegenover het strand en naast Port Olímpic. De vlakke kustpaden en het Parc de la Ciutadella bieden uitstekende routes om in de buurt van onze winkel te skaten.,Onze verhuurwinkel ligt tegenover het strand en naast Port Olímpic. De vlakke kustpaden en het Parc de la Ciutadella bieden uitstekende routes om in de buurt van onze winkel te skaten.,SÍ,SÍ
ROLLERBLADES,nl,4,1036,Kunnen kinderen inline skates huren?,Kunnen kinderen inline skates huren?,"Ja. We hebben een volledig assortiment maten voor kinderen, tieners en volwassenen. Ons personeel helpt je de juiste maat te kiezen en beveelt veilige familieroutes aan.","Ja. We hebben een volledig assortiment maten voor kinderen, tieners en volwassenen. Ons personeel helpt je de juiste maat te kiezen en beveelt veilige familieroutes aan.",SÍ,SÍ
ROLLERBLADES,nl,5,1042,Welke maten zijn beschikbaar?,Welke maten zijn beschikbaar?,"We hebben EU-maten 30 tot 47, van kleine kinderen tot volwassenen. Je kunt verschillende maten in de winkel passen om de perfecte pasvorm te vinden.","We hebben EU-maten 30 tot 47, van kleine kinderen tot volwassenen. Je kunt verschillende maten in de winkel passen om de perfecte pasvorm te vinden.",SÍ,SÍ
ROLLERBLADES,nl,6,1048,Heb ik een rijbewijs nodig om inline skates te huren?,Heb ik een rijbewijs nodig om inline skates te huren?,"Er is geen rijbewijs nodig. Inline skates zijn een niet-gemotoriseerde activiteit, dus iedereen kan ze huren met een geldig identiteitsbewijs.","Er is geen rijbewijs nodig. Inline skates zijn een niet-gemotoriseerde activiteit, dus iedereen kan ze huren met een geldig identiteitsbewijs.",SÍ,SÍ
ROLLERBLADES,nl,7,1054,Moet ik een borg achterlaten om inline skates te huren?,Moet ik een borg achterlaten om inline skates te huren?,Nee. Voor de huur van inline skates is geen borg vereist. Voor de huur is een geldig identiteitsbewijs vereist.,Nee. Voor de huur van inline skates is geen borg vereist. Voor de huur is een geldig identiteitsbewijs vereist.,SÍ,SÍ
ROLLERBLADES,nl,8,1059,Kan ik mijn schoenen of bagage in de winkel achterlaten?,Kan ik mijn schoenen of bagage in de winkel achterlaten?,"Ja. Tijdens je huur bieden we gratis opslag voor schoenen, jassen, handtassen, rugzakken en koffers in onze bewaakte winkel.","Ja. Tijdens je huur bieden we gratis opslag voor schoenen, jassen, handtassen, rugzakken en koffers in onze bewaakte winkel.",SÍ,SÍ
ROLLERBLADES,nl,9,1065,Hoe kan ik boeken of contact opnemen?,Hoe kan ik boeken of contact opnemen?,"Je kunt boeken via WhatsApp, e-mail of telefoon. Je vindt alle contactgegevens op onze website en je kunt al je vragen stellen over maten of beschikbaarheid.","Je kunt boeken via WhatsApp, e-mail of telefoon. Je vindt alle contactgegevens op onze website en je kunt al je vragen stellen over maten of beschikbaarheid.",SÍ,SÍ
ROLLERBLADES,pt,1,1023,É preciso experiência para alugar patins em linha?,É preciso experiência para alugar patins em linha?,"Não, não precisas de experiência prévia. Oferecemos patins confortáveis tanto para principiantes como para patinadores experientes, além de instruções básicas para começar.","Não, não precisas de experiência prévia. Oferecemos patins confortáveis tanto para principiantes como para patinadores experientes, além de instruções básicas para começar.",SÍ,SÍ
ROLLERBLADES,pt,2,1027,As proteções estão incluídas no aluguer?,As proteções estão incluídas no aluguer?,"Sim. Capacete infantil, proteções de pulso, joelheiras e cotoveleiras estão incluídos em cada aluguer de patins em linha.","Sim. Capacete infantil, proteções de pulso, joelheiras e cotoveleiras estão incluídos em cada aluguer de patins em linha.",SÍ,SÍ
ROLLERBLADES,pt,3,1031,Onde posso patinar perto da loja?,Onde posso patinar perto da loja?,A nossa loja de aluguer fica a poucos passos do passeio marítimo e de Port Olímpic. Os caminhos costeiros planos e o Parc de la Ciutadella oferecem ótimos percursos para patinar perto da nossa loja.,A nossa loja de aluguer fica a poucos passos do passeio marítimo e de Port Olímpic. Os caminhos costeiros planos e o Parc de la Ciutadella oferecem ótimos percursos para patinar perto da nossa loja.,SÍ,SÍ
ROLLERBLADES,pt,4,1035,As crianças podem alugar patins em linha?,As crianças podem alugar patins em linha?,"Sim. Temos uma gama completa de tamanhos para crianças, adolescentes e adultos. A nossa equipa ajuda-te a escolher o tamanho certo e recomenda percursos seguros para famílias.","Sim. Temos uma gama completa de tamanhos para crianças, adolescentes e adultos. A nossa equipa ajuda-te a escolher o tamanho certo e recomenda percursos seguros para famílias.",SÍ,SÍ
ROLLERBLADES,pt,5,1039,Que tamanhos estão disponíveis?,Que tamanhos estão disponíveis?,"Dispomos de tamanhos UE 30 a 47, desde crianças pequenas até adultos. Podes experimentar diferentes tamanhos na loja para encontrar o ajuste perfeito.","Dispomos de tamanhos UE 30 a 47, desde crianças pequenas até adultos. Podes experimentar diferentes tamanhos na loja para encontrar o ajuste perfeito.",SÍ,SÍ
ROLLERBLADES,pt,6,1043,Preciso de licença para alugar patins em linha?,Preciso de licença para alugar patins em linha?,"Não é necessária carta de condução. Os patins em linha são uma atividade não motorizada, por isso qualquer pessoa pode alugá-los com um documento de identificação válido.","Não é necessária carta de condução. Os patins em linha são uma atividade não motorizada, por isso qualquer pessoa pode alugá-los com um documento de identificação válido.",SÍ,SÍ
ROLLERBLADES,pt,7,1047,Preciso deixar um depósito para alugar patins em linha?,Preciso deixar um depósito para alugar patins em linha?,Não. O aluguer de patins em linha não exige depósito de segurança. É necessário um documento de identificação válido para o aluguer.,Não. O aluguer de patins em linha não exige depósito de segurança. É necessário um documento de identificação válido para o aluguer.,SÍ,SÍ
ROLLERBLADES,pt,8,1051,Posso guardar os meus sapatos ou bagagem na loja?,Posso guardar os meus sapatos ou bagagem na loja?,"Sim. Durante o teu aluguer oferecemos um serviço gratuito de guarda de bagagem para sapatos, casacos, malas, mochilas e malas de viagem na nossa loja supervisionada.","Sim. Durante o teu aluguer oferecemos um serviço gratuito de guarda de bagagem para sapatos, casacos, malas, mochilas e malas de viagem na nossa loja supervisionada.",SÍ,SÍ
ROLLERBLADES,pt,9,1055,Como posso reservar ou contactar-vos?,Como posso reservar ou contactar-vos?,"Podes reservar via WhatsApp, email ou telefone. Encontrarás todos os contactos no nosso site e podes colocar qualquer dúvida sobre tamanhos ou disponibilidade.","Podes reservar via WhatsApp, email ou telefone. Encontrarás todos os contactos no nosso site e podes colocar qualquer dúvida sobre tamanhos ou disponibilidade.",SÍ,SÍ
ROLLERBLADES,ca,1,1010,Cal experiència per llogar patins en línia?,Cal experiència per llogar patins en línia?,"No, no necessites experiència prèvia. Oferim patins còmodes tant per a principiants com per a patinadors amb experiència, a més d’instruccions bàsiques per començar.","No, no necessites experiència prèvia. Oferim patins còmodes tant per a principiants com per a patinadors amb experiència, a més d’instruccions bàsiques per començar.",SÍ,SÍ
ROLLERBLADES,ca,2,1014,Les proteccions estan incloses en el lloguer?,Les proteccions estan incloses en el lloguer?,"Sí. Casc infantil, canelleres, genolleres i colzeres estan inclosos amb cada lloguer de patins en línia.","Sí. Casc infantil, canelleres, genolleres i colzeres estan inclosos amb cada lloguer de patins en línia.",SÍ,SÍ
ROLLERBLADES,ca,3,1018,On puc patinar a prop de la botiga?,On puc patinar a prop de la botiga?,La nostra botiga de lloguer és davant de la platja i al costat del Port Olímpic. Els camins costaners plans i el Parc de la Ciutadella ofereixen molt bones rutes per patinar a prop de la nostra botiga.,La nostra botiga de lloguer és davant de la platja i al costat del Port Olímpic. Els camins costaners plans i el Parc de la Ciutadella ofereixen molt bones rutes per patinar a prop de la nostra botiga.,SÍ,SÍ
ROLLERBLADES,ca,4,1022,Els nens poden llogar patins en línia?,Els nens poden llogar patins en línia?,"Sí. Tenim una gamma completa de talles per a nens, adolescents i adults. El nostre personal t’ajuda a triar la talla adequada i recomana rutes segures per a famílies.","Sí. Tenim una gamma completa de talles per a nens, adolescents i adults. El nostre personal t’ajuda a triar la talla adequada i recomana rutes segures per a famílies.",SÍ,SÍ
ROLLERBLADES,ca,5,1026,Quines talles hi ha disponibles?,Quines talles hi ha disponibles?,"Disposem de talles UE 30 a 47, des de nens petits fins a adults. Pots provar diferents talles a la botiga per trobar l’ajust perfecte.","Disposem de talles UE 30 a 47, des de nens petits fins a adults. Pots provar diferents talles a la botiga per trobar l’ajust perfecte.",SÍ,SÍ
ROLLERBLADES,ca,6,1030,Necessito llicència per llogar patins en línia?,Necessito llicència per llogar patins en línia?,"No cal llicència de conduir. Els patins en línia són una activitat no motoritzada, així que qualsevol persona els pot llogar amb un document d’identitat vàlid.","No cal llicència de conduir. Els patins en línia són una activitat no motoritzada, així que qualsevol persona els pot llogar amb un document d’identitat vàlid.",SÍ,SÍ
ROLLERBLADES,ca,7,1034,He de deixar un dipòsit per llogar patins en línia?,He de deixar un dipòsit per llogar patins en línia?,No. El lloguer de patins en línia no requereix cap dipòsit de seguretat. Cal un document d’identitat vàlid per al lloguer.,No. El lloguer de patins en línia no requereix cap dipòsit de seguretat. Cal un document d’identitat vàlid per al lloguer.,SÍ,SÍ
ROLLERBLADES,ca,8,1038,Puc guardar les meves sabates o equipatge a la botiga?,Puc guardar les meves sabates o equipatge a la botiga?,"Sí. Durant el teu lloguer oferim servei gratuït de guarda d’equipatge per a sabates, jaquetes, bosses de mà, motxilles i maletes a la nostra botiga supervisada.","Sí. Durant el teu lloguer oferim servei gratuït de guarda d’equipatge per a sabates, jaquetes, bosses de mà, motxilles i maletes a la nostra botiga supervisada.",SÍ,SÍ
ROLLERBLADES,ca,9,1042,Com puc reservar o contactar amb vosaltres?,Com puc reservar o contactar amb vosaltres?,"Pots reservar per WhatsApp, correu electrònic o telèfon. Trobaràs totes les dades de contacte al nostre web i pots preguntar qualsevol dubte sobre talles o disponibilitat.","Pots reservar per WhatsApp, correu electrònic o telèfon. Trobaràs totes les dades de contacte al nostre web i pots preguntar qualsevol dubte sobre talles o disponibilitat.",SÍ,SÍ
ROLLERBLADES,sv,1,1020,Behöver man erfarenhet för att hyra inlines?,Behöver man erfarenhet för att hyra inlines?,"Nej, du behöver ingen tidigare erfarenhet. Vi erbjuder bekväma inlines både för nybörjare och erfarna åkare samt grundläggande instruktioner för att komma igång.","Nej, du behöver ingen tidigare erfarenhet. Vi erbjuder bekväma inlines både för nybörjare och erfarna åkare samt grundläggande instruktioner för att komma igång.",SÍ,SÍ
ROLLERBLADES,sv,2,1024,Ingår skydd i hyran?,Ingår skydd i hyran?,"Ja. Barnhjälm, handledsskydd, knäskydd och armbågsskydd ingår i varje hyra av inlines.","Ja. Barnhjälm, handledsskydd, knäskydd och armbågsskydd ingår i varje hyra av inlines.",SÍ,SÍ
ROLLERBLADES,sv,3,1028,Var kan jag åka nära butiken?,Var kan jag åka nära butiken?,Vår uthyrningsbutik ligger bara några steg från strandpromenaden och Port Olímpic. De platta kustvägarna och Parc de la Ciutadella erbjuder mycket bra rutter för att åka nära vår butik.,Vår uthyrningsbutik ligger bara några steg från strandpromenaden och Port Olímpic. De platta kustvägarna och Parc de la Ciutadella erbjuder mycket bra rutter för att åka nära vår butik.,SÍ,SÍ
ROLLERBLADES,sv,4,1032,Kan barn hyra inlines?,Kan barn hyra inlines?,"Ja. Vi har ett komplett utbud av storlekar för barn, tonåringar och vuxna. Vår personal hjälper dig att välja rätt storlek och rekommenderar säkra familjerutter.","Ja. Vi har ett komplett utbud av storlekar för barn, tonåringar och vuxna. Vår personal hjälper dig att välja rätt storlek och rekommenderar säkra familjerutter.",SÍ,SÍ
ROLLERBLADES,sv,5,1036,Vilka storlekar finns tillgängliga?,Vilka storlekar finns tillgängliga?,"Vi har EU-storlekar 30 till 47, från små barn till vuxna. Du kan prova olika storlekar i butiken för att hitta perfekt passform.","Vi har EU-storlekar 30 till 47, från små barn till vuxna. Du kan prova olika storlekar i butiken för att hitta perfekt passform.",SÍ,SÍ
ROLLERBLADES,sv,6,1040,Behöver jag körkort för att hyra inlines?,Behöver jag körkort för att hyra inlines?,Nej. Inget körkort krävs för att hyra inlines.,Nej. Inget körkort krävs för att hyra inlines.,SÍ,SÍ
ROLLERBLADES,sv,7,1044,Behöver jag lämna en deposition för att hyra inlines?,Behöver jag lämna en deposition för att hyra inlines?,Nej. Hyra av inlines kräver ingen deposition. En giltig ID-handling krävs för hyran.,Nej. Hyra av inlines kräver ingen deposition. En giltig ID-handling krävs för hyran.,SÍ,SÍ
ROLLERBLADES,sv,8,1049,Kan jag förvara mina skor eller mitt bagage i butiken?,Kan jag förvara mina skor eller mitt bagage i butiken?,"Ja. Under din hyra erbjuder vi gratis förvaring av skor, jackor, handväskor, ryggsäckar och resväskor i vår övervakade butik.","Ja. Under din hyra erbjuder vi gratis förvaring av skor, jackor, handväskor, ryggsäckar och resväskor i vår övervakade butik.",SÍ,SÍ
ROLLERBLADES,sv,9,1053,Hur kan jag boka eller kontakta er?,Hur kan jag boka eller kontakta er?,"Du kan boka via WhatsApp, e-post eller telefon. Du hittar alla kontaktuppgifter på vår webbplats och kan ställa alla frågor om storlekar eller tillgänglighet.","Du kan boka via WhatsApp, e-post eller telefon. Du hittar alla kontaktuppgifter på vår webbplats och kan ställa alla frågor om storlekar eller tillgänglighet.",SÍ,SÍ
ROLLERBLADES,pl,1,1066,"Czy potrzebuję doświadczenia, aby wynająć rolki?","Czy potrzebuję doświadczenia, aby wynająć rolki?","Nie, wcześniejsze doświadczenie nie jest potrzebne. Oferujemy wygodne rolki dla początkujących i bardziej doświadczonych osób, a także podstawowe wskazówki na start.","Nie, wcześniejsze doświadczenie nie jest potrzebne. Oferujemy wygodne rolki dla początkujących i bardziej doświadczonych osób, a także podstawowe wskazówki na start.",SÍ,SÍ
ROLLERBLADES,pl,2,1070,Czy ochraniacze są wliczone w wynajem?,Czy ochraniacze są wliczone w wynajem?,"Tak. Kask dziecięcy oraz ochraniacze na nadgarstki, kolana i łokcie są wliczone w każdy wynajem rolek.","Tak. Kask dziecięcy oraz ochraniacze na nadgarstki, kolana i łokcie są wliczone w każdy wynajem rolek.",SÍ,SÍ
ROLLERBLADES,pl,3,1074,Gdzie mogę jeździć na rolkach blisko wypożyczalni?,Gdzie mogę jeździć na rolkach blisko wypożyczalni?,Nasza wypożyczalnia znajduje się naprzeciwko plaży i obok Port Olímpic. Płaskie nadmorskie ścieżki i park Ciutadella oferują świetne trasy do jazdy na rolkach blisko naszej wypożyczalni.,Nasza wypożyczalnia znajduje się naprzeciwko plaży i obok Port Olímpic. Płaskie nadmorskie ścieżki i park Ciutadella oferują świetne trasy do jazdy na rolkach blisko naszej wypożyczalni.,SÍ,SÍ
ROLLERBLADES,pl,4,1078,Czy dzieci mogą wynająć rolki?,Czy dzieci mogą wynająć rolki?,"Tak. Mamy szeroki zakres rozmiarów dla dzieci, nastolatków i dorosłych. Nasz zespół pomoże dobrać właściwy rozmiar i poleci bezpieczne trasy rodzinne.","Tak. Mamy szeroki zakres rozmiarów dla dzieci, nastolatków i dorosłych. Nasz zespół pomoże dobrać właściwy rozmiar i poleci bezpieczne trasy rodzinne.",SÍ,SÍ
ROLLERBLADES,pl,5,1082,Jakie rozmiary są dostępne?,Jakie rozmiary są dostępne?,"Mamy rozmiary EU 30–47, od najmłodszych dzieci po dorosłych. W wypożyczalni możesz przymierzyć różne rozmiary, aby znaleźć najlepsze dopasowanie.","Mamy rozmiary EU 30–47, od najmłodszych dzieci po dorosłych. W wypożyczalni możesz przymierzyć różne rozmiary, aby znaleźć najlepsze dopasowanie.",SÍ,SÍ
ROLLERBLADES,pl,6,1086,"Czy potrzebuję prawa jazdy, aby wynająć rolki?","Czy potrzebuję prawa jazdy, aby wynająć rolki?",Nie. Do wynajmu rolek nie jest wymagane prawo jazdy.,Nie. Do wynajmu rolek nie jest wymagane prawo jazdy.,SÍ,SÍ
ROLLERBLADES,pl,7,1090,"Czy muszę zostawić kaucję, aby wypożyczyć rolki?","Czy muszę zostawić kaucję, aby wypożyczyć rolki?",Nie. Wypożyczenie rolek nie wymaga kaucji. Do wypożyczenia wymagany jest ważny dokument tożsamości.,Nie. Wypożyczenie rolek nie wymaga kaucji. Do wypożyczenia wymagany jest ważny dokument tożsamości.,SÍ,SÍ
ROLLERBLADES,pl,8,1095,Czy mogę zostawić buty lub bagaż w wypożyczalni?,Czy mogę zostawić buty lub bagaż w wypożyczalni?,"Tak. Podczas wynajmu dostępne jest darmowe przechowanie butów, kurtek, torebek, plecaków i walizek w naszej nadzorowanej wypożyczalni.","Tak. Podczas wynajmu dostępne jest darmowe przechowanie butów, kurtek, torebek, plecaków i walizek w naszej nadzorowanej wypożyczalni.",SÍ,SÍ
ROLLERBLADES,pl,9,1099,Jak mogę zarezerwować lub skontaktować się z wami?,Jak mogę zarezerwować lub skontaktować się z wami?,"Możesz zarezerwować przez WhatsApp, e-mail lub telefon. Wszystkie dane kontaktowe znajdziesz na naszej stronie. Możesz też zapytać o rozmiary lub dostępność.","Możesz zarezerwować przez WhatsApp, e-mail lub telefon. Wszystkie dane kontaktowe znajdziesz na naszej stronie. Możesz też zapytać o rozmiary lub dostępność.",SÍ,SÍ
