grupo,idioma,encabezado_completo
HOME,en,"{""tag"":""h1"",""line"":703,""text"":""Scooter and Inline Skate Rental Barcelona""}"
HOME,en,"{""tag"":""h2"",""line"":727,""text"":""Scooter and inline skate rental in Barcelona""}"
HOME,en,"{""tag"":""h2"",""line"":754,""text"":""Scooter rental in Barcelona""}"
HOME,en,"{""tag"":""h2"",""line"":783,""text"":""Inline skate rental in Barcelona""}"
HOME,en,"{""tag"":""h3"",""line"":813,""text"":""Bike rental in Barcelona""}"
HOME,en,"{""tag"":""h3"",""line"":841,""text"":""Roller skate rental in Barcelona""}"
HOME,en,"{""tag"":""h3"",""line"":869,""text"":""Skateboard rental in Barcelona""}"
HOME,en,"{""tag"":""h3"",""line"":897,""text"":""Longboard rental in Barcelona""}"
HOME,en,"{""tag"":""h2"",""line"":929,""text"":""View Prices & Book""}"
HOME,en,"{""tag"":""h2"",""line"":1016,""text"":""Everything You Need Included""}"
HOME,en,"{""tag"":""h2"",""line"":1067,""text"":""FAQ About Scooter and Inline Skate Rental in Barcelona""}"
HOME,en,"{""tag"":""h3"",""line"":1072,""text"":""Where is RSB Rental Scooter Barcelona located?""}"
HOME,en,"{""tag"":""h3"",""line"":1081,""text"":""Do you offer free hotel delivery for scooter rentals?""}"
HOME,en,"{""tag"":""h3"",""line"":1090,""text"":""Can I leave my luggage or personal items at the shop while I rent?""}"
HOME,en,"{""tag"":""h3"",""line"":1099,""text"":""Do inline skates, bikes, roller skates, skateboards and longboards require a deposit?""}"
HOME,en,"{""tag"":""h3"",""line"":1108,""text"":""Do I need a driving licence to rent a scooter in Barcelona?""}"
HOME,en,"{""tag"":""h3"",""line"":1117,""text"":""Are helmets and protective gear included in the price?""}"
HOME,en,"{""tag"":""h3"",""line"":1126,""text"":""Where are the best places to use inline skates or scooters near the shop?""}"
HOME,en,"{""tag"":""h3"",""line"":1135,""text"":""Can I return the scooter outside shop opening hours?""}"
HOME,en,"{""tag"":""h3"",""line"":1143,""text"":""What payment methods do you accept?""}"
HOME,en,"{""tag"":""h2"",""line"":1175,""text"":""Inside Our Shop in Vila Olímpica""}"
HOME,en,"{""tag"":""h2"",""line"":1196,""text"":""Opening hours and practical information""}"
HOME,en,"{""tag"":""h2"",""line"":1203,""text"":""What Our Customers Say""}"
HOME,en,"{""tag"":""h3"",""line"":1293,""text"":""Quick Links""}"
HOME,en,"{""tag"":""h3"",""line"":1302,""text"":""Services""}"
HOME,en,"{""tag"":""h3"",""line"":1306,""text"":""Contact""}"
HOME,es,"{""tag"":""h1"",""line"":700,""text"":""Alquiler de scooter y patines en línea en Barcelona""}"
HOME,es,"{""tag"":""h2"",""line"":724,""text"":""Alquiler de scooter y patines en línea en Barcelona""}"
HOME,es,"{""tag"":""h2"",""line"":751,""text"":""Alquiler de scooter en Barcelona""}"
HOME,es,"{""tag"":""h2"",""line"":780,""text"":""Alquiler de patines en línea en Barcelona""}"
HOME,es,"{""tag"":""h3"",""line"":810,""text"":""Alquiler de bicicletas en Barcelona""}"
HOME,es,"{""tag"":""h3"",""line"":838,""text"":""Alquiler de patines de 4 ruedas en Barcelona""}"
HOME,es,"{""tag"":""h3"",""line"":866,""text"":""Alquiler de skateboard en Barcelona""}"
HOME,es,"{""tag"":""h3"",""line"":894,""text"":""Alquiler de longboard en Barcelona""}"
HOME,es,"{""tag"":""h2"",""line"":926,""text"":""Ver precios y reservar""}"
HOME,es,"{""tag"":""h2"",""line"":1013,""text"":""Todo lo que necesitas, incluido""}"
HOME,es,"{""tag"":""h2"",""line"":1064,""text"":""FAQ sobre alquiler de scooter y patines en línea en Barcelona""}"
HOME,es,"{""tag"":""h3"",""line"":1069,""text"":""¿Dónde está RSB Rental Scooter Barcelona?""}"
HOME,es,"{""tag"":""h3"",""line"":1078,""text"":""¿Ofrecéis entrega gratuita del scooter en el hotel?""}"
HOME,es,"{""tag"":""h3"",""line"":1087,""text"":""¿Puedo dejar el equipaje o mis cosas en la tienda durante el alquiler?""}"
HOME,es,"{""tag"":""h3"",""line"":1096,""text"":""¿Los patines en línea, las bicicletas, los patines de 4 ruedas, los skateboards y los longboards requieren depósito?""}"
HOME,es,"{""tag"":""h3"",""line"":1105,""text"":""¿Necesito carnet de conducir para alquilar un scooter en Barcelona?""}"
HOME,es,"{""tag"":""h3"",""line"":1114,""text"":""¿Están incluidos los cascos y las protecciones en el precio?""}"
HOME,es,"{""tag"":""h3"",""line"":1123,""text"":""¿Cuáles son las mejores zonas para usar patines en línea o scooter cerca de la tienda?""}"
HOME,es,"{""tag"":""h3"",""line"":1132,""text"":""¿Es posible devolver el scooter fuera del horario de la tienda?""}"
HOME,es,"{""tag"":""h3"",""line"":1140,""text"":""¿Qué métodos de pago aceptáis?""}"
HOME,es,"{""tag"":""h2"",""line"":1172,""text"":""Dentro de nuestra tienda en Vila Olímpica""}"
HOME,es,"{""tag"":""h2"",""line"":1193,""text"":""Horario e información práctica""}"
HOME,es,"{""tag"":""h2"",""line"":1200,""text"":""Lo que dicen nuestros clientes""}"
HOME,es,"{""tag"":""h3"",""line"":1234,""text"":""Enlaces rápidos""}"
HOME,es,"{""tag"":""h3"",""line"":1243,""text"":""Servicios""}"
HOME,es,"{""tag"":""h3"",""line"":1247,""text"":""Contacto""}"
HOME,fr,"{""tag"":""h1"",""line"":693,""text"":""Location de scooter et rollers en ligne à Barcelone""}"
HOME,fr,"{""tag"":""h2"",""line"":717,""text"":""Location de scooter et de rollers en ligne à Barcelone""}"
HOME,fr,"{""tag"":""h2"",""line"":744,""text"":""Location de scooter à Barcelone""}"
HOME,fr,"{""tag"":""h2"",""line"":773,""text"":""Location de rollers en ligne à Barcelone""}"
HOME,fr,"{""tag"":""h3"",""line"":803,""text"":""Location de vélos à Barcelone""}"
HOME,fr,"{""tag"":""h3"",""line"":831,""text"":""Location de rollers classiques à Barcelone""}"
HOME,fr,"{""tag"":""h3"",""line"":859,""text"":""Location de skateboard à Barcelone""}"
HOME,fr,"{""tag"":""h3"",""line"":887,""text"":""Location de longboard à Barcelone""}"
HOME,fr,"{""tag"":""h2"",""line"":919,""text"":""Voir les tarifs et réserver""}"
HOME,fr,"{""tag"":""h2"",""line"":1006,""text"":""Tout ce qu’il vous faut, inclus""}"
HOME,fr,"{""tag"":""h2"",""line"":1057,""text"":""FAQ sur la location de scooter et de rollers en ligne à Barcelone""}"
HOME,fr,"{""tag"":""h3"",""line"":1062,""text"":""Où se trouve RSB Rental Scooter Barcelona ?""}"
HOME,fr,"{""tag"":""h3"",""line"":1071,""text"":""Proposez-vous la livraison gratuite du scooter à l’hôtel ?""}"
HOME,fr,"{""tag"":""h3"",""line"":1080,""text"":""Puis-je laisser mes bagages ou mes affaires à la boutique pendant la location ?""}"
HOME,fr,"{""tag"":""h3"",""line"":1089,""text"":""Les rollers, les vélos, les rollers classiques, les skateboards et les longboards nécessitent-ils une caution ?""}"
HOME,fr,"{""tag"":""h3"",""line"":1098,""text"":""Ai-je besoin d’un permis pour louer un scooter à Barcelone ?""}"
HOME,fr,"{""tag"":""h3"",""line"":1107,""text"":""Les casques et les protections sont-ils inclus dans le prix ?""}"
HOME,fr,"{""tag"":""h3"",""line"":1116,""text"":""Quels sont les meilleurs endroits pour utiliser des rollers en ligne ou un scooter près de la boutique ?""}"
HOME,fr,"{""tag"":""h3"",""line"":1125,""text"":""Est-il possible de rendre le scooter en dehors des horaires de la boutique ?""}"
HOME,fr,"{""tag"":""h3"",""line"":1133,""text"":""Quels moyens de paiement acceptez-vous ?""}"
HOME,fr,"{""tag"":""h2"",""line"":1165,""text"":""À l’intérieur de notre boutique à Vila Olímpica""}"
HOME,fr,"{""tag"":""h2"",""line"":1186,""text"":""Horaires et informations pratiques""}"
HOME,fr,"{""tag"":""h2"",""line"":1193,""text"":""Ce que disent nos clients""}"
HOME,fr,"{""tag"":""h3"",""line"":1227,""text"":""Liens rapides""}"
HOME,fr,"{""tag"":""h3"",""line"":1236,""text"":""Services""}"
HOME,fr,"{""tag"":""h3"",""line"":1240,""text"":""Contact""}"
HOME,it,"{""tag"":""h1"",""line"":698,""text"":""Noleggio scooter e pattini in linea a Barcellona""}"
HOME,it,"{""tag"":""h2"",""line"":722,""text"":""Noleggio scooter e pattini in linea a Barcellona""}"
HOME,it,"{""tag"":""h2"",""line"":749,""text"":""Noleggio scooter a Barcellona""}"
HOME,it,"{""tag"":""h2"",""line"":778,""text"":""Noleggio pattini in linea a Barcellona""}"
HOME,it,"{""tag"":""h3"",""line"":808,""text"":""Noleggio biciclette a Barcellona""}"
HOME,it,"{""tag"":""h3"",""line"":836,""text"":""Noleggio pattini a rotelle a Barcellona""}"
HOME,it,"{""tag"":""h3"",""line"":864,""text"":""Noleggio skateboard a Barcellona""}"
HOME,it,"{""tag"":""h3"",""line"":892,""text"":""Noleggio longboard a Barcellona""}"
HOME,it,"{""tag"":""h2"",""line"":924,""text"":""Vedi prezzi e prenota""}"
HOME,it,"{""tag"":""h2"",""line"":1011,""text"":""Tutto ciò di cui hai bisogno, incluso""}"
HOME,it,"{""tag"":""h2"",""line"":1062,""text"":""FAQ sul noleggio di scooter e pattini in linea a Barcellona""}"
HOME,it,"{""tag"":""h3"",""line"":1067,""text"":""Dove si trova RSB Rental Scooter Barcelona?""}"
HOME,it,"{""tag"":""h3"",""line"":1076,""text"":""Offrite la consegna gratuita dello scooter in hotel?""}"
HOME,it,"{""tag"":""h3"",""line"":1085,""text"":""Posso lasciare bagagli o effetti personali in negozio durante il noleggio?""}"
HOME,it,"{""tag"":""h3"",""line"":1094,""text"":""Pattini in linea, biciclette, pattini a rotelle, skateboard e longboard richiedono un deposito?""}"
HOME,it,"{""tag"":""h3"",""line"":1103,""text"":""Ho bisogno della patente per noleggiare uno scooter a Barcellona?""}"
HOME,it,"{""tag"":""h3"",""line"":1112,""text"":""Caschi e protezioni sono inclusi nel prezzo?""}"
HOME,it,"{""tag"":""h3"",""line"":1121,""text"":""Quali sono le migliori zone per usare pattini in linea o scooter vicino al negozio?""}"
HOME,it,"{""tag"":""h3"",""line"":1130,""text"":""È possibile restituire lo scooter fuori dagli orari del negozio?""}"
HOME,it,"{""tag"":""h3"",""line"":1138,""text"":""Quali metodi di pagamento accettate?""}"
HOME,it,"{""tag"":""h2"",""line"":1170,""text"":""Dentro il nostro negozio a Vila Olímpica""}"
HOME,it,"{""tag"":""h2"",""line"":1191,""text"":""Orari e informazioni pratiche""}"
HOME,it,"{""tag"":""h2"",""line"":1198,""text"":""Cosa dicono i nostri clienti""}"
HOME,it,"{""tag"":""h3"",""line"":1232,""text"":""Link rapidi""}"
HOME,it,"{""tag"":""h3"",""line"":1243,""text"":""Servizi""}"
HOME,it,"{""tag"":""h3"",""line"":1247,""text"":""Contatti""}"
HOME,de,"{""tag"":""h1"",""line"":690,""text"":""Scooter und Inlineskates mieten in Barcelona""}"
HOME,de,"{""tag"":""h2"",""line"":714,""text"":""Scooter- und Inlineskates-Verleih in Barcelona""}"
HOME,de,"{""tag"":""h2"",""line"":741,""text"":""Scooterverleih in Barcelona""}"
HOME,de,"{""tag"":""h2"",""line"":770,""text"":""Inlineskates-Verleih in Barcelona""}"
HOME,de,"{""tag"":""h3"",""line"":800,""text"":""Fahrradverleih in Barcelona""}"
HOME,de,"{""tag"":""h3"",""line"":828,""text"":""Rollschuhverleih in Barcelona""}"
HOME,de,"{""tag"":""h3"",""line"":856,""text"":""Skateboardverleih in Barcelona""}"
HOME,de,"{""tag"":""h3"",""line"":884,""text"":""Longboardverleih in Barcelona""}"
HOME,de,"{""tag"":""h2"",""line"":916,""text"":""Preise ansehen & buchen""}"
HOME,de,"{""tag"":""h2"",""line"":1003,""text"":""Alles, was du brauchst, inklusive""}"
HOME,de,"{""tag"":""h2"",""line"":1055,""text"":""FAQ zum Scooter- und Inlineskates-Verleih in Barcelona""}"
HOME,de,"{""tag"":""h3"",""line"":1060,""text"":""Wo befindet sich RSB Rental Scooter Barcelona?""}"
HOME,de,"{""tag"":""h3"",""line"":1069,""text"":""Bietet ihr kostenlose Hotelzustellung für den Scooter an?""}"
HOME,de,"{""tag"":""h3"",""line"":1078,""text"":""Kann ich mein Gepäck oder persönliche Sachen während der Miete im Shop lassen?""}"
HOME,de,"{""tag"":""h3"",""line"":1087,""text"":""Benötigen Inlineskates, Fahrräder, Rollschuhe, Skateboards und Longboards eine Kaution?""}"
HOME,de,"{""tag"":""h3"",""line"":1096,""text"":""Brauche ich einen Führerschein, um in Barcelona einen Scooter zu mieten?""}"
HOME,de,"{""tag"":""h3"",""line"":1105,""text"":""Sind Helme und Schutzausrüstung im Preis enthalten?""}"
HOME,de,"{""tag"":""h3"",""line"":1114,""text"":""Wo sind die besten Orte, um Inlineskates oder Scooter in der Nähe des Shops zu nutzen?""}"
HOME,de,"{""tag"":""h3"",""line"":1124,""text"":""Kann ich den Scooter außerhalb der Öffnungszeiten zurückgeben?""}"
HOME,de,"{""tag"":""h3"",""line"":1132,""text"":""Welche Zahlungsmethoden akzeptiert ihr?""}"
HOME,de,"{""tag"":""h2"",""line"":1164,""text"":""In unserem Shop in Vila Olímpica""}"
HOME,de,"{""tag"":""h2"",""line"":1185,""text"":""Öffnungszeiten und praktische Informationen""}"
HOME,de,"{""tag"":""h2"",""line"":1192,""text"":""Was unsere Kunden sagen""}"
HOME,de,"{""tag"":""h3"",""line"":1241,""text"":""Schnelllinks""}"
HOME,de,"{""tag"":""h3"",""line"":1250,""text"":""Dienstleistungen""}"
HOME,de,"{""tag"":""h3"",""line"":1254,""text"":""Kontakt""}"
HOME,nl,"{""tag"":""h1"",""line"":704,""text"":""Scooter en inline skates huren in Barcelona""}"
HOME,nl,"{""tag"":""h2"",""line"":728,""text"":""Scooterverhuur en inline skates in Barcelona""}"
HOME,nl,"{""tag"":""h2"",""line"":755,""text"":""Scooterverhuur in Barcelona""}"
HOME,nl,"{""tag"":""h2"",""line"":784,""text"":""Inline skates verhuur in Barcelona""}"
HOME,nl,"{""tag"":""h3"",""line"":814,""text"":""Fietsverhuur in Barcelona""}"
HOME,nl,"{""tag"":""h3"",""line"":842,""text"":""Rolschaatsenverhuur in Barcelona""}"
HOME,nl,"{""tag"":""h3"",""line"":870,""text"":""Skateboardverhuur in Barcelona""}"
HOME,nl,"{""tag"":""h3"",""line"":898,""text"":""Longboardverhuur in Barcelona""}"
HOME,nl,"{""tag"":""h2"",""line"":930,""text"":""Prijzen bekijken & boeken""}"
HOME,nl,"{""tag"":""h2"",""line"":1017,""text"":""Alles wat je nodig hebt, inbegrepen""}"
HOME,nl,"{""tag"":""h2"",""line"":1069,""text"":""FAQ over scooter- en inline skates verhuur in Barcelona""}"
HOME,nl,"{""tag"":""h3"",""line"":1074,""text"":""Waar ligt RSB Rental Scooter Barcelona?""}"
HOME,nl,"{""tag"":""h3"",""line"":1083,""text"":""Bieden jullie gratis scooterbezorging bij het hotel aan?""}"
HOME,nl,"{""tag"":""h3"",""line"":1092,""text"":""Kan ik mijn bagage of spullen in de winkel laten tijdens de huur?""}"
HOME,nl,"{""tag"":""h3"",""line"":1101,""text"":""Hebben inline skates, fietsen, rolschaatsen, skateboards en longboards een borg nodig?""}"
HOME,nl,"{""tag"":""h3"",""line"":1110,""text"":""Heb ik een rijbewijs nodig om in Barcelona een scooter te huren?""}"
HOME,nl,"{""tag"":""h3"",""line"":1119,""text"":""Zijn helmen en beschermers inbegrepen in de prijs?""}"
HOME,nl,"{""tag"":""h3"",""line"":1128,""text"":""Wat zijn de beste plekken om inline skates of een scooter te gebruiken in de buurt van de winkel?""}"
HOME,nl,"{""tag"":""h3"",""line"":1138,""text"":""Kan ik de scooter buiten de openingstijden van de winkel terugbrengen?""}"
HOME,nl,"{""tag"":""h3"",""line"":1146,""text"":""Welke betaalmethoden accepteren jullie?""}"
HOME,nl,"{""tag"":""h2"",""line"":1178,""text"":""In onze winkel in Vila Olímpica""}"
HOME,nl,"{""tag"":""h2"",""line"":1199,""text"":""Openingstijden en praktische info""}"
HOME,nl,"{""tag"":""h2"",""line"":1206,""text"":""Wat onze klanten zeggen""}"
HOME,nl,"{""tag"":""h3"",""line"":1255,""text"":""Snelle links""}"
HOME,nl,"{""tag"":""h3"",""line"":1264,""text"":""Diensten""}"
HOME,nl,"{""tag"":""h3"",""line"":1268,""text"":""Contact""}"
HOME,pt,"{""tag"":""h1"",""line"":710,""text"":""Aluguer de scooter e patins em linha em Barcelona""}"
HOME,pt,"{""tag"":""h2"",""line"":734,""text"":""Aluguer de scooter e patins em linha em Barcelona""}"
HOME,pt,"{""tag"":""h2"",""line"":761,""text"":""Aluguer de scooter em Barcelona""}"
HOME,pt,"{""tag"":""h2"",""line"":790,""text"":""Aluguer de patins em linha em Barcelona""}"
HOME,pt,"{""tag"":""h3"",""line"":820,""text"":""Aluguer de bicicletas em Barcelona""}"
HOME,pt,"{""tag"":""h3"",""line"":848,""text"":""Aluguer de patins de 4 rodas em Barcelona""}"
HOME,pt,"{""tag"":""h3"",""line"":876,""text"":""Aluguer de skateboard em Barcelona""}"
HOME,pt,"{""tag"":""h3"",""line"":904,""text"":""Aluguer de longboard em Barcelona""}"
HOME,pt,"{""tag"":""h2"",""line"":936,""text"":""Ver preços e reservar""}"
HOME,pt,"{""tag"":""h2"",""line"":1023,""text"":""Tudo o que precisas, incluído""}"
HOME,pt,"{""tag"":""h2"",""line"":1074,""text"":""FAQ sobre aluguer de scooter e patins em linha em Barcelona""}"
HOME,pt,"{""tag"":""h3"",""line"":1079,""text"":""Onde fica a RSB Rental Scooter Barcelona?""}"
HOME,pt,"{""tag"":""h3"",""line"":1088,""text"":""Oferecem entrega gratuita do scooter no hotel?""}"
HOME,pt,"{""tag"":""h3"",""line"":1097,""text"":""Posso deixar bagagem ou os meus pertences na loja durante o aluguer?""}"
HOME,pt,"{""tag"":""h3"",""line"":1106,""text"":""Os patins em linha, bicicletas, patins de 4 rodas, skateboards e longboards exigem depósito?""}"
HOME,pt,"{""tag"":""h3"",""line"":1115,""text"":""Preciso de carta de condução para alugar um scooter em Barcelona?""}"
HOME,pt,"{""tag"":""h3"",""line"":1124,""text"":""Os capacetes e as proteções estão incluídos no preço?""}"
HOME,pt,"{""tag"":""h3"",""line"":1133,""text"":""Quais são as melhores zonas para usar patins em linha ou scooter perto da loja?""}"
HOME,pt,"{""tag"":""h3"",""line"":1142,""text"":""É possível devolver o scooter fora do horário da loja?""}"
HOME,pt,"{""tag"":""h3"",""line"":1151,""text"":""Que métodos de pagamento aceitam?""}"
HOME,pt,"{""tag"":""h2"",""line"":1183,""text"":""Dentro da nossa loja em Vila Olímpica""}"
HOME,pt,"{""tag"":""h2"",""line"":1204,""text"":""Horário e informações práticas""}"
HOME,pt,"{""tag"":""h2"",""line"":1211,""text"":""O que dizem os nossos clientes""}"
HOME,pt,"{""tag"":""h3"",""line"":1260,""text"":""Links rápidos""}"
HOME,pt,"{""tag"":""h3"",""line"":1271,""text"":""Serviços""}"
HOME,pt,"{""tag"":""h3"",""line"":1275,""text"":""Contacto""}"
HOME,ca,"{""tag"":""h1"",""line"":698,""text"":""Lloguer de scooter i patins en línia a Barcelona""}"
HOME,ca,"{""tag"":""h2"",""line"":722,""text"":""Lloguer de scooter i patins en línia a Barcelona""}"
HOME,ca,"{""tag"":""h2"",""line"":749,""text"":""Lloguer de scooter a Barcelona""}"
HOME,ca,"{""tag"":""h2"",""line"":778,""text"":""Lloguer de patins en línia a Barcelona""}"
HOME,ca,"{""tag"":""h3"",""line"":808,""text"":""Lloguer de bicicletes a Barcelona""}"
HOME,ca,"{""tag"":""h3"",""line"":836,""text"":""Lloguer de patins de 4 rodes a Barcelona""}"
HOME,ca,"{""tag"":""h3"",""line"":864,""text"":""Lloguer de skateboard a Barcelona""}"
HOME,ca,"{""tag"":""h3"",""line"":892,""text"":""Lloguer de longboard a Barcelona""}"
HOME,ca,"{""tag"":""h2"",""line"":924,""text"":""Veure preus i reservar""}"
HOME,ca,"{""tag"":""h2"",""line"":1011,""text"":""Tot el que necessites, inclòs""}"
HOME,ca,"{""tag"":""h2"",""line"":1062,""text"":""FAQ sobre lloguer de scooter i patins en línia a Barcelona""}"
HOME,ca,"{""tag"":""h3"",""line"":1067,""text"":""On és RSB Rental Scooter Barcelona?""}"
HOME,ca,"{""tag"":""h3"",""line"":1076,""text"":""Oferiu lliurament gratuït del scooter a l’hotel?""}"
HOME,ca,"{""tag"":""h3"",""line"":1085,""text"":""Puc deixar l’equipatge o les meves coses a la botiga durant el lloguer?""}"
HOME,ca,"{""tag"":""h3"",""line"":1094,""text"":""Els patins en línia, les bicicletes, els patins de quatre rodes, els skateboards i els longboards requereixen dipòsit?""}"
HOME,ca,"{""tag"":""h3"",""line"":1103,""text"":""Necessito carnet de conduir per llogar un scooter a Barcelona?""}"
HOME,ca,"{""tag"":""h3"",""line"":1112,""text"":""Els cascos i les proteccions estan inclosos en el preu?""}"
HOME,ca,"{""tag"":""h3"",""line"":1121,""text"":""Quines són les millors zones per fer servir patins en línia o scooter a prop de la botiga?""}"
HOME,ca,"{""tag"":""h3"",""line"":1130,""text"":""És possible retornar el scooter fora de l’horari de la botiga?""}"
HOME,ca,"{""tag"":""h3"",""line"":1138,""text"":""Quins mètodes de pagament accepteu?""}"
HOME,ca,"{""tag"":""h2"",""line"":1170,""text"":""Dins de la nostra botiga a Vila Olímpica""}"
HOME,ca,"{""tag"":""h2"",""line"":1191,""text"":""Horari i informació pràctica""}"
HOME,ca,"{""tag"":""h2"",""line"":1198,""text"":""Què diuen els nostres clients""}"
HOME,ca,"{""tag"":""h3"",""line"":1244,""text"":""Enllaços ràpids""}"
HOME,ca,"{""tag"":""h3"",""line"":1255,""text"":""Serveis""}"
HOME,ca,"{""tag"":""h3"",""line"":1259,""text"":""Contacte""}"
HOME,sv,"{""tag"":""h1"",""line"":706,""text"":""Hyra scooter och inlines i Barcelona""}"
HOME,sv,"{""tag"":""h2"",""line"":730,""text"":""Scooteruthyrning och inlines i Barcelona""}"
HOME,sv,"{""tag"":""h2"",""line"":757,""text"":""Scooteruthyrning i Barcelona""}"
HOME,sv,"{""tag"":""h2"",""line"":786,""text"":""Uthyrning av inlines i Barcelona""}"
HOME,sv,"{""tag"":""h3"",""line"":816,""text"":""Cykeluthyrning i Barcelona""}"
HOME,sv,"{""tag"":""h3"",""line"":844,""text"":""Uthyrning av rullskridskor i Barcelona""}"
HOME,sv,"{""tag"":""h3"",""line"":872,""text"":""Skateboarduthyrning i Barcelona""}"
HOME,sv,"{""tag"":""h3"",""line"":900,""text"":""Longboarduthyrning i Barcelona""}"
HOME,sv,"{""tag"":""h2"",""line"":932,""text"":""Se priser och boka""}"
HOME,sv,"{""tag"":""h2"",""line"":1019,""text"":""Allt du behöver ingår""}"
HOME,sv,"{""tag"":""h2"",""line"":1071,""text"":""FAQ om scooteruthyrning och inlines i Barcelona""}"
HOME,sv,"{""tag"":""h3"",""line"":1076,""text"":""Var ligger RSB Rental Scooter Barcelona?""}"
HOME,sv,"{""tag"":""h3"",""line"":1085,""text"":""Erbjuder ni gratis scooterleverans till hotellet?""}"
HOME,sv,"{""tag"":""h3"",""line"":1094,""text"":""Kan jag lämna bagage eller mina saker i butiken under hyrtiden?""}"
HOME,sv,"{""tag"":""h3"",""line"":1103,""text"":""Behöver inlines, cyklar, rullskridskor, skateboards och longboards en deposition?""}"
HOME,sv,"{""tag"":""h3"",""line"":1112,""text"":""Behöver jag körkort för att hyra scooter i Barcelona?""}"
HOME,sv,"{""tag"":""h3"",""line"":1121,""text"":""Ingår hjälmar och skydd i priset?""}"
HOME,sv,"{""tag"":""h3"",""line"":1130,""text"":""Vilka är de bästa områdena för att använda inlines eller scooter nära butiken?""}"
HOME,sv,"{""tag"":""h3"",""line"":1140,""text"":""Kan jag lämna tillbaka scootern utanför butikens öppettider?""}"
HOME,sv,"{""tag"":""h3"",""line"":1148,""text"":""Vilka betalningsmetoder accepterar ni?""}"
HOME,sv,"{""tag"":""h2"",""line"":1180,""text"":""Inne i vår butik i Vila Olímpica""}"
HOME,sv,"{""tag"":""h2"",""line"":1201,""text"":""Öppettider och praktisk information""}"
HOME,sv,"{""tag"":""h2"",""line"":1208,""text"":""Vad våra kunder säger""}"
HOME,sv,"{""tag"":""h3"",""line"":1254,""text"":""Snabblänkar""}"
HOME,sv,"{""tag"":""h3"",""line"":1263,""text"":""Tjänster""}"
HOME,sv,"{""tag"":""h3"",""line"":1267,""text"":""Kontakt""}"
HOME,pl,"{""tag"":""h1"",""line"":694,""text"":""Wynajem skuterów i rolek w Barcelonie""}"
HOME,pl,"{""tag"":""h2"",""line"":718,""text"":""Wynajem skuterów i rolek w Barcelonie""}"
HOME,pl,"{""tag"":""h2"",""line"":745,""text"":""Wynajem skuterów w Barcelonie""}"
HOME,pl,"{""tag"":""h2"",""line"":774,""text"":""Wynajem rolek w Barcelonie""}"
HOME,pl,"{""tag"":""h3"",""line"":804,""text"":""Wynajem rowerów w Barcelonie""}"
HOME,pl,"{""tag"":""h3"",""line"":832,""text"":""Wynajem wrotek w Barcelonie""}"
HOME,pl,"{""tag"":""h3"",""line"":860,""text"":""Wynajem deskorolek w Barcelonie""}"
HOME,pl,"{""tag"":""h3"",""line"":888,""text"":""Wynajem longboardu w Barcelonie""}"
HOME,pl,"{""tag"":""h2"",""line"":920,""text"":""Zobacz cennik i zarezerwuj""}"
HOME,pl,"{""tag"":""h2"",""line"":1007,""text"":""Wszystko, czego potrzebujesz, w cenie""}"
HOME,pl,"{""tag"":""h2"",""line"":1059,""text"":""FAQ o wynajmie skuterów i rolek w Barcelonie""}"
HOME,pl,"{""tag"":""h3"",""line"":1064,""text"":""Gdzie znajduje się RSB Rental Scooter Barcelona?""}"
HOME,pl,"{""tag"":""h3"",""line"":1073,""text"":""Czy oferujecie darmową dostawę skutera do hotelu?""}"
HOME,pl,"{""tag"":""h3"",""line"":1082,""text"":""Czy mogę zostawić bagaż lub rzeczy osobiste w wypożyczalni podczas wynajmu?""}"
HOME,pl,"{""tag"":""h3"",""line"":1091,""text"":""Czy rolki, rowery, wrotki, deskorolki i longboardy wymagają kaucji?""}"
HOME,pl,"{""tag"":""h3"",""line"":1100,""text"":""Czy potrzebuję prawa jazdy, aby wynająć skuter w Barcelonie?""}"
HOME,pl,"{""tag"":""h3"",""line"":1109,""text"":""Czy kaski i ochraniacze są wliczone w cenę?""}"
HOME,pl,"{""tag"":""h3"",""line"":1118,""text"":""Gdzie najlepiej jeździć na rolkach lub skuterze blisko wypożyczalni?""}"
HOME,pl,"{""tag"":""h3"",""line"":1128,""text"":""Czy mogę zwrócić skuter poza godzinami otwarcia wypożyczalni?""}"
HOME,pl,"{""tag"":""h3"",""line"":1136,""text"":""Jakie metody płatności akceptujecie?""}"
HOME,pl,"{""tag"":""h2"",""line"":1168,""text"":""W naszej wypożyczalni w Vila Olímpica""}"
HOME,pl,"{""tag"":""h2"",""line"":1189,""text"":""Godziny otwarcia i informacje praktyczne""}"
HOME,pl,"{""tag"":""h2"",""line"":1196,""text"":""Co mówią nasi klienci""}"
HOME,pl,"{""tag"":""h3"",""line"":1242,""text"":""Szybkie linki""}"
HOME,pl,"{""tag"":""h3"",""line"":1251,""text"":""Usługi""}"
HOME,pl,"{""tag"":""h3"",""line"":1255,""text"":""Kontakt""}"
PRICES,en,"{""tag"":""h1"",""line"":1357,""text"":""Scooter, Inline Skates & Bike Rental Prices in Barcelona""}"
PRICES,en,"{""tag"":""h2"",""line"":1375,""text"":""Rental prices from our local shop in Vila Olímpica, Barcelona""}"
PRICES,en,"{""tag"":""h2"",""line"":1408,""text"":""Scooter rental in Vila Olímpica, Barcelona""}"
PRICES,en,"{""tag"":""h3"",""line"":1410,""text"":""Scooter rental prices""}"
PRICES,en,"{""tag"":""h3"",""line"":1410,""text"":""Scooter accessories & extras""}"
PRICES,en,"{""tag"":""h2"",""line"":1417,""text"":""Inline skates rental in Vila Olímpica, Barcelona""}"
PRICES,en,"{""tag"":""h3"",""line"":1420,""text"":""Inline skates rental prices""}"
PRICES,en,"{""tag"":""h3"",""line"":1420,""text"":""Inline skates accessories & extras""}"
PRICES,en,"{""tag"":""h2"",""line"":1428,""text"":""Bike rental in Vila Olímpica, Barcelona""}"
PRICES,en,"{""tag"":""h3"",""line"":1430,""text"":""Bike rental prices""}"
PRICES,en,"{""tag"":""h3"",""line"":1430,""text"":""Bike accessories & extras""}"
PRICES,en,"{""tag"":""h2"",""line"":1437,""text"":""Roller skate rental in Vila Olímpica, Barcelona""}"
PRICES,en,"{""tag"":""h3"",""line"":1439,""text"":""Roller skate rental prices""}"
PRICES,en,"{""tag"":""h3"",""line"":1439,""text"":""Roller skate accessories & extras""}"
PRICES,en,"{""tag"":""h2"",""line"":1447,""text"":""Skateboard and longboard rental in Vila Olímpica, Barcelona""}"
PRICES,en,"{""tag"":""h3"",""line"":1449,""text"":""Skateboard and longboard rental prices""}"
PRICES,en,"{""tag"":""h3"",""line"":1449,""text"":""Skateboard and longboard accessories & extras""}"
PRICES,en,"{""tag"":""h2"",""line"":1457,""text"":""Scooter, bike, inline skates, roller skates, skateboard and longboard rental in Vila Olímpica, Barcelona""}"
PRICES,en,"{""tag"":""h3"",""line"":1470,""text"":""Popular rentals in Barcelona""}"
PRICES,en,"{""tag"":""h3"",""line"":1483,""text"":""Barcelona rental guides and local tips""}"
PRICES,en,"{""tag"":""h2"",""line"":1501,""text"":""Questions before renting in Vila Olímpica, Barcelona?""}"
PRICES,en,"{""tag"":""h3"",""line"":1506,""text"":""Can I book directly via WhatsApp?""}"
PRICES,en,"{""tag"":""h3"",""line"":1516,""text"":""Where is RSB Rental Scooter Barcelona located?""}"
PRICES,en,"{""tag"":""h3"",""line"":1526,""text"":""Do rentals include helmets and accessories?""}"
PRICES,en,"{""tag"":""h3"",""line"":1536,""text"":""Do tourists need a licence to rent?""}"
PRICES,en,"{""tag"":""h3"",""line"":1546,""text"":""Booking & deposits""}"
PRICES,en,"{""tag"":""h3"",""line"":1556,""text"":""What payment methods do you accept?""}"
PRICES,en,"{""tag"":""h3"",""line"":1568,""text"":""Opening hours and practical information""}"
PRICES,en,"{""tag"":""h2"",""line"":1585,""text"":""What customers say about renting in Vila Olímpica, Barcelona""}"
PRICES,en,"{""tag"":""h3"",""line"":1635,""text"":""Quick Links""}"
PRICES,en,"{""tag"":""h3"",""line"":1644,""text"":""Services""}"
PRICES,en,"{""tag"":""h3"",""line"":1648,""text"":""Contact""}"
PRICES,es,"{""tag"":""h1"",""line"":1354,""text"":""Precios de alquiler de scooter, patines en línea y bicicletas en Barcelona""}"
PRICES,es,"{""tag"":""h2"",""line"":1372,""text"":""Precios de alquiler desde nuestra tienda local en Vila Olímpica, Barcelona""}"
PRICES,es,"{""tag"":""h2"",""line"":1403,""text"":""Alquiler de scooter en Vila Olímpica, Barcelona""}"
PRICES,es,"{""tag"":""h3"",""line"":1405,""text"":""Precios de alquiler de scooter""}"
PRICES,es,"{""tag"":""h3"",""line"":1405,""text"":""Accesorios y extras del scooter""}"
PRICES,es,"{""tag"":""h2"",""line"":1412,""text"":""Alquiler de patines en línea en Vila Olímpica, Barcelona""}"
PRICES,es,"{""tag"":""h3"",""line"":1415,""text"":""Precios de alquiler de patines en línea""}"
PRICES,es,"{""tag"":""h3"",""line"":1415,""text"":""Accesorios y extras de patines en línea""}"
PRICES,es,"{""tag"":""h2"",""line"":1423,""text"":""Alquiler de bicicletas en Vila Olímpica, Barcelona""}"
PRICES,es,"{""tag"":""h3"",""line"":1425,""text"":""Precios de alquiler de bicicletas""}"
PRICES,es,"{""tag"":""h3"",""line"":1425,""text"":""Accesorios y extras de bicicletas""}"
PRICES,es,"{""tag"":""h2"",""line"":1432,""text"":""Alquiler de patines de 4 ruedas en Vila Olímpica, Barcelona""}"
PRICES,es,"{""tag"":""h3"",""line"":1434,""text"":""Precios de alquiler de patines de 4 ruedas""}"
PRICES,es,"{""tag"":""h3"",""line"":1434,""text"":""Accesorios y extras de patines de 4 ruedas""}"
PRICES,es,"{""tag"":""h2"",""line"":1442,""text"":""Alquiler de skateboard y longboard en Vila Olímpica, Barcelona""}"
PRICES,es,"{""tag"":""h3"",""line"":1444,""text"":""Precios de alquiler de skateboard y longboard""}"
PRICES,es,"{""tag"":""h3"",""line"":1444,""text"":""Accesorios y extras de skateboard y longboard""}"
PRICES,es,"{""tag"":""h2"",""line"":1452,""text"":""Alquiler de scooter, bicicletas, patines en línea, patines de 4 ruedas, skateboard y longboard en Vila Olímpica, Barcelona""}"
PRICES,es,"{""tag"":""h3"",""line"":1465,""text"":""Alquileres populares en Barcelona""}"
PRICES,es,"{""tag"":""h3"",""line"":1478,""text"":""Guías de alquiler en Barcelona y consejos locales""}"
PRICES,es,"{""tag"":""h2"",""line"":1496,""text"":""¿Preguntas antes de alquilar en Vila Olímpica, Barcelona?""}"
PRICES,es,"{""tag"":""h3"",""line"":1501,""text"":""¿Puedo reservar directamente por WhatsApp?""}"
PRICES,es,"{""tag"":""h3"",""line"":1511,""text"":""¿Dónde está RSB Rental Scooter Barcelona?""}"
PRICES,es,"{""tag"":""h3"",""line"":1521,""text"":""¿Los alquileres incluyen cascos y accesorios?""}"
PRICES,es,"{""tag"":""h3"",""line"":1531,""text"":""¿Los turistas necesitan permiso para alquilar?""}"
PRICES,es,"{""tag"":""h3"",""line"":1541,""text"":""Reserva y depósitos""}"
PRICES,es,"{""tag"":""h3"",""line"":1551,""text"":""¿Qué métodos de pago aceptáis?""}"
PRICES,es,"{""tag"":""h3"",""line"":1563,""text"":""Horario e información práctica""}"
PRICES,es,"{""tag"":""h2"",""line"":1580,""text"":""Lo que dicen nuestros clientes""}"
PRICES,es,"{""tag"":""h3"",""line"":1615,""text"":""Enlaces rápidos""}"
PRICES,es,"{""tag"":""h3"",""line"":1624,""text"":""Servicios""}"
PRICES,es,"{""tag"":""h3"",""line"":1628,""text"":""Contacto""}"
PRICES,fr,"{""tag"":""h1"",""line"":1345,""text"":""Prix de scooter, rollers en ligne et vélos à Barcelone""}"
PRICES,fr,"{""tag"":""h2"",""line"":1361,""text"":""Prix de location depuis notre boutique locale de Vila Olímpica, Barcelone""}"
PRICES,fr,"{""tag"":""h2"",""line"":1388,""text"":""Location de scooter à Vila Olímpica, Barcelone""}"
PRICES,fr,"{""tag"":""h3"",""line"":1390,""text"":""Tarifs location de scooter""}"
PRICES,fr,"{""tag"":""h3"",""line"":1390,""text"":""Accessoires et extras scooter""}"
PRICES,fr,"{""tag"":""h2"",""line"":1397,""text"":""Location de rollers en ligne à Vila Olímpica, Barcelone""}"
PRICES,fr,"{""tag"":""h3"",""line"":1400,""text"":""Tarifs location de rollers en ligne""}"
PRICES,fr,"{""tag"":""h3"",""line"":1400,""text"":""Accessoires et extras rollers en ligne""}"
PRICES,fr,"{""tag"":""h2"",""line"":1408,""text"":""Location de vélos à Vila Olímpica, Barcelone""}"
PRICES,fr,"{""tag"":""h3"",""line"":1410,""text"":""Tarifs location de vélos""}"
PRICES,fr,"{""tag"":""h3"",""line"":1410,""text"":""Accessoires et extras vélos""}"
PRICES,fr,"{""tag"":""h2"",""line"":1417,""text"":""Location de rollers classiques à Vila Olímpica, Barcelone""}"
PRICES,fr,"{""tag"":""h3"",""line"":1419,""text"":""Tarifs location de rollers classiques""}"
PRICES,fr,"{""tag"":""h3"",""line"":1419,""text"":""Accessoires et extras rollers classiques""}"
PRICES,fr,"{""tag"":""h2"",""line"":1427,""text"":""Location de skateboard et longboard à Vila Olímpica, Barcelone""}"
PRICES,fr,"{""tag"":""h3"",""line"":1429,""text"":""Tarifs location de skateboard et longboard""}"
PRICES,fr,"{""tag"":""h3"",""line"":1429,""text"":""Accessoires et extras skateboard et longboard""}"
PRICES,fr,"{""tag"":""h2"",""line"":1437,""text"":""Location de scooter, vélos, rollers en ligne, rollers classiques, skateboard et longboard à Vila Olímpica, Barcelone""}"
PRICES,fr,"{""tag"":""h3"",""line"":1450,""text"":""Locations populaires à Barcelone""}"
PRICES,fr,"{""tag"":""h3"",""line"":1463,""text"":""Guides de location et conseils locaux à Barcelone""}"
PRICES,fr,"{""tag"":""h2"",""line"":1481,""text"":""Des questions avant de louer à Vila Olímpica, Barcelone ?""}"
PRICES,fr,"{""tag"":""h3"",""line"":1486,""text"":""Puis-je réserver directement via WhatsApp ?""}"
PRICES,fr,"{""tag"":""h3"",""line"":1496,""text"":""Où se trouve RSB Rental Scooter Barcelona ?""}"
PRICES,fr,"{""tag"":""h3"",""line"":1506,""text"":""Les locations incluent-elles casques et accessoires ?""}"
PRICES,fr,"{""tag"":""h3"",""line"":1516,""text"":""Les touristes ont-ils besoin d’un permis pour louer ?""}"
PRICES,fr,"{""tag"":""h3"",""line"":1526,""text"":""Réservations et dépôts""}"
PRICES,fr,"{""tag"":""h3"",""line"":1536,""text"":""Quels moyens de paiement acceptez-vous ?""}"
PRICES,fr,"{""tag"":""h3"",""line"":1548,""text"":""Horaires d’ouverture et informations pratiques""}"
PRICES,fr,"{""tag"":""h2"",""line"":1565,""text"":""Ce que disent nos clients""}"
PRICES,fr,"{""tag"":""h3"",""line"":1600,""text"":""Liens rapides""}"
PRICES,fr,"{""tag"":""h3"",""line"":1609,""text"":""Services""}"
PRICES,fr,"{""tag"":""h3"",""line"":1613,""text"":""Contact""}"
PRICES,it,"{""tag"":""h1"",""line"":1350,""text"":""Prezzi di scooter, pattini in linea e biciclette a Barcellona""}"
PRICES,it,"{""tag"":""h2"",""line"":1366,""text"":""Prezzi di noleggio dal nostro negozio locale a Vila Olímpica, Barcellona""}"
PRICES,it,"{""tag"":""h2"",""line"":1393,""text"":""Noleggio scooter a Vila Olímpica, Barcellona""}"
PRICES,it,"{""tag"":""h3"",""line"":1395,""text"":""Prezzi noleggio scooter""}"
PRICES,it,"{""tag"":""h3"",""line"":1395,""text"":""Accessori ed extra scooter""}"
PRICES,it,"{""tag"":""h2"",""line"":1402,""text"":""Noleggio pattini in linea a Vila Olímpica, Barcellona""}"
PRICES,it,"{""tag"":""h3"",""line"":1405,""text"":""Prezzi noleggio pattini in linea""}"
PRICES,it,"{""tag"":""h3"",""line"":1405,""text"":""Accessori ed extra pattini in linea""}"
PRICES,it,"{""tag"":""h2"",""line"":1413,""text"":""Noleggio biciclette a Vila Olímpica, Barcellona""}"
PRICES,it,"{""tag"":""h3"",""line"":1415,""text"":""Prezzi noleggio biciclette""}"
PRICES,it,"{""tag"":""h3"",""line"":1415,""text"":""Accessori ed extra biciclette""}"
PRICES,it,"{""tag"":""h2"",""line"":1422,""text"":""Noleggio pattini a rotelle a Vila Olímpica, Barcellona""}"
PRICES,it,"{""tag"":""h3"",""line"":1424,""text"":""Prezzi noleggio pattini a rotelle""}"
PRICES,it,"{""tag"":""h3"",""line"":1424,""text"":""Accessori ed extra pattini a rotelle""}"
PRICES,it,"{""tag"":""h2"",""line"":1432,""text"":""Noleggio skateboard e longboard a Vila Olímpica, Barcellona""}"
PRICES,it,"{""tag"":""h3"",""line"":1434,""text"":""Prezzi noleggio skateboard e longboard""}"
PRICES,it,"{""tag"":""h3"",""line"":1434,""text"":""Accessori ed extra skateboard e longboard""}"
PRICES,it,"{""tag"":""h2"",""line"":1442,""text"":""Noleggio di scooter, biciclette, pattini in linea, pattini a rotelle, skateboard e longboard a Vila Olímpica, Barcellona""}"
PRICES,it,"{""tag"":""h3"",""line"":1455,""text"":""Noleggi popolari a Barcellona""}"
PRICES,it,"{""tag"":""h3"",""line"":1468,""text"":""Guide di noleggio e consigli locali su Barcellona""}"
PRICES,it,"{""tag"":""h2"",""line"":1486,""text"":""Domande prima di noleggiare a Vila Olímpica, Barcellona?""}"
PRICES,it,"{""tag"":""h3"",""line"":1491,""text"":""Posso prenotare direttamente via WhatsApp?""}"
PRICES,it,"{""tag"":""h3"",""line"":1501,""text"":""Dove si trova RSB Rental Scooter Barcelona?""}"
PRICES,it,"{""tag"":""h3"",""line"":1511,""text"":""I noleggi includono caschi e accessori?""}"
PRICES,it,"{""tag"":""h3"",""line"":1521,""text"":""I turisti hanno bisogno di una patente per noleggiare?""}"
PRICES,it,"{""tag"":""h3"",""line"":1531,""text"":""Prenotazioni e depositi""}"
PRICES,it,"{""tag"":""h3"",""line"":1541,""text"":""Quali metodi di pagamento accettate?""}"
PRICES,it,"{""tag"":""h3"",""line"":1553,""text"":""Orari di apertura e informazioni pratiche""}"
PRICES,it,"{""tag"":""h2"",""line"":1570,""text"":""Cosa dicono i nostri clienti""}"
PRICES,it,"{""tag"":""h3"",""line"":1605,""text"":""Link rapidi""}"
PRICES,it,"{""tag"":""h3"",""line"":1616,""text"":""Servizi""}"
PRICES,it,"{""tag"":""h3"",""line"":1620,""text"":""Contatto""}"
PRICES,de,"{""tag"":""h1"",""line"":1343,""text"":""Preise für Scooter, Inlineskates und Fahrräder in Barcelona""}"
PRICES,de,"{""tag"":""h2"",""line"":1359,""text"":""Mietpreise aus unserem lokalen Shop in Vila Olímpica, Barcelona""}"
PRICES,de,"{""tag"":""h2"",""line"":1386,""text"":""Scooterverleih in Vila Olímpica, Barcelona""}"
PRICES,de,"{""tag"":""h3"",""line"":1388,""text"":""Scooter-Mietpreise""}"
PRICES,de,"{""tag"":""h3"",""line"":1388,""text"":""Scooter-Zubehör & Extras""}"
PRICES,de,"{""tag"":""h2"",""line"":1395,""text"":""Inlineskates-Verleih in Vila Olímpica, Barcelona""}"
PRICES,de,"{""tag"":""h3"",""line"":1398,""text"":""Inlineskates-Mietpreise""}"
PRICES,de,"{""tag"":""h3"",""line"":1398,""text"":""Inlineskates-Zubehör & Extras""}"
PRICES,de,"{""tag"":""h2"",""line"":1406,""text"":""Fahrradverleih in Vila Olímpica, Barcelona""}"
PRICES,de,"{""tag"":""h3"",""line"":1408,""text"":""Fahrrad-Mietpreise""}"
PRICES,de,"{""tag"":""h3"",""line"":1408,""text"":""Fahrrad-Zubehör & Extras""}"
PRICES,de,"{""tag"":""h2"",""line"":1415,""text"":""Rollschuhverleih in Vila Olímpica, Barcelona""}"
PRICES,de,"{""tag"":""h3"",""line"":1417,""text"":""Rollschuh-Mietpreise""}"
PRICES,de,"{""tag"":""h3"",""line"":1417,""text"":""Rollschuh-Zubehör & Extras""}"
PRICES,de,"{""tag"":""h2"",""line"":1425,""text"":""Skateboard- und Longboard-Verleih in Vila Olímpica, Barcelona""}"
PRICES,de,"{""tag"":""h3"",""line"":1427,""text"":""Skateboard- und Longboard-Mietpreise""}"
PRICES,de,"{""tag"":""h3"",""line"":1427,""text"":""Skateboard- und Longboard-Zubehör & Extras""}"
PRICES,de,"{""tag"":""h2"",""line"":1435,""text"":""Scooter-, Fahrrad-, Inlineskates-, Rollschuh-, Skateboard- und Longboard-Verleih in Vila Olímpica, Barcelona""}"
PRICES,de,"{""tag"":""h3"",""line"":1448,""text"":""Beliebte Mieten in Barcelona""}"
PRICES,de,"{""tag"":""h3"",""line"":1461,""text"":""Mietguides und lokale Tipps für Barcelona""}"
PRICES,de,"{""tag"":""h2"",""line"":1479,""text"":""Fragen vor dem Mieten in Vila Olímpica, Barcelona?""}"
PRICES,de,"{""tag"":""h3"",""line"":1484,""text"":""Kann ich direkt per WhatsApp buchen?""}"
PRICES,de,"{""tag"":""h3"",""line"":1496,""text"":""Wo befindet sich RSB Rental Scooter Barcelona?""}"
PRICES,de,"{""tag"":""h3"",""line"":1508,""text"":""Sind Helme und Zubehör inbegriffen?""}"
PRICES,de,"{""tag"":""h3"",""line"":1520,""text"":""Brauchen Touristen einen Führerschein zum Mieten?""}"
PRICES,de,"{""tag"":""h3"",""line"":1532,""text"":""Buchung und Kautionen""}"
PRICES,de,"{""tag"":""h3"",""line"":1544,""text"":""Welche Zahlungsmethoden akzeptiert ihr?""}"
PRICES,de,"{""tag"":""h3"",""line"":1558,""text"":""Öffnungszeiten und praktische Informationen""}"
PRICES,de,"{""tag"":""h2"",""line"":1575,""text"":""Was unsere Kunden sagen""}"
PRICES,de,"{""tag"":""h3"",""line"":1624,""text"":""Schnelllinks""}"
PRICES,de,"{""tag"":""h3"",""line"":1633,""text"":""Services""}"
PRICES,de,"{""tag"":""h3"",""line"":1637,""text"":""Kontakt""}"
PRICES,nl,"{""tag"":""h1"",""line"":1355,""text"":""Prijzen voor scooters, inline skates en fietsen in Barcelona""}"
PRICES,nl,"{""tag"":""h2"",""line"":1371,""text"":""Verhuurprijzen vanuit onze lokale winkel in Vila Olímpica, Barcelona""}"
PRICES,nl,"{""tag"":""h2"",""line"":1398,""text"":""Scooterverhuur in Vila Olímpica, Barcelona""}"
PRICES,nl,"{""tag"":""h3"",""line"":1400,""text"":""Scooterhuurprijzen""}"
PRICES,nl,"{""tag"":""h3"",""line"":1400,""text"":""Scooteraccessoires & extra’s""}"
PRICES,nl,"{""tag"":""h2"",""line"":1407,""text"":""Inline skates verhuur in Vila Olímpica, Barcelona""}"
PRICES,nl,"{""tag"":""h3"",""line"":1410,""text"":""Inline skates huurprijzen""}"
PRICES,nl,"{""tag"":""h3"",""line"":1410,""text"":""Inline skates accessoires & extra’s""}"
PRICES,nl,"{""tag"":""h2"",""line"":1418,""text"":""Fietsverhuur in Vila Olímpica, Barcelona""}"
PRICES,nl,"{""tag"":""h3"",""line"":1420,""text"":""Fietsverhuur prijzen""}"
PRICES,nl,"{""tag"":""h3"",""line"":1420,""text"":""Fietsaccessoires & extra’s""}"
PRICES,nl,"{""tag"":""h2"",""line"":1427,""text"":""Rolschaatsenverhuur in Vila Olímpica, Barcelona""}"
PRICES,nl,"{""tag"":""h3"",""line"":1429,""text"":""Rolschaatsen huurprijzen""}"
PRICES,nl,"{""tag"":""h3"",""line"":1429,""text"":""Rolschaatsen accessoires & extra’s""}"
PRICES,nl,"{""tag"":""h2"",""line"":1437,""text"":""Skateboard- en longboardverhuur in Vila Olímpica, Barcelona""}"
PRICES,nl,"{""tag"":""h3"",""line"":1439,""text"":""Skateboard- en longboard huurprijzen""}"
PRICES,nl,"{""tag"":""h3"",""line"":1439,""text"":""Skateboard- en longboard accessoires & extra’s""}"
PRICES,nl,"{""tag"":""h2"",""line"":1447,""text"":""Scooter-, fiets-, inline skates-, rolschaatsen-, skateboard- en longboardverhuur in Vila Olímpica, Barcelona""}"
PRICES,nl,"{""tag"":""h3"",""line"":1460,""text"":""Populaire verhuur in Barcelona""}"
PRICES,nl,"{""tag"":""h3"",""line"":1473,""text"":""Verhuurgidsen en lokale tips voor Barcelona""}"
PRICES,nl,"{""tag"":""h2"",""line"":1491,""text"":""Vragen voordat je huurt in Vila Olímpica, Barcelona?""}"
PRICES,nl,"{""tag"":""h3"",""line"":1496,""text"":""Kan ik direct via WhatsApp boeken?""}"
PRICES,nl,"{""tag"":""h3"",""line"":1508,""text"":""Waar bevindt RSB Rental Scooter Barcelona zich?""}"
PRICES,nl,"{""tag"":""h3"",""line"":1520,""text"":""Zijn helmen en accessoires inbegrepen?""}"
PRICES,nl,"{""tag"":""h3"",""line"":1532,""text"":""Hebben toeristen een rijbewijs nodig om te huren?""}"
PRICES,nl,"{""tag"":""h3"",""line"":1544,""text"":""Boekingen en borg""}"
PRICES,nl,"{""tag"":""h3"",""line"":1556,""text"":""Welke betaalmethoden accepteren jullie?""}"
PRICES,nl,"{""tag"":""h3"",""line"":1570,""text"":""Openingstijden en praktische informatie""}"
PRICES,nl,"{""tag"":""h2"",""line"":1587,""text"":""Wat onze klanten zeggen""}"
PRICES,nl,"{""tag"":""h3"",""line"":1636,""text"":""Snelle links""}"
PRICES,nl,"{""tag"":""h3"",""line"":1645,""text"":""Diensten""}"
PRICES,nl,"{""tag"":""h3"",""line"":1649,""text"":""Contact""}"
PRICES,pt,"{""tag"":""h1"",""line"":1361,""text"":""Preços de scooters, patins em linha e bicicletas em Barcelona""}"
PRICES,pt,"{""tag"":""h2"",""line"":1377,""text"":""Preços de aluguer da nossa loja local em Vila Olímpica, Barcelona""}"
PRICES,pt,"{""tag"":""h2"",""line"":1404,""text"":""Aluguer de scooter em Vila Olímpica, Barcelona""}"
PRICES,pt,"{""tag"":""h3"",""line"":1406,""text"":""Preços de aluguer de scooter""}"
PRICES,pt,"{""tag"":""h3"",""line"":1406,""text"":""Acessórios e extras do scooter""}"
PRICES,pt,"{""tag"":""h2"",""line"":1413,""text"":""Aluguer de patins em linha em Vila Olímpica, Barcelona""}"
PRICES,pt,"{""tag"":""h3"",""line"":1416,""text"":""Preços de aluguer de patins em linha""}"
PRICES,pt,"{""tag"":""h3"",""line"":1416,""text"":""Acessórios e extras dos patins em linha""}"
PRICES,pt,"{""tag"":""h2"",""line"":1424,""text"":""Aluguer de bicicletas em Vila Olímpica, Barcelona""}"
PRICES,pt,"{""tag"":""h3"",""line"":1426,""text"":""Preços de aluguer de bicicletas""}"
PRICES,pt,"{""tag"":""h3"",""line"":1426,""text"":""Acessórios e extras das bicicletas""}"
PRICES,pt,"{""tag"":""h2"",""line"":1433,""text"":""Aluguer de patins de 4 rodas em Vila Olímpica, Barcelona""}"
PRICES,pt,"{""tag"":""h3"",""line"":1435,""text"":""Preços de aluguer de patins de 4 rodas""}"
PRICES,pt,"{""tag"":""h3"",""line"":1435,""text"":""Acessórios e extras dos patins de 4 rodas""}"
PRICES,pt,"{""tag"":""h2"",""line"":1443,""text"":""Aluguer de skateboard e longboard em Vila Olímpica, Barcelona""}"
PRICES,pt,"{""tag"":""h3"",""line"":1445,""text"":""Preços de aluguer de skateboard e longboard""}"
PRICES,pt,"{""tag"":""h3"",""line"":1445,""text"":""Acessórios e extras de skateboard e longboard""}"
PRICES,pt,"{""tag"":""h2"",""line"":1453,""text"":""Aluguer de scooter, bicicletas, patins em linha, patins de 4 rodas, skateboard e longboard em Vila Olímpica, Barcelona""}"
PRICES,pt,"{""tag"":""h3"",""line"":1466,""text"":""Alugueres populares em Barcelona""}"
PRICES,pt,"{""tag"":""h3"",""line"":1479,""text"":""Guias de aluguer e dicas locais em Barcelona""}"
PRICES,pt,"{""tag"":""h2"",""line"":1497,""text"":""Perguntas antes de alugar em Vila Olímpica, Barcelona?""}"
PRICES,pt,"{""tag"":""h3"",""line"":1502,""text"":""Posso reservar diretamente por WhatsApp?""}"
PRICES,pt,"{""tag"":""h3"",""line"":1512,""text"":""Onde fica a RSB Rental Scooter Barcelona?""}"
PRICES,pt,"{""tag"":""h3"",""line"":1522,""text"":""Os alugueres incluem capacetes e acessórios?""}"
PRICES,pt,"{""tag"":""h3"",""line"":1532,""text"":""Os turistas precisam de carta para alugar?""}"
PRICES,pt,"{""tag"":""h3"",""line"":1542,""text"":""Reservas e depósitos""}"
PRICES,pt,"{""tag"":""h3"",""line"":1552,""text"":""Que métodos de pagamento aceitam?""}"
PRICES,pt,"{""tag"":""h3"",""line"":1564,""text"":""Horário de abertura e informação prática""}"
PRICES,pt,"{""tag"":""h2"",""line"":1581,""text"":""O que dizem os nossos clientes""}"
PRICES,pt,"{""tag"":""h3"",""line"":1630,""text"":""Ligações rápidas""}"
PRICES,pt,"{""tag"":""h3"",""line"":1641,""text"":""Serviços""}"
PRICES,pt,"{""tag"":""h3"",""line"":1645,""text"":""Contacto""}"
PRICES,ca,"{""tag"":""h1"",""line"":1350,""text"":""Preus de scooter, patins en línia i bicicletes a Barcelona""}"
PRICES,ca,"{""tag"":""h2"",""line"":1366,""text"":""Preus de lloguer des de la nostra botiga local de Vila Olímpica, Barcelona""}"
PRICES,ca,"{""tag"":""h2"",""line"":1393,""text"":""Lloguer de scooter a Vila Olímpica, Barcelona""}"
PRICES,ca,"{""tag"":""h3"",""line"":1395,""text"":""Preus de lloguer de scooter""}"
PRICES,ca,"{""tag"":""h3"",""line"":1395,""text"":""Accessoris i extres del scooter""}"
PRICES,ca,"{""tag"":""h2"",""line"":1402,""text"":""Lloguer de patins en línia a Vila Olímpica, Barcelona""}"
PRICES,ca,"{""tag"":""h3"",""line"":1405,""text"":""Preus de lloguer de patins en línia""}"
PRICES,ca,"{""tag"":""h3"",""line"":1405,""text"":""Accessoris i extres dels patins en línia""}"
PRICES,ca,"{""tag"":""h2"",""line"":1413,""text"":""Lloguer de bicicletes a Vila Olímpica, Barcelona""}"
PRICES,ca,"{""tag"":""h3"",""line"":1415,""text"":""Preus de lloguer de bicicletes""}"
PRICES,ca,"{""tag"":""h3"",""line"":1415,""text"":""Accessoris i extres de bicicletes""}"
PRICES,ca,"{""tag"":""h2"",""line"":1422,""text"":""Lloguer de patins de quatre rodes a Vila Olímpica, Barcelona""}"
PRICES,ca,"{""tag"":""h3"",""line"":1424,""text"":""Preus de lloguer de patins de quatre rodes""}"
PRICES,ca,"{""tag"":""h3"",""line"":1424,""text"":""Accessoris i extres dels patins de quatre rodes""}"
PRICES,ca,"{""tag"":""h2"",""line"":1432,""text"":""Lloguer de skateboard i longboard a Vila Olímpica, Barcelona""}"
PRICES,ca,"{""tag"":""h3"",""line"":1434,""text"":""Preus de lloguer de skateboard i longboard""}"
PRICES,ca,"{""tag"":""h3"",""line"":1434,""text"":""Accessoris i extres de skateboard i longboard""}"
PRICES,ca,"{""tag"":""h2"",""line"":1442,""text"":""Lloguer de scooter, bicicletes, patins en línia, patins de quatre rodes, skateboard i longboard a Vila Olímpica, Barcelona""}"
PRICES,ca,"{""tag"":""h3"",""line"":1455,""text"":""Lloguers populars a Barcelona""}"
PRICES,ca,"{""tag"":""h3"",""line"":1468,""text"":""Guies de lloguer i consells locals a Barcelona""}"
PRICES,ca,"{""tag"":""h2"",""line"":1486,""text"":""Preguntes abans de llogar a Vila Olímpica, Barcelona?""}"
PRICES,ca,"{""tag"":""h3"",""line"":1491,""text"":""Puc reservar directament per WhatsApp?""}"
PRICES,ca,"{""tag"":""h3"",""line"":1501,""text"":""On és RSB Rental Scooter Barcelona?""}"
PRICES,ca,"{""tag"":""h3"",""line"":1511,""text"":""Els lloguers inclouen cascos i accessoris?""}"
PRICES,ca,"{""tag"":""h3"",""line"":1521,""text"":""Els turistes necessiten carnet per llogar?""}"
PRICES,ca,"{""tag"":""h3"",""line"":1531,""text"":""Reserves i dipòsits""}"
PRICES,ca,"{""tag"":""h3"",""line"":1541,""text"":""Quins mètodes de pagament accepteu?""}"
PRICES,ca,"{""tag"":""h3"",""line"":1553,""text"":""Horari d’obertura i informació pràctica""}"
PRICES,ca,"{""tag"":""h2"",""line"":1570,""text"":""Què diuen els nostres clients""}"
PRICES,ca,"{""tag"":""h3"",""line"":1617,""text"":""Enllaços ràpids""}"
PRICES,ca,"{""tag"":""h3"",""line"":1628,""text"":""Serveis""}"
PRICES,ca,"{""tag"":""h3"",""line"":1632,""text"":""Contacte""}"
PRICES,sv,"{""tag"":""h1"",""line"":1357,""text"":""Priser för scootrar, inlines och cyklar i Barcelona""}"
PRICES,sv,"{""tag"":""h2"",""line"":1373,""text"":""Uthyrningspriser från vår lokala butik i Vila Olímpica, Barcelona""}"
PRICES,sv,"{""tag"":""h2"",""line"":1400,""text"":""Scooteruthyrning i Vila Olímpica, Barcelona""}"
PRICES,sv,"{""tag"":""h3"",""line"":1402,""text"":""Priser för scooteruthyrning""}"
PRICES,sv,"{""tag"":""h3"",""line"":1402,""text"":""Scootertillbehör och extra""}"
PRICES,sv,"{""tag"":""h2"",""line"":1409,""text"":""Uthyrning av inlines i Vila Olímpica, Barcelona""}"
PRICES,sv,"{""tag"":""h3"",""line"":1412,""text"":""Priser för uthyrning av inlines""}"
PRICES,sv,"{""tag"":""h3"",""line"":1412,""text"":""Tillbehör och extra för inlines""}"
PRICES,sv,"{""tag"":""h2"",""line"":1420,""text"":""Cykeluthyrning i Vila Olímpica, Barcelona""}"
PRICES,sv,"{""tag"":""h3"",""line"":1422,""text"":""Priser för cykeluthyrning""}"
PRICES,sv,"{""tag"":""h3"",""line"":1422,""text"":""Cykeltillbehör och extra""}"
PRICES,sv,"{""tag"":""h2"",""line"":1429,""text"":""Uthyrning av rullskridskor i Vila Olímpica, Barcelona""}"
PRICES,sv,"{""tag"":""h3"",""line"":1431,""text"":""Priser för uthyrning av rullskridskor""}"
PRICES,sv,"{""tag"":""h3"",""line"":1431,""text"":""Tillbehör och extra för rullskridskor""}"
PRICES,sv,"{""tag"":""h2"",""line"":1439,""text"":""Skateboard- och longboarduthyrning i Vila Olímpica, Barcelona""}"
PRICES,sv,"{""tag"":""h3"",""line"":1441,""text"":""Priser för skateboard- och longboarduthyrning""}"
PRICES,sv,"{""tag"":""h3"",""line"":1441,""text"":""Tillbehör och extra för skateboard och longboard""}"
PRICES,sv,"{""tag"":""h2"",""line"":1449,""text"":""Scooter-, cykel-, inlines-, rullskridsko-, skateboard- och longboarduthyrning i Vila Olímpica, Barcelona""}"
PRICES,sv,"{""tag"":""h3"",""line"":1462,""text"":""Populära hyror i Barcelona""}"
PRICES,sv,"{""tag"":""h3"",""line"":1475,""text"":""Uthyrningsguider och lokala tips i Barcelona""}"
PRICES,sv,"{""tag"":""h2"",""line"":1493,""text"":""Frågor innan du hyr i Vila Olímpica, Barcelona?""}"
PRICES,sv,"{""tag"":""h3"",""line"":1498,""text"":""Kan jag boka direkt via WhatsApp?""}"
PRICES,sv,"{""tag"":""h3"",""line"":1508,""text"":""Var ligger RSB Rental Scooter Barcelona?""}"
PRICES,sv,"{""tag"":""h3"",""line"":1518,""text"":""Ingår hjälmar och tillbehör?""}"
PRICES,sv,"{""tag"":""h3"",""line"":1528,""text"":""Behöver turister körkort för att hyra?""}"
PRICES,sv,"{""tag"":""h3"",""line"":1538,""text"":""Bokning och depositioner""}"
PRICES,sv,"{""tag"":""h3"",""line"":1548,""text"":""Vilka betalningsmetoder accepterar ni?""}"
PRICES,sv,"{""tag"":""h3"",""line"":1560,""text"":""Öppettider och praktisk information""}"
PRICES,sv,"{""tag"":""h2"",""line"":1577,""text"":""Vad våra kunder säger""}"
PRICES,sv,"{""tag"":""h3"",""line"":1624,""text"":""Snabblänkar""}"
PRICES,sv,"{""tag"":""h3"",""line"":1633,""text"":""Tjänster""}"
PRICES,sv,"{""tag"":""h3"",""line"":1637,""text"":""Kontakt""}"
PRICES,pl,"{""tag"":""h1"",""line"":1357,""text"":""Cennik wynajmu skuterów, rolek, rowerów, wrotek, deskorolek i longboardów w Barcelonie""}"
PRICES,pl,"{""tag"":""h2"",""line"":1375,""text"":""Ceny wynajmu w naszej lokalnej wypożyczalni w Vila Olímpica, Barcelona""}"
PRICES,pl,"{""tag"":""h2"",""line"":1406,""text"":""Wynajem skuterów w Vila Olímpica, Barcelona""}"
PRICES,pl,"{""tag"":""h3"",""line"":1408,""text"":""Ceny wynajmu skuterów""}"
PRICES,pl,"{""tag"":""h3"",""line"":1408,""text"":""Akcesoria i dodatki do skutera""}"
PRICES,pl,"{""tag"":""h2"",""line"":1415,""text"":""Wynajem rolek w Vila Olímpica, Barcelona""}"
PRICES,pl,"{""tag"":""h3"",""line"":1418,""text"":""Ceny wynajmu rolek""}"
PRICES,pl,"{""tag"":""h3"",""line"":1418,""text"":""Akcesoria i dodatki do rolek""}"
PRICES,pl,"{""tag"":""h2"",""line"":1426,""text"":""Wynajem rowerów w Vila Olímpica, Barcelona""}"
PRICES,pl,"{""tag"":""h3"",""line"":1428,""text"":""Ceny wynajmu rowerów""}"
PRICES,pl,"{""tag"":""h3"",""line"":1428,""text"":""Akcesoria i dodatki do rowerów""}"
PRICES,pl,"{""tag"":""h2"",""line"":1435,""text"":""Wynajem wrotek w Vila Olímpica, Barcelona""}"
PRICES,pl,"{""tag"":""h3"",""line"":1437,""text"":""Ceny wynajmu wrotek""}"
PRICES,pl,"{""tag"":""h3"",""line"":1437,""text"":""Akcesoria i dodatki do wrotek""}"
PRICES,pl,"{""tag"":""h2"",""line"":1445,""text"":""Wynajem deskorolek i longboardów w Vila Olímpica, Barcelona""}"
PRICES,pl,"{""tag"":""h3"",""line"":1447,""text"":""Ceny wynajmu deskorolek i longboardów""}"
PRICES,pl,"{""tag"":""h3"",""line"":1447,""text"":""Akcesoria i dodatki do deskorolek i longboardów""}"
PRICES,pl,"{""tag"":""h2"",""line"":1455,""text"":""Wynajem skuterów, rowerów, rolek, wrotek, deskorolek i longboardów w Vila Olímpica, Barcelona""}"
PRICES,pl,"{""tag"":""h3"",""line"":1468,""text"":""Popularne wynajmy w Barcelonie""}"
PRICES,pl,"{""tag"":""h3"",""line"":1481,""text"":""Przewodniki po wynajmie w Barcelonie i lokalne wskazówki""}"
PRICES,pl,"{""tag"":""h2"",""line"":1499,""text"":""Pytania przed wynajmem w Vila Olímpica, Barcelona?""}"
PRICES,pl,"{""tag"":""h3"",""line"":1504,""text"":""Czy mogę zarezerwować bezpośrednio przez WhatsApp?""}"
PRICES,pl,"{""tag"":""h3"",""line"":1514,""text"":""Gdzie znajduje się RSB Rental Scooter Barcelona?""}"
PRICES,pl,"{""tag"":""h3"",""line"":1524,""text"":""Czy wynajem obejmuje kaski i akcesoria?""}"
PRICES,pl,"{""tag"":""h3"",""line"":1534,""text"":""Czy turyści potrzebują prawa jazdy do wynajmu?""}"
PRICES,pl,"{""tag"":""h3"",""line"":1544,""text"":""Rezerwacja i kaucje""}"
PRICES,pl,"{""tag"":""h3"",""line"":1554,""text"":""Jakie metody płatności akceptujecie?""}"
PRICES,pl,"{""tag"":""h3"",""line"":1566,""text"":""Godziny otwarcia i informacje praktyczne""}"
PRICES,pl,"{""tag"":""h2"",""line"":1583,""text"":""Co mówią nasi klienci""}"
PRICES,pl,"{""tag"":""h3"",""line"":1630,""text"":""Szybkie linki""}"
PRICES,pl,"{""tag"":""h3"",""line"":1639,""text"":""Usługi""}"
PRICES,pl,"{""tag"":""h3"",""line"":1643,""text"":""Kontakt""}"
SCOOTER,en,"{""tag"":""h1"",""line"":891,""text"":""Scooter Rental Barcelona""}"
SCOOTER,en,"{""tag"":""h2"",""line"":908,""text"":""Easy local pick-up""}"
SCOOTER,en,"{""tag"":""h2"",""line"":912,""text"":""Clear rental essentials""}"
SCOOTER,en,"{""tag"":""h2"",""line"":916,""text"":""Barcelona-friendly location""}"
SCOOTER,en,"{""tag"":""h2"",""line"":925,""text"":""Scooter rental prices in Barcelona""}"
SCOOTER,en,"{""tag"":""h3"",""line"":930,""text"":""Full day""}"
SCOOTER,en,"{""tag"":""h3"",""line"":935,""text"":""24 hours""}"
SCOOTER,en,"{""tag"":""h3"",""line"":940,""text"":""2 days""}"
SCOOTER,en,"{""tag"":""h3"",""line"":946,""text"":""3 days""}"
SCOOTER,en,"{""tag"":""h3"",""line"":951,""text"":""Extra day""}"
SCOOTER,en,"{""tag"":""h3"",""line"":957,""text"":""Scooter accessories & extras""}"
SCOOTER,en,"{""tag"":""h2"",""line"":972,""text"":""What is included with your scooter rental""}"
SCOOTER,en,"{""tag"":""h2"",""line"":1011,""text"":""Why choose our local scooter rental shop""}"
SCOOTER,en,"{""tag"":""h2"",""line"":1016,""text"":""Before you rent""}"
SCOOTER,en,"{""tag"":""h2"",""line"":1027,""text"":""What customers say about our scooter rental in Barcelona""}"
SCOOTER,en,"{""tag"":""h2"",""line"":1096,""text"":""Find our scooter rental shop in Barcelona""}"
SCOOTER,en,"{""tag"":""h2"",""line"":1119,""text"":""Scooter rental near Port Olímpic, Barceloneta and Vila Olímpica""}"
SCOOTER,en,"{""tag"":""h2"",""line"":1134,""text"":""Frequently asked questions about scooter rental in Barcelona""}"
SCOOTER,en,"{""tag"":""h3"",""line"":1138,""text"":""Should I choose a 50cc or 125cc scooter?""}"
SCOOTER,en,"{""tag"":""h3"",""line"":1142,""text"":""Can I rent a scooter in Barcelona today?""}"
SCOOTER,en,"{""tag"":""h3"",""line"":1146,""text"":""Where is RSB Rental Scooter Barcelona located?""}"
SCOOTER,en,"{""tag"":""h3"",""line"":1150,""text"":""Do you offer free hotel delivery for scooter rentals?""}"
SCOOTER,en,"{""tag"":""h3"",""line"":1154,""text"":""Can I leave my luggage or personal items at the shop while I rent?""}"
SCOOTER,en,"{""tag"":""h3"",""line"":1158,""text"":""Do I need a driving licence to rent a scooter in Barcelona?""}"
SCOOTER,en,"{""tag"":""h3"",""line"":1162,""text"":""Do scooter rentals require a deposit?""}"
SCOOTER,en,"{""tag"":""h3"",""line"":1166,""text"":""Are helmets and protective gear included in the price?""}"
SCOOTER,en,"{""tag"":""h3"",""line"":1170,""text"":""Can tourists rent a scooter in Barcelona?""}"
SCOOTER,en,"{""tag"":""h3"",""line"":1174,""text"":""Where are the best places to use a scooter near the shop?""}"
SCOOTER,en,"{""tag"":""h3"",""line"":1178,""text"":""What payment methods do you accept?""}"
SCOOTER,en,"{""tag"":""h2"",""line"":1188,""text"":""More Barcelona rentals and local guides""}"
SCOOTER,en,"{""tag"":""h3"",""line"":1193,""text"":""Popular rentals in Barcelona""}"
SCOOTER,en,"{""tag"":""h3"",""line"":1204,""text"":""Barcelona rental guides and local tips""}"
SCOOTER,en,"{""tag"":""h2"",""line"":1221,""text"":""Check availability for your Barcelona scooter rental""}"
SCOOTER,en,"{""tag"":""h3"",""line"":1252,""text"":""Quick Links""}"
SCOOTER,en,"{""tag"":""h3"",""line"":1261,""text"":""Services""}"
SCOOTER,en,"{""tag"":""h3"",""line"":1272,""text"":""Contact""}"
SCOOTER,es,"{""tag"":""h1"",""line"":891,""text"":""Alquiler de scooter en Barcelona""}"
SCOOTER,es,"{""tag"":""h2"",""line"":908,""text"":""Recogida fácil en tienda""}"
SCOOTER,es,"{""tag"":""h2"",""line"":912,""text"":""Lo esencial incluido""}"
SCOOTER,es,"{""tag"":""h2"",""line"":916,""text"":""Ubicación práctica en Barcelona""}"
SCOOTER,es,"{""tag"":""h2"",""line"":925,""text"":""Precios de alquiler de scooter en Barcelona""}"
SCOOTER,es,"{""tag"":""h3"",""line"":930,""text"":""Día completo""}"
SCOOTER,es,"{""tag"":""h3"",""line"":935,""text"":""24 horas""}"
SCOOTER,es,"{""tag"":""h3"",""line"":940,""text"":""2 días""}"
SCOOTER,es,"{""tag"":""h3"",""line"":946,""text"":""3 días""}"
SCOOTER,es,"{""tag"":""h3"",""line"":951,""text"":""Día extra""}"
SCOOTER,es,"{""tag"":""h3"",""line"":957,""text"":""Accesorios y extras del scooter""}"
SCOOTER,es,"{""tag"":""h2"",""line"":972,""text"":""Qué incluye tu alquiler de scooter""}"
SCOOTER,es,"{""tag"":""h2"",""line"":1011,""text"":""Por qué elegir nuestra tienda local de alquiler de scooter""}"
SCOOTER,es,"{""tag"":""h2"",""line"":1016,""text"":""Antes de alquilar""}"
SCOOTER,es,"{""tag"":""h2"",""line"":1027,""text"":""Lo que dicen nuestros clientes""}"
SCOOTER,es,"{""tag"":""h2"",""line"":1054,""text"":""Encuentra nuestra tienda de alquiler de scooter en Barcelona""}"
SCOOTER,es,"{""tag"":""h2"",""line"":1077,""text"":""Alquiler de scooter cerca de Port Olímpic, Barceloneta y Vila Olímpica""}"
SCOOTER,es,"{""tag"":""h2"",""line"":1092,""text"":""Preguntas frecuentes sobre el alquiler de scooter en Barcelona""}"
SCOOTER,es,"{""tag"":""h3"",""line"":1096,""text"":""¿Me conviene un scooter 50cc o 125cc?""}"
SCOOTER,es,"{""tag"":""h3"",""line"":1100,""text"":""¿Puedo alquilar un scooter hoy en Barcelona?""}"
SCOOTER,es,"{""tag"":""h3"",""line"":1104,""text"":""¿Dónde está RSB Rental Scooter Barcelona?""}"
SCOOTER,es,"{""tag"":""h3"",""line"":1108,""text"":""¿Ofrecéis entrega gratuita del scooter en el hotel?""}"
SCOOTER,es,"{""tag"":""h3"",""line"":1112,""text"":""¿Puedo dejar mi equipaje o efectos personales en la tienda durante el alquiler?""}"
SCOOTER,es,"{""tag"":""h3"",""line"":1116,""text"":""¿Necesito carnet de conducir para alquilar un scooter en Barcelona?""}"
SCOOTER,es,"{""tag"":""h3"",""line"":1120,""text"":""¿Los alquileres de scooter requieren depósito?""}"
SCOOTER,es,"{""tag"":""h3"",""line"":1124,""text"":""¿Están incluidos los cascos y las protecciones en el precio?""}"
SCOOTER,es,"{""tag"":""h3"",""line"":1128,""text"":""¿Pueden los turistas alquilar un scooter en Barcelona?""}"
SCOOTER,es,"{""tag"":""h3"",""line"":1132,""text"":""¿Cuáles son las mejores zonas para usar un scooter cerca de la tienda?""}"
SCOOTER,es,"{""tag"":""h3"",""line"":1136,""text"":""¿Qué métodos de pago aceptáis?""}"
SCOOTER,es,"{""tag"":""h2"",""line"":1146,""text"":""Más alquileres en Barcelona y guías locales""}"
SCOOTER,es,"{""tag"":""h3"",""line"":1151,""text"":""Alquileres populares en Barcelona""}"
SCOOTER,es,"{""tag"":""h3"",""line"":1162,""text"":""Guías de alquiler en Barcelona y consejos locales""}"
SCOOTER,es,"{""tag"":""h2"",""line"":1179,""text"":""Consulta disponibilidad para tu alquiler de scooter en Barcelona""}"
SCOOTER,es,"{""tag"":""h3"",""line"":1210,""text"":""Enlaces rápidos""}"
SCOOTER,es,"{""tag"":""h3"",""line"":1219,""text"":""Servicios""}"
SCOOTER,es,"{""tag"":""h3"",""line"":1230,""text"":""Contacto""}"
SCOOTER,fr,"{""tag"":""h1"",""line"":784,""text"":""Location de scooter à Barcelone""}"
SCOOTER,fr,"{""tag"":""h2"",""line"":801,""text"":""Retrait facile en boutique""}"
SCOOTER,fr,"{""tag"":""h2"",""line"":805,""text"":""L’essentiel inclus""}"
SCOOTER,fr,"{""tag"":""h2"",""line"":809,""text"":""Emplacement pratique à Barcelone""}"
SCOOTER,fr,"{""tag"":""h2"",""line"":818,""text"":""Tarifs de location de scooter à Barcelone""}"
SCOOTER,fr,"{""tag"":""h3"",""line"":823,""text"":""Journée complète""}"
SCOOTER,fr,"{""tag"":""h3"",""line"":828,""text"":""24 heures""}"
SCOOTER,fr,"{""tag"":""h3"",""line"":833,""text"":""2 jours""}"
SCOOTER,fr,"{""tag"":""h3"",""line"":839,""text"":""3 jours""}"
SCOOTER,fr,"{""tag"":""h3"",""line"":844,""text"":""Jour supplémentaire""}"
SCOOTER,fr,"{""tag"":""h3"",""line"":850,""text"":""Accessoires et extras du scooter""}"
SCOOTER,fr,"{""tag"":""h2"",""line"":865,""text"":""Ce qui est inclus dans votre location de scooter""}"
SCOOTER,fr,"{""tag"":""h2"",""line"":904,""text"":""Pourquoi choisir notre boutique locale de location de scooter""}"
SCOOTER,fr,"{""tag"":""h2"",""line"":909,""text"":""Avant de louer""}"
SCOOTER,fr,"{""tag"":""h2"",""line"":920,""text"":""Ce que disent nos clients""}"
SCOOTER,fr,"{""tag"":""h2"",""line"":947,""text"":""Trouvez notre boutique de location de scooter à Barcelone""}"
SCOOTER,fr,"{""tag"":""h2"",""line"":970,""text"":""Location de scooter près de Port Olímpic, Barceloneta et Vila Olímpica""}"
SCOOTER,fr,"{""tag"":""h2"",""line"":985,""text"":""Questions fréquentes sur la location de scooter à Barcelone""}"
SCOOTER,fr,"{""tag"":""h3"",""line"":989,""text"":""Dois-je choisir un scooter 50cc ou 125cc ?""}"
SCOOTER,fr,"{""tag"":""h3"",""line"":993,""text"":""Puis-je louer un scooter à Barcelone aujourd’hui ?""}"
SCOOTER,fr,"{""tag"":""h3"",""line"":997,""text"":""Où se trouve RSB Rental Scooter Barcelona ?""}"
SCOOTER,fr,"{""tag"":""h3"",""line"":1001,""text"":""Proposez-vous la livraison gratuite du scooter à l’hôtel ?""}"
SCOOTER,fr,"{""tag"":""h3"",""line"":1005,""text"":""Puis-je laisser mes bagages ou effets personnels à la boutique pendant la location ?""}"
SCOOTER,fr,"{""tag"":""h3"",""line"":1009,""text"":""Ai-je besoin d’un permis de conduire pour louer un scooter à Barcelone ?""}"
SCOOTER,fr,"{""tag"":""h3"",""line"":1013,""text"":""Les locations de scooter nécessitent-elles une caution ?""}"
SCOOTER,fr,"{""tag"":""h3"",""line"":1017,""text"":""Les casques et protections sont-ils inclus dans le prix ?""}"
SCOOTER,fr,"{""tag"":""h3"",""line"":1021,""text"":""Les touristes peuvent-ils louer un scooter à Barcelone ?""}"
SCOOTER,fr,"{""tag"":""h3"",""line"":1025,""text"":""Quels sont les meilleurs quartiers pour utiliser un scooter près de la boutique ?""}"
SCOOTER,fr,"{""tag"":""h3"",""line"":1029,""text"":""Quels moyens de paiement acceptez-vous ?""}"
SCOOTER,fr,"{""tag"":""h2"",""line"":1039,""text"":""Plus de locations à Barcelone et guides locaux""}"
SCOOTER,fr,"{""tag"":""h3"",""line"":1044,""text"":""Locations populaires à Barcelone""}"
SCOOTER,fr,"{""tag"":""h3"",""line"":1055,""text"":""Guides de location à Barcelone et conseils locaux""}"
SCOOTER,fr,"{""tag"":""h2"",""line"":1072,""text"":""Vérifiez la disponibilité pour votre location de scooter à Barcelone""}"
SCOOTER,fr,"{""tag"":""h3"",""line"":1103,""text"":""Liens rapides""}"
SCOOTER,fr,"{""tag"":""h3"",""line"":1112,""text"":""Services""}"
SCOOTER,fr,"{""tag"":""h3"",""line"":1123,""text"":""Contact""}"
SCOOTER,it,"{""tag"":""h1"",""line"":789,""text"":""Noleggio scooter a Barcellona""}"
SCOOTER,it,"{""tag"":""h2"",""line"":806,""text"":""Ritiro facile in negozio""}"
SCOOTER,it,"{""tag"":""h2"",""line"":810,""text"":""Tutto l’essenziale incluso""}"
SCOOTER,it,"{""tag"":""h2"",""line"":814,""text"":""Posizione pratica a Barcellona""}"
SCOOTER,it,"{""tag"":""h2"",""line"":823,""text"":""Prezzi del noleggio scooter a Barcellona""}"
SCOOTER,it,"{""tag"":""h3"",""line"":828,""text"":""Giornata intera""}"
SCOOTER,it,"{""tag"":""h3"",""line"":833,""text"":""24 ore""}"
SCOOTER,it,"{""tag"":""h3"",""line"":838,""text"":""2 giorni""}"
SCOOTER,it,"{""tag"":""h3"",""line"":844,""text"":""3 giorni""}"
SCOOTER,it,"{""tag"":""h3"",""line"":849,""text"":""Giorno extra""}"
SCOOTER,it,"{""tag"":""h3"",""line"":855,""text"":""Accessori ed extra dello scooter""}"
SCOOTER,it,"{""tag"":""h2"",""line"":870,""text"":""Cosa include il tuo noleggio scooter""}"
SCOOTER,it,"{""tag"":""h2"",""line"":909,""text"":""Perché scegliere il nostro negozio locale di noleggio scooter""}"
SCOOTER,it,"{""tag"":""h2"",""line"":914,""text"":""Prima di noleggiare""}"
SCOOTER,it,"{""tag"":""h2"",""line"":925,""text"":""Cosa dicono i nostri clienti""}"
SCOOTER,it,"{""tag"":""h2"",""line"":952,""text"":""Trova il nostro negozio di noleggio scooter a Barcellona""}"
SCOOTER,it,"{""tag"":""h2"",""line"":975,""text"":""Noleggio scooter vicino a Port Olímpic, Barceloneta e Vila Olímpica""}"
SCOOTER,it,"{""tag"":""h2"",""line"":990,""text"":""Domande frequenti sul noleggio scooter a Barcellona""}"
SCOOTER,it,"{""tag"":""h3"",""line"":994,""text"":""Scooter 50cc o 125cc: quale scegliere?""}"
SCOOTER,it,"{""tag"":""h3"",""line"":998,""text"":""Posso noleggiare uno scooter a Barcellona oggi?""}"
SCOOTER,it,"{""tag"":""h3"",""line"":1002,""text"":""Dove si trova RSB Rental Scooter Barcelona?""}"
SCOOTER,it,"{""tag"":""h3"",""line"":1006,""text"":""Offrite la consegna gratuita dello scooter in hotel?""}"
SCOOTER,it,"{""tag"":""h3"",""line"":1010,""text"":""Posso lasciare bagagli o effetti personali in negozio durante il noleggio?""}"
SCOOTER,it,"{""tag"":""h3"",""line"":1014,""text"":""Ho bisogno della patente per noleggiare uno scooter a Barcellona?""}"
SCOOTER,it,"{""tag"":""h3"",""line"":1018,""text"":""I noleggi scooter richiedono un deposito?""}"
SCOOTER,it,"{""tag"":""h3"",""line"":1022,""text"":""Caschi e protezioni sono inclusi nel prezzo?""}"
SCOOTER,it,"{""tag"":""h3"",""line"":1026,""text"":""I turisti possono noleggiare uno scooter a Barcellona?""}"
SCOOTER,it,"{""tag"":""h3"",""line"":1030,""text"":""Quali sono le migliori zone per usare uno scooter vicino al negozio?""}"
SCOOTER,it,"{""tag"":""h3"",""line"":1034,""text"":""Quali metodi di pagamento accettate?""}"
SCOOTER,it,"{""tag"":""h2"",""line"":1044,""text"":""Altri noleggi a Barcellona e guide locali""}"
SCOOTER,it,"{""tag"":""h3"",""line"":1049,""text"":""Noleggi popolari a Barcellona""}"
SCOOTER,it,"{""tag"":""h3"",""line"":1060,""text"":""Guide al noleggio a Barcellona e consigli locali""}"
SCOOTER,it,"{""tag"":""h2"",""line"":1077,""text"":""Controlla la disponibilità per il tuo noleggio scooter a Barcellona""}"
SCOOTER,it,"{""tag"":""h3"",""line"":1108,""text"":""Link rapidi""}"
SCOOTER,it,"{""tag"":""h3"",""line"":1119,""text"":""Servizi""}"
SCOOTER,it,"{""tag"":""h3"",""line"":1132,""text"":""Contatto""}"
SCOOTER,de,"{""tag"":""h1"",""line"":830,""text"":""Scooter mieten in Barcelona""}"
SCOOTER,de,"{""tag"":""h2"",""line"":848,""text"":""Einfache Abholung im Geschäft""}"
SCOOTER,de,"{""tag"":""h2"",""line"":852,""text"":""Das Wichtigste inklusive""}"
SCOOTER,de,"{""tag"":""h2"",""line"":856,""text"":""Praktische Lage in Barcelona""}"
SCOOTER,de,"{""tag"":""h2"",""line"":865,""text"":""Scooter-Mietpreise in Barcelona""}"
SCOOTER,de,"{""tag"":""h3"",""line"":870,""text"":""Ganzer Tag""}"
SCOOTER,de,"{""tag"":""h3"",""line"":875,""text"":""24 Stunden""}"
SCOOTER,de,"{""tag"":""h3"",""line"":880,""text"":""2 Tage""}"
SCOOTER,de,"{""tag"":""h3"",""line"":886,""text"":""3 Tage""}"
SCOOTER,de,"{""tag"":""h3"",""line"":891,""text"":""Zusatztag""}"
SCOOTER,de,"{""tag"":""h3"",""line"":897,""text"":""Scooter-Zubehör & Extras""}"
SCOOTER,de,"{""tag"":""h2"",""line"":912,""text"":""Was in deiner Scooter-Miete enthalten ist""}"
SCOOTER,de,"{""tag"":""h2"",""line"":952,""text"":""Warum unseren lokalen Scooter-Verleih wählen""}"
SCOOTER,de,"{""tag"":""h2"",""line"":957,""text"":""Vor der Miete""}"
SCOOTER,de,"{""tag"":""h2"",""line"":968,""text"":""Was Kunden über unseren Scooterverleih in Barcelona sagen""}"
SCOOTER,de,"{""tag"":""h2"",""line"":1036,""text"":""Finde unser Scooter-Verleihgeschäft in Barcelona""}"
SCOOTER,de,"{""tag"":""h2"",""line"":1059,""text"":""Scooter mieten in der Nähe von Port Olímpic, Barceloneta und Vila Olímpica""}"
SCOOTER,de,"{""tag"":""h2"",""line"":1074,""text"":""Häufige Fragen zur Scooter-Miete in Barcelona""}"
SCOOTER,de,"{""tag"":""h3"",""line"":1078,""text"":""Sollte ich einen 50ccm- oder 125ccm-Scooter wählen?""}"
SCOOTER,de,"{""tag"":""h3"",""line"":1084,""text"":""Kann ich heute in Barcelona einen Scooter mieten?""}"
SCOOTER,de,"{""tag"":""h3"",""line"":1090,""text"":""Wo befindet sich RSB Rental Scooter Barcelona?""}"
SCOOTER,de,"{""tag"":""h3"",""line"":1096,""text"":""Gibt es eine kostenlose Scooter-Hotellieferung?""}"
SCOOTER,de,"{""tag"":""h3"",""line"":1102,""text"":""Kann ich mein Gepäck oder persönliche Gegenstände während der Miete im Geschäft lassen?""}"
SCOOTER,de,"{""tag"":""h3"",""line"":1108,""text"":""Brauche ich einen Führerschein, um in Barcelona einen Scooter zu mieten?""}"
SCOOTER,de,"{""tag"":""h3"",""line"":1114,""text"":""Erfordern Scooter-Mieten eine Kaution?""}"
SCOOTER,de,"{""tag"":""h3"",""line"":1120,""text"":""Sind Helme und Schutzausrüstung im Preis enthalten?""}"
SCOOTER,de,"{""tag"":""h3"",""line"":1126,""text"":""Können Touristen in Barcelona einen Scooter mieten?""}"
SCOOTER,de,"{""tag"":""h3"",""line"":1132,""text"":""Welche sind die besten Gegenden, um einen Scooter in der Nähe des Geschäfts zu nutzen?""}"
SCOOTER,de,"{""tag"":""h3"",""line"":1139,""text"":""Welche Zahlungsmethoden kann ich verwenden?""}"
SCOOTER,de,"{""tag"":""h2"",""line"":1151,""text"":""Mehr Barcelona-Verleih und lokale Guides""}"
SCOOTER,de,"{""tag"":""h3"",""line"":1156,""text"":""Beliebte Verleihangebote in Barcelona""}"
SCOOTER,de,"{""tag"":""h3"",""line"":1167,""text"":""Verleih-Guides in Barcelona und lokale Tipps""}"
SCOOTER,de,"{""tag"":""h2"",""line"":1184,""text"":""Prüfe die Verfügbarkeit für deine Scooter-Miete in Barcelona""}"
SCOOTER,de,"{""tag"":""h3"",""line"":1215,""text"":""Schnellzugriffe""}"
SCOOTER,de,"{""tag"":""h3"",""line"":1224,""text"":""Dienstleistungen""}"
SCOOTER,de,"{""tag"":""h3"",""line"":1235,""text"":""Kontakt""}"
SCOOTER,nl,"{""tag"":""h1"",""line"":839,""text"":""Scooter huren in Barcelona""}"
SCOOTER,nl,"{""tag"":""h2"",""line"":857,""text"":""Eenvoudig ophalen in de winkel""}"
SCOOTER,nl,"{""tag"":""h2"",""line"":861,""text"":""Alles wat nodig is inbegrepen""}"
SCOOTER,nl,"{""tag"":""h2"",""line"":865,""text"":""Praktische locatie in Barcelona""}"
SCOOTER,nl,"{""tag"":""h2"",""line"":874,""text"":""Scooterhuurprijzen in Barcelona""}"
SCOOTER,nl,"{""tag"":""h3"",""line"":879,""text"":""Hele dag""}"
SCOOTER,nl,"{""tag"":""h3"",""line"":884,""text"":""24 uur""}"
SCOOTER,nl,"{""tag"":""h3"",""line"":889,""text"":""2 dagen""}"
SCOOTER,nl,"{""tag"":""h3"",""line"":895,""text"":""3 dagen""}"
SCOOTER,nl,"{""tag"":""h3"",""line"":900,""text"":""Extra dag""}"
SCOOTER,nl,"{""tag"":""h3"",""line"":906,""text"":""Scooteraccessoires & extra’s""}"
SCOOTER,nl,"{""tag"":""h2"",""line"":921,""text"":""Wat is inbegrepen bij je scooterhuur""}"
SCOOTER,nl,"{""tag"":""h2"",""line"":961,""text"":""Waarom onze lokale scooterverhuur kiezen""}"
SCOOTER,nl,"{""tag"":""h2"",""line"":966,""text"":""Voordat je huurt""}"
SCOOTER,nl,"{""tag"":""h2"",""line"":977,""text"":""Wat klanten zeggen over onze scooterverhuur in Barcelona""}"
SCOOTER,nl,"{""tag"":""h2"",""line"":1045,""text"":""Vind onze scooterverhuurwinkel in Barcelona""}"
SCOOTER,nl,"{""tag"":""h2"",""line"":1068,""text"":""Scooter huren bij Port Olímpic, Barceloneta en Vila Olímpica""}"
SCOOTER,nl,"{""tag"":""h2"",""line"":1083,""text"":""Veelgestelde vragen over scooterverhuur in Barcelona""}"
SCOOTER,nl,"{""tag"":""h3"",""line"":1087,""text"":""Moet ik een 50cc- of 125cc-scooter kiezen?""}"
SCOOTER,nl,"{""tag"":""h3"",""line"":1093,""text"":""Kan ik vandaag een scooter huren in Barcelona?""}"
SCOOTER,nl,"{""tag"":""h3"",""line"":1099,""text"":""Waar bevindt RSB Rental Scooter Barcelona zich?""}"
SCOOTER,nl,"{""tag"":""h3"",""line"":1105,""text"":""Bieden jullie gratis scooterbezorging bij het hotel aan?""}"
SCOOTER,nl,"{""tag"":""h3"",""line"":1111,""text"":""Kan ik mijn bagage of persoonlijke spullen in de winkel achterlaten tijdens de huur?""}"
SCOOTER,nl,"{""tag"":""h3"",""line"":1117,""text"":""Heb ik een rijbewijs nodig om in Barcelona een scooter te huren?""}"
SCOOTER,nl,"{""tag"":""h3"",""line"":1123,""text"":""Is er een borg nodig voor scooterhuur?""}"
SCOOTER,nl,"{""tag"":""h3"",""line"":1129,""text"":""Zijn helmen en beschermers inbegrepen in de prijs?""}"
SCOOTER,nl,"{""tag"":""h3"",""line"":1135,""text"":""Kunnen toeristen een scooter huren in Barcelona?""}"
SCOOTER,nl,"{""tag"":""h3"",""line"":1141,""text"":""Wat zijn de beste gebieden om een scooter te gebruiken in de buurt van de winkel?""}"
SCOOTER,nl,"{""tag"":""h3"",""line"":1148,""text"":""Welke betaalmethoden accepteren jullie?""}"
SCOOTER,nl,"{""tag"":""h2"",""line"":1160,""text"":""Meer verhuur in Barcelona en lokale gidsen""}"
SCOOTER,nl,"{""tag"":""h3"",""line"":1165,""text"":""Populaire verhuur in Barcelona""}"
SCOOTER,nl,"{""tag"":""h3"",""line"":1176,""text"":""Verhuurgidsen in Barcelona en lokale tips""}"
SCOOTER,nl,"{""tag"":""h2"",""line"":1193,""text"":""Controleer de beschikbaarheid voor je scooterhuur in Barcelona""}"
SCOOTER,nl,"{""tag"":""h3"",""line"":1224,""text"":""Snelle links""}"
SCOOTER,nl,"{""tag"":""h3"",""line"":1233,""text"":""Diensten""}"
SCOOTER,nl,"{""tag"":""h3"",""line"":1244,""text"":""Contact""}"
SCOOTER,pt,"{""tag"":""h1"",""line"":814,""text"":""Aluguer de scooter em Barcelona""}"
SCOOTER,pt,"{""tag"":""h2"",""line"":832,""text"":""Recolha fácil na loja""}"
SCOOTER,pt,"{""tag"":""h2"",""line"":836,""text"":""O essencial incluído""}"
SCOOTER,pt,"{""tag"":""h2"",""line"":840,""text"":""Localização prática em Barcelona""}"
SCOOTER,pt,"{""tag"":""h2"",""line"":849,""text"":""Preços de aluguer de scooter em Barcelona""}"
SCOOTER,pt,"{""tag"":""h3"",""line"":854,""text"":""Dia completo""}"
SCOOTER,pt,"{""tag"":""h3"",""line"":859,""text"":""24 horas""}"
SCOOTER,pt,"{""tag"":""h3"",""line"":864,""text"":""2 dias""}"
SCOOTER,pt,"{""tag"":""h3"",""line"":870,""text"":""3 dias""}"
SCOOTER,pt,"{""tag"":""h3"",""line"":875,""text"":""Dia extra""}"
SCOOTER,pt,"{""tag"":""h3"",""line"":881,""text"":""Acessórios e extras do scooter""}"
SCOOTER,pt,"{""tag"":""h2"",""line"":896,""text"":""O que inclui o teu aluguer de scooter""}"
SCOOTER,pt,"{""tag"":""h2"",""line"":935,""text"":""Por que escolher a nossa loja local de aluguer de scooter""}"
SCOOTER,pt,"{""tag"":""h2"",""line"":940,""text"":""Antes de alugar""}"
SCOOTER,pt,"{""tag"":""h2"",""line"":951,""text"":""O que dizem os clientes sobre o nosso aluguer de scooters em Barcelona""}"
SCOOTER,pt,"{""tag"":""h2"",""line"":1019,""text"":""Encontre a nossa loja de aluguer de scooter em Barcelona""}"
SCOOTER,pt,"{""tag"":""h2"",""line"":1042,""text"":""Aluguer de scooter perto de Port Olímpic, Barceloneta e Vila Olímpica""}"
SCOOTER,pt,"{""tag"":""h2"",""line"":1057,""text"":""Perguntas frequentes sobre o aluguer de scooter em Barcelona""}"
SCOOTER,pt,"{""tag"":""h3"",""line"":1061,""text"":""Devo escolher uma scooter de 50cc ou 125cc?""}"
SCOOTER,pt,"{""tag"":""h3"",""line"":1065,""text"":""Posso alugar uma scooter em Barcelona hoje?""}"
SCOOTER,pt,"{""tag"":""h3"",""line"":1069,""text"":""Onde fica a RSB Rental Scooter Barcelona?""}"
SCOOTER,pt,"{""tag"":""h3"",""line"":1073,""text"":""Oferecem entrega gratuita do scooter no hotel?""}"
SCOOTER,pt,"{""tag"":""h3"",""line"":1077,""text"":""Posso deixar a minha bagagem ou objetos pessoais na loja durante o aluguer?""}"
SCOOTER,pt,"{""tag"":""h3"",""line"":1081,""text"":""Preciso de carta de condução para alugar um scooter em Barcelona?""}"
SCOOTER,pt,"{""tag"":""h3"",""line"":1085,""text"":""Os alugueres de scooter exigem depósito?""}"
SCOOTER,pt,"{""tag"":""h3"",""line"":1089,""text"":""Os capacetes e as proteções estão incluídos no preço?""}"
SCOOTER,pt,"{""tag"":""h3"",""line"":1093,""text"":""Os turistas podem alugar um scooter em Barcelona?""}"
SCOOTER,pt,"{""tag"":""h3"",""line"":1097,""text"":""Quais são as melhores zonas para usar um scooter perto da loja?""}"
SCOOTER,pt,"{""tag"":""h3"",""line"":1101,""text"":""É possível devolver o scooter fora do horário?""}"
SCOOTER,pt,"{""tag"":""h3"",""line"":1105,""text"":""Que métodos de pagamento aceitam?""}"
SCOOTER,pt,"{""tag"":""h2"",""line"":1115,""text"":""Mais alugueres em Barcelona e guias locais""}"
SCOOTER,pt,"{""tag"":""h3"",""line"":1120,""text"":""Alugueres populares em Barcelona""}"
SCOOTER,pt,"{""tag"":""h3"",""line"":1131,""text"":""Guias de aluguer em Barcelona e conselhos locais""}"
SCOOTER,pt,"{""tag"":""h2"",""line"":1148,""text"":""Consulta a disponibilidade para o teu aluguer de scooter em Barcelona""}"
SCOOTER,pt,"{""tag"":""h3"",""line"":1179,""text"":""Links rápidos""}"
SCOOTER,pt,"{""tag"":""h3"",""line"":1190,""text"":""Serviços""}"
SCOOTER,pt,"{""tag"":""h3"",""line"":1203,""text"":""Contacto""}"
SCOOTER,ca,"{""tag"":""h1"",""line"":789,""text"":""Lloguer de scooter a Barcelona""}"
SCOOTER,ca,"{""tag"":""h2"",""line"":807,""text"":""Recollida fàcil a la botiga""}"
SCOOTER,ca,"{""tag"":""h2"",""line"":811,""text"":""Tot l’essencial inclòs""}"
SCOOTER,ca,"{""tag"":""h2"",""line"":815,""text"":""Ubicació pràctica a Barcelona""}"
SCOOTER,ca,"{""tag"":""h2"",""line"":824,""text"":""Preus de lloguer de scooter a Barcelona""}"
SCOOTER,ca,"{""tag"":""h3"",""line"":829,""text"":""Dia complet""}"
SCOOTER,ca,"{""tag"":""h3"",""line"":834,""text"":""24 hores""}"
SCOOTER,ca,"{""tag"":""h3"",""line"":839,""text"":""2 dies""}"
SCOOTER,ca,"{""tag"":""h3"",""line"":845,""text"":""3 dies""}"
SCOOTER,ca,"{""tag"":""h3"",""line"":850,""text"":""Dia extra""}"
SCOOTER,ca,"{""tag"":""h3"",""line"":856,""text"":""Accessoris i extres del scooter""}"
SCOOTER,ca,"{""tag"":""h2"",""line"":871,""text"":""Què inclou el teu lloguer de scooter""}"
SCOOTER,ca,"{""tag"":""h2"",""line"":911,""text"":""Per què triar la nostra botiga local de lloguer de scooter""}"
SCOOTER,ca,"{""tag"":""h2"",""line"":916,""text"":""Abans de llogar""}"
SCOOTER,ca,"{""tag"":""h2"",""line"":927,""text"":""Què diuen els clients sobre el nostre servei""}"
SCOOTER,ca,"{""tag"":""h2"",""line"":995,""text"":""Troba la nostra botiga de lloguer de scooter a Barcelona""}"
SCOOTER,ca,"{""tag"":""h2"",""line"":1018,""text"":""Lloguer de scooter a prop de Port Olímpic, la Barceloneta i la Vila Olímpica""}"
SCOOTER,ca,"{""tag"":""h2"",""line"":1033,""text"":""Preguntes freqüents sobre el lloguer de scooter a Barcelona""}"
SCOOTER,ca,"{""tag"":""h3"",""line"":1037,""text"":""Em convé un scooter de 50cc o de 125cc?""}"
SCOOTER,ca,"{""tag"":""h3"",""line"":1041,""text"":""Puc llogar un scooter avui a Barcelona?""}"
SCOOTER,ca,"{""tag"":""h3"",""line"":1045,""text"":""On és RSB Rental Scooter Barcelona?""}"
SCOOTER,ca,"{""tag"":""h3"",""line"":1049,""text"":""Oferiu el lliurament gratuït del scooter a l’hotel?""}"
SCOOTER,ca,"{""tag"":""h3"",""line"":1053,""text"":""Puc deixar l’equipatge o els meus objectes personals a la botiga durant el lloguer?""}"
SCOOTER,ca,"{""tag"":""h3"",""line"":1057,""text"":""Necessito carnet de conduir per llogar un scooter a Barcelona?""}"
SCOOTER,ca,"{""tag"":""h3"",""line"":1061,""text"":""Els lloguers de scooter requereixen dipòsit?""}"
SCOOTER,ca,"{""tag"":""h3"",""line"":1065,""text"":""Estan inclosos els cascs i les proteccions en el preu?""}"
SCOOTER,ca,"{""tag"":""h3"",""line"":1069,""text"":""Els turistes poden llogar un scooter a Barcelona?""}"
SCOOTER,ca,"{""tag"":""h3"",""line"":1073,""text"":""Quines són les millors zones per fer servir un scooter a prop de la botiga?""}"
SCOOTER,ca,"{""tag"":""h3"",""line"":1077,""text"":""Quins mètodes de pagament accepteu?""}"
SCOOTER,ca,"{""tag"":""h2"",""line"":1087,""text"":""Més lloguers a Barcelona i guies locals""}"
SCOOTER,ca,"{""tag"":""h3"",""line"":1092,""text"":""Lloguers populars a Barcelona""}"
SCOOTER,ca,"{""tag"":""h3"",""line"":1103,""text"":""Guies de lloguer a Barcelona i consells locals""}"
SCOOTER,ca,"{""tag"":""h2"",""line"":1120,""text"":""Consulta disponibilitat per al teu lloguer de scooter a Barcelona""}"
SCOOTER,ca,"{""tag"":""h3"",""line"":1151,""text"":""Enllaços ràpids""}"
SCOOTER,ca,"{""tag"":""h3"",""line"":1162,""text"":""Serveis""}"
SCOOTER,ca,"{""tag"":""h3"",""line"":1175,""text"":""Contacte""}"
SCOOTER,sv,"{""tag"":""h1"",""line"":802,""text"":""Hyra scooter i Barcelona""}"
SCOOTER,sv,"{""tag"":""h2"",""line"":820,""text"":""Enkel upphämtning i butiken""}"
SCOOTER,sv,"{""tag"":""h2"",""line"":824,""text"":""Det viktigaste ingår""}"
SCOOTER,sv,"{""tag"":""h2"",""line"":828,""text"":""Praktiskt läge i Barcelona""}"
SCOOTER,sv,"{""tag"":""h2"",""line"":837,""text"":""Scooterpriser i Barcelona""}"
SCOOTER,sv,"{""tag"":""h3"",""line"":842,""text"":""Heldag""}"
SCOOTER,sv,"{""tag"":""h3"",""line"":847,""text"":""24 timmar""}"
SCOOTER,sv,"{""tag"":""h3"",""line"":852,""text"":""2 dagar""}"
SCOOTER,sv,"{""tag"":""h3"",""line"":858,""text"":""3 dagar""}"
SCOOTER,sv,"{""tag"":""h3"",""line"":863,""text"":""Extra dag""}"
SCOOTER,sv,"{""tag"":""h3"",""line"":869,""text"":""Scootertillbehör och extra""}"
SCOOTER,sv,"{""tag"":""h2"",""line"":884,""text"":""Vad som ingår i din scooterhyra""}"
SCOOTER,sv,"{""tag"":""h2"",""line"":924,""text"":""Varför välja vår lokala scooteruthyrning""}"
SCOOTER,sv,"{""tag"":""h2"",""line"":929,""text"":""Innan du hyr""}"
SCOOTER,sv,"{""tag"":""h2"",""line"":940,""text"":""Vad kunderna säger om vår service""}"
SCOOTER,sv,"{""tag"":""h2"",""line"":1008,""text"":""Hitta vår scooteruthyrningsbutik i Barcelona""}"
SCOOTER,sv,"{""tag"":""h2"",""line"":1031,""text"":""Scooteruthyrning nära Port Olímpic, Barceloneta och Vila Olímpica""}"
SCOOTER,sv,"{""tag"":""h2"",""line"":1046,""text"":""Vanliga frågor om scooteruthyrning i Barcelona""}"
SCOOTER,sv,"{""tag"":""h3"",""line"":1050,""text"":""Ska jag välja en 50cc- eller 125cc-scooter?""}"
SCOOTER,sv,"{""tag"":""h3"",""line"":1054,""text"":""Kan jag hyra en scooter i Barcelona idag?""}"
SCOOTER,sv,"{""tag"":""h3"",""line"":1058,""text"":""Var ligger RSB Rental Scooter Barcelona?""}"
SCOOTER,sv,"{""tag"":""h3"",""line"":1062,""text"":""Erbjuder ni gratis hotellleverans av scooter?""}"
SCOOTER,sv,"{""tag"":""h3"",""line"":1066,""text"":""Kan jag lämna bagage eller personliga saker i butiken under hyran?""}"
SCOOTER,sv,"{""tag"":""h3"",""line"":1070,""text"":""Behöver jag körkort för att hyra en scooter i Barcelona?""}"
SCOOTER,sv,"{""tag"":""h3"",""line"":1074,""text"":""Kräver scooterhyror deposition?""}"
SCOOTER,sv,"{""tag"":""h3"",""line"":1078,""text"":""Ingår hjälmar och skydd i priset?""}"
SCOOTER,sv,"{""tag"":""h3"",""line"":1082,""text"":""Kan turister hyra en scooter i Barcelona?""}"
SCOOTER,sv,"{""tag"":""h3"",""line"":1086,""text"":""Vilka är de bästa områdena för att köra scooter nära butiken?""}"
SCOOTER,sv,"{""tag"":""h3"",""line"":1091,""text"":""Vilka betalningsmetoder accepterar ni?""}"
SCOOTER,sv,"{""tag"":""h2"",""line"":1101,""text"":""Fler hyralternativ i Barcelona och lokala guider""}"
SCOOTER,sv,"{""tag"":""h3"",""line"":1106,""text"":""Populära hyralternativ i Barcelona""}"
SCOOTER,sv,"{""tag"":""h3"",""line"":1117,""text"":""Hyrguider i Barcelona och lokala tips""}"
SCOOTER,sv,"{""tag"":""h2"",""line"":1134,""text"":""Kontrollera tillgänglighet för din scooterhyra i Barcelona""}"
SCOOTER,sv,"{""tag"":""h3"",""line"":1165,""text"":""Snabblänkar""}"
SCOOTER,sv,"{""tag"":""h3"",""line"":1174,""text"":""Tjänster""}"
SCOOTER,sv,"{""tag"":""h3"",""line"":1185,""text"":""Kontakt""}"
SCOOTER,pl,"{""tag"":""h1"",""line"":858,""text"":""Wynajem skuterów 50cc i 125cc w Barcelonie""}"
SCOOTER,pl,"{""tag"":""h2"",""line"":876,""text"":""Łatwy lokalny odbiór""}"
SCOOTER,pl,"{""tag"":""h2"",""line"":880,""text"":""Najważniejsze informacje o wynajmie""}"
SCOOTER,pl,"{""tag"":""h2"",""line"":884,""text"":""Lokalizacja wygodna do zwiedzania Barcelony""}"
SCOOTER,pl,"{""tag"":""h2"",""line"":893,""text"":""Ceny wynajmu skuterów w Barcelonie""}"
SCOOTER,pl,"{""tag"":""h3"",""line"":898,""text"":""Cały dzień""}"
SCOOTER,pl,"{""tag"":""h3"",""line"":903,""text"":""24 godziny""}"
SCOOTER,pl,"{""tag"":""h3"",""line"":908,""text"":""2 dni""}"
SCOOTER,pl,"{""tag"":""h3"",""line"":914,""text"":""3 dni""}"
SCOOTER,pl,"{""tag"":""h3"",""line"":919,""text"":""Dodatkowy dzień""}"
SCOOTER,pl,"{""tag"":""h3"",""line"":925,""text"":""Akcesoria i dodatki do skutera""}"
SCOOTER,pl,"{""tag"":""h2"",""line"":940,""text"":""Co jest w cenie wynajmu skutera""}"
SCOOTER,pl,"{""tag"":""h2"",""line"":980,""text"":""Dlaczego wybrać naszą lokalną wypożyczalnię skuterów""}"
SCOOTER,pl,"{""tag"":""h2"",""line"":985,""text"":""Przed wynajmem""}"
SCOOTER,pl,"{""tag"":""h2"",""line"":994,""text"":""Co klienci mówią o naszych usługach""}"
SCOOTER,pl,"{""tag"":""h2"",""line"":1062,""text"":""Znajdź naszą wypożyczalnię skuterów w Barcelonie""}"
SCOOTER,pl,"{""tag"":""h2"",""line"":1085,""text"":""Wynajem skutera w pobliżu Port Olímpic, Barcelonety i Vila Olímpica""}"
SCOOTER,pl,"{""tag"":""h2"",""line"":1100,""text"":""Najczęstsze pytania o wynajem skuterów w Barcelonie""}"
SCOOTER,pl,"{""tag"":""h3"",""line"":1104,""text"":""Czy wybrać skuter 50cc czy 125cc?""}"
SCOOTER,pl,"{""tag"":""h3"",""line"":1108,""text"":""Czy mogę wynająć skuter w Barcelonie dzisiaj?""}"
SCOOTER,pl,"{""tag"":""h3"",""line"":1112,""text"":""Gdzie znajduje się RSB Rental Scooter Barcelona?""}"
SCOOTER,pl,"{""tag"":""h3"",""line"":1116,""text"":""Czy oferujecie darmową dostawę skutera do hotelu?""}"
SCOOTER,pl,"{""tag"":""h3"",""line"":1120,""text"":""Czy mogę zostawić bagaż lub rzeczy osobiste w wypożyczalni podczas wynajmu?""}"
SCOOTER,pl,"{""tag"":""h3"",""line"":1124,""text"":""Czy potrzebuję prawa jazdy, aby wynająć skuter w Barcelonie?""}"
SCOOTER,pl,"{""tag"":""h3"",""line"":1128,""text"":""Czy wynajem skutera wymaga kaucji?""}"
SCOOTER,pl,"{""tag"":""h3"",""line"":1132,""text"":""Czy kaski i ochraniacze są wliczone w cenę?""}"
SCOOTER,pl,"{""tag"":""h3"",""line"":1136,""text"":""Czy turyści mogą wynająć skuter w Barcelonie?""}"
SCOOTER,pl,"{""tag"":""h3"",""line"":1140,""text"":""Gdzie najlepiej jeździć skuterem blisko wypożyczalni?""}"
SCOOTER,pl,"{""tag"":""h3"",""line"":1145,""text"":""Jakie metody płatności akceptujecie?""}"
SCOOTER,pl,"{""tag"":""h2"",""line"":1155,""text"":""Więcej wynajmów i lokalnych przewodników po Barcelonie""}"
SCOOTER,pl,"{""tag"":""h3"",""line"":1160,""text"":""Popularne wynajmy w Barcelonie""}"
SCOOTER,pl,"{""tag"":""h3"",""line"":1171,""text"":""Przewodniki po wynajmie w Barcelonie i lokalne wskazówki""}"
SCOOTER,pl,"{""tag"":""h2"",""line"":1188,""text"":""Sprawdź dostępność wynajmu skutera w Barcelonie""}"
SCOOTER,pl,"{""tag"":""h3"",""line"":1219,""text"":""Szybkie linki""}"
SCOOTER,pl,"{""tag"":""h3"",""line"":1228,""text"":""Usługi""}"
SCOOTER,pl,"{""tag"":""h3"",""line"":1239,""text"":""Kontakt""}"
ROLLERBLADES,en,"{""tag"":""h1"",""line"":797,""text"":""Inline Skate Rental Barcelona""}"
ROLLERBLADES,en,"{""tag"":""h2"",""line"":829,""text"":""Inline skates / Rollerblades rental in Barcelona""}"
ROLLERBLADES,en,"{""tag"":""h2"",""line"":837,""text"":""Modern & comfortable skates""}"
ROLLERBLADES,en,"{""tag"":""h2"",""line"":841,""text"":""Everything included""}"
ROLLERBLADES,en,"{""tag"":""h2"",""line"":845,""text"":""Beachfront location""}"
ROLLERBLADES,en,"{""tag"":""h2"",""line"":854,""text"":""Inline skates rental prices in Barcelona""}"
ROLLERBLADES,en,"{""tag"":""h3"",""line"":859,""text"":""1 hour""}"
ROLLERBLADES,en,"{""tag"":""h3"",""line"":865,""text"":""2 hours""}"
ROLLERBLADES,en,"{""tag"":""h3"",""line"":870,""text"":""3 hours""}"
ROLLERBLADES,en,"{""tag"":""h3"",""line"":875,""text"":""Full day""}"
ROLLERBLADES,en,"{""tag"":""h3"",""line"":880,""text"":""24 hours""}"
ROLLERBLADES,en,"{""tag"":""h3"",""line"":885,""text"":""Extra day""}"
ROLLERBLADES,en,"{""tag"":""h3"",""line"":891,""text"":""Inline skates gear & extras""}"
ROLLERBLADES,en,"{""tag"":""h2"",""line"":907,""text"":""What is included with your inline skates rental""}"
ROLLERBLADES,en,"{""tag"":""h2"",""line"":947,""text"":""Why choose our local inline skates rental shop""}"
ROLLERBLADES,en,"{""tag"":""h2"",""line"":952,""text"":""Before you rent""}"
ROLLERBLADES,en,"{""tag"":""h2"",""line"":963,""text"":""Tips before renting skates in Barcelona""}"
ROLLERBLADES,en,"{""tag"":""h2"",""line"":968,""text"":""Useful related articles""}"
ROLLERBLADES,en,"{""tag"":""h2"",""line"":981,""text"":""What customers say about our inline skates rental in Barcelona""}"
ROLLERBLADES,en,"{""tag"":""h2"",""line"":1042,""text"":""Find our inline skates rental shop in Barcelona""}"
ROLLERBLADES,en,"{""tag"":""h2"",""line"":1065,""text"":""Frequently asked questions about inline skates rental in Barcelona""}"
ROLLERBLADES,en,"{""tag"":""h3"",""line"":1069,""text"":""Do I need experience to rent inline skates?""}"
ROLLERBLADES,en,"{""tag"":""h3"",""line"":1073,""text"":""Is protective gear included with the rental?""}"
ROLLERBLADES,en,"{""tag"":""h3"",""line"":1077,""text"":""Where can I rollerblade near the shop?""}"
ROLLERBLADES,en,"{""tag"":""h3"",""line"":1081,""text"":""Can children rent inline skates?""}"
ROLLERBLADES,en,"{""tag"":""h3"",""line"":1085,""text"":""What sizes are available?""}"
ROLLERBLADES,en,"{""tag"":""h3"",""line"":1089,""text"":""Do I need a licence to rent inline skates?""}"
ROLLERBLADES,en,"{""tag"":""h3"",""line"":1093,""text"":""Do I need to leave a deposit to rent inline skates?""}"
ROLLERBLADES,en,"{""tag"":""h3"",""line"":1097,""text"":""Can I store my shoes or luggage at the shop?""}"
ROLLERBLADES,en,"{""tag"":""h3"",""line"":1101,""text"":""How do I book or contact you?""}"
ROLLERBLADES,en,"{""tag"":""h2"",""line"":1111,""text"":""More Barcelona rentals and local guides""}"
ROLLERBLADES,en,"{""tag"":""h3"",""line"":1116,""text"":""Popular rentals in Barcelona""}"
ROLLERBLADES,en,"{""tag"":""h3"",""line"":1127,""text"":""Inline skates rental prices and included accessories""}"
ROLLERBLADES,en,"{""tag"":""h2"",""line"":1169,""text"":""Check availability for your Barcelona inline skates rental""}"
ROLLERBLADES,en,"{""tag"":""h3"",""line"":1200,""text"":""Quick Links""}"
ROLLERBLADES,en,"{""tag"":""h3"",""line"":1209,""text"":""Services""}"
ROLLERBLADES,en,"{""tag"":""h3"",""line"":1220,""text"":""Contact""}"
ROLLERBLADES,es,"{""tag"":""h1"",""line"":794,""text"":""Alquiler de patines en línea en Barcelona""}"
ROLLERBLADES,es,"{""tag"":""h2"",""line"":826,""text"":""Alquiler de patines en línea en Barcelona""}"
ROLLERBLADES,es,"{""tag"":""h2"",""line"":834,""text"":""Patines modernos y cómodos""}"
ROLLERBLADES,es,"{""tag"":""h2"",""line"":838,""text"":""Todo incluido""}"
ROLLERBLADES,es,"{""tag"":""h2"",""line"":842,""text"":""Ubicación junto al mar""}"
ROLLERBLADES,es,"{""tag"":""h2"",""line"":851,""text"":""Precios de alquiler de patines en línea en Barcelona""}"
ROLLERBLADES,es,"{""tag"":""h3"",""line"":856,""text"":""1 hora""}"
ROLLERBLADES,es,"{""tag"":""h3"",""line"":862,""text"":""2 horas""}"
ROLLERBLADES,es,"{""tag"":""h3"",""line"":867,""text"":""3 horas""}"
ROLLERBLADES,es,"{""tag"":""h3"",""line"":872,""text"":""Día completo""}"
ROLLERBLADES,es,"{""tag"":""h3"",""line"":877,""text"":""24 horas""}"
ROLLERBLADES,es,"{""tag"":""h3"",""line"":882,""text"":""Día extra""}"
ROLLERBLADES,es,"{""tag"":""h3"",""line"":888,""text"":""Equipamiento y extras de patines en línea""}"
ROLLERBLADES,es,"{""tag"":""h2"",""line"":904,""text"":""Qué incluye tu alquiler de patines en línea""}"
ROLLERBLADES,es,"{""tag"":""h2"",""line"":944,""text"":""Por qué elegir nuestra tienda local de alquiler de patines en línea""}"
ROLLERBLADES,es,"{""tag"":""h2"",""line"":949,""text"":""Antes de alquilar""}"
ROLLERBLADES,es,"{""tag"":""h2"",""line"":960,""text"":""Consejos antes de alquilar patines en Barcelona""}"
ROLLERBLADES,es,"{""tag"":""h2"",""line"":965,""text"":""Artículos útiles relacionados""}"
ROLLERBLADES,es,"{""tag"":""h2"",""line"":978,""text"":""Lo que dicen nuestros clientes""}"
ROLLERBLADES,es,"{""tag"":""h2"",""line"":1004,""text"":""Encuentra nuestra tienda de alquiler de patines en línea en Barcelona""}"
ROLLERBLADES,es,"{""tag"":""h2"",""line"":1027,""text"":""Preguntas frecuentes sobre el alquiler de patines en línea en Barcelona""}"
ROLLERBLADES,es,"{""tag"":""h3"",""line"":1031,""text"":""¿Necesito experiencia para alquilar patines en línea?""}"
ROLLERBLADES,es,"{""tag"":""h3"",""line"":1035,""text"":""¿Están incluidas las protecciones en el alquiler?""}"
ROLLERBLADES,es,"{""tag"":""h3"",""line"":1039,""text"":""¿Dónde puedo patinar cerca de la tienda?""}"
ROLLERBLADES,es,"{""tag"":""h3"",""line"":1043,""text"":""¿Pueden alquilar patines en línea los niños?""}"
ROLLERBLADES,es,"{""tag"":""h3"",""line"":1047,""text"":""¿Qué tallas hay disponibles?""}"
ROLLERBLADES,es,"{""tag"":""h3"",""line"":1051,""text"":""¿Necesito licencia para alquilar patines en línea?""}"
ROLLERBLADES,es,"{""tag"":""h3"",""line"":1055,""text"":""¿Tengo que dejar un depósito para alquilar patines en línea?""}"
ROLLERBLADES,es,"{""tag"":""h3"",""line"":1059,""text"":""¿Puedo guardar mis zapatos o equipaje en la tienda?""}"
ROLLERBLADES,es,"{""tag"":""h3"",""line"":1063,""text"":""¿Cómo puedo reservar o contactar con vosotros?""}"
ROLLERBLADES,es,"{""tag"":""h2"",""line"":1073,""text"":""Más alquileres y guías locales en Barcelona""}"
ROLLERBLADES,es,"{""tag"":""h3"",""line"":1078,""text"":""Alquileres populares en Barcelona""}"
ROLLERBLADES,es,"{""tag"":""h3"",""line"":1089,""text"":""Precios de alquiler de patines en línea y accesorios incluidos""}"
ROLLERBLADES,es,"{""tag"":""h2"",""line"":1131,""text"":""Comprueba la disponibilidad para tu alquiler de patines en línea en Barcelona""}"
ROLLERBLADES,es,"{""tag"":""h3"",""line"":1162,""text"":""Enlaces rápidos""}"
ROLLERBLADES,es,"{""tag"":""h3"",""line"":1171,""text"":""Servicios""}"
ROLLERBLADES,es,"{""tag"":""h3"",""line"":1182,""text"":""Contacto""}"
ROLLERBLADES,fr,"{""tag"":""h1"",""line"":733,""text"":""Location de rollers en ligne à Barcelone""}"
ROLLERBLADES,fr,"{""tag"":""h2"",""line"":765,""text"":""Location de rollers en ligne à Barcelone""}"
ROLLERBLADES,fr,"{""tag"":""h2"",""line"":773,""text"":""Rollers modernes et confortables""}"
ROLLERBLADES,fr,"{""tag"":""h2"",""line"":777,""text"":""Tout inclus""}"
ROLLERBLADES,fr,"{""tag"":""h2"",""line"":781,""text"":""Emplacement en bord de mer""}"
ROLLERBLADES,fr,"{""tag"":""h2"",""line"":790,""text"":""Prix de location de rollers en ligne à Barcelone""}"
ROLLERBLADES,fr,"{""tag"":""h3"",""line"":795,""text"":""1 heure""}"
ROLLERBLADES,fr,"{""tag"":""h3"",""line"":801,""text"":""2 heures""}"
ROLLERBLADES,fr,"{""tag"":""h3"",""line"":806,""text"":""3 heures""}"
ROLLERBLADES,fr,"{""tag"":""h3"",""line"":811,""text"":""Journée complète""}"
ROLLERBLADES,fr,"{""tag"":""h3"",""line"":816,""text"":""24 heures""}"
ROLLERBLADES,fr,"{""tag"":""h3"",""line"":821,""text"":""Jour supplémentaire""}"
ROLLERBLADES,fr,"{""tag"":""h3"",""line"":827,""text"":""Équipement et extras des rollers en ligne""}"
ROLLERBLADES,fr,"{""tag"":""h2"",""line"":843,""text"":""Ce qui est inclus dans votre location de rollers en ligne""}"
ROLLERBLADES,fr,"{""tag"":""h2"",""line"":883,""text"":""Pourquoi choisir notre boutique locale de location de rollers en ligne""}"
ROLLERBLADES,fr,"{""tag"":""h2"",""line"":888,""text"":""Avant de louer""}"
ROLLERBLADES,fr,"{""tag"":""h2"",""line"":899,""text"":""Conseils avant de louer des rollers à Barcelone""}"
ROLLERBLADES,fr,"{""tag"":""h2"",""line"":904,""text"":""Articles utiles associés""}"
ROLLERBLADES,fr,"{""tag"":""h2"",""line"":917,""text"":""Ce que disent nos clients""}"
ROLLERBLADES,fr,"{""tag"":""h2"",""line"":943,""text"":""Trouvez notre boutique de location de rollers en ligne à Barcelone""}"
ROLLERBLADES,fr,"{""tag"":""h2"",""line"":966,""text"":""Questions fréquentes sur la location de rollers en ligne à Barcelone""}"
ROLLERBLADES,fr,"{""tag"":""h3"",""line"":970,""text"":""Faut-il avoir de l’expérience pour louer des rollers en ligne ?""}"
ROLLERBLADES,fr,"{""tag"":""h3"",""line"":974,""text"":""Les protections sont-elles incluses dans la location ?""}"
ROLLERBLADES,fr,"{""tag"":""h3"",""line"":978,""text"":""Où peut-on patiner près de la boutique ?""}"
ROLLERBLADES,fr,"{""tag"":""h3"",""line"":982,""text"":""Les enfants peuvent-ils louer des rollers en ligne ?""}"
ROLLERBLADES,fr,"{""tag"":""h3"",""line"":986,""text"":""Quelles pointures sont disponibles ?""}"
ROLLERBLADES,fr,"{""tag"":""h3"",""line"":990,""text"":""Ai-je besoin d’un permis pour louer des rollers en ligne ?""}"
ROLLERBLADES,fr,"{""tag"":""h3"",""line"":994,""text"":""Dois-je laisser une caution pour louer des rollers en ligne ?""}"
ROLLERBLADES,fr,"{""tag"":""h3"",""line"":998,""text"":""Puis-je laisser mes chaussures ou mes bagages à la boutique ?""}"
ROLLERBLADES,fr,"{""tag"":""h3"",""line"":1002,""text"":""Comment puis-je réserver ou vous contacter ?""}"
ROLLERBLADES,fr,"{""tag"":""h2"",""line"":1012,""text"":""Plus de locations et de guides locaux à Barcelone""}"
ROLLERBLADES,fr,"{""tag"":""h3"",""line"":1017,""text"":""Locations populaires à Barcelone""}"
ROLLERBLADES,fr,"{""tag"":""h3"",""line"":1028,""text"":""Prix de location des rollers en ligne et accessoires inclus""}"
ROLLERBLADES,fr,"{""tag"":""h2"",""line"":1070,""text"":""Vérifiez la disponibilité pour votre location de rollers en ligne à Barcelone""}"
ROLLERBLADES,fr,"{""tag"":""h3"",""line"":1101,""text"":""Liens rapides""}"
ROLLERBLADES,fr,"{""tag"":""h3"",""line"":1110,""text"":""Services""}"
ROLLERBLADES,fr,"{""tag"":""h3"",""line"":1121,""text"":""Contact""}"
ROLLERBLADES,it,"{""tag"":""h1"",""line"":739,""text"":""Noleggio pattini in linea a Barcellona""}"
ROLLERBLADES,it,"{""tag"":""h2"",""line"":771,""text"":""Noleggio pattini in linea a Barcellona""}"
ROLLERBLADES,it,"{""tag"":""h2"",""line"":779,""text"":""Pattini moderni e confortevoli""}"
ROLLERBLADES,it,"{""tag"":""h2"",""line"":783,""text"":""Tutto incluso""}"
ROLLERBLADES,it,"{""tag"":""h2"",""line"":787,""text"":""Posizione sul lungomare""}"
ROLLERBLADES,it,"{""tag"":""h2"",""line"":796,""text"":""Prezzi del noleggio di pattini in linea a Barcellona""}"
ROLLERBLADES,it,"{""tag"":""h3"",""line"":801,""text"":""1 ora""}"
ROLLERBLADES,it,"{""tag"":""h3"",""line"":807,""text"":""2 ore""}"
ROLLERBLADES,it,"{""tag"":""h3"",""line"":812,""text"":""3 ore""}"
ROLLERBLADES,it,"{""tag"":""h3"",""line"":817,""text"":""Giornata intera""}"
ROLLERBLADES,it,"{""tag"":""h3"",""line"":822,""text"":""24 ore""}"
ROLLERBLADES,it,"{""tag"":""h3"",""line"":827,""text"":""Giorno extra""}"
ROLLERBLADES,it,"{""tag"":""h3"",""line"":833,""text"":""Attrezzatura ed extra per pattini in linea""}"
ROLLERBLADES,it,"{""tag"":""h2"",""line"":849,""text"":""Cosa include il tuo noleggio di pattini in linea""}"
ROLLERBLADES,it,"{""tag"":""h2"",""line"":889,""text"":""Perché scegliere il nostro negozio locale di noleggio di pattini in linea""}"
ROLLERBLADES,it,"{""tag"":""h2"",""line"":894,""text"":""Prima di noleggiare""}"
ROLLERBLADES,it,"{""tag"":""h2"",""line"":905,""text"":""Consigli prima di noleggiare pattini a Barcellona""}"
ROLLERBLADES,it,"{""tag"":""h2"",""line"":910,""text"":""Articoli utili correlati""}"
ROLLERBLADES,it,"{""tag"":""h2"",""line"":923,""text"":""Cosa dicono i nostri clienti""}"
ROLLERBLADES,it,"{""tag"":""h2"",""line"":949,""text"":""Trova il nostro negozio di noleggio di pattini in linea a Barcellona""}"
ROLLERBLADES,it,"{""tag"":""h2"",""line"":972,""text"":""Domande frequenti sul noleggio di pattini in linea a Barcellona""}"
ROLLERBLADES,it,"{""tag"":""h3"",""line"":976,""text"":""Serve esperienza per noleggiare pattini in linea?""}"
ROLLERBLADES,it,"{""tag"":""h3"",""line"":980,""text"":""Le protezioni sono incluse nel noleggio?""}"
ROLLERBLADES,it,"{""tag"":""h3"",""line"":984,""text"":""Dove posso pattinare vicino al negozio?""}"
ROLLERBLADES,it,"{""tag"":""h3"",""line"":988,""text"":""I bambini possono noleggiare pattini in linea?""}"
ROLLERBLADES,it,"{""tag"":""h3"",""line"":992,""text"":""Quali taglie sono disponibili?""}"
ROLLERBLADES,it,"{""tag"":""h3"",""line"":996,""text"":""Ho bisogno di una patente per noleggiare pattini in linea?""}"
ROLLERBLADES,it,"{""tag"":""h3"",""line"":1000,""text"":""Devo lasciare un deposito per noleggiare i pattini in linea?""}"
ROLLERBLADES,it,"{""tag"":""h3"",""line"":1004,""text"":""Posso lasciare le scarpe o i bagagli in negozio?""}"
ROLLERBLADES,it,"{""tag"":""h3"",""line"":1008,""text"":""Come posso prenotare o contattarvi?""}"
ROLLERBLADES,it,"{""tag"":""h2"",""line"":1018,""text"":""Altri noleggi e guide locali a Barcellona""}"
ROLLERBLADES,it,"{""tag"":""h3"",""line"":1023,""text"":""Noleggi popolari a Barcellona""}"
ROLLERBLADES,it,"{""tag"":""h3"",""line"":1034,""text"":""Prezzi del noleggio di pattini in linea e accessori inclusi""}"
ROLLERBLADES,it,"{""tag"":""h2"",""line"":1076,""text"":""Controlla la disponibilità per il tuo noleggio di pattini in linea a Barcellona""}"
ROLLERBLADES,it,"{""tag"":""h3"",""line"":1107,""text"":""Link rapidi""}"
ROLLERBLADES,it,"{""tag"":""h3"",""line"":1118,""text"":""Servizi""}"
ROLLERBLADES,it,"{""tag"":""h3"",""line"":1131,""text"":""Contatto""}"
ROLLERBLADES,de,"{""tag"":""h1"",""line"":735,""text"":""Inlineskates mieten in Barcelona""}"
ROLLERBLADES,de,"{""tag"":""h2"",""line"":767,""text"":""Inlineskates mieten in Barcelona""}"
ROLLERBLADES,de,"{""tag"":""h2"",""line"":775,""text"":""Moderne und bequeme Skates""}"
ROLLERBLADES,de,"{""tag"":""h2"",""line"":779,""text"":""Alles inklusive""}"
ROLLERBLADES,de,"{""tag"":""h2"",""line"":783,""text"":""Lage direkt am Meer""}"
ROLLERBLADES,de,"{""tag"":""h2"",""line"":792,""text"":""Preise für Inlineskates in Barcelona""}"
ROLLERBLADES,de,"{""tag"":""h3"",""line"":797,""text"":""1 Stunde""}"
ROLLERBLADES,de,"{""tag"":""h3"",""line"":803,""text"":""2 Stunden""}"
ROLLERBLADES,de,"{""tag"":""h3"",""line"":808,""text"":""3 Stunden""}"
ROLLERBLADES,de,"{""tag"":""h3"",""line"":813,""text"":""Ganzer Tag""}"
ROLLERBLADES,de,"{""tag"":""h3"",""line"":818,""text"":""24 Stunden""}"
ROLLERBLADES,de,"{""tag"":""h3"",""line"":823,""text"":""Extra-Tag""}"
ROLLERBLADES,de,"{""tag"":""h3"",""line"":829,""text"":""Ausrüstung & Extras für Inlineskates""}"
ROLLERBLADES,de,"{""tag"":""h2"",""line"":845,""text"":""Was in deiner Inlineskates-Miete enthalten ist""}"
ROLLERBLADES,de,"{""tag"":""h2"",""line"":886,""text"":""Warum unseren lokalen Inlineskates-Verleih wählen""}"
ROLLERBLADES,de,"{""tag"":""h2"",""line"":891,""text"":""Vor der Miete""}"
ROLLERBLADES,de,"{""tag"":""h2"",""line"":902,""text"":""Tipps vor dem Mieten von Skates in Barcelona""}"
ROLLERBLADES,de,"{""tag"":""h2"",""line"":907,""text"":""Nützliche verwandte Artikel""}"
ROLLERBLADES,de,"{""tag"":""h2"",""line"":920,""text"":""Was Kunden über unseren Inlineskates-Verleih in Barcelona sagen""}"
ROLLERBLADES,de,"{""tag"":""h2"",""line"":980,""text"":""Finde unseren Inlineskates-Verleih in Barcelona""}"
ROLLERBLADES,de,"{""tag"":""h2"",""line"":1003,""text"":""Häufige Fragen zum Inlineskates-Verleih in Barcelona""}"
ROLLERBLADES,de,"{""tag"":""h3"",""line"":1007,""text"":""Braucht man Erfahrung, um Inlineskates zu mieten?""}"
ROLLERBLADES,de,"{""tag"":""h3"",""line"":1013,""text"":""Ist die Schutzausrüstung in der Miete enthalten?""}"
ROLLERBLADES,de,"{""tag"":""h3"",""line"":1019,""text"":""Wo kann ich in der Nähe des Geschäfts skaten?""}"
ROLLERBLADES,de,"{""tag"":""h3"",""line"":1025,""text"":""Können Kinder Inlineskates mieten?""}"
ROLLERBLADES,de,"{""tag"":""h3"",""line"":1031,""text"":""Welche Größen sind verfügbar?""}"
ROLLERBLADES,de,"{""tag"":""h3"",""line"":1037,""text"":""Brauche ich einen Führerschein, um Inlineskates zu mieten?""}"
ROLLERBLADES,de,"{""tag"":""h3"",""line"":1043,""text"":""Muss ich für die Miete von Inlineskates eine Kaution hinterlegen?""}"
ROLLERBLADES,de,"{""tag"":""h3"",""line"":1048,""text"":""Kann ich meine Schuhe oder mein Gepäck im Geschäft aufbewahren?""}"
ROLLERBLADES,de,"{""tag"":""h3"",""line"":1054,""text"":""Wie kann ich buchen oder euch kontaktieren?""}"
ROLLERBLADES,de,"{""tag"":""h2"",""line"":1066,""text"":""Weitere Mietangebote und lokale Guides in Barcelona""}"
ROLLERBLADES,de,"{""tag"":""h3"",""line"":1071,""text"":""Beliebte Mietangebote in Barcelona""}"
ROLLERBLADES,de,"{""tag"":""h3"",""line"":1082,""text"":""Preise für Inlineskates und enthaltenes Zubehör""}"
ROLLERBLADES,de,"{""tag"":""h2"",""line"":1124,""text"":""Prüfe die Verfügbarkeit für deine Inlineskates-Miete in Barcelona""}"
ROLLERBLADES,de,"{""tag"":""h3"",""line"":1155,""text"":""Schnelllinks""}"
ROLLERBLADES,de,"{""tag"":""h3"",""line"":1164,""text"":""Leistungen""}"
ROLLERBLADES,de,"{""tag"":""h3"",""line"":1175,""text"":""Kontakt""}"
ROLLERBLADES,nl,"{""tag"":""h1"",""line"":747,""text"":""Inline skates huren in Barcelona""}"
ROLLERBLADES,nl,"{""tag"":""h2"",""line"":779,""text"":""Inline skates huren in Barcelona""}"
ROLLERBLADES,nl,"{""tag"":""h2"",""line"":787,""text"":""Moderne en comfortabele skates""}"
ROLLERBLADES,nl,"{""tag"":""h2"",""line"":791,""text"":""Alles inbegrepen""}"
ROLLERBLADES,nl,"{""tag"":""h2"",""line"":795,""text"":""Ligging aan zee""}"
ROLLERBLADES,nl,"{""tag"":""h2"",""line"":804,""text"":""Prijzen voor het huren van inline skates in Barcelona""}"
ROLLERBLADES,nl,"{""tag"":""h3"",""line"":809,""text"":""1 uur""}"
ROLLERBLADES,nl,"{""tag"":""h3"",""line"":815,""text"":""2 uur""}"
ROLLERBLADES,nl,"{""tag"":""h3"",""line"":820,""text"":""3 uur""}"
ROLLERBLADES,nl,"{""tag"":""h3"",""line"":825,""text"":""Hele dag""}"
ROLLERBLADES,nl,"{""tag"":""h3"",""line"":830,""text"":""24 uur""}"
ROLLERBLADES,nl,"{""tag"":""h3"",""line"":835,""text"":""Extra dag""}"
ROLLERBLADES,nl,"{""tag"":""h3"",""line"":841,""text"":""Uitrusting en extra’s voor inline skates""}"
ROLLERBLADES,nl,"{""tag"":""h2"",""line"":857,""text"":""Wat is inbegrepen bij je huur van inline skates""}"
ROLLERBLADES,nl,"{""tag"":""h2"",""line"":898,""text"":""Waarom kiezen voor onze lokale winkel voor de verhuur van inline skates""}"
ROLLERBLADES,nl,"{""tag"":""h2"",""line"":903,""text"":""Voordat je huurt""}"
ROLLERBLADES,nl,"{""tag"":""h2"",""line"":914,""text"":""Tips voordat je skates huurt in Barcelona""}"
ROLLERBLADES,nl,"{""tag"":""h2"",""line"":919,""text"":""Nuttige gerelateerde artikelen""}"
ROLLERBLADES,nl,"{""tag"":""h2"",""line"":932,""text"":""Wat klanten zeggen over onze verhuur van inline skates in Barcelona""}"
ROLLERBLADES,nl,"{""tag"":""h2"",""line"":992,""text"":""Vind onze winkel voor de verhuur van inline skates in Barcelona""}"
ROLLERBLADES,nl,"{""tag"":""h2"",""line"":1015,""text"":""Veelgestelde vragen over het huren van inline skates in Barcelona""}"
ROLLERBLADES,nl,"{""tag"":""h3"",""line"":1019,""text"":""Heb je ervaring nodig om inline skates te huren?""}"
ROLLERBLADES,nl,"{""tag"":""h3"",""line"":1025,""text"":""Zijn beschermers inbegrepen bij de huur?""}"
ROLLERBLADES,nl,"{""tag"":""h3"",""line"":1031,""text"":""Waar kan ik in de buurt van de winkel skaten?""}"
ROLLERBLADES,nl,"{""tag"":""h3"",""line"":1037,""text"":""Kunnen kinderen inline skates huren?""}"
ROLLERBLADES,nl,"{""tag"":""h3"",""line"":1043,""text"":""Welke maten zijn beschikbaar?""}"
ROLLERBLADES,nl,"{""tag"":""h3"",""line"":1049,""text"":""Heb ik een rijbewijs nodig om inline skates te huren?""}"
ROLLERBLADES,nl,"{""tag"":""h3"",""line"":1055,""text"":""Moet ik een borg achterlaten om inline skates te huren?""}"
ROLLERBLADES,nl,"{""tag"":""h3"",""line"":1060,""text"":""Kan ik mijn schoenen of bagage in de winkel achterlaten?""}"
ROLLERBLADES,nl,"{""tag"":""h3"",""line"":1066,""text"":""Hoe kan ik boeken of contact opnemen?""}"
ROLLERBLADES,nl,"{""tag"":""h2"",""line"":1078,""text"":""Meer verhuur en lokale gidsen in Barcelona""}"
ROLLERBLADES,nl,"{""tag"":""h3"",""line"":1083,""text"":""Populaire verhuur in Barcelona""}"
ROLLERBLADES,nl,"{""tag"":""h3"",""line"":1094,""text"":""Prijzen voor het huren van inline skates en inbegrepen accessoires""}"
ROLLERBLADES,nl,"{""tag"":""h2"",""line"":1136,""text"":""Controleer de beschikbaarheid voor je huur van inline skates in Barcelona""}"
ROLLERBLADES,nl,"{""tag"":""h3"",""line"":1167,""text"":""Snelle links""}"
ROLLERBLADES,nl,"{""tag"":""h3"",""line"":1176,""text"":""Diensten""}"
ROLLERBLADES,nl,"{""tag"":""h3"",""line"":1187,""text"":""Contact""}"
ROLLERBLADES,pt,"{""tag"":""h1"",""line"":753,""text"":""Aluguer de patins em linha em Barcelona""}"
ROLLERBLADES,pt,"{""tag"":""h2"",""line"":785,""text"":""Aluguer de patins em linha em Barcelona""}"
ROLLERBLADES,pt,"{""tag"":""h2"",""line"":793,""text"":""Patins modernos e confortáveis""}"
ROLLERBLADES,pt,"{""tag"":""h2"",""line"":797,""text"":""Tudo incluído""}"
ROLLERBLADES,pt,"{""tag"":""h2"",""line"":801,""text"":""Localização junto ao mar""}"
ROLLERBLADES,pt,"{""tag"":""h2"",""line"":810,""text"":""Preços do aluguer de patins em linha em Barcelona""}"
ROLLERBLADES,pt,"{""tag"":""h3"",""line"":815,""text"":""1 hora""}"
ROLLERBLADES,pt,"{""tag"":""h3"",""line"":821,""text"":""2 horas""}"
ROLLERBLADES,pt,"{""tag"":""h3"",""line"":826,""text"":""3 horas""}"
ROLLERBLADES,pt,"{""tag"":""h3"",""line"":831,""text"":""Dia completo""}"
ROLLERBLADES,pt,"{""tag"":""h3"",""line"":836,""text"":""24 horas""}"
ROLLERBLADES,pt,"{""tag"":""h3"",""line"":841,""text"":""Dia extra""}"
ROLLERBLADES,pt,"{""tag"":""h3"",""line"":847,""text"":""Equipamento e extras dos patins em linha""}"
ROLLERBLADES,pt,"{""tag"":""h2"",""line"":863,""text"":""O que inclui o teu aluguer de patins em linha""}"
ROLLERBLADES,pt,"{""tag"":""h2"",""line"":903,""text"":""Porque escolher a nossa loja local de aluguer de patins em linha""}"
ROLLERBLADES,pt,"{""tag"":""h2"",""line"":908,""text"":""Antes de alugar""}"
ROLLERBLADES,pt,"{""tag"":""h2"",""line"":919,""text"":""Conselhos antes de alugar patins em Barcelona""}"
ROLLERBLADES,pt,"{""tag"":""h2"",""line"":924,""text"":""Artigos úteis relacionados""}"
ROLLERBLADES,pt,"{""tag"":""h2"",""line"":937,""text"":""O que dizem os clientes sobre o nosso aluguer de patins em linha em Barcelona""}"
ROLLERBLADES,pt,"{""tag"":""h2"",""line"":997,""text"":""Encontra a nossa loja de aluguer de patins em linha em Barcelona""}"
ROLLERBLADES,pt,"{""tag"":""h2"",""line"":1020,""text"":""Perguntas frequentes sobre o aluguer de patins em linha em Barcelona""}"
ROLLERBLADES,pt,"{""tag"":""h3"",""line"":1024,""text"":""É preciso experiência para alugar patins em linha?""}"
ROLLERBLADES,pt,"{""tag"":""h3"",""line"":1028,""text"":""As proteções estão incluídas no aluguer?""}"
ROLLERBLADES,pt,"{""tag"":""h3"",""line"":1032,""text"":""Onde posso patinar perto da loja?""}"
ROLLERBLADES,pt,"{""tag"":""h3"",""line"":1036,""text"":""As crianças podem alugar patins em linha?""}"
ROLLERBLADES,pt,"{""tag"":""h3"",""line"":1040,""text"":""Que tamanhos estão disponíveis?""}"
ROLLERBLADES,pt,"{""tag"":""h3"",""line"":1044,""text"":""Preciso de licença para alugar patins em linha?""}"
ROLLERBLADES,pt,"{""tag"":""h3"",""line"":1048,""text"":""Preciso deixar um depósito para alugar patins em linha?""}"
ROLLERBLADES,pt,"{""tag"":""h3"",""line"":1052,""text"":""Posso guardar os meus sapatos ou bagagem na loja?""}"
ROLLERBLADES,pt,"{""tag"":""h3"",""line"":1056,""text"":""Como posso reservar ou contactar-vos?""}"
ROLLERBLADES,pt,"{""tag"":""h2"",""line"":1066,""text"":""Mais alugueres e guias locais em Barcelona""}"
ROLLERBLADES,pt,"{""tag"":""h3"",""line"":1071,""text"":""Alugueres populares em Barcelona""}"
ROLLERBLADES,pt,"{""tag"":""h3"",""line"":1082,""text"":""Preços do aluguer de patins em linha e acessórios incluídos""}"
ROLLERBLADES,pt,"{""tag"":""h2"",""line"":1124,""text"":""Verifica a disponibilidade para o teu aluguer de patins em linha em Barcelona""}"
ROLLERBLADES,pt,"{""tag"":""h3"",""line"":1155,""text"":""Links rápidos""}"
ROLLERBLADES,pt,"{""tag"":""h3"",""line"":1166,""text"":""Serviços""}"
ROLLERBLADES,pt,"{""tag"":""h3"",""line"":1179,""text"":""Contacto""}"
ROLLERBLADES,ca,"{""tag"":""h1"",""line"":739,""text"":""Lloguer de patins en línia a Barcelona""}"
ROLLERBLADES,ca,"{""tag"":""h2"",""line"":771,""text"":""Lloguer de patins en línia a Barcelona""}"
ROLLERBLADES,ca,"{""tag"":""h2"",""line"":779,""text"":""Patins moderns i còmodes""}"
ROLLERBLADES,ca,"{""tag"":""h2"",""line"":783,""text"":""Tot inclòs""}"
ROLLERBLADES,ca,"{""tag"":""h2"",""line"":787,""text"":""Ubicació a tocar del mar""}"
ROLLERBLADES,ca,"{""tag"":""h2"",""line"":796,""text"":""Preus del lloguer de patins en línia a Barcelona""}"
ROLLERBLADES,ca,"{""tag"":""h3"",""line"":801,""text"":""1 hora""}"
ROLLERBLADES,ca,"{""tag"":""h3"",""line"":807,""text"":""2 hores""}"
ROLLERBLADES,ca,"{""tag"":""h3"",""line"":812,""text"":""3 hores""}"
ROLLERBLADES,ca,"{""tag"":""h3"",""line"":817,""text"":""Dia complet""}"
ROLLERBLADES,ca,"{""tag"":""h3"",""line"":822,""text"":""24 hores""}"
ROLLERBLADES,ca,"{""tag"":""h3"",""line"":827,""text"":""Dia extra""}"
ROLLERBLADES,ca,"{""tag"":""h3"",""line"":833,""text"":""Equipament i extres dels patins en línia""}"
ROLLERBLADES,ca,"{""tag"":""h2"",""line"":849,""text"":""Què inclou el teu lloguer de patins en línia""}"
ROLLERBLADES,ca,"{""tag"":""h2"",""line"":890,""text"":""Per què escollir la nostra botiga local de lloguer de patins en línia""}"
ROLLERBLADES,ca,"{""tag"":""h2"",""line"":895,""text"":""Abans de llogar""}"
ROLLERBLADES,ca,"{""tag"":""h2"",""line"":906,""text"":""Consells abans de llogar patins a Barcelona""}"
ROLLERBLADES,ca,"{""tag"":""h2"",""line"":911,""text"":""Articles útils relacionats""}"
ROLLERBLADES,ca,"{""tag"":""h2"",""line"":924,""text"":""Què diuen els clients sobre el nostre servei""}"
ROLLERBLADES,ca,"{""tag"":""h2"",""line"":984,""text"":""Troba la nostra botiga de lloguer de patins en línia a Barcelona""}"
ROLLERBLADES,ca,"{""tag"":""h2"",""line"":1007,""text"":""Preguntes freqüents sobre el lloguer de patins en línia a Barcelona""}"
ROLLERBLADES,ca,"{""tag"":""h3"",""line"":1011,""text"":""Cal experiència per llogar patins en línia?""}"
ROLLERBLADES,ca,"{""tag"":""h3"",""line"":1015,""text"":""Les proteccions estan incloses en el lloguer?""}"
ROLLERBLADES,ca,"{""tag"":""h3"",""line"":1019,""text"":""On puc patinar a prop de la botiga?""}"
ROLLERBLADES,ca,"{""tag"":""h3"",""line"":1023,""text"":""Els nens poden llogar patins en línia?""}"
ROLLERBLADES,ca,"{""tag"":""h3"",""line"":1027,""text"":""Quines talles hi ha disponibles?""}"
ROLLERBLADES,ca,"{""tag"":""h3"",""line"":1031,""text"":""Necessito llicència per llogar patins en línia?""}"
ROLLERBLADES,ca,"{""tag"":""h3"",""line"":1035,""text"":""He de deixar un dipòsit per llogar patins en línia?""}"
ROLLERBLADES,ca,"{""tag"":""h3"",""line"":1039,""text"":""Puc guardar les meves sabates o equipatge a la botiga?""}"
ROLLERBLADES,ca,"{""tag"":""h3"",""line"":1043,""text"":""Com puc reservar o contactar amb vosaltres?""}"
ROLLERBLADES,ca,"{""tag"":""h2"",""line"":1053,""text"":""Més lloguers i guies locals a Barcelona""}"
ROLLERBLADES,ca,"{""tag"":""h3"",""line"":1058,""text"":""Lloguers populars a Barcelona""}"
ROLLERBLADES,ca,"{""tag"":""h3"",""line"":1069,""text"":""Preus del lloguer de patins en línia i accessoris inclosos""}"
ROLLERBLADES,ca,"{""tag"":""h2"",""line"":1111,""text"":""Comprova la disponibilitat per al teu lloguer de patins en línia a Barcelona""}"
ROLLERBLADES,ca,"{""tag"":""h3"",""line"":1142,""text"":""Enllaços ràpids""}"
ROLLERBLADES,ca,"{""tag"":""h3"",""line"":1153,""text"":""Serveis""}"
ROLLERBLADES,ca,"{""tag"":""h3"",""line"":1166,""text"":""Contacte""}"
ROLLERBLADES,sv,"{""tag"":""h1"",""line"":749,""text"":""Hyra inlines i Barcelona""}"
ROLLERBLADES,sv,"{""tag"":""h2"",""line"":781,""text"":""Hyra inlines i Barcelona""}"
ROLLERBLADES,sv,"{""tag"":""h2"",""line"":789,""text"":""Moderna och bekväma inlines""}"
ROLLERBLADES,sv,"{""tag"":""h2"",""line"":793,""text"":""Allt ingår""}"
ROLLERBLADES,sv,"{""tag"":""h2"",""line"":797,""text"":""Läge vid stranden""}"
ROLLERBLADES,sv,"{""tag"":""h2"",""line"":806,""text"":""Priser för att hyra inlines i Barcelona""}"
ROLLERBLADES,sv,"{""tag"":""h3"",""line"":811,""text"":""1 timme""}"
ROLLERBLADES,sv,"{""tag"":""h3"",""line"":817,""text"":""2 timmar""}"
ROLLERBLADES,sv,"{""tag"":""h3"",""line"":822,""text"":""3 timmar""}"
ROLLERBLADES,sv,"{""tag"":""h3"",""line"":827,""text"":""Heldag""}"
ROLLERBLADES,sv,"{""tag"":""h3"",""line"":832,""text"":""24 timmar""}"
ROLLERBLADES,sv,"{""tag"":""h3"",""line"":837,""text"":""Extra dag""}"
ROLLERBLADES,sv,"{""tag"":""h3"",""line"":843,""text"":""Utrustning och extra för inlines""}"
ROLLERBLADES,sv,"{""tag"":""h2"",""line"":859,""text"":""Vad som ingår i din uthyrning av inlines""}"
ROLLERBLADES,sv,"{""tag"":""h2"",""line"":900,""text"":""Varför välja vår lokala butik för inlinesuthyrning""}"
ROLLERBLADES,sv,"{""tag"":""h2"",""line"":905,""text"":""Innan du hyr""}"
ROLLERBLADES,sv,"{""tag"":""h2"",""line"":916,""text"":""Tips innan du hyr skridskor i Barcelona""}"
ROLLERBLADES,sv,"{""tag"":""h2"",""line"":921,""text"":""Användbara relaterade artiklar""}"
ROLLERBLADES,sv,"{""tag"":""h2"",""line"":934,""text"":""Vad kunderna säger om vår service""}"
ROLLERBLADES,sv,"{""tag"":""h2"",""line"":994,""text"":""Hitta vår butik för inlinesuthyrning i Barcelona""}"
ROLLERBLADES,sv,"{""tag"":""h2"",""line"":1017,""text"":""Vanliga frågor om att hyra inlines i Barcelona""}"
ROLLERBLADES,sv,"{""tag"":""h3"",""line"":1021,""text"":""Behöver man erfarenhet för att hyra inlines?""}"
ROLLERBLADES,sv,"{""tag"":""h3"",""line"":1025,""text"":""Ingår skydd i hyran?""}"
ROLLERBLADES,sv,"{""tag"":""h3"",""line"":1029,""text"":""Var kan jag åka nära butiken?""}"
ROLLERBLADES,sv,"{""tag"":""h3"",""line"":1033,""text"":""Kan barn hyra inlines?""}"
ROLLERBLADES,sv,"{""tag"":""h3"",""line"":1037,""text"":""Vilka storlekar finns tillgängliga?""}"
ROLLERBLADES,sv,"{""tag"":""h3"",""line"":1041,""text"":""Behöver jag körkort för att hyra inlines?""}"
ROLLERBLADES,sv,"{""tag"":""h3"",""line"":1045,""text"":""Behöver jag lämna en deposition för att hyra inlines?""}"
ROLLERBLADES,sv,"{""tag"":""h3"",""line"":1050,""text"":""Kan jag förvara mina skor eller mitt bagage i butiken?""}"
ROLLERBLADES,sv,"{""tag"":""h3"",""line"":1054,""text"":""Hur kan jag boka eller kontakta er?""}"
ROLLERBLADES,sv,"{""tag"":""h2"",""line"":1064,""text"":""Fler uthyrningar och lokala guider i Barcelona""}"
ROLLERBLADES,sv,"{""tag"":""h3"",""line"":1069,""text"":""Populära uthyrningar i Barcelona""}"
ROLLERBLADES,sv,"{""tag"":""h3"",""line"":1080,""text"":""Priser för inlines och tillbehör som ingår""}"
ROLLERBLADES,sv,"{""tag"":""h2"",""line"":1122,""text"":""Kontrollera tillgängligheten för din uthyrning av inlines i Barcelona""}"
ROLLERBLADES,sv,"{""tag"":""h3"",""line"":1153,""text"":""Snabblänkar""}"
ROLLERBLADES,sv,"{""tag"":""h3"",""line"":1162,""text"":""Tjänster""}"
ROLLERBLADES,sv,"{""tag"":""h3"",""line"":1173,""text"":""Kontakt""}"
ROLLERBLADES,pl,"{""tag"":""h1"",""line"":797,""text"":""Wynajem rolek w Barcelonie""}"
ROLLERBLADES,pl,"{""tag"":""h2"",""line"":829,""text"":""Wynajem rolek w Barcelonie""}"
ROLLERBLADES,pl,"{""tag"":""h2"",""line"":837,""text"":""Nowoczesne i wygodne rolki""}"
ROLLERBLADES,pl,"{""tag"":""h2"",""line"":841,""text"":""Wszystko w cenie""}"
ROLLERBLADES,pl,"{""tag"":""h2"",""line"":845,""text"":""Lokalizacja przy plaży""}"
ROLLERBLADES,pl,"{""tag"":""h2"",""line"":854,""text"":""Ceny wynajmu rolek w Barcelonie""}"
ROLLERBLADES,pl,"{""tag"":""h3"",""line"":859,""text"":""1 godzina""}"
ROLLERBLADES,pl,"{""tag"":""h3"",""line"":865,""text"":""2 godziny""}"
ROLLERBLADES,pl,"{""tag"":""h3"",""line"":870,""text"":""3 godziny""}"
ROLLERBLADES,pl,"{""tag"":""h3"",""line"":875,""text"":""Cały dzień""}"
ROLLERBLADES,pl,"{""tag"":""h3"",""line"":880,""text"":""24 godziny""}"
ROLLERBLADES,pl,"{""tag"":""h3"",""line"":885,""text"":""Dodatkowy dzień""}"
ROLLERBLADES,pl,"{""tag"":""h3"",""line"":891,""text"":""Sprzęt i dodatki do rolek""}"
ROLLERBLADES,pl,"{""tag"":""h2"",""line"":907,""text"":""Co jest w cenie wynajmu rolek""}"
ROLLERBLADES,pl,"{""tag"":""h2"",""line"":948,""text"":""Dlaczego wybrać naszą lokalną wypożyczalnię rolek""}"
ROLLERBLADES,pl,"{""tag"":""h2"",""line"":953,""text"":""Przed wynajmem""}"
ROLLERBLADES,pl,"{""tag"":""h2"",""line"":962,""text"":""Wskazówki przed wypożyczeniem rolek w Barcelonie""}"
ROLLERBLADES,pl,"{""tag"":""h2"",""line"":967,""text"":""Przydatne powiązane artykuły""}"
ROLLERBLADES,pl,"{""tag"":""h2"",""line"":980,""text"":""Co klienci mówią o naszych usługach""}"
ROLLERBLADES,pl,"{""tag"":""h2"",""line"":1040,""text"":""Znajdź naszą wypożyczalnię rolek w Barcelonie""}"
ROLLERBLADES,pl,"{""tag"":""h2"",""line"":1063,""text"":""Najczęstsze pytania o wynajem rolek w Barcelonie""}"
ROLLERBLADES,pl,"{""tag"":""h3"",""line"":1067,""text"":""Czy potrzebuję doświadczenia, aby wynająć rolki?""}"
ROLLERBLADES,pl,"{""tag"":""h3"",""line"":1071,""text"":""Czy ochraniacze są wliczone w wynajem?""}"
ROLLERBLADES,pl,"{""tag"":""h3"",""line"":1075,""text"":""Gdzie mogę jeździć na rolkach blisko wypożyczalni?""}"
ROLLERBLADES,pl,"{""tag"":""h3"",""line"":1079,""text"":""Czy dzieci mogą wynająć rolki?""}"
ROLLERBLADES,pl,"{""tag"":""h3"",""line"":1083,""text"":""Jakie rozmiary są dostępne?""}"
ROLLERBLADES,pl,"{""tag"":""h3"",""line"":1087,""text"":""Czy potrzebuję prawa jazdy, aby wynająć rolki?""}"
ROLLERBLADES,pl,"{""tag"":""h3"",""line"":1091,""text"":""Czy muszę zostawić kaucję, aby wypożyczyć rolki?""}"
ROLLERBLADES,pl,"{""tag"":""h3"",""line"":1096,""text"":""Czy mogę zostawić buty lub bagaż w wypożyczalni?""}"
ROLLERBLADES,pl,"{""tag"":""h3"",""line"":1100,""text"":""Jak mogę zarezerwować lub skontaktować się z wami?""}"
ROLLERBLADES,pl,"{""tag"":""h2"",""line"":1110,""text"":""Więcej wynajmów i lokalnych przewodników po Barcelonie""}"
ROLLERBLADES,pl,"{""tag"":""h3"",""line"":1115,""text"":""Popularne wynajmy w Barcelonie""}"
ROLLERBLADES,pl,"{""tag"":""h3"",""line"":1126,""text"":""Ceny wynajmu rolek i akcesoria w cenie""}"
ROLLERBLADES,pl,"{""tag"":""h2"",""line"":1168,""text"":""Sprawdź dostępność wynajmu rolek w Barcelonie""}"
ROLLERBLADES,pl,"{""tag"":""h3"",""line"":1199,""text"":""Szybkie linki""}"
ROLLERBLADES,pl,"{""tag"":""h3"",""line"":1208,""text"":""Usługi""}"
ROLLERBLADES,pl,"{""tag"":""h3"",""line"":1219,""text"":""Kontakt""}"
