grupo,idioma,linea,etiqueta,atributos,etiqueta_literal
HOME,en,4,head,{},<head>
HOME,en,5,meta,"{""charset"":""utf-8""}","<meta charset=""utf-8""/>"
HOME,en,6,link,"{""as"":""font"",""crossorigin"":"""",""href"":""/fonts/great-vibes-rsb-subset.woff2"",""rel"":""preload"",""type"":""font/woff2""}","<link as=""font"" crossorigin="""" href=""/fonts/great-vibes-rsb-subset.woff2"" rel=""preload"" type=""font/woff2""/>"
HOME,en,7,style,"{""data-rsb-critical"":""""}","<style data-rsb-critical="""">"
HOME,en,9,link,"{""rel"":""manifest"",""href"":""/site.webmanifest""}","<link rel=""manifest"" href=""/site.webmanifest""/>"
HOME,en,10,meta,"{""content"":""width=device-width, initial-scale=1"",""name"":""viewport""}","<meta content=""width=device-width, initial-scale=1"" name=""viewport""/>"
HOME,en,11,title,{},<title>
HOME,en,12,meta,"{""content"":""Rent scooters, inline skates and bikes in Barcelona from our Vila Olímpica shop. No deposit for skates and boards; free scooter hotel delivery for 3+ days."",""name"":""description""}","<meta content=""Rent scooters, inline skates and bikes in Barcelona from our Vila Olímpica shop. No deposit for skates and boards; free scooter hotel delivery for 3+ days."" name=""description""/>"
HOME,en,13,meta,"{""content"":""index,follow,max-image-preview:large"",""name"":""robots""}","<meta content=""index,follow,max-image-preview:large"" name=""robots""/>"
HOME,en,14,meta,"{""content"":""RSB Rental Scooter Barcelona"",""name"":""author""}","<meta content=""RSB Rental Scooter Barcelona"" name=""author""/>"
HOME,en,15,meta,"{""content"":""#0b1022"",""name"":""theme-color""}","<meta content=""#0b1022"" name=""theme-color""/>"
HOME,en,16,link,"{""href"":""https://rentalscooterbarcelona.com/"",""rel"":""canonical""}","<link href=""https://rentalscooterbarcelona.com/"" rel=""canonical""/>"
HOME,en,16,link,"{""href"":""https://rentalscooterbarcelona.com/"",""hreflang"":""x-default"",""rel"":""alternate""}","<link href=""https://rentalscooterbarcelona.com/"" hreflang=""x-default"" rel=""alternate""/>"
HOME,en,16,link,"{""href"":""https://rentalscooterbarcelona.com/"",""hreflang"":""en"",""rel"":""alternate""}","<link href=""https://rentalscooterbarcelona.com/"" hreflang=""en"" rel=""alternate""/>"
HOME,en,16,link,"{""href"":""https://rentalscooterbarcelona.com/es/"",""hreflang"":""es"",""rel"":""alternate""}","<link href=""https://rentalscooterbarcelona.com/es/"" hreflang=""es"" rel=""alternate""/>"
HOME,en,16,link,"{""href"":""https://rentalscooterbarcelona.com/fr/"",""hreflang"":""fr"",""rel"":""alternate""}","<link href=""https://rentalscooterbarcelona.com/fr/"" hreflang=""fr"" rel=""alternate""/>"
HOME,en,16,link,"{""href"":""https://rentalscooterbarcelona.com/it/"",""hreflang"":""it"",""rel"":""alternate""}","<link href=""https://rentalscooterbarcelona.com/it/"" hreflang=""it"" rel=""alternate""/>"
HOME,en,16,link,"{""href"":""https://rentalscooterbarcelona.com/de/"",""hreflang"":""de"",""rel"":""alternate""}","<link href=""https://rentalscooterbarcelona.com/de/"" hreflang=""de"" rel=""alternate""/>"
HOME,en,16,link,"{""href"":""https://rentalscooterbarcelona.com/nl/"",""hreflang"":""nl"",""rel"":""alternate""}","<link href=""https://rentalscooterbarcelona.com/nl/"" hreflang=""nl"" rel=""alternate""/>"
HOME,en,16,link,"{""href"":""https://rentalscooterbarcelona.com/pt/"",""hreflang"":""pt"",""rel"":""alternate""}","<link href=""https://rentalscooterbarcelona.com/pt/"" hreflang=""pt"" rel=""alternate""/>"
HOME,en,16,link,"{""href"":""https://rentalscooterbarcelona.com/cat/"",""hreflang"":""ca"",""rel"":""alternate""}","<link href=""https://rentalscooterbarcelona.com/cat/"" hreflang=""ca"" rel=""alternate""/>"
HOME,en,16,link,"{""href"":""https://rentalscooterbarcelona.com/sv/"",""hreflang"":""sv"",""rel"":""alternate""}","<link href=""https://rentalscooterbarcelona.com/sv/"" hreflang=""sv"" rel=""alternate""/>"
HOME,en,16,link,"{""href"":""https://rentalscooterbarcelona.com/pl/"",""hreflang"":""pl"",""rel"":""alternate""}","<link href=""https://rentalscooterbarcelona.com/pl/"" hreflang=""pl"" rel=""alternate""/>"
HOME,en,17,meta,"{""content"":""ES-CT"",""name"":""geo.region""}","<meta content=""ES-CT"" name=""geo.region""/>"
HOME,en,18,meta,"{""content"":""Barcelona"",""name"":""geo.placename""}","<meta content=""Barcelona"" name=""geo.placename""/>"
HOME,en,19,meta,"{""content"":""41.3906488;2.1984312"",""name"":""geo.position""}","<meta content=""41.3906488;2.1984312"" name=""geo.position""/>"
HOME,en,20,meta,"{""content"":""41.3906488, 2.1984312"",""name"":""ICBM""}","<meta content=""41.3906488, 2.1984312"" name=""ICBM""/>"
HOME,en,21,meta,"{""content"":""website"",""property"":""og:type""}","<meta content=""website"" property=""og:type""/>"
HOME,en,22,meta,"{""content"":""RSB Rental Scooter Barcelona"",""property"":""og:site_name""}","<meta content=""RSB Rental Scooter Barcelona"" property=""og:site_name""/>"
HOME,en,23,meta,"{""content"":""Scooter Rental, Inline Skates & Bike Rental in Barcelona | RSB"",""property"":""og:title""}","<meta content=""Scooter Rental, Inline Skates &amp; Bike Rental in Barcelona | RSB"" property=""og:title""/>"
HOME,en,24,meta,"{""content"":""Rent scooters, inline skates and bikes in Barcelona from our Vila Olímpica shop. No deposit for skates and boards; free scooter hotel delivery for 3+ days."",""property"":""og:description""}","<meta content=""Rent scooters, inline skates and bikes in Barcelona from our Vila Olímpica shop. No deposit for skates and boards; free scooter hotel delivery for 3+ days."" property=""og:description""/>"
HOME,en,25,meta,"{""content"":""https://rentalscooterbarcelona.com/"",""property"":""og:url""}","<meta content=""https://rentalscooterbarcelona.com/"" property=""og:url""/>"
HOME,en,26,meta,"{""content"":""https://rentalscooterbarcelona.com/images/rsb-barcelona-rental-hero-group-beach-1600-v1.webp"",""property"":""og:image""}","<meta content=""https://rentalscooterbarcelona.com/images/rsb-barcelona-rental-hero-group-beach-1600-v1.webp"" property=""og:image""/>"
HOME,en,27,meta,"{""content"":""https://rentalscooterbarcelona.com/images/rsb-barcelona-rental-hero-group-beach-1600-v1.webp"",""property"":""og:image:secure_url""}","<meta content=""https://rentalscooterbarcelona.com/images/rsb-barcelona-rental-hero-group-beach-1600-v1.webp"" property=""og:image:secure_url""/>"
HOME,en,28,meta,"{""content"":""image/webp"",""property"":""og:image:type""}","<meta content=""image/webp"" property=""og:image:type""/>"
HOME,en,29,meta,"{""content"":""1600"",""property"":""og:image:width""}","<meta content=""1600"" property=""og:image:width""/>"
HOME,en,30,meta,"{""content"":""874"",""property"":""og:image:height""}","<meta content=""874"" property=""og:image:height""/>"
HOME,en,31,meta,"{""content"":""Group enjoying scooter, inline skates and bike rental near Barceloneta Beach in Barcelona"",""property"":""og:image:alt""}","<meta content=""Group enjoying scooter, inline skates and bike rental near Barceloneta Beach in Barcelona"" property=""og:image:alt""/>"
HOME,en,32,meta,"{""content"":""en_GB"",""property"":""og:locale""}","<meta content=""en_GB"" property=""og:locale""/>"
HOME,en,33,meta,"{""content"":""es_ES"",""property"":""og:locale:alternate""}","<meta content=""es_ES"" property=""og:locale:alternate""/>"
HOME,en,34,meta,"{""content"":""fr_FR"",""property"":""og:locale:alternate""}","<meta content=""fr_FR"" property=""og:locale:alternate""/>"
HOME,en,35,meta,"{""content"":""it_IT"",""property"":""og:locale:alternate""}","<meta content=""it_IT"" property=""og:locale:alternate""/>"
HOME,en,36,meta,"{""content"":""de_DE"",""property"":""og:locale:alternate""}","<meta content=""de_DE"" property=""og:locale:alternate""/>"
HOME,en,37,meta,"{""content"":""nl_NL"",""property"":""og:locale:alternate""}","<meta content=""nl_NL"" property=""og:locale:alternate""/>"
HOME,en,38,meta,"{""content"":""pt_PT"",""property"":""og:locale:alternate""}","<meta content=""pt_PT"" property=""og:locale:alternate""/>"
HOME,en,39,meta,"{""content"":""ca_ES"",""property"":""og:locale:alternate""}","<meta content=""ca_ES"" property=""og:locale:alternate""/>"
HOME,en,40,meta,"{""content"":""sv_SE"",""property"":""og:locale:alternate""}","<meta content=""sv_SE"" property=""og:locale:alternate""/>"
HOME,en,41,meta,"{""content"":""pl_PL"",""property"":""og:locale:alternate""}","<meta content=""pl_PL"" property=""og:locale:alternate""/>"
HOME,en,42,meta,"{""content"":""summary_large_image"",""name"":""twitter:card""}","<meta content=""summary_large_image"" name=""twitter:card""/>"
HOME,en,43,meta,"{""content"":""@RSBscooterbarce"",""name"":""twitter:site""}","<meta content=""@RSBscooterbarce"" name=""twitter:site""/>"
HOME,en,44,meta,"{""content"":""Scooter Rental, Inline Skates & Bike Rental in Barcelona | RSB"",""name"":""twitter:title""}","<meta content=""Scooter Rental, Inline Skates &amp; Bike Rental in Barcelona | RSB"" name=""twitter:title""/>"
HOME,en,45,meta,"{""content"":""Rent scooters, inline skates and bikes in Barcelona from our Vila Olímpica shop. No deposit for skates and boards; free scooter hotel delivery for 3+ days."",""name"":""twitter:description""}","<meta content=""Rent scooters, inline skates and bikes in Barcelona from our Vila Olímpica shop. No deposit for skates and boards; free scooter hotel delivery for 3+ days."" name=""twitter:description""/>"
HOME,en,46,meta,"{""content"":""https://rentalscooterbarcelona.com/images/rsb-barcelona-rental-hero-group-beach-1600-v1.webp"",""name"":""twitter:image""}","<meta content=""https://rentalscooterbarcelona.com/images/rsb-barcelona-rental-hero-group-beach-1600-v1.webp"" name=""twitter:image""/>"
HOME,en,47,meta,"{""content"":""Group enjoying scooter, inline skates and bike rental near Barceloneta Beach in Barcelona"",""name"":""twitter:image:alt""}","<meta content=""Group enjoying scooter, inline skates and bike rental near Barceloneta Beach in Barcelona"" name=""twitter:image:alt""/>"
HOME,en,48,link,"{""href"":""https://rentalscooterbarcelona.com/favicon.ico"",""rel"":""icon"",""sizes"":""any""}","<link href=""https://rentalscooterbarcelona.com/favicon.ico"" rel=""icon"" sizes=""any""/>"
HOME,en,49,link,"{""href"":""https://rentalscooterbarcelona.com/favicon-16x16.png"",""rel"":""icon"",""sizes"":""16x16"",""type"":""image/png""}","<link href=""https://rentalscooterbarcelona.com/favicon-16x16.png"" rel=""icon"" sizes=""16x16"" type=""image/png""/>"
HOME,en,50,link,"{""href"":""https://rentalscooterbarcelona.com/favicon-32x32.png"",""rel"":""icon"",""sizes"":""32x32"",""type"":""image/png""}","<link href=""https://rentalscooterbarcelona.com/favicon-32x32.png"" rel=""icon"" sizes=""32x32"" type=""image/png""/>"
HOME,en,51,link,"{""href"":""https://rentalscooterbarcelona.com/favicon-192x192.png"",""rel"":""icon"",""sizes"":""192x192"",""type"":""image/png""}","<link href=""https://rentalscooterbarcelona.com/favicon-192x192.png"" rel=""icon"" sizes=""192x192"" type=""image/png""/>"
HOME,en,52,link,"{""href"":""https://rentalscooterbarcelona.com/favicon-512x512.png"",""rel"":""icon"",""sizes"":""512x512"",""type"":""image/png""}","<link href=""https://rentalscooterbarcelona.com/favicon-512x512.png"" rel=""icon"" sizes=""512x512"" type=""image/png""/>"
HOME,en,53,link,"{""href"":""https://rentalscooterbarcelona.com/apple-touch-icon.png"",""rel"":""apple-touch-icon""}","<link href=""https://rentalscooterbarcelona.com/apple-touch-icon.png"" rel=""apple-touch-icon""/>"
HOME,en,54,link,"{""crossorigin"":"""",""href"":""https://www.googletagmanager.com"",""rel"":""preconnect""}","<link crossorigin="""" href=""https://www.googletagmanager.com"" rel=""preconnect""/>"
HOME,en,55,link,"{""href"":""https://www.googletagmanager.com"",""rel"":""dns-prefetch""}","<link href=""https://www.googletagmanager.com"" rel=""dns-prefetch""/>"
HOME,en,56,link,"{""as"":""image"",""fetchpriority"":""high"",""href"":""https://rentalscooterbarcelona.com/images/rsb-barcelona-rental-hero-group-beach-1600-v1.webp"",""imagesizes"":""100vw"",""imagesrcset"":""https://rentalscooterbarcelona.com/images/rsb-barcelona-rental-hero-group-beach-480-v1.webp 480w, https://rentalscooterbarcelona.com/images/rsb-barcelona-rental-hero-group-beach-720-v2.webp 720w, https://rentalscooterbarcelona.com/images/rsb-barcelona-rental-hero-group-beach-800-v1.webp 800w, https://rentalscooterbarcelona.com/images/rsb-barcelona-rental-hero-group-beach-1600-v1.webp 1600w"",""rel"":""preload""}","<link as=""image"" fetchpriority=""high"" href=""https://rentalscooterbarcelona.com/images/rsb-barcelona-rental-hero-group-beach-1600-v1.webp"" imagesizes=""100vw"" imagesrcset=""https://rentalscooterbarcelona.com/images/rsb-barcelona-rental-hero-group-beach-480-v1.webp 480w, https://rentalscooterbarcelona.com/images/rsb-barcelona-rental-hero-group-beach-720-v2.webp 720w, https://rentalscooterbarcelona.com/images/rsb-barcelona-rental-hero-group-beach-800-v1.webp 800w, https://rentalscooterbarcelona.com/images/rsb-barcelona-rental-hero-group-beach-1600-v1.webp 1600w"" rel=""preload""/>"
HOME,en,57,link,"{""href"":""https://fonts.googleapis.com"",""rel"":""preconnect""}","<link href=""https://fonts.googleapis.com"" rel=""preconnect""/>"
HOME,en,58,link,"{""crossorigin"":"""",""href"":""https://fonts.gstatic.com"",""rel"":""preconnect""}","<link crossorigin="""" href=""https://fonts.gstatic.com"" rel=""preconnect""/>"
HOME,en,59,link,"{""as"":""style"",""href"":""https://fonts.googleapis.com/css2?family=Space+Grotesk:wght@400;500;600;700&display=swap"",""onload"":""this.onload=null;this.rel='stylesheet'"",""rel"":""preload""}","<link as=""style"" href=""https://fonts.googleapis.com/css2?family=Space+Grotesk:wght@400;500;600;700&amp;display=swap"" onload=""this.onload=null;this.rel='stylesheet'"" rel=""preload""/>"
HOME,en,60,link,"{""as"":""style"",""href"":""https://rentalscooterbarcelona.com/stylesHome.css?v=20260813"",""onload"":""this.onload=null;this.rel='stylesheet'"",""rel"":""preload""}","<link as=""style"" href=""https://rentalscooterbarcelona.com/stylesHome.css?v=20260813"" onload=""this.onload=null;this.rel='stylesheet'"" rel=""preload""/>"
HOME,en,61,noscript,{},<noscript>
HOME,en,61,link,"{""href"":""https://fonts.googleapis.com/css2?family=Space+Grotesk:wght@400;500;600;700&display=swap"",""rel"":""stylesheet""}","<link href=""https://fonts.googleapis.com/css2?family=Space+Grotesk:wght@400;500;600;700&amp;display=swap"" rel=""stylesheet""/>"
HOME,en,61,link,"{""href"":""https://rentalscooterbarcelona.com/stylesHome.css?v=20260813"",""rel"":""stylesheet""}","<link href=""https://rentalscooterbarcelona.com/stylesHome.css?v=20260813"" rel=""stylesheet""/>"
HOME,en,62,script,"{""data-rsb-dynamic-hours"":"""",""type"":""application/ld+json""}","<script data-rsb-dynamic-hours="""" type=""application/ld+json"">"
HOME,en,473,script,{},<script>
HOME,en,494,meta,"{""content"":""RSB Rental Scooter Barcelona"",""name"":""application-name""}","<meta content=""RSB Rental Scooter Barcelona"" name=""application-name""/>"
HOME,en,495,meta,"{""content"":""RSB Rental"",""name"":""apple-mobile-web-app-title""}","<meta content=""RSB Rental"" name=""apple-mobile-web-app-title""/>"
HOME,en,496,meta,"{""content"":""3_Dfcq2jy9ccTlZt6JQm9ltOZ7UvN2QvG1PhZajyPy8"",""name"":""google-site-verification""}","<meta content=""3_Dfcq2jy9ccTlZt6JQm9ltOZ7UvN2QvG1PhZajyPy8"" name=""google-site-verification""/>"
HOME,en,497,script,"{""data-rsb-review-entities"":"""",""type"":""application/ld+json""}","<script data-rsb-review-entities="""" type=""application/ld+json"">"
HOME,es,4,head,{},<head>
HOME,es,5,meta,"{""charset"":""utf-8""}","<meta charset=""utf-8""/>"
HOME,es,6,link,"{""as"":""font"",""crossorigin"":"""",""href"":""/fonts/great-vibes-rsb-subset.woff2"",""rel"":""preload"",""type"":""font/woff2""}","<link as=""font"" crossorigin="""" href=""/fonts/great-vibes-rsb-subset.woff2"" rel=""preload"" type=""font/woff2""/>"
HOME,es,7,style,"{""data-rsb-critical"":""""}","<style data-rsb-critical="""">"
HOME,es,9,link,"{""rel"":""manifest"",""href"":""/site.webmanifest""}","<link rel=""manifest"" href=""/site.webmanifest""/>"
HOME,es,10,meta,"{""content"":""width=device-width, initial-scale=1"",""name"":""viewport""}","<meta content=""width=device-width, initial-scale=1"" name=""viewport""/>"
HOME,es,11,title,{},<title>
HOME,es,12,meta,"{""name"":""description"",""content"":""Alquiler de scooters, patines en línea y bicicletas en Barcelona, en la Vila Olímpica. Precios claros y entrega gratuita de scooter desde 3 días.""}","<meta name=""description"" content=""Alquiler de scooters, patines en línea y bicicletas en Barcelona, en la Vila Olímpica. Precios claros y entrega gratuita de scooter desde 3 días."">"
HOME,es,13,meta,"{""content"":""index,follow,max-image-preview:large"",""name"":""robots""}","<meta content=""index,follow,max-image-preview:large"" name=""robots""/>"
HOME,es,14,meta,"{""content"":""RSB Rental Scooter Barcelona"",""name"":""author""}","<meta content=""RSB Rental Scooter Barcelona"" name=""author""/>"
HOME,es,15,meta,"{""content"":""#0b1022"",""name"":""theme-color""}","<meta content=""#0b1022"" name=""theme-color""/>"
HOME,es,16,meta,"{""content"":""RSB Rental Scooter Barcelona"",""name"":""application-name""}","<meta content=""RSB Rental Scooter Barcelona"" name=""application-name""/>"
HOME,es,17,meta,"{""content"":""RSB Rental"",""name"":""apple-mobile-web-app-title""}","<meta content=""RSB Rental"" name=""apple-mobile-web-app-title""/>"
HOME,es,18,meta,"{""content"":""ES-CT"",""name"":""geo.region""}","<meta content=""ES-CT"" name=""geo.region""/>"
HOME,es,19,meta,"{""content"":""Barcelona"",""name"":""geo.placename""}","<meta content=""Barcelona"" name=""geo.placename""/>"
HOME,es,20,meta,"{""content"":""41.3906488;2.1984312"",""name"":""geo.position""}","<meta content=""41.3906488;2.1984312"" name=""geo.position""/>"
HOME,es,21,meta,"{""content"":""41.3906488, 2.1984312"",""name"":""ICBM""}","<meta content=""41.3906488, 2.1984312"" name=""ICBM""/>"
HOME,es,22,link,"{""href"":""https://rentalscooterbarcelona.com/es/"",""rel"":""canonical""}","<link href=""https://rentalscooterbarcelona.com/es/"" rel=""canonical""/>"
HOME,es,22,link,"{""href"":""https://rentalscooterbarcelona.com/"",""hreflang"":""x-default"",""rel"":""alternate""}","<link href=""https://rentalscooterbarcelona.com/"" hreflang=""x-default"" rel=""alternate""/>"
HOME,es,22,link,"{""href"":""https://rentalscooterbarcelona.com/"",""hreflang"":""en"",""rel"":""alternate""}","<link href=""https://rentalscooterbarcelona.com/"" hreflang=""en"" rel=""alternate""/>"
HOME,es,22,link,"{""href"":""https://rentalscooterbarcelona.com/es/"",""hreflang"":""es"",""rel"":""alternate""}","<link href=""https://rentalscooterbarcelona.com/es/"" hreflang=""es"" rel=""alternate""/>"
HOME,es,22,link,"{""href"":""https://rentalscooterbarcelona.com/fr/"",""hreflang"":""fr"",""rel"":""alternate""}","<link href=""https://rentalscooterbarcelona.com/fr/"" hreflang=""fr"" rel=""alternate""/>"
HOME,es,22,link,"{""href"":""https://rentalscooterbarcelona.com/it/"",""hreflang"":""it"",""rel"":""alternate""}","<link href=""https://rentalscooterbarcelona.com/it/"" hreflang=""it"" rel=""alternate""/>"
HOME,es,22,link,"{""href"":""https://rentalscooterbarcelona.com/de/"",""hreflang"":""de"",""rel"":""alternate""}","<link href=""https://rentalscooterbarcelona.com/de/"" hreflang=""de"" rel=""alternate""/>"
HOME,es,22,link,"{""href"":""https://rentalscooterbarcelona.com/nl/"",""hreflang"":""nl"",""rel"":""alternate""}","<link href=""https://rentalscooterbarcelona.com/nl/"" hreflang=""nl"" rel=""alternate""/>"
HOME,es,22,link,"{""href"":""https://rentalscooterbarcelona.com/pt/"",""hreflang"":""pt"",""rel"":""alternate""}","<link href=""https://rentalscooterbarcelona.com/pt/"" hreflang=""pt"" rel=""alternate""/>"
HOME,es,22,link,"{""href"":""https://rentalscooterbarcelona.com/cat/"",""hreflang"":""ca"",""rel"":""alternate""}","<link href=""https://rentalscooterbarcelona.com/cat/"" hreflang=""ca"" rel=""alternate""/>"
HOME,es,22,link,"{""href"":""https://rentalscooterbarcelona.com/sv/"",""hreflang"":""sv"",""rel"":""alternate""}","<link href=""https://rentalscooterbarcelona.com/sv/"" hreflang=""sv"" rel=""alternate""/>"
HOME,es,22,link,"{""href"":""https://rentalscooterbarcelona.com/pl/"",""hreflang"":""pl"",""rel"":""alternate""}","<link href=""https://rentalscooterbarcelona.com/pl/"" hreflang=""pl"" rel=""alternate""/>"
HOME,es,23,meta,"{""content"":""website"",""property"":""og:type""}","<meta content=""website"" property=""og:type""/>"
HOME,es,24,meta,"{""content"":""RSB Rental Scooter Barcelona"",""property"":""og:site_name""}","<meta content=""RSB Rental Scooter Barcelona"" property=""og:site_name""/>"
HOME,es,25,meta,"{""property"":""og:title"",""content"":""Alquiler de scooters, patines en línea y bicicletas en Barcelona | RSB""}","<meta property=""og:title"" content=""Alquiler de scooters, patines en línea y bicicletas en Barcelona | RSB"">"
HOME,es,26,meta,"{""property"":""og:description"",""content"":""Alquiler de scooters, patines en línea y bicicletas en Barcelona, en la Vila Olímpica. Precios claros y entrega gratuita de scooter desde 3 días.""}","<meta property=""og:description"" content=""Alquiler de scooters, patines en línea y bicicletas en Barcelona, en la Vila Olímpica. Precios claros y entrega gratuita de scooter desde 3 días."">"
HOME,es,27,meta,"{""content"":""https://rentalscooterbarcelona.com/es/"",""property"":""og:url""}","<meta content=""https://rentalscooterbarcelona.com/es/"" property=""og:url""/>"
HOME,es,28,meta,"{""content"":""https://rentalscooterbarcelona.com/images/rsb-barcelona-rental-hero-group-beach-1600-v1.webp"",""property"":""og:image""}","<meta content=""https://rentalscooterbarcelona.com/images/rsb-barcelona-rental-hero-group-beach-1600-v1.webp"" property=""og:image""/>"
HOME,es,29,meta,"{""content"":""https://rentalscooterbarcelona.com/images/rsb-barcelona-rental-hero-group-beach-1600-v1.webp"",""property"":""og:image:secure_url""}","<meta content=""https://rentalscooterbarcelona.com/images/rsb-barcelona-rental-hero-group-beach-1600-v1.webp"" property=""og:image:secure_url""/>"
HOME,es,30,meta,"{""content"":""image/webp"",""property"":""og:image:type""}","<meta content=""image/webp"" property=""og:image:type""/>"
HOME,es,31,meta,"{""content"":""1600"",""property"":""og:image:width""}","<meta content=""1600"" property=""og:image:width""/>"
HOME,es,32,meta,"{""content"":""874"",""property"":""og:image:height""}","<meta content=""874"" property=""og:image:height""/>"
HOME,es,33,meta,"{""content"":""Grupo disfrutando del alquiler de scooter, patines en línea y bicicletas cerca de la playa de la Barceloneta, en Barcelona"",""property"":""og:image:alt""}","<meta content=""Grupo disfrutando del alquiler de scooter, patines en línea y bicicletas cerca de la playa de la Barceloneta, en Barcelona"" property=""og:image:alt""/>"
HOME,es,34,meta,"{""content"":""es_ES"",""property"":""og:locale""}","<meta content=""es_ES"" property=""og:locale""/>"
HOME,es,35,meta,"{""content"":""en_GB"",""property"":""og:locale:alternate""}","<meta content=""en_GB"" property=""og:locale:alternate""/>"
HOME,es,36,meta,"{""content"":""fr_FR"",""property"":""og:locale:alternate""}","<meta content=""fr_FR"" property=""og:locale:alternate""/>"
HOME,es,37,meta,"{""content"":""it_IT"",""property"":""og:locale:alternate""}","<meta content=""it_IT"" property=""og:locale:alternate""/>"
HOME,es,38,meta,"{""content"":""de_DE"",""property"":""og:locale:alternate""}","<meta content=""de_DE"" property=""og:locale:alternate""/>"
HOME,es,39,meta,"{""content"":""nl_NL"",""property"":""og:locale:alternate""}","<meta content=""nl_NL"" property=""og:locale:alternate""/>"
HOME,es,40,meta,"{""content"":""pt_PT"",""property"":""og:locale:alternate""}","<meta content=""pt_PT"" property=""og:locale:alternate""/>"
HOME,es,41,meta,"{""content"":""ca_ES"",""property"":""og:locale:alternate""}","<meta content=""ca_ES"" property=""og:locale:alternate""/>"
HOME,es,42,meta,"{""content"":""sv_SE"",""property"":""og:locale:alternate""}","<meta content=""sv_SE"" property=""og:locale:alternate""/>"
HOME,es,43,meta,"{""content"":""pl_PL"",""property"":""og:locale:alternate""}","<meta content=""pl_PL"" property=""og:locale:alternate""/>"
HOME,es,44,meta,"{""content"":""summary_large_image"",""name"":""twitter:card""}","<meta content=""summary_large_image"" name=""twitter:card""/>"
HOME,es,45,meta,"{""content"":""@RSBscooterbarce"",""name"":""twitter:site""}","<meta content=""@RSBscooterbarce"" name=""twitter:site""/>"
HOME,es,46,meta,"{""content"":""@RSBscooterbarce"",""name"":""twitter:creator""}","<meta content=""@RSBscooterbarce"" name=""twitter:creator""/>"
HOME,es,47,meta,"{""name"":""twitter:title"",""content"":""Alquiler de scooters, patines en línea y bicicletas en Barcelona | RSB""}","<meta name=""twitter:title"" content=""Alquiler de scooters, patines en línea y bicicletas en Barcelona | RSB"">"
HOME,es,48,meta,"{""name"":""twitter:description"",""content"":""Alquiler de scooters, patines en línea y bicicletas en Barcelona, en la Vila Olímpica. Precios claros y entrega gratuita de scooter desde 3 días.""}","<meta name=""twitter:description"" content=""Alquiler de scooters, patines en línea y bicicletas en Barcelona, en la Vila Olímpica. Precios claros y entrega gratuita de scooter desde 3 días."">"
HOME,es,49,meta,"{""content"":""https://rentalscooterbarcelona.com/images/rsb-barcelona-rental-hero-group-beach-1600-v1.webp"",""name"":""twitter:image""}","<meta content=""https://rentalscooterbarcelona.com/images/rsb-barcelona-rental-hero-group-beach-1600-v1.webp"" name=""twitter:image""/>"
HOME,es,50,meta,"{""content"":""Grupo disfrutando del alquiler de scooter, patines en línea y bicicletas cerca de la playa de la Barceloneta, en Barcelona"",""name"":""twitter:image:alt""}","<meta content=""Grupo disfrutando del alquiler de scooter, patines en línea y bicicletas cerca de la playa de la Barceloneta, en Barcelona"" name=""twitter:image:alt""/>"
HOME,es,51,link,"{""href"":""https://rentalscooterbarcelona.com/favicon.ico"",""rel"":""icon"",""sizes"":""any""}","<link href=""https://rentalscooterbarcelona.com/favicon.ico"" rel=""icon"" sizes=""any""/>"
HOME,es,52,link,"{""href"":""https://rentalscooterbarcelona.com/favicon-16x16.png"",""rel"":""icon"",""sizes"":""16x16"",""type"":""image/png""}","<link href=""https://rentalscooterbarcelona.com/favicon-16x16.png"" rel=""icon"" sizes=""16x16"" type=""image/png""/>"
HOME,es,53,link,"{""href"":""https://rentalscooterbarcelona.com/favicon-32x32.png"",""rel"":""icon"",""sizes"":""32x32"",""type"":""image/png""}","<link href=""https://rentalscooterbarcelona.com/favicon-32x32.png"" rel=""icon"" sizes=""32x32"" type=""image/png""/>"
HOME,es,54,link,"{""href"":""https://rentalscooterbarcelona.com/favicon-192x192.png"",""rel"":""icon"",""sizes"":""192x192"",""type"":""image/png""}","<link href=""https://rentalscooterbarcelona.com/favicon-192x192.png"" rel=""icon"" sizes=""192x192"" type=""image/png""/>"
HOME,es,55,link,"{""href"":""https://rentalscooterbarcelona.com/favicon-512x512.png"",""rel"":""icon"",""sizes"":""512x512"",""type"":""image/png""}","<link href=""https://rentalscooterbarcelona.com/favicon-512x512.png"" rel=""icon"" sizes=""512x512"" type=""image/png""/>"
HOME,es,56,link,"{""href"":""https://rentalscooterbarcelona.com/apple-touch-icon.png"",""rel"":""apple-touch-icon""}","<link href=""https://rentalscooterbarcelona.com/apple-touch-icon.png"" rel=""apple-touch-icon""/>"
HOME,es,57,link,"{""crossorigin"":"""",""href"":""https://www.googletagmanager.com"",""rel"":""preconnect""}","<link crossorigin="""" href=""https://www.googletagmanager.com"" rel=""preconnect""/>"
HOME,es,58,link,"{""href"":""https://www.googletagmanager.com"",""rel"":""dns-prefetch""}","<link href=""https://www.googletagmanager.com"" rel=""dns-prefetch""/>"
HOME,es,59,link,"{""as"":""image"",""fetchpriority"":""high"",""href"":""https://rentalscooterbarcelona.com/images/rsb-barcelona-rental-hero-group-beach-1600-v1.webp"",""imagesizes"":""100vw"",""imagesrcset"":""https://rentalscooterbarcelona.com/images/rsb-barcelona-rental-hero-group-beach-480-v1.webp 480w, /images/rsb-barcelona-rental-hero-group-beach-720-v2.webp 720w, https://rentalscooterbarcelona.com/images/rsb-barcelona-rental-hero-group-beach-800-v1.webp 800w, https://rentalscooterbarcelona.com/images/rsb-barcelona-rental-hero-group-beach-1600-v1.webp 1600w"",""rel"":""preload""}","<link as=""image"" fetchpriority=""high"" href=""https://rentalscooterbarcelona.com/images/rsb-barcelona-rental-hero-group-beach-1600-v1.webp"" imagesizes=""100vw"" imagesrcset=""https://rentalscooterbarcelona.com/images/rsb-barcelona-rental-hero-group-beach-480-v1.webp 480w, /images/rsb-barcelona-rental-hero-group-beach-720-v2.webp 720w, https://rentalscooterbarcelona.com/images/rsb-barcelona-rental-hero-group-beach-800-v1.webp 800w, https://rentalscooterbarcelona.com/images/rsb-barcelona-rental-hero-group-beach-1600-v1.webp 1600w"" rel=""preload""/>"
HOME,es,60,link,"{""href"":""https://fonts.googleapis.com"",""rel"":""preconnect""}","<link href=""https://fonts.googleapis.com"" rel=""preconnect""/>"
HOME,es,60,link,"{""crossorigin"":"""",""href"":""https://fonts.gstatic.com"",""rel"":""preconnect""}","<link crossorigin="""" href=""https://fonts.gstatic.com"" rel=""preconnect""/>"
HOME,es,60,link,"{""as"":""style"",""href"":""https://fonts.googleapis.com/css2?family=Space+Grotesk:wght@400;500;600;700&display=swap"",""onload"":""this.onload=null;this.rel='stylesheet'"",""rel"":""preload""}","<link as=""style"" href=""https://fonts.googleapis.com/css2?family=Space+Grotesk:wght@400;500;600;700&amp;display=swap"" onload=""this.onload=null;this.rel='stylesheet'"" rel=""preload""/>"
HOME,es,60,link,"{""as"":""style"",""href"":""https://rentalscooterbarcelona.com/stylesHome.css?v=20260813"",""onload"":""this.onload=null;this.rel='stylesheet'"",""rel"":""preload""}","<link as=""style"" href=""https://rentalscooterbarcelona.com/stylesHome.css?v=20260813"" onload=""this.onload=null;this.rel='stylesheet'"" rel=""preload""/>"
HOME,es,60,noscript,{},<noscript>
HOME,es,60,link,"{""href"":""https://fonts.googleapis.com/css2?family=Space+Grotesk:wght@400;500;600;700&display=swap"",""rel"":""stylesheet""}","<link href=""https://fonts.googleapis.com/css2?family=Space+Grotesk:wght@400;500;600;700&amp;display=swap"" rel=""stylesheet""/>"
HOME,es,60,link,"{""href"":""https://rentalscooterbarcelona.com/stylesHome.css?v=20260813"",""rel"":""stylesheet""}","<link href=""https://rentalscooterbarcelona.com/stylesHome.css?v=20260813"" rel=""stylesheet""/>"
HOME,es,61,script,"{""data-rsb-dynamic-hours"":"""",""type"":""application/ld+json""}","<script data-rsb-dynamic-hours="""" type=""application/ld+json"">"
HOME,es,472,script,{},<script>
HOME,es,493,meta,"{""content"":""3_Dfcq2jy9ccTlZt6JQm9ltOZ7UvN2QvG1PhZajyPy8"",""name"":""google-site-verification""}","<meta content=""3_Dfcq2jy9ccTlZt6JQm9ltOZ7UvN2QvG1PhZajyPy8"" name=""google-site-verification""/>"
HOME,es,494,script,"{""data-rsb-review-entities"":"""",""type"":""application/ld+json""}","<script data-rsb-review-entities="""" type=""application/ld+json"">"
HOME,fr,4,head,{},<head>
HOME,fr,5,meta,"{""charset"":""utf-8""}","<meta charset=""utf-8""/>"
HOME,fr,6,link,"{""as"":""font"",""crossorigin"":"""",""href"":""/fonts/great-vibes-rsb-subset.woff2"",""rel"":""preload"",""type"":""font/woff2""}","<link as=""font"" crossorigin="""" href=""/fonts/great-vibes-rsb-subset.woff2"" rel=""preload"" type=""font/woff2""/>"
HOME,fr,7,style,"{""data-rsb-critical"":""""}","<style data-rsb-critical="""">"
HOME,fr,9,link,"{""rel"":""manifest"",""href"":""/site.webmanifest""}","<link rel=""manifest"" href=""/site.webmanifest""/>"
HOME,fr,10,meta,"{""content"":""width=device-width, initial-scale=1"",""name"":""viewport""}","<meta content=""width=device-width, initial-scale=1"" name=""viewport""/>"
HOME,fr,11,title,{},<title>
HOME,fr,12,meta,"{""content"":""Location de scooter et rollers en ligne à Barcelone, à Vila Olímpica près de Port Olímpic et Barceloneta. Prix clairs et WhatsApp."",""name"":""description""}","<meta content=""Location de scooter et rollers en ligne à Barcelone, à Vila Olímpica près de Port Olímpic et Barceloneta. Prix clairs et WhatsApp."" name=""description""/>"
HOME,fr,13,meta,"{""content"":""index,follow,max-image-preview:large"",""name"":""robots""}","<meta content=""index,follow,max-image-preview:large"" name=""robots""/>"
HOME,fr,14,meta,"{""content"":""RSB Rental Scooter Barcelona"",""name"":""author""}","<meta content=""RSB Rental Scooter Barcelona"" name=""author""/>"
HOME,fr,15,meta,"{""content"":""#0b1022"",""name"":""theme-color""}","<meta content=""#0b1022"" name=""theme-color""/>"
HOME,fr,16,meta,"{""content"":""RSB Rental Scooter Barcelona"",""name"":""application-name""}","<meta content=""RSB Rental Scooter Barcelona"" name=""application-name""/>"
HOME,fr,17,meta,"{""content"":""RSB Rental"",""name"":""apple-mobile-web-app-title""}","<meta content=""RSB Rental"" name=""apple-mobile-web-app-title""/>"
HOME,fr,18,meta,"{""content"":""ES-CT"",""name"":""geo.region""}","<meta content=""ES-CT"" name=""geo.region""/>"
HOME,fr,19,meta,"{""content"":""Barcelona"",""name"":""geo.placename""}","<meta content=""Barcelona"" name=""geo.placename""/>"
HOME,fr,20,meta,"{""content"":""41.3906488;2.1984312"",""name"":""geo.position""}","<meta content=""41.3906488;2.1984312"" name=""geo.position""/>"
HOME,fr,21,meta,"{""content"":""41.3906488, 2.1984312"",""name"":""ICBM""}","<meta content=""41.3906488, 2.1984312"" name=""ICBM""/>"
HOME,fr,22,link,"{""href"":""https://rentalscooterbarcelona.com/fr/"",""rel"":""canonical""}","<link href=""https://rentalscooterbarcelona.com/fr/"" rel=""canonical""/>"
HOME,fr,22,link,"{""href"":""https://rentalscooterbarcelona.com/"",""hreflang"":""x-default"",""rel"":""alternate""}","<link href=""https://rentalscooterbarcelona.com/"" hreflang=""x-default"" rel=""alternate""/>"
HOME,fr,22,link,"{""href"":""https://rentalscooterbarcelona.com/"",""hreflang"":""en"",""rel"":""alternate""}","<link href=""https://rentalscooterbarcelona.com/"" hreflang=""en"" rel=""alternate""/>"
HOME,fr,22,link,"{""href"":""https://rentalscooterbarcelona.com/es/"",""hreflang"":""es"",""rel"":""alternate""}","<link href=""https://rentalscooterbarcelona.com/es/"" hreflang=""es"" rel=""alternate""/>"
HOME,fr,22,link,"{""href"":""https://rentalscooterbarcelona.com/fr/"",""hreflang"":""fr"",""rel"":""alternate""}","<link href=""https://rentalscooterbarcelona.com/fr/"" hreflang=""fr"" rel=""alternate""/>"
HOME,fr,22,link,"{""href"":""https://rentalscooterbarcelona.com/it/"",""hreflang"":""it"",""rel"":""alternate""}","<link href=""https://rentalscooterbarcelona.com/it/"" hreflang=""it"" rel=""alternate""/>"
HOME,fr,22,link,"{""href"":""https://rentalscooterbarcelona.com/de/"",""hreflang"":""de"",""rel"":""alternate""}","<link href=""https://rentalscooterbarcelona.com/de/"" hreflang=""de"" rel=""alternate""/>"
HOME,fr,22,link,"{""href"":""https://rentalscooterbarcelona.com/nl/"",""hreflang"":""nl"",""rel"":""alternate""}","<link href=""https://rentalscooterbarcelona.com/nl/"" hreflang=""nl"" rel=""alternate""/>"
HOME,fr,22,link,"{""href"":""https://rentalscooterbarcelona.com/pt/"",""hreflang"":""pt"",""rel"":""alternate""}","<link href=""https://rentalscooterbarcelona.com/pt/"" hreflang=""pt"" rel=""alternate""/>"
HOME,fr,22,link,"{""href"":""https://rentalscooterbarcelona.com/cat/"",""hreflang"":""ca"",""rel"":""alternate""}","<link href=""https://rentalscooterbarcelona.com/cat/"" hreflang=""ca"" rel=""alternate""/>"
HOME,fr,22,link,"{""href"":""https://rentalscooterbarcelona.com/sv/"",""hreflang"":""sv"",""rel"":""alternate""}","<link href=""https://rentalscooterbarcelona.com/sv/"" hreflang=""sv"" rel=""alternate""/>"
HOME,fr,22,link,"{""href"":""https://rentalscooterbarcelona.com/pl/"",""hreflang"":""pl"",""rel"":""alternate""}","<link href=""https://rentalscooterbarcelona.com/pl/"" hreflang=""pl"" rel=""alternate""/>"
HOME,fr,23,meta,"{""content"":""website"",""property"":""og:type""}","<meta content=""website"" property=""og:type""/>"
HOME,fr,24,meta,"{""content"":""RSB Rental Scooter Barcelona"",""property"":""og:site_name""}","<meta content=""RSB Rental Scooter Barcelona"" property=""og:site_name""/>"
HOME,fr,25,meta,"{""content"":""Location de scooter, rollers et vélos à Barcelone | RSB"",""property"":""og:title""}","<meta content=""Location de scooter, rollers et vélos à Barcelone | RSB"" property=""og:title""/>"
HOME,fr,26,meta,"{""content"":""Louez un scooter, des rollers et des vélos à Barcelone depuis notre boutique de la Vila Olímpica. Prix clairs et livraison gratuite du scooter à l’hôtel pour les locations de 3 jours ou plus."",""property"":""og:description""}","<meta content=""Louez un scooter, des rollers et des vélos à Barcelone depuis notre boutique de la Vila Olímpica. Prix clairs et livraison gratuite du scooter à l’hôtel pour les locations de 3 jours ou plus."" property=""og:description""/>"
HOME,fr,27,meta,"{""content"":""https://rentalscooterbarcelona.com/fr/"",""property"":""og:url""}","<meta content=""https://rentalscooterbarcelona.com/fr/"" property=""og:url""/>"
HOME,fr,28,meta,"{""content"":""https://rentalscooterbarcelona.com/images/rsb-barcelona-rental-hero-group-beach-1600-v1.webp"",""property"":""og:image""}","<meta content=""https://rentalscooterbarcelona.com/images/rsb-barcelona-rental-hero-group-beach-1600-v1.webp"" property=""og:image""/>"
HOME,fr,29,meta,"{""content"":""https://rentalscooterbarcelona.com/images/rsb-barcelona-rental-hero-group-beach-1600-v1.webp"",""property"":""og:image:secure_url""}","<meta content=""https://rentalscooterbarcelona.com/images/rsb-barcelona-rental-hero-group-beach-1600-v1.webp"" property=""og:image:secure_url""/>"
HOME,fr,30,meta,"{""content"":""image/webp"",""property"":""og:image:type""}","<meta content=""image/webp"" property=""og:image:type""/>"
HOME,fr,31,meta,"{""content"":""1600"",""property"":""og:image:width""}","<meta content=""1600"" property=""og:image:width""/>"
HOME,fr,32,meta,"{""content"":""874"",""property"":""og:image:height""}","<meta content=""874"" property=""og:image:height""/>"
HOME,fr,33,meta,"{""content"":""Groupe profitant de la location de scooter, de rollers et de vélos près de la plage de la Barceloneta, à Barcelone"",""property"":""og:image:alt""}","<meta content=""Groupe profitant de la location de scooter, de rollers et de vélos près de la plage de la Barceloneta, à Barcelone"" property=""og:image:alt""/>"
HOME,fr,34,meta,"{""content"":""fr_FR"",""property"":""og:locale""}","<meta content=""fr_FR"" property=""og:locale""/>"
HOME,fr,34,meta,"{""content"":""en_GB"",""property"":""og:locale:alternate""}","<meta content=""en_GB"" property=""og:locale:alternate""/>"
HOME,fr,34,meta,"{""content"":""es_ES"",""property"":""og:locale:alternate""}","<meta content=""es_ES"" property=""og:locale:alternate""/>"
HOME,fr,34,meta,"{""content"":""it_IT"",""property"":""og:locale:alternate""}","<meta content=""it_IT"" property=""og:locale:alternate""/>"
HOME,fr,34,meta,"{""content"":""de_DE"",""property"":""og:locale:alternate""}","<meta content=""de_DE"" property=""og:locale:alternate""/>"
HOME,fr,34,meta,"{""content"":""nl_NL"",""property"":""og:locale:alternate""}","<meta content=""nl_NL"" property=""og:locale:alternate""/>"
HOME,fr,34,meta,"{""content"":""pt_PT"",""property"":""og:locale:alternate""}","<meta content=""pt_PT"" property=""og:locale:alternate""/>"
HOME,fr,34,meta,"{""content"":""ca_ES"",""property"":""og:locale:alternate""}","<meta content=""ca_ES"" property=""og:locale:alternate""/>"
HOME,fr,34,meta,"{""content"":""sv_SE"",""property"":""og:locale:alternate""}","<meta content=""sv_SE"" property=""og:locale:alternate""/>"
HOME,fr,35,meta,"{""content"":""pl_PL"",""property"":""og:locale:alternate""}","<meta content=""pl_PL"" property=""og:locale:alternate""/>"
HOME,fr,36,meta,"{""content"":""summary_large_image"",""name"":""twitter:card""}","<meta content=""summary_large_image"" name=""twitter:card""/>"
HOME,fr,37,meta,"{""content"":""@RSBscooterbarce"",""name"":""twitter:site""}","<meta content=""@RSBscooterbarce"" name=""twitter:site""/>"
HOME,fr,38,meta,"{""content"":""@RSBscooterbarce"",""name"":""twitter:creator""}","<meta content=""@RSBscooterbarce"" name=""twitter:creator""/>"
HOME,fr,39,meta,"{""content"":""Location de scooter, rollers et vélos à Barcelone | RSB"",""name"":""twitter:title""}","<meta content=""Location de scooter, rollers et vélos à Barcelone | RSB"" name=""twitter:title""/>"
HOME,fr,40,meta,"{""content"":""Louez un scooter, des rollers et des vélos à Barcelone depuis notre boutique de la Vila Olímpica. Prix clairs et livraison gratuite du scooter à l’hôtel pour les locations de 3 jours ou plus."",""name"":""twitter:description""}","<meta content=""Louez un scooter, des rollers et des vélos à Barcelone depuis notre boutique de la Vila Olímpica. Prix clairs et livraison gratuite du scooter à l’hôtel pour les locations de 3 jours ou plus."" name=""twitter:description""/>"
HOME,fr,41,meta,"{""content"":""https://rentalscooterbarcelona.com/images/rsb-barcelona-rental-hero-group-beach-1600-v1.webp"",""name"":""twitter:image""}","<meta content=""https://rentalscooterbarcelona.com/images/rsb-barcelona-rental-hero-group-beach-1600-v1.webp"" name=""twitter:image""/>"
HOME,fr,42,meta,"{""content"":""Groupe profitant de la location de scooter, de rollers et de vélos près de la plage de la Barceloneta, à Barcelone"",""name"":""twitter:image:alt""}","<meta content=""Groupe profitant de la location de scooter, de rollers et de vélos près de la plage de la Barceloneta, à Barcelone"" name=""twitter:image:alt""/>"
HOME,fr,43,link,"{""href"":""https://rentalscooterbarcelona.com/favicon.ico"",""rel"":""icon"",""sizes"":""any""}","<link href=""https://rentalscooterbarcelona.com/favicon.ico"" rel=""icon"" sizes=""any""/>"
HOME,fr,44,link,"{""href"":""https://rentalscooterbarcelona.com/favicon-16x16.png"",""rel"":""icon"",""sizes"":""16x16"",""type"":""image/png""}","<link href=""https://rentalscooterbarcelona.com/favicon-16x16.png"" rel=""icon"" sizes=""16x16"" type=""image/png""/>"
HOME,fr,45,link,"{""href"":""https://rentalscooterbarcelona.com/favicon-32x32.png"",""rel"":""icon"",""sizes"":""32x32"",""type"":""image/png""}","<link href=""https://rentalscooterbarcelona.com/favicon-32x32.png"" rel=""icon"" sizes=""32x32"" type=""image/png""/>"
HOME,fr,46,link,"{""href"":""https://rentalscooterbarcelona.com/favicon-192x192.png"",""rel"":""icon"",""sizes"":""192x192"",""type"":""image/png""}","<link href=""https://rentalscooterbarcelona.com/favicon-192x192.png"" rel=""icon"" sizes=""192x192"" type=""image/png""/>"
HOME,fr,47,link,"{""href"":""https://rentalscooterbarcelona.com/favicon-512x512.png"",""rel"":""icon"",""sizes"":""512x512"",""type"":""image/png""}","<link href=""https://rentalscooterbarcelona.com/favicon-512x512.png"" rel=""icon"" sizes=""512x512"" type=""image/png""/>"
HOME,fr,48,link,"{""href"":""https://rentalscooterbarcelona.com/apple-touch-icon.png"",""rel"":""apple-touch-icon""}","<link href=""https://rentalscooterbarcelona.com/apple-touch-icon.png"" rel=""apple-touch-icon""/>"
HOME,fr,49,link,"{""crossorigin"":"""",""href"":""https://www.googletagmanager.com"",""rel"":""preconnect""}","<link crossorigin="""" href=""https://www.googletagmanager.com"" rel=""preconnect""/>"
HOME,fr,50,link,"{""href"":""https://www.googletagmanager.com"",""rel"":""dns-prefetch""}","<link href=""https://www.googletagmanager.com"" rel=""dns-prefetch""/>"
HOME,fr,51,link,"{""as"":""image"",""fetchpriority"":""high"",""href"":""https://rentalscooterbarcelona.com/images/rsb-barcelona-rental-hero-group-beach-1600-v1.webp"",""imagesizes"":""100vw"",""imagesrcset"":""https://rentalscooterbarcelona.com/images/rsb-barcelona-rental-hero-group-beach-480-v1.webp 480w, /images/rsb-barcelona-rental-hero-group-beach-720-v2.webp 720w, https://rentalscooterbarcelona.com/images/rsb-barcelona-rental-hero-group-beach-800-v1.webp 800w, https://rentalscooterbarcelona.com/images/rsb-barcelona-rental-hero-group-beach-1600-v1.webp 1600w"",""rel"":""preload""}","<link as=""image"" fetchpriority=""high"" href=""https://rentalscooterbarcelona.com/images/rsb-barcelona-rental-hero-group-beach-1600-v1.webp"" imagesizes=""100vw"" imagesrcset=""https://rentalscooterbarcelona.com/images/rsb-barcelona-rental-hero-group-beach-480-v1.webp 480w, /images/rsb-barcelona-rental-hero-group-beach-720-v2.webp 720w, https://rentalscooterbarcelona.com/images/rsb-barcelona-rental-hero-group-beach-800-v1.webp 800w, https://rentalscooterbarcelona.com/images/rsb-barcelona-rental-hero-group-beach-1600-v1.webp 1600w"" rel=""preload""/>"
HOME,fr,52,noscript,{},<noscript>
HOME,fr,53,link,"{""href"":""https://fonts.googleapis.com"",""rel"":""preconnect""}","<link href=""https://fonts.googleapis.com"" rel=""preconnect""/>"
HOME,fr,53,link,"{""crossorigin"":"""",""href"":""https://fonts.gstatic.com"",""rel"":""preconnect""}","<link crossorigin="""" href=""https://fonts.gstatic.com"" rel=""preconnect""/>"
HOME,fr,53,link,"{""as"":""style"",""href"":""https://fonts.googleapis.com/css2?family=Space+Grotesk:wght@400;500;600;700&display=swap"",""onload"":""this.onload=null;this.rel='stylesheet'"",""rel"":""preload""}","<link as=""style"" href=""https://fonts.googleapis.com/css2?family=Space+Grotesk:wght@400;500;600;700&amp;display=swap"" onload=""this.onload=null;this.rel='stylesheet'"" rel=""preload""/>"
HOME,fr,53,link,"{""as"":""style"",""href"":""https://rentalscooterbarcelona.com/stylesHome.css?v=20260813"",""onload"":""this.onload=null;this.rel='stylesheet'"",""rel"":""preload""}","<link as=""style"" href=""https://rentalscooterbarcelona.com/stylesHome.css?v=20260813"" onload=""this.onload=null;this.rel='stylesheet'"" rel=""preload""/>"
HOME,fr,53,noscript,{},<noscript>
HOME,fr,53,link,"{""href"":""https://fonts.googleapis.com/css2?family=Space+Grotesk:wght@400;500;600;700&display=swap"",""rel"":""stylesheet""}","<link href=""https://fonts.googleapis.com/css2?family=Space+Grotesk:wght@400;500;600;700&amp;display=swap"" rel=""stylesheet""/>"
HOME,fr,53,link,"{""href"":""https://rentalscooterbarcelona.com/stylesHome.css?v=20260813"",""rel"":""stylesheet""}","<link href=""https://rentalscooterbarcelona.com/stylesHome.css?v=20260813"" rel=""stylesheet""/>"
HOME,fr,54,script,"{""data-rsb-dynamic-hours"":"""",""type"":""application/ld+json""}","<script data-rsb-dynamic-hours="""" type=""application/ld+json"">"
HOME,fr,467,script,{},<script>
HOME,fr,488,meta,"{""content"":""3_Dfcq2jy9ccTlZt6JQm9ltOZ7UvN2QvG1PhZajyPy8"",""name"":""google-site-verification""}","<meta content=""3_Dfcq2jy9ccTlZt6JQm9ltOZ7UvN2QvG1PhZajyPy8"" name=""google-site-verification""/>"
HOME,fr,489,script,"{""data-rsb-review-entities"":"""",""type"":""application/ld+json""}","<script data-rsb-review-entities="""" type=""application/ld+json"">"
HOME,it,4,head,{},<head>
HOME,it,5,meta,"{""charset"":""utf-8""}","<meta charset=""utf-8""/>"
HOME,it,6,link,"{""as"":""font"",""crossorigin"":"""",""href"":""/fonts/great-vibes-rsb-subset.woff2"",""rel"":""preload"",""type"":""font/woff2""}","<link as=""font"" crossorigin="""" href=""/fonts/great-vibes-rsb-subset.woff2"" rel=""preload"" type=""font/woff2""/>"
HOME,it,7,style,"{""data-rsb-critical"":""""}","<style data-rsb-critical="""">"
HOME,it,9,link,"{""rel"":""manifest"",""href"":""/site.webmanifest""}","<link rel=""manifest"" href=""/site.webmanifest""/>"
HOME,it,10,meta,"{""content"":""width=device-width, initial-scale=1"",""name"":""viewport""}","<meta content=""width=device-width, initial-scale=1"" name=""viewport""/>"
HOME,it,11,title,{},<title>
HOME,it,12,meta,"{""content"":""Noleggio scooter e pattini in linea a Barcellona, a Vila Olímpica vicino a Port Olímpic e Barceloneta. Prezzi chiari e WhatsApp."",""name"":""description""}","<meta content=""Noleggio scooter e pattini in linea a Barcellona, a Vila Olímpica vicino a Port Olímpic e Barceloneta. Prezzi chiari e WhatsApp."" name=""description""/>"
HOME,it,13,meta,"{""content"":""index,follow,max-image-preview:large"",""name"":""robots""}","<meta content=""index,follow,max-image-preview:large"" name=""robots""/>"
HOME,it,14,meta,"{""content"":""RSB Rental Scooter Barcelona"",""name"":""author""}","<meta content=""RSB Rental Scooter Barcelona"" name=""author""/>"
HOME,it,15,meta,"{""content"":""#0b1022"",""name"":""theme-color""}","<meta content=""#0b1022"" name=""theme-color""/>"
HOME,it,16,meta,"{""content"":""RSB Rental Scooter Barcelona"",""name"":""application-name""}","<meta content=""RSB Rental Scooter Barcelona"" name=""application-name""/>"
HOME,it,17,meta,"{""content"":""RSB Rental"",""name"":""apple-mobile-web-app-title""}","<meta content=""RSB Rental"" name=""apple-mobile-web-app-title""/>"
HOME,it,18,meta,"{""content"":""ES-CT"",""name"":""geo.region""}","<meta content=""ES-CT"" name=""geo.region""/>"
HOME,it,19,meta,"{""content"":""Barcelona"",""name"":""geo.placename""}","<meta content=""Barcelona"" name=""geo.placename""/>"
HOME,it,20,meta,"{""content"":""41.3906488;2.1984312"",""name"":""geo.position""}","<meta content=""41.3906488;2.1984312"" name=""geo.position""/>"
HOME,it,21,meta,"{""content"":""41.3906488, 2.1984312"",""name"":""ICBM""}","<meta content=""41.3906488, 2.1984312"" name=""ICBM""/>"
HOME,it,22,link,"{""href"":""https://rentalscooterbarcelona.com/it/"",""rel"":""canonical""}","<link href=""https://rentalscooterbarcelona.com/it/"" rel=""canonical""/>"
HOME,it,22,link,"{""href"":""https://rentalscooterbarcelona.com/"",""hreflang"":""x-default"",""rel"":""alternate""}","<link href=""https://rentalscooterbarcelona.com/"" hreflang=""x-default"" rel=""alternate""/>"
HOME,it,22,link,"{""href"":""https://rentalscooterbarcelona.com/"",""hreflang"":""en"",""rel"":""alternate""}","<link href=""https://rentalscooterbarcelona.com/"" hreflang=""en"" rel=""alternate""/>"
HOME,it,22,link,"{""href"":""https://rentalscooterbarcelona.com/es/"",""hreflang"":""es"",""rel"":""alternate""}","<link href=""https://rentalscooterbarcelona.com/es/"" hreflang=""es"" rel=""alternate""/>"
HOME,it,22,link,"{""href"":""https://rentalscooterbarcelona.com/fr/"",""hreflang"":""fr"",""rel"":""alternate""}","<link href=""https://rentalscooterbarcelona.com/fr/"" hreflang=""fr"" rel=""alternate""/>"
HOME,it,22,link,"{""href"":""https://rentalscooterbarcelona.com/it/"",""hreflang"":""it"",""rel"":""alternate""}","<link href=""https://rentalscooterbarcelona.com/it/"" hreflang=""it"" rel=""alternate""/>"
HOME,it,22,link,"{""href"":""https://rentalscooterbarcelona.com/de/"",""hreflang"":""de"",""rel"":""alternate""}","<link href=""https://rentalscooterbarcelona.com/de/"" hreflang=""de"" rel=""alternate""/>"
HOME,it,22,link,"{""href"":""https://rentalscooterbarcelona.com/nl/"",""hreflang"":""nl"",""rel"":""alternate""}","<link href=""https://rentalscooterbarcelona.com/nl/"" hreflang=""nl"" rel=""alternate""/>"
HOME,it,22,link,"{""href"":""https://rentalscooterbarcelona.com/pt/"",""hreflang"":""pt"",""rel"":""alternate""}","<link href=""https://rentalscooterbarcelona.com/pt/"" hreflang=""pt"" rel=""alternate""/>"
HOME,it,22,link,"{""href"":""https://rentalscooterbarcelona.com/cat/"",""hreflang"":""ca"",""rel"":""alternate""}","<link href=""https://rentalscooterbarcelona.com/cat/"" hreflang=""ca"" rel=""alternate""/>"
HOME,it,22,link,"{""href"":""https://rentalscooterbarcelona.com/sv/"",""hreflang"":""sv"",""rel"":""alternate""}","<link href=""https://rentalscooterbarcelona.com/sv/"" hreflang=""sv"" rel=""alternate""/>"
HOME,it,22,link,"{""href"":""https://rentalscooterbarcelona.com/pl/"",""hreflang"":""pl"",""rel"":""alternate""}","<link href=""https://rentalscooterbarcelona.com/pl/"" hreflang=""pl"" rel=""alternate""/>"
HOME,it,23,meta,"{""content"":""website"",""property"":""og:type""}","<meta content=""website"" property=""og:type""/>"
HOME,it,24,meta,"{""content"":""RSB Rental Scooter Barcelona"",""property"":""og:site_name""}","<meta content=""RSB Rental Scooter Barcelona"" property=""og:site_name""/>"
HOME,it,25,meta,"{""content"":""Noleggio scooter, pattini in linea e biciclette a Barcellona | RSB"",""property"":""og:title""}","<meta content=""Noleggio scooter, pattini in linea e biciclette a Barcellona | RSB"" property=""og:title""/>"
HOME,it,26,meta,"{""content"":""Noleggia scooter, pattini in linea e biciclette a Barcellona dal nostro negozio di Vila Olímpica. Prezzi chiari e consegna gratuita dello scooter in hotel per noleggi di 3 giorni o più."",""property"":""og:description""}","<meta content=""Noleggia scooter, pattini in linea e biciclette a Barcellona dal nostro negozio di Vila Olímpica. Prezzi chiari e consegna gratuita dello scooter in hotel per noleggi di 3 giorni o più."" property=""og:description""/>"
HOME,it,27,meta,"{""content"":""https://rentalscooterbarcelona.com/it/"",""property"":""og:url""}","<meta content=""https://rentalscooterbarcelona.com/it/"" property=""og:url""/>"
HOME,it,28,meta,"{""content"":""https://rentalscooterbarcelona.com/images/rsb-barcelona-rental-hero-group-beach-1600-v1.webp"",""property"":""og:image""}","<meta content=""https://rentalscooterbarcelona.com/images/rsb-barcelona-rental-hero-group-beach-1600-v1.webp"" property=""og:image""/>"
HOME,it,29,meta,"{""content"":""https://rentalscooterbarcelona.com/images/rsb-barcelona-rental-hero-group-beach-1600-v1.webp"",""property"":""og:image:secure_url""}","<meta content=""https://rentalscooterbarcelona.com/images/rsb-barcelona-rental-hero-group-beach-1600-v1.webp"" property=""og:image:secure_url""/>"
HOME,it,30,meta,"{""content"":""image/webp"",""property"":""og:image:type""}","<meta content=""image/webp"" property=""og:image:type""/>"
HOME,it,31,meta,"{""content"":""1600"",""property"":""og:image:width""}","<meta content=""1600"" property=""og:image:width""/>"
HOME,it,32,meta,"{""content"":""874"",""property"":""og:image:height""}","<meta content=""874"" property=""og:image:height""/>"
HOME,it,33,meta,"{""content"":""Gruppo che si gode il noleggio di scooter, pattini in linea e biciclette vicino alla spiaggia della Barceloneta, a Barcellona"",""property"":""og:image:alt""}","<meta content=""Gruppo che si gode il noleggio di scooter, pattini in linea e biciclette vicino alla spiaggia della Barceloneta, a Barcellona"" property=""og:image:alt""/>"
HOME,it,34,meta,"{""content"":""it_IT"",""property"":""og:locale""}","<meta content=""it_IT"" property=""og:locale""/>"
HOME,it,34,meta,"{""content"":""en_GB"",""property"":""og:locale:alternate""}","<meta content=""en_GB"" property=""og:locale:alternate""/>"
HOME,it,34,meta,"{""content"":""es_ES"",""property"":""og:locale:alternate""}","<meta content=""es_ES"" property=""og:locale:alternate""/>"
HOME,it,34,meta,"{""content"":""fr_FR"",""property"":""og:locale:alternate""}","<meta content=""fr_FR"" property=""og:locale:alternate""/>"
HOME,it,34,meta,"{""content"":""de_DE"",""property"":""og:locale:alternate""}","<meta content=""de_DE"" property=""og:locale:alternate""/>"
HOME,it,34,meta,"{""content"":""nl_NL"",""property"":""og:locale:alternate""}","<meta content=""nl_NL"" property=""og:locale:alternate""/>"
HOME,it,34,meta,"{""content"":""pt_PT"",""property"":""og:locale:alternate""}","<meta content=""pt_PT"" property=""og:locale:alternate""/>"
HOME,it,34,meta,"{""content"":""ca_ES"",""property"":""og:locale:alternate""}","<meta content=""ca_ES"" property=""og:locale:alternate""/>"
HOME,it,34,meta,"{""content"":""sv_SE"",""property"":""og:locale:alternate""}","<meta content=""sv_SE"" property=""og:locale:alternate""/>"
HOME,it,35,meta,"{""content"":""pl_PL"",""property"":""og:locale:alternate""}","<meta content=""pl_PL"" property=""og:locale:alternate""/>"
HOME,it,36,meta,"{""content"":""summary_large_image"",""name"":""twitter:card""}","<meta content=""summary_large_image"" name=""twitter:card""/>"
HOME,it,37,meta,"{""content"":""@RSBscooterbarce"",""name"":""twitter:site""}","<meta content=""@RSBscooterbarce"" name=""twitter:site""/>"
HOME,it,38,meta,"{""content"":""@RSBscooterbarce"",""name"":""twitter:creator""}","<meta content=""@RSBscooterbarce"" name=""twitter:creator""/>"
HOME,it,39,meta,"{""content"":""Noleggio scooter, pattini in linea e biciclette a Barcellona | RSB"",""name"":""twitter:title""}","<meta content=""Noleggio scooter, pattini in linea e biciclette a Barcellona | RSB"" name=""twitter:title""/>"
HOME,it,40,meta,"{""content"":""Noleggia scooter, pattini in linea e biciclette a Barcellona dal nostro negozio di Vila Olímpica. Prezzi chiari e consegna gratuita dello scooter in hotel per noleggi di 3 giorni o più."",""name"":""twitter:description""}","<meta content=""Noleggia scooter, pattini in linea e biciclette a Barcellona dal nostro negozio di Vila Olímpica. Prezzi chiari e consegna gratuita dello scooter in hotel per noleggi di 3 giorni o più."" name=""twitter:description""/>"
HOME,it,41,meta,"{""content"":""https://rentalscooterbarcelona.com/images/rsb-barcelona-rental-hero-group-beach-1600-v1.webp"",""name"":""twitter:image""}","<meta content=""https://rentalscooterbarcelona.com/images/rsb-barcelona-rental-hero-group-beach-1600-v1.webp"" name=""twitter:image""/>"
HOME,it,42,meta,"{""content"":""Gruppo che si gode il noleggio di scooter, pattini in linea e biciclette vicino alla spiaggia della Barceloneta, a Barcellona"",""name"":""twitter:image:alt""}","<meta content=""Gruppo che si gode il noleggio di scooter, pattini in linea e biciclette vicino alla spiaggia della Barceloneta, a Barcellona"" name=""twitter:image:alt""/>"
HOME,it,43,link,"{""href"":""https://rentalscooterbarcelona.com/favicon.ico"",""rel"":""icon"",""sizes"":""any""}","<link href=""https://rentalscooterbarcelona.com/favicon.ico"" rel=""icon"" sizes=""any""/>"
HOME,it,44,link,"{""href"":""https://rentalscooterbarcelona.com/favicon-16x16.png"",""rel"":""icon"",""sizes"":""16x16"",""type"":""image/png""}","<link href=""https://rentalscooterbarcelona.com/favicon-16x16.png"" rel=""icon"" sizes=""16x16"" type=""image/png""/>"
HOME,it,45,link,"{""href"":""https://rentalscooterbarcelona.com/favicon-32x32.png"",""rel"":""icon"",""sizes"":""32x32"",""type"":""image/png""}","<link href=""https://rentalscooterbarcelona.com/favicon-32x32.png"" rel=""icon"" sizes=""32x32"" type=""image/png""/>"
HOME,it,46,link,"{""href"":""https://rentalscooterbarcelona.com/favicon-192x192.png"",""rel"":""icon"",""sizes"":""192x192"",""type"":""image/png""}","<link href=""https://rentalscooterbarcelona.com/favicon-192x192.png"" rel=""icon"" sizes=""192x192"" type=""image/png""/>"
HOME,it,47,link,"{""href"":""https://rentalscooterbarcelona.com/favicon-512x512.png"",""rel"":""icon"",""sizes"":""512x512"",""type"":""image/png""}","<link href=""https://rentalscooterbarcelona.com/favicon-512x512.png"" rel=""icon"" sizes=""512x512"" type=""image/png""/>"
HOME,it,48,link,"{""href"":""https://rentalscooterbarcelona.com/apple-touch-icon.png"",""rel"":""apple-touch-icon""}","<link href=""https://rentalscooterbarcelona.com/apple-touch-icon.png"" rel=""apple-touch-icon""/>"
HOME,it,49,link,"{""crossorigin"":"""",""href"":""https://www.googletagmanager.com"",""rel"":""preconnect""}","<link crossorigin="""" href=""https://www.googletagmanager.com"" rel=""preconnect""/>"
HOME,it,50,link,"{""href"":""https://www.googletagmanager.com"",""rel"":""dns-prefetch""}","<link href=""https://www.googletagmanager.com"" rel=""dns-prefetch""/>"
HOME,it,51,noscript,{},<noscript>
HOME,it,52,link,"{""href"":""https://fonts.googleapis.com"",""rel"":""preconnect""}","<link href=""https://fonts.googleapis.com"" rel=""preconnect""/>"
HOME,it,52,link,"{""crossorigin"":"""",""href"":""https://fonts.gstatic.com"",""rel"":""preconnect""}","<link crossorigin="""" href=""https://fonts.gstatic.com"" rel=""preconnect""/>"
HOME,it,52,link,"{""as"":""image"",""fetchpriority"":""high"",""href"":""https://rentalscooterbarcelona.com/images/rsb-barcelona-rental-hero-group-beach-1600-v1.webp"",""imagesizes"":""100vw"",""imagesrcset"":""https://rentalscooterbarcelona.com/images/rsb-barcelona-rental-hero-group-beach-480-v1.webp 480w, /images/rsb-barcelona-rental-hero-group-beach-720-v2.webp 720w, https://rentalscooterbarcelona.com/images/rsb-barcelona-rental-hero-group-beach-800-v1.webp 800w, https://rentalscooterbarcelona.com/images/rsb-barcelona-rental-hero-group-beach-1600-v1.webp 1600w"",""rel"":""preload""}","<link as=""image"" fetchpriority=""high"" href=""https://rentalscooterbarcelona.com/images/rsb-barcelona-rental-hero-group-beach-1600-v1.webp"" imagesizes=""100vw"" imagesrcset=""https://rentalscooterbarcelona.com/images/rsb-barcelona-rental-hero-group-beach-480-v1.webp 480w, /images/rsb-barcelona-rental-hero-group-beach-720-v2.webp 720w, https://rentalscooterbarcelona.com/images/rsb-barcelona-rental-hero-group-beach-800-v1.webp 800w, https://rentalscooterbarcelona.com/images/rsb-barcelona-rental-hero-group-beach-1600-v1.webp 1600w"" rel=""preload""/>"
HOME,it,52,link,"{""as"":""style"",""href"":""https://fonts.googleapis.com/css2?family=Space+Grotesk:wght@400;500;600;700&display=swap"",""onload"":""this.onload=null;this.rel='stylesheet'"",""rel"":""preload""}","<link as=""style"" href=""https://fonts.googleapis.com/css2?family=Space+Grotesk:wght@400;500;600;700&amp;display=swap"" onload=""this.onload=null;this.rel='stylesheet'"" rel=""preload""/>"
HOME,it,52,link,"{""as"":""style"",""href"":""https://rentalscooterbarcelona.com/stylesHome.css?v=20260813"",""onload"":""this.onload=null;this.rel='stylesheet'"",""rel"":""preload""}","<link as=""style"" href=""https://rentalscooterbarcelona.com/stylesHome.css?v=20260813"" onload=""this.onload=null;this.rel='stylesheet'"" rel=""preload""/>"
HOME,it,52,noscript,{},<noscript>
HOME,it,52,link,"{""href"":""https://fonts.googleapis.com/css2?family=Space+Grotesk:wght@400;500;600;700&display=swap"",""rel"":""stylesheet""}","<link href=""https://fonts.googleapis.com/css2?family=Space+Grotesk:wght@400;500;600;700&amp;display=swap"" rel=""stylesheet""/>"
HOME,it,52,link,"{""href"":""https://rentalscooterbarcelona.com/stylesHome.css?v=20260813"",""rel"":""stylesheet""}","<link href=""https://rentalscooterbarcelona.com/stylesHome.css?v=20260813"" rel=""stylesheet""/>"
HOME,it,53,script,"{""data-rsb-dynamic-hours"":"""",""type"":""application/ld+json""}","<script data-rsb-dynamic-hours="""" type=""application/ld+json"">"
HOME,it,466,script,{},<script>
HOME,it,487,meta,"{""content"":""3_Dfcq2jy9ccTlZt6JQm9ltOZ7UvN2QvG1PhZajyPy8"",""name"":""google-site-verification""}","<meta content=""3_Dfcq2jy9ccTlZt6JQm9ltOZ7UvN2QvG1PhZajyPy8"" name=""google-site-verification""/>"
HOME,it,488,script,"{""data-rsb-review-entities"":"""",""type"":""application/ld+json""}","<script data-rsb-review-entities="""" type=""application/ld+json"">"
HOME,de,4,head,{},<head>
HOME,de,5,meta,"{""charset"":""utf-8""}","<meta charset=""utf-8""/>"
HOME,de,6,link,"{""as"":""font"",""crossorigin"":"""",""href"":""/fonts/great-vibes-rsb-subset.woff2"",""rel"":""preload"",""type"":""font/woff2""}","<link as=""font"" crossorigin="""" href=""/fonts/great-vibes-rsb-subset.woff2"" rel=""preload"" type=""font/woff2""/>"
HOME,de,7,style,"{""data-rsb-critical"":""""}","<style data-rsb-critical="""">"
HOME,de,9,link,"{""rel"":""manifest"",""href"":""/site.webmanifest""}","<link rel=""manifest"" href=""/site.webmanifest""/>"
HOME,de,10,meta,"{""content"":""width=device-width, initial-scale=1"",""name"":""viewport""}","<meta content=""width=device-width, initial-scale=1"" name=""viewport""/>"
HOME,de,11,title,{},<title>
HOME,de,12,meta,"{""content"":""Miete Scooter, Inlineskates und Fahrräder in Barcelona in unserem Shop in Vila Olímpica. Klare Preise und kostenlose Hotelzustellung des Scooters bei Anmietungen ab 3 Tagen."",""name"":""description""}","<meta content=""Miete Scooter, Inlineskates und Fahrräder in Barcelona in unserem Shop in Vila Olímpica. Klare Preise und kostenlose Hotelzustellung des Scooters bei Anmietungen ab 3 Tagen."" name=""description""/>"
HOME,de,13,meta,"{""content"":""index,follow,max-image-preview:large"",""name"":""robots""}","<meta content=""index,follow,max-image-preview:large"" name=""robots""/>"
HOME,de,14,meta,"{""content"":""RSB Rental Scooter Barcelona"",""name"":""author""}","<meta content=""RSB Rental Scooter Barcelona"" name=""author""/>"
HOME,de,15,meta,"{""content"":""#0b1022"",""name"":""theme-color""}","<meta content=""#0b1022"" name=""theme-color""/>"
HOME,de,16,meta,"{""content"":""RSB Rental Scooter Barcelona"",""name"":""application-name""}","<meta content=""RSB Rental Scooter Barcelona"" name=""application-name""/>"
HOME,de,17,meta,"{""content"":""RSB Rental"",""name"":""apple-mobile-web-app-title""}","<meta content=""RSB Rental"" name=""apple-mobile-web-app-title""/>"
HOME,de,18,meta,"{""content"":""ES-CT"",""name"":""geo.region""}","<meta content=""ES-CT"" name=""geo.region""/>"
HOME,de,19,meta,"{""content"":""Barcelona"",""name"":""geo.placename""}","<meta content=""Barcelona"" name=""geo.placename""/>"
HOME,de,20,meta,"{""content"":""41.3906488;2.1984312"",""name"":""geo.position""}","<meta content=""41.3906488;2.1984312"" name=""geo.position""/>"
HOME,de,21,meta,"{""content"":""41.3906488, 2.1984312"",""name"":""ICBM""}","<meta content=""41.3906488, 2.1984312"" name=""ICBM""/>"
HOME,de,22,link,"{""href"":""https://rentalscooterbarcelona.com/de/"",""rel"":""canonical""}","<link href=""https://rentalscooterbarcelona.com/de/"" rel=""canonical""/>"
HOME,de,22,link,"{""href"":""https://rentalscooterbarcelona.com/"",""hreflang"":""x-default"",""rel"":""alternate""}","<link href=""https://rentalscooterbarcelona.com/"" hreflang=""x-default"" rel=""alternate""/>"
HOME,de,22,link,"{""href"":""https://rentalscooterbarcelona.com/"",""hreflang"":""en"",""rel"":""alternate""}","<link href=""https://rentalscooterbarcelona.com/"" hreflang=""en"" rel=""alternate""/>"
HOME,de,22,link,"{""href"":""https://rentalscooterbarcelona.com/es/"",""hreflang"":""es"",""rel"":""alternate""}","<link href=""https://rentalscooterbarcelona.com/es/"" hreflang=""es"" rel=""alternate""/>"
HOME,de,22,link,"{""href"":""https://rentalscooterbarcelona.com/fr/"",""hreflang"":""fr"",""rel"":""alternate""}","<link href=""https://rentalscooterbarcelona.com/fr/"" hreflang=""fr"" rel=""alternate""/>"
HOME,de,22,link,"{""href"":""https://rentalscooterbarcelona.com/it/"",""hreflang"":""it"",""rel"":""alternate""}","<link href=""https://rentalscooterbarcelona.com/it/"" hreflang=""it"" rel=""alternate""/>"
HOME,de,22,link,"{""href"":""https://rentalscooterbarcelona.com/de/"",""hreflang"":""de"",""rel"":""alternate""}","<link href=""https://rentalscooterbarcelona.com/de/"" hreflang=""de"" rel=""alternate""/>"
HOME,de,22,link,"{""href"":""https://rentalscooterbarcelona.com/nl/"",""hreflang"":""nl"",""rel"":""alternate""}","<link href=""https://rentalscooterbarcelona.com/nl/"" hreflang=""nl"" rel=""alternate""/>"
HOME,de,22,link,"{""href"":""https://rentalscooterbarcelona.com/pt/"",""hreflang"":""pt"",""rel"":""alternate""}","<link href=""https://rentalscooterbarcelona.com/pt/"" hreflang=""pt"" rel=""alternate""/>"
HOME,de,22,link,"{""href"":""https://rentalscooterbarcelona.com/cat/"",""hreflang"":""ca"",""rel"":""alternate""}","<link href=""https://rentalscooterbarcelona.com/cat/"" hreflang=""ca"" rel=""alternate""/>"
HOME,de,22,link,"{""href"":""https://rentalscooterbarcelona.com/sv/"",""hreflang"":""sv"",""rel"":""alternate""}","<link href=""https://rentalscooterbarcelona.com/sv/"" hreflang=""sv"" rel=""alternate""/>"
HOME,de,22,link,"{""href"":""https://rentalscooterbarcelona.com/pl/"",""hreflang"":""pl"",""rel"":""alternate""}","<link href=""https://rentalscooterbarcelona.com/pl/"" hreflang=""pl"" rel=""alternate""/>"
HOME,de,23,meta,"{""content"":""website"",""property"":""og:type""}","<meta content=""website"" property=""og:type""/>"
HOME,de,23,meta,"{""content"":""de_DE"",""property"":""og:locale""}","<meta content=""de_DE"" property=""og:locale""/>"
HOME,de,23,meta,"{""content"":""en_GB"",""property"":""og:locale:alternate""}","<meta content=""en_GB"" property=""og:locale:alternate""/>"
HOME,de,23,meta,"{""content"":""es_ES"",""property"":""og:locale:alternate""}","<meta content=""es_ES"" property=""og:locale:alternate""/>"
HOME,de,23,meta,"{""content"":""fr_FR"",""property"":""og:locale:alternate""}","<meta content=""fr_FR"" property=""og:locale:alternate""/>"
HOME,de,23,meta,"{""content"":""it_IT"",""property"":""og:locale:alternate""}","<meta content=""it_IT"" property=""og:locale:alternate""/>"
HOME,de,23,meta,"{""content"":""nl_NL"",""property"":""og:locale:alternate""}","<meta content=""nl_NL"" property=""og:locale:alternate""/>"
HOME,de,23,meta,"{""content"":""pt_PT"",""property"":""og:locale:alternate""}","<meta content=""pt_PT"" property=""og:locale:alternate""/>"
HOME,de,23,meta,"{""content"":""ca_ES"",""property"":""og:locale:alternate""}","<meta content=""ca_ES"" property=""og:locale:alternate""/>"
HOME,de,23,meta,"{""content"":""sv_SE"",""property"":""og:locale:alternate""}","<meta content=""sv_SE"" property=""og:locale:alternate""/>"
HOME,de,24,meta,"{""content"":""pl_PL"",""property"":""og:locale:alternate""}","<meta content=""pl_PL"" property=""og:locale:alternate""/>"
HOME,de,25,meta,"{""content"":""RSB Rental Scooter Barcelona"",""property"":""og:site_name""}","<meta content=""RSB Rental Scooter Barcelona"" property=""og:site_name""/>"
HOME,de,26,meta,"{""content"":""Scooter-, Inlineskates- und Fahrradverleih in Barcelona | RSB"",""property"":""og:title""}","<meta content=""Scooter-, Inlineskates- und Fahrradverleih in Barcelona | RSB"" property=""og:title""/>"
HOME,de,27,meta,"{""content"":""Miete Scooter, Inlineskates und Fahrräder in Barcelona in unserem Shop in Vila Olímpica. Klare Preise und kostenlose Hotelzustellung des Scooters bei Anmietungen ab 3 Tagen."",""property"":""og:description""}","<meta content=""Miete Scooter, Inlineskates und Fahrräder in Barcelona in unserem Shop in Vila Olímpica. Klare Preise und kostenlose Hotelzustellung des Scooters bei Anmietungen ab 3 Tagen."" property=""og:description""/>"
HOME,de,28,meta,"{""content"":""https://rentalscooterbarcelona.com/de/"",""property"":""og:url""}","<meta content=""https://rentalscooterbarcelona.com/de/"" property=""og:url""/>"
HOME,de,29,meta,"{""content"":""https://rentalscooterbarcelona.com/images/rsb-barcelona-rental-hero-group-beach-1600-v1.webp"",""property"":""og:image""}","<meta content=""https://rentalscooterbarcelona.com/images/rsb-barcelona-rental-hero-group-beach-1600-v1.webp"" property=""og:image""/>"
HOME,de,30,meta,"{""content"":""https://rentalscooterbarcelona.com/images/rsb-barcelona-rental-hero-group-beach-1600-v1.webp"",""property"":""og:image:secure_url""}","<meta content=""https://rentalscooterbarcelona.com/images/rsb-barcelona-rental-hero-group-beach-1600-v1.webp"" property=""og:image:secure_url""/>"
HOME,de,31,meta,"{""content"":""image/webp"",""property"":""og:image:type""}","<meta content=""image/webp"" property=""og:image:type""/>"
HOME,de,32,meta,"{""content"":""1600"",""property"":""og:image:width""}","<meta content=""1600"" property=""og:image:width""/>"
HOME,de,33,meta,"{""content"":""874"",""property"":""og:image:height""}","<meta content=""874"" property=""og:image:height""/>"
HOME,de,34,meta,"{""content"":""Gruppe beim Scooter-, Inlineskate- und Fahrradverleih nahe dem Strand von Barceloneta in Barcelona"",""property"":""og:image:alt""}","<meta content=""Gruppe beim Scooter-, Inlineskate- und Fahrradverleih nahe dem Strand von Barceloneta in Barcelona"" property=""og:image:alt""/>"
HOME,de,35,meta,"{""content"":""summary_large_image"",""name"":""twitter:card""}","<meta content=""summary_large_image"" name=""twitter:card""/>"
HOME,de,36,meta,"{""content"":""@RSBscooterbarce"",""name"":""twitter:site""}","<meta content=""@RSBscooterbarce"" name=""twitter:site""/>"
HOME,de,37,meta,"{""content"":""@RSBscooterbarce"",""name"":""twitter:creator""}","<meta content=""@RSBscooterbarce"" name=""twitter:creator""/>"
HOME,de,38,meta,"{""content"":""Scooter-, Inlineskates- und Fahrradverleih in Barcelona | RSB"",""name"":""twitter:title""}","<meta content=""Scooter-, Inlineskates- und Fahrradverleih in Barcelona | RSB"" name=""twitter:title""/>"
HOME,de,39,meta,"{""content"":""Miete Scooter, Inlineskates und Fahrräder in Barcelona in unserem Shop in Vila Olímpica. Klare Preise und kostenlose Hotelzustellung des Scooters bei Anmietungen ab 3 Tagen."",""name"":""twitter:description""}","<meta content=""Miete Scooter, Inlineskates und Fahrräder in Barcelona in unserem Shop in Vila Olímpica. Klare Preise und kostenlose Hotelzustellung des Scooters bei Anmietungen ab 3 Tagen."" name=""twitter:description""/>"
HOME,de,40,meta,"{""content"":""https://rentalscooterbarcelona.com/images/rsb-barcelona-rental-hero-group-beach-1600-v1.webp"",""name"":""twitter:image""}","<meta content=""https://rentalscooterbarcelona.com/images/rsb-barcelona-rental-hero-group-beach-1600-v1.webp"" name=""twitter:image""/>"
HOME,de,41,meta,"{""content"":""Gruppe beim Scooter-, Inlineskate- und Fahrradverleih nahe dem Strand von Barceloneta in Barcelona"",""name"":""twitter:image:alt""}","<meta content=""Gruppe beim Scooter-, Inlineskate- und Fahrradverleih nahe dem Strand von Barceloneta in Barcelona"" name=""twitter:image:alt""/>"
HOME,de,42,link,"{""href"":""https://rentalscooterbarcelona.com/favicon.ico"",""rel"":""icon"",""sizes"":""any""}","<link href=""https://rentalscooterbarcelona.com/favicon.ico"" rel=""icon"" sizes=""any""/>"
HOME,de,43,link,"{""href"":""https://rentalscooterbarcelona.com/favicon-16x16.png"",""rel"":""icon"",""sizes"":""16x16"",""type"":""image/png""}","<link href=""https://rentalscooterbarcelona.com/favicon-16x16.png"" rel=""icon"" sizes=""16x16"" type=""image/png""/>"
HOME,de,44,link,"{""href"":""https://rentalscooterbarcelona.com/favicon-32x32.png"",""rel"":""icon"",""sizes"":""32x32"",""type"":""image/png""}","<link href=""https://rentalscooterbarcelona.com/favicon-32x32.png"" rel=""icon"" sizes=""32x32"" type=""image/png""/>"
HOME,de,45,link,"{""href"":""https://rentalscooterbarcelona.com/favicon-192x192.png"",""rel"":""icon"",""sizes"":""192x192"",""type"":""image/png""}","<link href=""https://rentalscooterbarcelona.com/favicon-192x192.png"" rel=""icon"" sizes=""192x192"" type=""image/png""/>"
HOME,de,46,link,"{""href"":""https://rentalscooterbarcelona.com/favicon-512x512.png"",""rel"":""icon"",""sizes"":""512x512"",""type"":""image/png""}","<link href=""https://rentalscooterbarcelona.com/favicon-512x512.png"" rel=""icon"" sizes=""512x512"" type=""image/png""/>"
HOME,de,47,link,"{""href"":""https://rentalscooterbarcelona.com/apple-touch-icon.png"",""rel"":""apple-touch-icon""}","<link href=""https://rentalscooterbarcelona.com/apple-touch-icon.png"" rel=""apple-touch-icon""/>"
HOME,de,48,link,"{""crossorigin"":"""",""href"":""https://www.googletagmanager.com"",""rel"":""preconnect""}","<link crossorigin="""" href=""https://www.googletagmanager.com"" rel=""preconnect""/>"
HOME,de,49,link,"{""href"":""https://www.googletagmanager.com"",""rel"":""dns-prefetch""}","<link href=""https://www.googletagmanager.com"" rel=""dns-prefetch""/>"
HOME,de,50,link,"{""href"":""https://fonts.googleapis.com"",""rel"":""preconnect""}","<link href=""https://fonts.googleapis.com"" rel=""preconnect""/>"
HOME,de,50,link,"{""crossorigin"":"""",""href"":""https://fonts.gstatic.com"",""rel"":""preconnect""}","<link crossorigin="""" href=""https://fonts.gstatic.com"" rel=""preconnect""/>"
HOME,de,50,link,"{""as"":""image"",""fetchpriority"":""high"",""href"":""https://rentalscooterbarcelona.com/images/rsb-barcelona-rental-hero-group-beach-1600-v1.webp"",""imagesizes"":""100vw"",""imagesrcset"":""https://rentalscooterbarcelona.com/images/rsb-barcelona-rental-hero-group-beach-480-v1.webp 480w, /images/rsb-barcelona-rental-hero-group-beach-720-v2.webp 720w, https://rentalscooterbarcelona.com/images/rsb-barcelona-rental-hero-group-beach-800-v1.webp 800w, https://rentalscooterbarcelona.com/images/rsb-barcelona-rental-hero-group-beach-1600-v1.webp 1600w"",""rel"":""preload""}","<link as=""image"" fetchpriority=""high"" href=""https://rentalscooterbarcelona.com/images/rsb-barcelona-rental-hero-group-beach-1600-v1.webp"" imagesizes=""100vw"" imagesrcset=""https://rentalscooterbarcelona.com/images/rsb-barcelona-rental-hero-group-beach-480-v1.webp 480w, /images/rsb-barcelona-rental-hero-group-beach-720-v2.webp 720w, https://rentalscooterbarcelona.com/images/rsb-barcelona-rental-hero-group-beach-800-v1.webp 800w, https://rentalscooterbarcelona.com/images/rsb-barcelona-rental-hero-group-beach-1600-v1.webp 1600w"" rel=""preload""/>"
HOME,de,50,link,"{""as"":""style"",""href"":""https://fonts.googleapis.com/css2?family=Space+Grotesk:wght@400;500;600;700&display=swap"",""onload"":""this.onload=null;this.rel='stylesheet'"",""rel"":""preload""}","<link as=""style"" href=""https://fonts.googleapis.com/css2?family=Space+Grotesk:wght@400;500;600;700&amp;display=swap"" onload=""this.onload=null;this.rel='stylesheet'"" rel=""preload""/>"
HOME,de,50,link,"{""as"":""style"",""href"":""https://rentalscooterbarcelona.com/stylesHome.css?v=20260813"",""onload"":""this.onload=null;this.rel='stylesheet'"",""rel"":""preload""}","<link as=""style"" href=""https://rentalscooterbarcelona.com/stylesHome.css?v=20260813"" onload=""this.onload=null;this.rel='stylesheet'"" rel=""preload""/>"
HOME,de,50,noscript,{},<noscript>
HOME,de,50,link,"{""href"":""https://fonts.googleapis.com/css2?family=Space+Grotesk:wght@400;500;600;700&display=swap"",""rel"":""stylesheet""}","<link href=""https://fonts.googleapis.com/css2?family=Space+Grotesk:wght@400;500;600;700&amp;display=swap"" rel=""stylesheet""/>"
HOME,de,50,link,"{""href"":""https://rentalscooterbarcelona.com/stylesHome.css?v=20260813"",""rel"":""stylesheet""}","<link href=""https://rentalscooterbarcelona.com/stylesHome.css?v=20260813"" rel=""stylesheet""/>"
HOME,de,51,script,"{""data-rsb-dynamic-hours"":"""",""type"":""application/ld+json""}","<script data-rsb-dynamic-hours="""" type=""application/ld+json"">"
HOME,de,464,script,{},<script>
HOME,de,485,meta,"{""content"":""3_Dfcq2jy9ccTlZt6JQm9ltOZ7UvN2QvG1PhZajyPy8"",""name"":""google-site-verification""}","<meta content=""3_Dfcq2jy9ccTlZt6JQm9ltOZ7UvN2QvG1PhZajyPy8"" name=""google-site-verification""/>"
HOME,de,486,script,"{""data-rsb-review-entities"":"""",""type"":""application/ld+json""}","<script data-rsb-review-entities="""" type=""application/ld+json"">"
HOME,nl,4,head,{},<head>
HOME,nl,5,meta,"{""charset"":""utf-8""}","<meta charset=""utf-8""/>"
HOME,nl,6,link,"{""as"":""font"",""crossorigin"":"""",""href"":""/fonts/great-vibes-rsb-subset.woff2"",""rel"":""preload"",""type"":""font/woff2""}","<link as=""font"" crossorigin="""" href=""/fonts/great-vibes-rsb-subset.woff2"" rel=""preload"" type=""font/woff2""/>"
HOME,nl,7,style,"{""data-rsb-critical"":""""}","<style data-rsb-critical="""">"
HOME,nl,9,link,"{""rel"":""manifest"",""href"":""/site.webmanifest""}","<link rel=""manifest"" href=""/site.webmanifest""/>"
HOME,nl,10,meta,"{""content"":""width=device-width, initial-scale=1"",""name"":""viewport""}","<meta content=""width=device-width, initial-scale=1"" name=""viewport""/>"
HOME,nl,11,title,{},<title>
HOME,nl,12,meta,"{""content"":""Scooter en inline skates huren in Barcelona, vanuit Vila Olímpica bij Port Olímpic en Barceloneta. Duidelijke prijzen en WhatsApp."",""name"":""description""}","<meta content=""Scooter en inline skates huren in Barcelona, vanuit Vila Olímpica bij Port Olímpic en Barceloneta. Duidelijke prijzen en WhatsApp."" name=""description""/>"
HOME,nl,13,meta,"{""content"":""index,follow,max-image-preview:large"",""name"":""robots""}","<meta content=""index,follow,max-image-preview:large"" name=""robots""/>"
HOME,nl,14,meta,"{""content"":""RSB Rental Scooter Barcelona"",""name"":""author""}","<meta content=""RSB Rental Scooter Barcelona"" name=""author""/>"
HOME,nl,15,meta,"{""content"":""#0b1022"",""name"":""theme-color""}","<meta content=""#0b1022"" name=""theme-color""/>"
HOME,nl,16,meta,"{""content"":""RSB Rental Scooter Barcelona"",""name"":""application-name""}","<meta content=""RSB Rental Scooter Barcelona"" name=""application-name""/>"
HOME,nl,17,meta,"{""content"":""RSB Rental"",""name"":""apple-mobile-web-app-title""}","<meta content=""RSB Rental"" name=""apple-mobile-web-app-title""/>"
HOME,nl,18,meta,"{""content"":""ES-CT"",""name"":""geo.region""}","<meta content=""ES-CT"" name=""geo.region""/>"
HOME,nl,19,meta,"{""content"":""Barcelona"",""name"":""geo.placename""}","<meta content=""Barcelona"" name=""geo.placename""/>"
HOME,nl,20,meta,"{""content"":""41.3906488;2.1984312"",""name"":""geo.position""}","<meta content=""41.3906488;2.1984312"" name=""geo.position""/>"
HOME,nl,21,meta,"{""content"":""41.3906488, 2.1984312"",""name"":""ICBM""}","<meta content=""41.3906488, 2.1984312"" name=""ICBM""/>"
HOME,nl,22,link,"{""href"":""https://rentalscooterbarcelona.com/nl/"",""rel"":""canonical""}","<link href=""https://rentalscooterbarcelona.com/nl/"" rel=""canonical""/>"
HOME,nl,22,link,"{""href"":""https://rentalscooterbarcelona.com/"",""hreflang"":""x-default"",""rel"":""alternate""}","<link href=""https://rentalscooterbarcelona.com/"" hreflang=""x-default"" rel=""alternate""/>"
HOME,nl,22,link,"{""href"":""https://rentalscooterbarcelona.com/"",""hreflang"":""en"",""rel"":""alternate""}","<link href=""https://rentalscooterbarcelona.com/"" hreflang=""en"" rel=""alternate""/>"
HOME,nl,22,link,"{""href"":""https://rentalscooterbarcelona.com/es/"",""hreflang"":""es"",""rel"":""alternate""}","<link href=""https://rentalscooterbarcelona.com/es/"" hreflang=""es"" rel=""alternate""/>"
HOME,nl,22,link,"{""href"":""https://rentalscooterbarcelona.com/fr/"",""hreflang"":""fr"",""rel"":""alternate""}","<link href=""https://rentalscooterbarcelona.com/fr/"" hreflang=""fr"" rel=""alternate""/>"
HOME,nl,22,link,"{""href"":""https://rentalscooterbarcelona.com/it/"",""hreflang"":""it"",""rel"":""alternate""}","<link href=""https://rentalscooterbarcelona.com/it/"" hreflang=""it"" rel=""alternate""/>"
HOME,nl,22,link,"{""href"":""https://rentalscooterbarcelona.com/de/"",""hreflang"":""de"",""rel"":""alternate""}","<link href=""https://rentalscooterbarcelona.com/de/"" hreflang=""de"" rel=""alternate""/>"
HOME,nl,22,link,"{""href"":""https://rentalscooterbarcelona.com/nl/"",""hreflang"":""nl"",""rel"":""alternate""}","<link href=""https://rentalscooterbarcelona.com/nl/"" hreflang=""nl"" rel=""alternate""/>"
HOME,nl,22,link,"{""href"":""https://rentalscooterbarcelona.com/pt/"",""hreflang"":""pt"",""rel"":""alternate""}","<link href=""https://rentalscooterbarcelona.com/pt/"" hreflang=""pt"" rel=""alternate""/>"
HOME,nl,22,link,"{""href"":""https://rentalscooterbarcelona.com/cat/"",""hreflang"":""ca"",""rel"":""alternate""}","<link href=""https://rentalscooterbarcelona.com/cat/"" hreflang=""ca"" rel=""alternate""/>"
HOME,nl,22,link,"{""href"":""https://rentalscooterbarcelona.com/sv/"",""hreflang"":""sv"",""rel"":""alternate""}","<link href=""https://rentalscooterbarcelona.com/sv/"" hreflang=""sv"" rel=""alternate""/>"
HOME,nl,22,link,"{""href"":""https://rentalscooterbarcelona.com/pl/"",""hreflang"":""pl"",""rel"":""alternate""}","<link href=""https://rentalscooterbarcelona.com/pl/"" hreflang=""pl"" rel=""alternate""/>"
HOME,nl,23,meta,"{""content"":""website"",""property"":""og:type""}","<meta content=""website"" property=""og:type""/>"
HOME,nl,24,meta,"{""content"":""RSB Rental Scooter Barcelona"",""property"":""og:site_name""}","<meta content=""RSB Rental Scooter Barcelona"" property=""og:site_name""/>"
HOME,nl,25,meta,"{""content"":""Scooterverhuur, inline skates en fietsen in Barcelona | RSB"",""property"":""og:title""}","<meta content=""Scooterverhuur, inline skates en fietsen in Barcelona | RSB"" property=""og:title""/>"
HOME,nl,26,meta,"{""content"":""Huur scooters, inline skates en fietsen in Barcelona vanuit onze winkel in Vila Olímpica. Duidelijke prijzen en gratis scooterbezorging bij het hotel voor huurperiodes van 3 dagen of langer."",""property"":""og:description""}","<meta content=""Huur scooters, inline skates en fietsen in Barcelona vanuit onze winkel in Vila Olímpica. Duidelijke prijzen en gratis scooterbezorging bij het hotel voor huurperiodes van 3 dagen of langer."" property=""og:description""/>"
HOME,nl,27,meta,"{""content"":""https://rentalscooterbarcelona.com/nl/"",""property"":""og:url""}","<meta content=""https://rentalscooterbarcelona.com/nl/"" property=""og:url""/>"
HOME,nl,28,meta,"{""content"":""https://rentalscooterbarcelona.com/images/rsb-barcelona-rental-hero-group-beach-1600-v1.webp"",""property"":""og:image""}","<meta content=""https://rentalscooterbarcelona.com/images/rsb-barcelona-rental-hero-group-beach-1600-v1.webp"" property=""og:image""/>"
HOME,nl,29,meta,"{""content"":""https://rentalscooterbarcelona.com/images/rsb-barcelona-rental-hero-group-beach-1600-v1.webp"",""property"":""og:image:secure_url""}","<meta content=""https://rentalscooterbarcelona.com/images/rsb-barcelona-rental-hero-group-beach-1600-v1.webp"" property=""og:image:secure_url""/>"
HOME,nl,30,meta,"{""content"":""image/webp"",""property"":""og:image:type""}","<meta content=""image/webp"" property=""og:image:type""/>"
HOME,nl,31,meta,"{""content"":""1600"",""property"":""og:image:width""}","<meta content=""1600"" property=""og:image:width""/>"
HOME,nl,32,meta,"{""content"":""874"",""property"":""og:image:height""}","<meta content=""874"" property=""og:image:height""/>"
HOME,nl,33,meta,"{""content"":""Groep die geniet van scooter-, inline skates- en fietsverhuur vlak bij het strand van Barceloneta in Barcelona"",""property"":""og:image:alt""}","<meta content=""Groep die geniet van scooter-, inline skates- en fietsverhuur vlak bij het strand van Barceloneta in Barcelona"" property=""og:image:alt""/>"
HOME,nl,34,meta,"{""content"":""nl_NL"",""property"":""og:locale""}","<meta content=""nl_NL"" property=""og:locale""/>"
HOME,nl,35,meta,"{""content"":""en_GB"",""property"":""og:locale:alternate""}","<meta content=""en_GB"" property=""og:locale:alternate""/>"
HOME,nl,36,meta,"{""content"":""es_ES"",""property"":""og:locale:alternate""}","<meta content=""es_ES"" property=""og:locale:alternate""/>"
HOME,nl,37,meta,"{""content"":""fr_FR"",""property"":""og:locale:alternate""}","<meta content=""fr_FR"" property=""og:locale:alternate""/>"
HOME,nl,38,meta,"{""content"":""it_IT"",""property"":""og:locale:alternate""}","<meta content=""it_IT"" property=""og:locale:alternate""/>"
HOME,nl,39,meta,"{""content"":""de_DE"",""property"":""og:locale:alternate""}","<meta content=""de_DE"" property=""og:locale:alternate""/>"
HOME,nl,40,meta,"{""content"":""pt_PT"",""property"":""og:locale:alternate""}","<meta content=""pt_PT"" property=""og:locale:alternate""/>"
HOME,nl,41,meta,"{""content"":""ca_ES"",""property"":""og:locale:alternate""}","<meta content=""ca_ES"" property=""og:locale:alternate""/>"
HOME,nl,42,meta,"{""content"":""sv_SE"",""property"":""og:locale:alternate""}","<meta content=""sv_SE"" property=""og:locale:alternate""/>"
HOME,nl,43,meta,"{""content"":""pl_PL"",""property"":""og:locale:alternate""}","<meta content=""pl_PL"" property=""og:locale:alternate""/>"
HOME,nl,44,meta,"{""content"":""summary_large_image"",""name"":""twitter:card""}","<meta content=""summary_large_image"" name=""twitter:card""/>"
HOME,nl,45,meta,"{""content"":""@RSBscooterbarce"",""name"":""twitter:site""}","<meta content=""@RSBscooterbarce"" name=""twitter:site""/>"
HOME,nl,46,meta,"{""content"":""@RSBscooterbarce"",""name"":""twitter:creator""}","<meta content=""@RSBscooterbarce"" name=""twitter:creator""/>"
HOME,nl,47,meta,"{""content"":""Scooterverhuur, inline skates en fietsen in Barcelona | RSB"",""name"":""twitter:title""}","<meta content=""Scooterverhuur, inline skates en fietsen in Barcelona | RSB"" name=""twitter:title""/>"
HOME,nl,48,meta,"{""content"":""Huur scooters, inline skates en fietsen in Barcelona vanuit onze winkel in Vila Olímpica. Duidelijke prijzen en gratis scooterbezorging bij het hotel voor huurperiodes van 3 dagen of langer."",""name"":""twitter:description""}","<meta content=""Huur scooters, inline skates en fietsen in Barcelona vanuit onze winkel in Vila Olímpica. Duidelijke prijzen en gratis scooterbezorging bij het hotel voor huurperiodes van 3 dagen of langer."" name=""twitter:description""/>"
HOME,nl,49,meta,"{""content"":""https://rentalscooterbarcelona.com/images/rsb-barcelona-rental-hero-group-beach-1600-v1.webp"",""name"":""twitter:image""}","<meta content=""https://rentalscooterbarcelona.com/images/rsb-barcelona-rental-hero-group-beach-1600-v1.webp"" name=""twitter:image""/>"
HOME,nl,50,meta,"{""content"":""Groep die geniet van scooter-, inline skates- en fietsverhuur vlak bij het strand van Barceloneta in Barcelona"",""name"":""twitter:image:alt""}","<meta content=""Groep die geniet van scooter-, inline skates- en fietsverhuur vlak bij het strand van Barceloneta in Barcelona"" name=""twitter:image:alt""/>"
HOME,nl,51,link,"{""href"":""https://rentalscooterbarcelona.com/favicon.ico"",""rel"":""icon"",""sizes"":""any""}","<link href=""https://rentalscooterbarcelona.com/favicon.ico"" rel=""icon"" sizes=""any""/>"
HOME,nl,52,link,"{""href"":""https://rentalscooterbarcelona.com/favicon-16x16.png"",""rel"":""icon"",""sizes"":""16x16"",""type"":""image/png""}","<link href=""https://rentalscooterbarcelona.com/favicon-16x16.png"" rel=""icon"" sizes=""16x16"" type=""image/png""/>"
HOME,nl,53,link,"{""href"":""https://rentalscooterbarcelona.com/favicon-32x32.png"",""rel"":""icon"",""sizes"":""32x32"",""type"":""image/png""}","<link href=""https://rentalscooterbarcelona.com/favicon-32x32.png"" rel=""icon"" sizes=""32x32"" type=""image/png""/>"
HOME,nl,54,link,"{""href"":""https://rentalscooterbarcelona.com/favicon-192x192.png"",""rel"":""icon"",""sizes"":""192x192"",""type"":""image/png""}","<link href=""https://rentalscooterbarcelona.com/favicon-192x192.png"" rel=""icon"" sizes=""192x192"" type=""image/png""/>"
HOME,nl,55,link,"{""href"":""https://rentalscooterbarcelona.com/favicon-512x512.png"",""rel"":""icon"",""sizes"":""512x512"",""type"":""image/png""}","<link href=""https://rentalscooterbarcelona.com/favicon-512x512.png"" rel=""icon"" sizes=""512x512"" type=""image/png""/>"
HOME,nl,56,link,"{""href"":""https://rentalscooterbarcelona.com/apple-touch-icon.png"",""rel"":""apple-touch-icon""}","<link href=""https://rentalscooterbarcelona.com/apple-touch-icon.png"" rel=""apple-touch-icon""/>"
HOME,nl,57,link,"{""crossorigin"":"""",""href"":""https://www.googletagmanager.com"",""rel"":""preconnect""}","<link crossorigin="""" href=""https://www.googletagmanager.com"" rel=""preconnect""/>"
HOME,nl,58,link,"{""href"":""https://www.googletagmanager.com"",""rel"":""dns-prefetch""}","<link href=""https://www.googletagmanager.com"" rel=""dns-prefetch""/>"
HOME,nl,59,link,"{""as"":""image"",""fetchpriority"":""high"",""href"":""https://rentalscooterbarcelona.com/images/rsb-barcelona-rental-hero-group-beach-1600-v1.webp"",""imagesizes"":""100vw"",""imagesrcset"":""https://rentalscooterbarcelona.com/images/rsb-barcelona-rental-hero-group-beach-480-v1.webp 480w, /images/rsb-barcelona-rental-hero-group-beach-720-v2.webp 720w, https://rentalscooterbarcelona.com/images/rsb-barcelona-rental-hero-group-beach-800-v1.webp 800w, https://rentalscooterbarcelona.com/images/rsb-barcelona-rental-hero-group-beach-1600-v1.webp 1600w"",""rel"":""preload""}","<link as=""image"" fetchpriority=""high"" href=""https://rentalscooterbarcelona.com/images/rsb-barcelona-rental-hero-group-beach-1600-v1.webp"" imagesizes=""100vw"" imagesrcset=""https://rentalscooterbarcelona.com/images/rsb-barcelona-rental-hero-group-beach-480-v1.webp 480w, /images/rsb-barcelona-rental-hero-group-beach-720-v2.webp 720w, https://rentalscooterbarcelona.com/images/rsb-barcelona-rental-hero-group-beach-800-v1.webp 800w, https://rentalscooterbarcelona.com/images/rsb-barcelona-rental-hero-group-beach-1600-v1.webp 1600w"" rel=""preload""/>"
HOME,nl,60,link,"{""href"":""https://fonts.googleapis.com"",""rel"":""preconnect""}","<link href=""https://fonts.googleapis.com"" rel=""preconnect""/>"
HOME,nl,61,link,"{""crossorigin"":"""",""href"":""https://fonts.gstatic.com"",""rel"":""preconnect""}","<link crossorigin="""" href=""https://fonts.gstatic.com"" rel=""preconnect""/>"
HOME,nl,62,link,"{""as"":""style"",""href"":""https://fonts.googleapis.com/css2?family=Space+Grotesk:wght@400;500;600;700&display=swap"",""onload"":""this.onload=null;this.rel='stylesheet'"",""rel"":""preload""}","<link as=""style"" href=""https://fonts.googleapis.com/css2?family=Space+Grotesk:wght@400;500;600;700&amp;display=swap"" onload=""this.onload=null;this.rel='stylesheet'"" rel=""preload""/>"
HOME,nl,63,link,"{""as"":""style"",""href"":""https://rentalscooterbarcelona.com/stylesHome.css?v=20260813"",""onload"":""this.onload=null;this.rel='stylesheet'"",""rel"":""preload""}","<link as=""style"" href=""https://rentalscooterbarcelona.com/stylesHome.css?v=20260813"" onload=""this.onload=null;this.rel='stylesheet'"" rel=""preload""/>"
HOME,nl,64,noscript,{},<noscript>
HOME,nl,64,link,"{""href"":""https://fonts.googleapis.com/css2?family=Space+Grotesk:wght@400;500;600;700&display=swap"",""rel"":""stylesheet""}","<link href=""https://fonts.googleapis.com/css2?family=Space+Grotesk:wght@400;500;600;700&amp;display=swap"" rel=""stylesheet""/>"
HOME,nl,64,link,"{""href"":""https://rentalscooterbarcelona.com/stylesHome.css?v=20260813"",""rel"":""stylesheet""}","<link href=""https://rentalscooterbarcelona.com/stylesHome.css?v=20260813"" rel=""stylesheet""/>"
HOME,nl,65,script,"{""data-rsb-dynamic-hours"":"""",""type"":""application/ld+json""}","<script data-rsb-dynamic-hours="""" type=""application/ld+json"">"
HOME,nl,478,script,{},<script>
HOME,nl,499,meta,"{""content"":""3_Dfcq2jy9ccTlZt6JQm9ltOZ7UvN2QvG1PhZajyPy8"",""name"":""google-site-verification""}","<meta content=""3_Dfcq2jy9ccTlZt6JQm9ltOZ7UvN2QvG1PhZajyPy8"" name=""google-site-verification""/>"
HOME,nl,500,script,"{""data-rsb-review-entities"":"""",""type"":""application/ld+json""}","<script data-rsb-review-entities="""" type=""application/ld+json"">"
HOME,pt,4,head,{},<head>
HOME,pt,5,meta,"{""charset"":""utf-8""}","<meta charset=""utf-8""/>"
HOME,pt,6,link,"{""as"":""font"",""crossorigin"":"""",""href"":""/fonts/great-vibes-rsb-subset.woff2"",""rel"":""preload"",""type"":""font/woff2""}","<link as=""font"" crossorigin="""" href=""/fonts/great-vibes-rsb-subset.woff2"" rel=""preload"" type=""font/woff2""/>"
HOME,pt,7,style,"{""data-rsb-critical"":""""}","<style data-rsb-critical="""">"
HOME,pt,9,link,"{""rel"":""manifest"",""href"":""/site.webmanifest""}","<link rel=""manifest"" href=""/site.webmanifest""/>"
HOME,pt,10,meta,"{""content"":""width=device-width, initial-scale=1"",""name"":""viewport""}","<meta content=""width=device-width, initial-scale=1"" name=""viewport""/>"
HOME,pt,11,title,{},<title>
HOME,pt,12,meta,"{""content"":""Aluga scooters, patins em linha e bicicletas em Barcelona na nossa loja em Vila Olímpica. Preços claros e entrega gratuita do scooter no hotel para alugueres de 3 dias ou mais."",""name"":""description""}","<meta content=""Aluga scooters, patins em linha e bicicletas em Barcelona na nossa loja em Vila Olímpica. Preços claros e entrega gratuita do scooter no hotel para alugueres de 3 dias ou mais."" name=""description""/>"
HOME,pt,13,meta,"{""content"":""index,follow,max-image-preview:large"",""name"":""robots""}","<meta content=""index,follow,max-image-preview:large"" name=""robots""/>"
HOME,pt,14,meta,"{""content"":""RSB Rental Scooter Barcelona"",""name"":""author""}","<meta content=""RSB Rental Scooter Barcelona"" name=""author""/>"
HOME,pt,15,meta,"{""content"":""#0b1022"",""name"":""theme-color""}","<meta content=""#0b1022"" name=""theme-color""/>"
HOME,pt,16,meta,"{""content"":""RSB Rental Scooter Barcelona"",""name"":""application-name""}","<meta content=""RSB Rental Scooter Barcelona"" name=""application-name""/>"
HOME,pt,17,meta,"{""content"":""RSB Rental"",""name"":""apple-mobile-web-app-title""}","<meta content=""RSB Rental"" name=""apple-mobile-web-app-title""/>"
HOME,pt,18,meta,"{""content"":""ES-CT"",""name"":""geo.region""}","<meta content=""ES-CT"" name=""geo.region""/>"
HOME,pt,19,meta,"{""content"":""Barcelona"",""name"":""geo.placename""}","<meta content=""Barcelona"" name=""geo.placename""/>"
HOME,pt,20,meta,"{""content"":""41.3906488;2.1984312"",""name"":""geo.position""}","<meta content=""41.3906488;2.1984312"" name=""geo.position""/>"
HOME,pt,21,meta,"{""content"":""41.3906488, 2.1984312"",""name"":""ICBM""}","<meta content=""41.3906488, 2.1984312"" name=""ICBM""/>"
HOME,pt,22,link,"{""href"":""https://rentalscooterbarcelona.com/pt/"",""rel"":""canonical""}","<link href=""https://rentalscooterbarcelona.com/pt/"" rel=""canonical""/>"
HOME,pt,22,link,"{""href"":""https://rentalscooterbarcelona.com/"",""hreflang"":""x-default"",""rel"":""alternate""}","<link href=""https://rentalscooterbarcelona.com/"" hreflang=""x-default"" rel=""alternate""/>"
HOME,pt,22,link,"{""href"":""https://rentalscooterbarcelona.com/"",""hreflang"":""en"",""rel"":""alternate""}","<link href=""https://rentalscooterbarcelona.com/"" hreflang=""en"" rel=""alternate""/>"
HOME,pt,22,link,"{""href"":""https://rentalscooterbarcelona.com/es/"",""hreflang"":""es"",""rel"":""alternate""}","<link href=""https://rentalscooterbarcelona.com/es/"" hreflang=""es"" rel=""alternate""/>"
HOME,pt,22,link,"{""href"":""https://rentalscooterbarcelona.com/fr/"",""hreflang"":""fr"",""rel"":""alternate""}","<link href=""https://rentalscooterbarcelona.com/fr/"" hreflang=""fr"" rel=""alternate""/>"
HOME,pt,22,link,"{""href"":""https://rentalscooterbarcelona.com/it/"",""hreflang"":""it"",""rel"":""alternate""}","<link href=""https://rentalscooterbarcelona.com/it/"" hreflang=""it"" rel=""alternate""/>"
HOME,pt,22,link,"{""href"":""https://rentalscooterbarcelona.com/de/"",""hreflang"":""de"",""rel"":""alternate""}","<link href=""https://rentalscooterbarcelona.com/de/"" hreflang=""de"" rel=""alternate""/>"
HOME,pt,22,link,"{""href"":""https://rentalscooterbarcelona.com/nl/"",""hreflang"":""nl"",""rel"":""alternate""}","<link href=""https://rentalscooterbarcelona.com/nl/"" hreflang=""nl"" rel=""alternate""/>"
HOME,pt,22,link,"{""href"":""https://rentalscooterbarcelona.com/pt/"",""hreflang"":""pt"",""rel"":""alternate""}","<link href=""https://rentalscooterbarcelona.com/pt/"" hreflang=""pt"" rel=""alternate""/>"
HOME,pt,22,link,"{""href"":""https://rentalscooterbarcelona.com/cat/"",""hreflang"":""ca"",""rel"":""alternate""}","<link href=""https://rentalscooterbarcelona.com/cat/"" hreflang=""ca"" rel=""alternate""/>"
HOME,pt,22,link,"{""href"":""https://rentalscooterbarcelona.com/sv/"",""hreflang"":""sv"",""rel"":""alternate""}","<link href=""https://rentalscooterbarcelona.com/sv/"" hreflang=""sv"" rel=""alternate""/>"
HOME,pt,22,link,"{""href"":""https://rentalscooterbarcelona.com/pl/"",""hreflang"":""pl"",""rel"":""alternate""}","<link href=""https://rentalscooterbarcelona.com/pl/"" hreflang=""pl"" rel=""alternate""/>"
HOME,pt,23,meta,"{""content"":""website"",""property"":""og:type""}","<meta content=""website"" property=""og:type""/>"
HOME,pt,24,meta,"{""content"":""RSB Rental Scooter Barcelona"",""property"":""og:site_name""}","<meta content=""RSB Rental Scooter Barcelona"" property=""og:site_name""/>"
HOME,pt,25,meta,"{""content"":""Aluguer de scooters, patins em linha e bicicletas em Barcelona | RSB"",""property"":""og:title""}","<meta content=""Aluguer de scooters, patins em linha e bicicletas em Barcelona | RSB"" property=""og:title""/>"
HOME,pt,26,meta,"{""content"":""Aluga scooters, patins em linha e bicicletas em Barcelona na nossa loja em Vila Olímpica. Preços claros e entrega gratuita do scooter no hotel para alugueres de 3 dias ou mais."",""property"":""og:description""}","<meta content=""Aluga scooters, patins em linha e bicicletas em Barcelona na nossa loja em Vila Olímpica. Preços claros e entrega gratuita do scooter no hotel para alugueres de 3 dias ou mais."" property=""og:description""/>"
HOME,pt,27,meta,"{""content"":""https://rentalscooterbarcelona.com/pt/"",""property"":""og:url""}","<meta content=""https://rentalscooterbarcelona.com/pt/"" property=""og:url""/>"
HOME,pt,28,meta,"{""content"":""https://rentalscooterbarcelona.com/images/rsb-barcelona-rental-hero-group-beach-1600-v1.webp"",""property"":""og:image""}","<meta content=""https://rentalscooterbarcelona.com/images/rsb-barcelona-rental-hero-group-beach-1600-v1.webp"" property=""og:image""/>"
HOME,pt,29,meta,"{""content"":""https://rentalscooterbarcelona.com/images/rsb-barcelona-rental-hero-group-beach-1600-v1.webp"",""property"":""og:image:secure_url""}","<meta content=""https://rentalscooterbarcelona.com/images/rsb-barcelona-rental-hero-group-beach-1600-v1.webp"" property=""og:image:secure_url""/>"
HOME,pt,30,meta,"{""content"":""image/webp"",""property"":""og:image:type""}","<meta content=""image/webp"" property=""og:image:type""/>"
HOME,pt,31,meta,"{""content"":""1600"",""property"":""og:image:width""}","<meta content=""1600"" property=""og:image:width""/>"
HOME,pt,32,meta,"{""content"":""874"",""property"":""og:image:height""}","<meta content=""874"" property=""og:image:height""/>"
HOME,pt,33,meta,"{""content"":""Grupo a aproveitar o aluguer de scooter, patins em linha e bicicletas perto da praia da Barceloneta, em Barcelona"",""property"":""og:image:alt""}","<meta content=""Grupo a aproveitar o aluguer de scooter, patins em linha e bicicletas perto da praia da Barceloneta, em Barcelona"" property=""og:image:alt""/>"
HOME,pt,34,meta,"{""content"":""pt_PT"",""property"":""og:locale""}","<meta content=""pt_PT"" property=""og:locale""/>"
HOME,pt,35,meta,"{""content"":""en_GB"",""property"":""og:locale:alternate""}","<meta content=""en_GB"" property=""og:locale:alternate""/>"
HOME,pt,36,meta,"{""content"":""es_ES"",""property"":""og:locale:alternate""}","<meta content=""es_ES"" property=""og:locale:alternate""/>"
HOME,pt,37,meta,"{""content"":""fr_FR"",""property"":""og:locale:alternate""}","<meta content=""fr_FR"" property=""og:locale:alternate""/>"
HOME,pt,38,meta,"{""content"":""it_IT"",""property"":""og:locale:alternate""}","<meta content=""it_IT"" property=""og:locale:alternate""/>"
HOME,pt,39,meta,"{""content"":""de_DE"",""property"":""og:locale:alternate""}","<meta content=""de_DE"" property=""og:locale:alternate""/>"
HOME,pt,40,meta,"{""content"":""nl_NL"",""property"":""og:locale:alternate""}","<meta content=""nl_NL"" property=""og:locale:alternate""/>"
HOME,pt,41,meta,"{""content"":""ca_ES"",""property"":""og:locale:alternate""}","<meta content=""ca_ES"" property=""og:locale:alternate""/>"
HOME,pt,42,meta,"{""content"":""sv_SE"",""property"":""og:locale:alternate""}","<meta content=""sv_SE"" property=""og:locale:alternate""/>"
HOME,pt,43,meta,"{""content"":""pl_PL"",""property"":""og:locale:alternate""}","<meta content=""pl_PL"" property=""og:locale:alternate""/>"
HOME,pt,44,meta,"{""content"":""summary_large_image"",""name"":""twitter:card""}","<meta content=""summary_large_image"" name=""twitter:card""/>"
HOME,pt,45,meta,"{""content"":""@RSBscooterbarce"",""name"":""twitter:site""}","<meta content=""@RSBscooterbarce"" name=""twitter:site""/>"
HOME,pt,46,meta,"{""content"":""@RSBscooterbarce"",""name"":""twitter:creator""}","<meta content=""@RSBscooterbarce"" name=""twitter:creator""/>"
HOME,pt,47,meta,"{""content"":""Aluguer de scooters, patins em linha e bicicletas em Barcelona | RSB"",""name"":""twitter:title""}","<meta content=""Aluguer de scooters, patins em linha e bicicletas em Barcelona | RSB"" name=""twitter:title""/>"
HOME,pt,48,meta,"{""content"":""Aluga scooters, patins em linha e bicicletas em Barcelona na nossa loja em Vila Olímpica. Preços claros e entrega gratuita do scooter no hotel para alugueres de 3 dias ou mais."",""name"":""twitter:description""}","<meta content=""Aluga scooters, patins em linha e bicicletas em Barcelona na nossa loja em Vila Olímpica. Preços claros e entrega gratuita do scooter no hotel para alugueres de 3 dias ou mais."" name=""twitter:description""/>"
HOME,pt,49,meta,"{""content"":""https://rentalscooterbarcelona.com/images/rsb-barcelona-rental-hero-group-beach-1600-v1.webp"",""name"":""twitter:image""}","<meta content=""https://rentalscooterbarcelona.com/images/rsb-barcelona-rental-hero-group-beach-1600-v1.webp"" name=""twitter:image""/>"
HOME,pt,50,meta,"{""content"":""Grupo a aproveitar o aluguer de scooter, patins em linha e bicicletas perto da praia da Barceloneta, em Barcelona"",""name"":""twitter:image:alt""}","<meta content=""Grupo a aproveitar o aluguer de scooter, patins em linha e bicicletas perto da praia da Barceloneta, em Barcelona"" name=""twitter:image:alt""/>"
HOME,pt,51,link,"{""href"":""https://rentalscooterbarcelona.com/favicon.ico"",""rel"":""icon"",""sizes"":""any""}","<link href=""https://rentalscooterbarcelona.com/favicon.ico"" rel=""icon"" sizes=""any""/>"
HOME,pt,52,link,"{""href"":""https://rentalscooterbarcelona.com/favicon-16x16.png"",""rel"":""icon"",""sizes"":""16x16"",""type"":""image/png""}","<link href=""https://rentalscooterbarcelona.com/favicon-16x16.png"" rel=""icon"" sizes=""16x16"" type=""image/png""/>"
HOME,pt,53,link,"{""href"":""https://rentalscooterbarcelona.com/favicon-32x32.png"",""rel"":""icon"",""sizes"":""32x32"",""type"":""image/png""}","<link href=""https://rentalscooterbarcelona.com/favicon-32x32.png"" rel=""icon"" sizes=""32x32"" type=""image/png""/>"
HOME,pt,54,link,"{""href"":""https://rentalscooterbarcelona.com/favicon-192x192.png"",""rel"":""icon"",""sizes"":""192x192"",""type"":""image/png""}","<link href=""https://rentalscooterbarcelona.com/favicon-192x192.png"" rel=""icon"" sizes=""192x192"" type=""image/png""/>"
HOME,pt,55,link,"{""href"":""https://rentalscooterbarcelona.com/favicon-512x512.png"",""rel"":""icon"",""sizes"":""512x512"",""type"":""image/png""}","<link href=""https://rentalscooterbarcelona.com/favicon-512x512.png"" rel=""icon"" sizes=""512x512"" type=""image/png""/>"
HOME,pt,56,link,"{""href"":""https://rentalscooterbarcelona.com/apple-touch-icon.png"",""rel"":""apple-touch-icon""}","<link href=""https://rentalscooterbarcelona.com/apple-touch-icon.png"" rel=""apple-touch-icon""/>"
HOME,pt,57,link,"{""crossorigin"":"""",""href"":""https://www.googletagmanager.com"",""rel"":""preconnect""}","<link crossorigin="""" href=""https://www.googletagmanager.com"" rel=""preconnect""/>"
HOME,pt,58,link,"{""href"":""https://www.googletagmanager.com"",""rel"":""dns-prefetch""}","<link href=""https://www.googletagmanager.com"" rel=""dns-prefetch""/>"
HOME,pt,59,link,"{""as"":""image"",""fetchpriority"":""high"",""href"":""https://rentalscooterbarcelona.com/images/rsb-barcelona-rental-hero-group-beach-1600-v1.webp"",""imagesizes"":""100vw"",""imagesrcset"":""https://rentalscooterbarcelona.com/images/rsb-barcelona-rental-hero-group-beach-480-v1.webp 480w, /images/rsb-barcelona-rental-hero-group-beach-720-v2.webp 720w, https://rentalscooterbarcelona.com/images/rsb-barcelona-rental-hero-group-beach-800-v1.webp 800w, https://rentalscooterbarcelona.com/images/rsb-barcelona-rental-hero-group-beach-1600-v1.webp 1600w"",""rel"":""preload""}","<link as=""image"" fetchpriority=""high"" href=""https://rentalscooterbarcelona.com/images/rsb-barcelona-rental-hero-group-beach-1600-v1.webp"" imagesizes=""100vw"" imagesrcset=""https://rentalscooterbarcelona.com/images/rsb-barcelona-rental-hero-group-beach-480-v1.webp 480w, /images/rsb-barcelona-rental-hero-group-beach-720-v2.webp 720w, https://rentalscooterbarcelona.com/images/rsb-barcelona-rental-hero-group-beach-800-v1.webp 800w, https://rentalscooterbarcelona.com/images/rsb-barcelona-rental-hero-group-beach-1600-v1.webp 1600w"" rel=""preload""/>"
HOME,pt,60,link,"{""href"":""https://fonts.googleapis.com"",""rel"":""preconnect""}","<link href=""https://fonts.googleapis.com"" rel=""preconnect""/>"
HOME,pt,61,link,"{""crossorigin"":"""",""href"":""https://fonts.gstatic.com"",""rel"":""preconnect""}","<link crossorigin="""" href=""https://fonts.gstatic.com"" rel=""preconnect""/>"
HOME,pt,62,link,"{""as"":""style"",""href"":""https://fonts.googleapis.com/css2?family=Space+Grotesk:wght@400;500;600;700&display=swap"",""onload"":""this.onload=null;this.rel='stylesheet'"",""rel"":""preload""}","<link as=""style"" href=""https://fonts.googleapis.com/css2?family=Space+Grotesk:wght@400;500;600;700&amp;display=swap"" onload=""this.onload=null;this.rel='stylesheet'"" rel=""preload""/>"
HOME,pt,63,link,"{""as"":""style"",""href"":""https://rentalscooterbarcelona.com/stylesHome.css?v=20260813"",""onload"":""this.onload=null;this.rel='stylesheet'"",""rel"":""preload""}","<link as=""style"" href=""https://rentalscooterbarcelona.com/stylesHome.css?v=20260813"" onload=""this.onload=null;this.rel='stylesheet'"" rel=""preload""/>"
HOME,pt,64,noscript,{},<noscript>
HOME,pt,64,link,"{""href"":""https://fonts.googleapis.com/css2?family=Space+Grotesk:wght@400;500;600;700&display=swap"",""rel"":""stylesheet""}","<link href=""https://fonts.googleapis.com/css2?family=Space+Grotesk:wght@400;500;600;700&amp;display=swap"" rel=""stylesheet""/>"
HOME,pt,64,link,"{""href"":""https://rentalscooterbarcelona.com/stylesHome.css?v=20260813"",""rel"":""stylesheet""}","<link href=""https://rentalscooterbarcelona.com/stylesHome.css?v=20260813"" rel=""stylesheet""/>"
HOME,pt,65,script,"{""data-rsb-dynamic-hours"":"""",""type"":""application/ld+json""}","<script data-rsb-dynamic-hours="""" type=""application/ld+json"">"
HOME,pt,478,script,{},<script>
HOME,pt,499,meta,"{""content"":""3_Dfcq2jy9ccTlZt6JQm9ltOZ7UvN2QvG1PhZajyPy8"",""name"":""google-site-verification""}","<meta content=""3_Dfcq2jy9ccTlZt6JQm9ltOZ7UvN2QvG1PhZajyPy8"" name=""google-site-verification""/>"
HOME,pt,500,script,"{""data-rsb-review-entities"":"""",""type"":""application/ld+json""}","<script data-rsb-review-entities="""" type=""application/ld+json"">"
HOME,ca,4,head,{},<head>
HOME,ca,5,meta,"{""charset"":""utf-8""}","<meta charset=""utf-8""/>"
HOME,ca,6,link,"{""as"":""font"",""crossorigin"":"""",""href"":""/fonts/great-vibes-rsb-subset.woff2"",""rel"":""preload"",""type"":""font/woff2""}","<link as=""font"" crossorigin="""" href=""/fonts/great-vibes-rsb-subset.woff2"" rel=""preload"" type=""font/woff2""/>"
HOME,ca,7,style,"{""data-rsb-critical"":""""}","<style data-rsb-critical="""">"
HOME,ca,9,link,"{""rel"":""manifest"",""href"":""/site.webmanifest""}","<link rel=""manifest"" href=""/site.webmanifest""/>"
HOME,ca,10,meta,"{""content"":""width=device-width, initial-scale=1"",""name"":""viewport""}","<meta content=""width=device-width, initial-scale=1"" name=""viewport""/>"
HOME,ca,11,title,{},<title>
HOME,ca,12,meta,"{""content"":""Lloguer de scooter i patins en línia a Barcelona, a Vila Olímpica prop de Port Olímpic i Barceloneta. Preus clars i reserva per WhatsApp."",""name"":""description""}","<meta content=""Lloguer de scooter i patins en línia a Barcelona, a Vila Olímpica prop de Port Olímpic i Barceloneta. Preus clars i reserva per WhatsApp."" name=""description""/>"
HOME,ca,13,meta,"{""content"":""index,follow,max-image-preview:large"",""name"":""robots""}","<meta content=""index,follow,max-image-preview:large"" name=""robots""/>"
HOME,ca,14,meta,"{""content"":""RSB Rental Scooter Barcelona"",""name"":""author""}","<meta content=""RSB Rental Scooter Barcelona"" name=""author""/>"
HOME,ca,15,meta,"{""content"":""#0b1022"",""name"":""theme-color""}","<meta content=""#0b1022"" name=""theme-color""/>"
HOME,ca,16,meta,"{""content"":""RSB Rental Scooter Barcelona"",""name"":""application-name""}","<meta content=""RSB Rental Scooter Barcelona"" name=""application-name""/>"
HOME,ca,17,meta,"{""content"":""RSB Rental"",""name"":""apple-mobile-web-app-title""}","<meta content=""RSB Rental"" name=""apple-mobile-web-app-title""/>"
HOME,ca,18,meta,"{""content"":""ES-CT"",""name"":""geo.region""}","<meta content=""ES-CT"" name=""geo.region""/>"
HOME,ca,19,meta,"{""content"":""Barcelona"",""name"":""geo.placename""}","<meta content=""Barcelona"" name=""geo.placename""/>"
HOME,ca,20,meta,"{""content"":""41.3906488;2.1984312"",""name"":""geo.position""}","<meta content=""41.3906488;2.1984312"" name=""geo.position""/>"
HOME,ca,21,meta,"{""content"":""41.3906488, 2.1984312"",""name"":""ICBM""}","<meta content=""41.3906488, 2.1984312"" name=""ICBM""/>"
HOME,ca,22,link,"{""href"":""https://rentalscooterbarcelona.com/cat/"",""rel"":""canonical""}","<link href=""https://rentalscooterbarcelona.com/cat/"" rel=""canonical""/>"
HOME,ca,22,link,"{""href"":""https://rentalscooterbarcelona.com/"",""hreflang"":""x-default"",""rel"":""alternate""}","<link href=""https://rentalscooterbarcelona.com/"" hreflang=""x-default"" rel=""alternate""/>"
HOME,ca,22,link,"{""href"":""https://rentalscooterbarcelona.com/"",""hreflang"":""en"",""rel"":""alternate""}","<link href=""https://rentalscooterbarcelona.com/"" hreflang=""en"" rel=""alternate""/>"
HOME,ca,22,link,"{""href"":""https://rentalscooterbarcelona.com/es/"",""hreflang"":""es"",""rel"":""alternate""}","<link href=""https://rentalscooterbarcelona.com/es/"" hreflang=""es"" rel=""alternate""/>"
HOME,ca,22,link,"{""href"":""https://rentalscooterbarcelona.com/fr/"",""hreflang"":""fr"",""rel"":""alternate""}","<link href=""https://rentalscooterbarcelona.com/fr/"" hreflang=""fr"" rel=""alternate""/>"
HOME,ca,22,link,"{""href"":""https://rentalscooterbarcelona.com/it/"",""hreflang"":""it"",""rel"":""alternate""}","<link href=""https://rentalscooterbarcelona.com/it/"" hreflang=""it"" rel=""alternate""/>"
HOME,ca,22,link,"{""href"":""https://rentalscooterbarcelona.com/de/"",""hreflang"":""de"",""rel"":""alternate""}","<link href=""https://rentalscooterbarcelona.com/de/"" hreflang=""de"" rel=""alternate""/>"
HOME,ca,22,link,"{""href"":""https://rentalscooterbarcelona.com/nl/"",""hreflang"":""nl"",""rel"":""alternate""}","<link href=""https://rentalscooterbarcelona.com/nl/"" hreflang=""nl"" rel=""alternate""/>"
HOME,ca,22,link,"{""href"":""https://rentalscooterbarcelona.com/pt/"",""hreflang"":""pt"",""rel"":""alternate""}","<link href=""https://rentalscooterbarcelona.com/pt/"" hreflang=""pt"" rel=""alternate""/>"
HOME,ca,22,link,"{""href"":""https://rentalscooterbarcelona.com/cat/"",""hreflang"":""ca"",""rel"":""alternate""}","<link href=""https://rentalscooterbarcelona.com/cat/"" hreflang=""ca"" rel=""alternate""/>"
HOME,ca,22,link,"{""href"":""https://rentalscooterbarcelona.com/sv/"",""hreflang"":""sv"",""rel"":""alternate""}","<link href=""https://rentalscooterbarcelona.com/sv/"" hreflang=""sv"" rel=""alternate""/>"
HOME,ca,22,link,"{""href"":""https://rentalscooterbarcelona.com/pl/"",""hreflang"":""pl"",""rel"":""alternate""}","<link href=""https://rentalscooterbarcelona.com/pl/"" hreflang=""pl"" rel=""alternate""/>"
HOME,ca,23,meta,"{""content"":""website"",""property"":""og:type""}","<meta content=""website"" property=""og:type""/>"
HOME,ca,24,meta,"{""content"":""RSB Rental Scooter Barcelona"",""property"":""og:site_name""}","<meta content=""RSB Rental Scooter Barcelona"" property=""og:site_name""/>"
HOME,ca,25,meta,"{""content"":""Lloguer de scooter, patins en línia i bicicletes a Barcelona | RSB"",""property"":""og:title""}","<meta content=""Lloguer de scooter, patins en línia i bicicletes a Barcelona | RSB"" property=""og:title""/>"
HOME,ca,26,meta,"{""content"":""Lloga scooters, patins en línia i bicicletes a Barcelona des de la nostra botiga de Vila Olímpica. Preus clars i lliurament gratuït del scooter a l’hotel per a lloguers de 3 dies o més."",""property"":""og:description""}","<meta content=""Lloga scooters, patins en línia i bicicletes a Barcelona des de la nostra botiga de Vila Olímpica. Preus clars i lliurament gratuït del scooter a l’hotel per a lloguers de 3 dies o més."" property=""og:description""/>"
HOME,ca,27,meta,"{""content"":""https://rentalscooterbarcelona.com/cat/"",""property"":""og:url""}","<meta content=""https://rentalscooterbarcelona.com/cat/"" property=""og:url""/>"
HOME,ca,28,meta,"{""content"":""https://rentalscooterbarcelona.com/images/rsb-barcelona-rental-hero-group-beach-1600-v1.webp"",""property"":""og:image""}","<meta content=""https://rentalscooterbarcelona.com/images/rsb-barcelona-rental-hero-group-beach-1600-v1.webp"" property=""og:image""/>"
HOME,ca,29,meta,"{""content"":""https://rentalscooterbarcelona.com/images/rsb-barcelona-rental-hero-group-beach-1600-v1.webp"",""property"":""og:image:secure_url""}","<meta content=""https://rentalscooterbarcelona.com/images/rsb-barcelona-rental-hero-group-beach-1600-v1.webp"" property=""og:image:secure_url""/>"
HOME,ca,30,meta,"{""content"":""image/webp"",""property"":""og:image:type""}","<meta content=""image/webp"" property=""og:image:type""/>"
HOME,ca,31,meta,"{""content"":""1600"",""property"":""og:image:width""}","<meta content=""1600"" property=""og:image:width""/>"
HOME,ca,32,meta,"{""content"":""874"",""property"":""og:image:height""}","<meta content=""874"" property=""og:image:height""/>"
HOME,ca,33,meta,"{""content"":""Grup gaudint del lloguer de scooter, patins en línia i bicicletes a prop de la platja de la Barceloneta, a Barcelona"",""property"":""og:image:alt""}","<meta content=""Grup gaudint del lloguer de scooter, patins en línia i bicicletes a prop de la platja de la Barceloneta, a Barcelona"" property=""og:image:alt""/>"
HOME,ca,34,meta,"{""content"":""ca_ES"",""property"":""og:locale""}","<meta content=""ca_ES"" property=""og:locale""/>"
HOME,ca,34,meta,"{""content"":""en_GB"",""property"":""og:locale:alternate""}","<meta content=""en_GB"" property=""og:locale:alternate""/>"
HOME,ca,34,meta,"{""content"":""es_ES"",""property"":""og:locale:alternate""}","<meta content=""es_ES"" property=""og:locale:alternate""/>"
HOME,ca,34,meta,"{""content"":""fr_FR"",""property"":""og:locale:alternate""}","<meta content=""fr_FR"" property=""og:locale:alternate""/>"
HOME,ca,34,meta,"{""content"":""it_IT"",""property"":""og:locale:alternate""}","<meta content=""it_IT"" property=""og:locale:alternate""/>"
HOME,ca,34,meta,"{""content"":""de_DE"",""property"":""og:locale:alternate""}","<meta content=""de_DE"" property=""og:locale:alternate""/>"
HOME,ca,34,meta,"{""content"":""nl_NL"",""property"":""og:locale:alternate""}","<meta content=""nl_NL"" property=""og:locale:alternate""/>"
HOME,ca,34,meta,"{""content"":""pt_PT"",""property"":""og:locale:alternate""}","<meta content=""pt_PT"" property=""og:locale:alternate""/>"
HOME,ca,34,meta,"{""content"":""sv_SE"",""property"":""og:locale:alternate""}","<meta content=""sv_SE"" property=""og:locale:alternate""/>"
HOME,ca,35,meta,"{""content"":""pl_PL"",""property"":""og:locale:alternate""}","<meta content=""pl_PL"" property=""og:locale:alternate""/>"
HOME,ca,36,meta,"{""content"":""summary_large_image"",""name"":""twitter:card""}","<meta content=""summary_large_image"" name=""twitter:card""/>"
HOME,ca,37,meta,"{""content"":""@RSBscooterbarce"",""name"":""twitter:site""}","<meta content=""@RSBscooterbarce"" name=""twitter:site""/>"
HOME,ca,38,meta,"{""content"":""@RSBscooterbarce"",""name"":""twitter:creator""}","<meta content=""@RSBscooterbarce"" name=""twitter:creator""/>"
HOME,ca,39,meta,"{""content"":""Lloguer de scooter, patins en línia i bicicletes a Barcelona | RSB"",""name"":""twitter:title""}","<meta content=""Lloguer de scooter, patins en línia i bicicletes a Barcelona | RSB"" name=""twitter:title""/>"
HOME,ca,40,meta,"{""content"":""Lloga scooters, patins en línia i bicicletes a Barcelona des de la nostra botiga de Vila Olímpica. Preus clars i lliurament gratuït del scooter a l’hotel per a lloguers de 3 dies o més."",""name"":""twitter:description""}","<meta content=""Lloga scooters, patins en línia i bicicletes a Barcelona des de la nostra botiga de Vila Olímpica. Preus clars i lliurament gratuït del scooter a l’hotel per a lloguers de 3 dies o més."" name=""twitter:description""/>"
HOME,ca,41,meta,"{""content"":""https://rentalscooterbarcelona.com/images/rsb-barcelona-rental-hero-group-beach-1600-v1.webp"",""name"":""twitter:image""}","<meta content=""https://rentalscooterbarcelona.com/images/rsb-barcelona-rental-hero-group-beach-1600-v1.webp"" name=""twitter:image""/>"
HOME,ca,42,meta,"{""content"":""Grup gaudint del lloguer de scooter, patins en línia i bicicletes a prop de la platja de la Barceloneta, a Barcelona"",""name"":""twitter:image:alt""}","<meta content=""Grup gaudint del lloguer de scooter, patins en línia i bicicletes a prop de la platja de la Barceloneta, a Barcelona"" name=""twitter:image:alt""/>"
HOME,ca,43,link,"{""href"":""https://rentalscooterbarcelona.com/favicon.ico"",""rel"":""icon"",""sizes"":""any""}","<link href=""https://rentalscooterbarcelona.com/favicon.ico"" rel=""icon"" sizes=""any""/>"
HOME,ca,44,link,"{""href"":""https://rentalscooterbarcelona.com/favicon-16x16.png"",""rel"":""icon"",""sizes"":""16x16"",""type"":""image/png""}","<link href=""https://rentalscooterbarcelona.com/favicon-16x16.png"" rel=""icon"" sizes=""16x16"" type=""image/png""/>"
HOME,ca,45,link,"{""href"":""https://rentalscooterbarcelona.com/favicon-32x32.png"",""rel"":""icon"",""sizes"":""32x32"",""type"":""image/png""}","<link href=""https://rentalscooterbarcelona.com/favicon-32x32.png"" rel=""icon"" sizes=""32x32"" type=""image/png""/>"
HOME,ca,46,link,"{""href"":""https://rentalscooterbarcelona.com/favicon-192x192.png"",""rel"":""icon"",""sizes"":""192x192"",""type"":""image/png""}","<link href=""https://rentalscooterbarcelona.com/favicon-192x192.png"" rel=""icon"" sizes=""192x192"" type=""image/png""/>"
HOME,ca,47,link,"{""href"":""https://rentalscooterbarcelona.com/favicon-512x512.png"",""rel"":""icon"",""sizes"":""512x512"",""type"":""image/png""}","<link href=""https://rentalscooterbarcelona.com/favicon-512x512.png"" rel=""icon"" sizes=""512x512"" type=""image/png""/>"
HOME,ca,48,link,"{""href"":""https://rentalscooterbarcelona.com/apple-touch-icon.png"",""rel"":""apple-touch-icon""}","<link href=""https://rentalscooterbarcelona.com/apple-touch-icon.png"" rel=""apple-touch-icon""/>"
HOME,ca,49,link,"{""crossorigin"":"""",""href"":""https://www.googletagmanager.com"",""rel"":""preconnect""}","<link crossorigin="""" href=""https://www.googletagmanager.com"" rel=""preconnect""/>"
HOME,ca,50,link,"{""href"":""https://www.googletagmanager.com"",""rel"":""dns-prefetch""}","<link href=""https://www.googletagmanager.com"" rel=""dns-prefetch""/>"
HOME,ca,51,noscript,{},<noscript>
HOME,ca,52,link,"{""href"":""https://fonts.googleapis.com"",""rel"":""preconnect""}","<link href=""https://fonts.googleapis.com"" rel=""preconnect""/>"
HOME,ca,52,link,"{""crossorigin"":"""",""href"":""https://fonts.gstatic.com"",""rel"":""preconnect""}","<link crossorigin="""" href=""https://fonts.gstatic.com"" rel=""preconnect""/>"
HOME,ca,52,link,"{""as"":""image"",""fetchpriority"":""high"",""href"":""https://rentalscooterbarcelona.com/images/rsb-barcelona-rental-hero-group-beach-1600-v1.webp"",""imagesizes"":""100vw"",""imagesrcset"":""https://rentalscooterbarcelona.com/images/rsb-barcelona-rental-hero-group-beach-480-v1.webp 480w, /images/rsb-barcelona-rental-hero-group-beach-720-v2.webp 720w, https://rentalscooterbarcelona.com/images/rsb-barcelona-rental-hero-group-beach-800-v1.webp 800w, https://rentalscooterbarcelona.com/images/rsb-barcelona-rental-hero-group-beach-1600-v1.webp 1600w"",""rel"":""preload""}","<link as=""image"" fetchpriority=""high"" href=""https://rentalscooterbarcelona.com/images/rsb-barcelona-rental-hero-group-beach-1600-v1.webp"" imagesizes=""100vw"" imagesrcset=""https://rentalscooterbarcelona.com/images/rsb-barcelona-rental-hero-group-beach-480-v1.webp 480w, /images/rsb-barcelona-rental-hero-group-beach-720-v2.webp 720w, https://rentalscooterbarcelona.com/images/rsb-barcelona-rental-hero-group-beach-800-v1.webp 800w, https://rentalscooterbarcelona.com/images/rsb-barcelona-rental-hero-group-beach-1600-v1.webp 1600w"" rel=""preload""/>"
HOME,ca,52,link,"{""as"":""style"",""href"":""https://fonts.googleapis.com/css2?family=Space+Grotesk:wght@400;500;600;700&display=swap"",""onload"":""this.onload=null;this.rel='stylesheet'"",""rel"":""preload""}","<link as=""style"" href=""https://fonts.googleapis.com/css2?family=Space+Grotesk:wght@400;500;600;700&amp;display=swap"" onload=""this.onload=null;this.rel='stylesheet'"" rel=""preload""/>"
HOME,ca,52,link,"{""as"":""style"",""href"":""https://rentalscooterbarcelona.com/stylesHome.css?v=20260813"",""onload"":""this.onload=null;this.rel='stylesheet'"",""rel"":""preload""}","<link as=""style"" href=""https://rentalscooterbarcelona.com/stylesHome.css?v=20260813"" onload=""this.onload=null;this.rel='stylesheet'"" rel=""preload""/>"
HOME,ca,52,noscript,{},<noscript>
HOME,ca,52,link,"{""href"":""https://fonts.googleapis.com/css2?family=Space+Grotesk:wght@400;500;600;700&display=swap"",""rel"":""stylesheet""}","<link href=""https://fonts.googleapis.com/css2?family=Space+Grotesk:wght@400;500;600;700&amp;display=swap"" rel=""stylesheet""/>"
HOME,ca,52,link,"{""href"":""https://rentalscooterbarcelona.com/stylesHome.css?v=20260813"",""rel"":""stylesheet""}","<link href=""https://rentalscooterbarcelona.com/stylesHome.css?v=20260813"" rel=""stylesheet""/>"
HOME,ca,53,script,"{""data-rsb-dynamic-hours"":"""",""type"":""application/ld+json""}","<script data-rsb-dynamic-hours="""" type=""application/ld+json"">"
HOME,ca,466,script,{},<script>
HOME,ca,487,meta,"{""content"":""3_Dfcq2jy9ccTlZt6JQm9ltOZ7UvN2QvG1PhZajyPy8"",""name"":""google-site-verification""}","<meta content=""3_Dfcq2jy9ccTlZt6JQm9ltOZ7UvN2QvG1PhZajyPy8"" name=""google-site-verification""/>"
HOME,ca,488,script,"{""data-rsb-review-entities"":"""",""type"":""application/ld+json""}","<script data-rsb-review-entities="""" type=""application/ld+json"">"
HOME,sv,4,head,{},<head>
HOME,sv,5,meta,"{""charset"":""utf-8""}","<meta charset=""utf-8""/>"
HOME,sv,6,link,"{""as"":""font"",""crossorigin"":"""",""href"":""/fonts/great-vibes-rsb-subset.woff2"",""rel"":""preload"",""type"":""font/woff2""}","<link as=""font"" crossorigin="""" href=""/fonts/great-vibes-rsb-subset.woff2"" rel=""preload"" type=""font/woff2""/>"
HOME,sv,7,style,"{""data-rsb-critical"":""""}","<style data-rsb-critical="""">"
HOME,sv,9,link,"{""rel"":""manifest"",""href"":""/site.webmanifest""}","<link rel=""manifest"" href=""/site.webmanifest""/>"
HOME,sv,10,meta,"{""content"":""width=device-width, initial-scale=1"",""name"":""viewport""}","<meta content=""width=device-width, initial-scale=1"" name=""viewport""/>"
HOME,sv,11,title,{},<title>
HOME,sv,12,meta,"{""content"":""Hyr scootrar, inlines och cyklar i Barcelona från vår butik i Vila Olímpica. Tydliga priser och gratis scooterleverans till hotellet vid hyror på 3 dagar eller mer."",""name"":""description""}","<meta content=""Hyr scootrar, inlines och cyklar i Barcelona från vår butik i Vila Olímpica. Tydliga priser och gratis scooterleverans till hotellet vid hyror på 3 dagar eller mer."" name=""description""/>"
HOME,sv,13,meta,"{""content"":""index,follow,max-image-preview:large"",""name"":""robots""}","<meta content=""index,follow,max-image-preview:large"" name=""robots""/>"
HOME,sv,14,meta,"{""content"":""RSB Rental Scooter Barcelona"",""name"":""author""}","<meta content=""RSB Rental Scooter Barcelona"" name=""author""/>"
HOME,sv,15,meta,"{""content"":""#0b1022"",""name"":""theme-color""}","<meta content=""#0b1022"" name=""theme-color""/>"
HOME,sv,16,meta,"{""content"":""RSB Rental Scooter Barcelona"",""name"":""application-name""}","<meta content=""RSB Rental Scooter Barcelona"" name=""application-name""/>"
HOME,sv,17,meta,"{""content"":""RSB Rental"",""name"":""apple-mobile-web-app-title""}","<meta content=""RSB Rental"" name=""apple-mobile-web-app-title""/>"
HOME,sv,18,meta,"{""content"":""ES-CT"",""name"":""geo.region""}","<meta content=""ES-CT"" name=""geo.region""/>"
HOME,sv,19,meta,"{""content"":""Barcelona"",""name"":""geo.placename""}","<meta content=""Barcelona"" name=""geo.placename""/>"
HOME,sv,20,meta,"{""content"":""41.3906488;2.1984312"",""name"":""geo.position""}","<meta content=""41.3906488;2.1984312"" name=""geo.position""/>"
HOME,sv,21,meta,"{""content"":""41.3906488, 2.1984312"",""name"":""ICBM""}","<meta content=""41.3906488, 2.1984312"" name=""ICBM""/>"
HOME,sv,22,link,"{""href"":""https://rentalscooterbarcelona.com/sv/"",""rel"":""canonical""}","<link href=""https://rentalscooterbarcelona.com/sv/"" rel=""canonical""/>"
HOME,sv,22,link,"{""href"":""https://rentalscooterbarcelona.com/"",""hreflang"":""x-default"",""rel"":""alternate""}","<link href=""https://rentalscooterbarcelona.com/"" hreflang=""x-default"" rel=""alternate""/>"
HOME,sv,22,link,"{""href"":""https://rentalscooterbarcelona.com/"",""hreflang"":""en"",""rel"":""alternate""}","<link href=""https://rentalscooterbarcelona.com/"" hreflang=""en"" rel=""alternate""/>"
HOME,sv,22,link,"{""href"":""https://rentalscooterbarcelona.com/es/"",""hreflang"":""es"",""rel"":""alternate""}","<link href=""https://rentalscooterbarcelona.com/es/"" hreflang=""es"" rel=""alternate""/>"
HOME,sv,22,link,"{""href"":""https://rentalscooterbarcelona.com/fr/"",""hreflang"":""fr"",""rel"":""alternate""}","<link href=""https://rentalscooterbarcelona.com/fr/"" hreflang=""fr"" rel=""alternate""/>"
HOME,sv,22,link,"{""href"":""https://rentalscooterbarcelona.com/it/"",""hreflang"":""it"",""rel"":""alternate""}","<link href=""https://rentalscooterbarcelona.com/it/"" hreflang=""it"" rel=""alternate""/>"
HOME,sv,22,link,"{""href"":""https://rentalscooterbarcelona.com/de/"",""hreflang"":""de"",""rel"":""alternate""}","<link href=""https://rentalscooterbarcelona.com/de/"" hreflang=""de"" rel=""alternate""/>"
HOME,sv,22,link,"{""href"":""https://rentalscooterbarcelona.com/nl/"",""hreflang"":""nl"",""rel"":""alternate""}","<link href=""https://rentalscooterbarcelona.com/nl/"" hreflang=""nl"" rel=""alternate""/>"
HOME,sv,22,link,"{""href"":""https://rentalscooterbarcelona.com/pt/"",""hreflang"":""pt"",""rel"":""alternate""}","<link href=""https://rentalscooterbarcelona.com/pt/"" hreflang=""pt"" rel=""alternate""/>"
HOME,sv,22,link,"{""href"":""https://rentalscooterbarcelona.com/cat/"",""hreflang"":""ca"",""rel"":""alternate""}","<link href=""https://rentalscooterbarcelona.com/cat/"" hreflang=""ca"" rel=""alternate""/>"
HOME,sv,22,link,"{""href"":""https://rentalscooterbarcelona.com/sv/"",""hreflang"":""sv"",""rel"":""alternate""}","<link href=""https://rentalscooterbarcelona.com/sv/"" hreflang=""sv"" rel=""alternate""/>"
HOME,sv,22,link,"{""href"":""https://rentalscooterbarcelona.com/pl/"",""hreflang"":""pl"",""rel"":""alternate""}","<link href=""https://rentalscooterbarcelona.com/pl/"" hreflang=""pl"" rel=""alternate""/>"
HOME,sv,23,meta,"{""content"":""website"",""property"":""og:type""}","<meta content=""website"" property=""og:type""/>"
HOME,sv,24,meta,"{""content"":""RSB Rental Scooter Barcelona"",""property"":""og:site_name""}","<meta content=""RSB Rental Scooter Barcelona"" property=""og:site_name""/>"
HOME,sv,25,meta,"{""content"":""Scooteruthyrning, inlines och cykeluthyrning i Barcelona | RSB"",""property"":""og:title""}","<meta content=""Scooteruthyrning, inlines och cykeluthyrning i Barcelona | RSB"" property=""og:title""/>"
HOME,sv,26,meta,"{""content"":""Hyr scootrar, inlines och cyklar i Barcelona från vår butik i Vila Olímpica. Tydliga priser och gratis scooterleverans till hotellet vid hyror på 3 dagar eller mer."",""property"":""og:description""}","<meta content=""Hyr scootrar, inlines och cyklar i Barcelona från vår butik i Vila Olímpica. Tydliga priser och gratis scooterleverans till hotellet vid hyror på 3 dagar eller mer."" property=""og:description""/>"
HOME,sv,27,meta,"{""content"":""https://rentalscooterbarcelona.com/sv/"",""property"":""og:url""}","<meta content=""https://rentalscooterbarcelona.com/sv/"" property=""og:url""/>"
HOME,sv,28,meta,"{""content"":""https://rentalscooterbarcelona.com/images/rsb-barcelona-rental-hero-group-beach-1600-v1.webp"",""property"":""og:image""}","<meta content=""https://rentalscooterbarcelona.com/images/rsb-barcelona-rental-hero-group-beach-1600-v1.webp"" property=""og:image""/>"
HOME,sv,29,meta,"{""content"":""https://rentalscooterbarcelona.com/images/rsb-barcelona-rental-hero-group-beach-1600-v1.webp"",""property"":""og:image:secure_url""}","<meta content=""https://rentalscooterbarcelona.com/images/rsb-barcelona-rental-hero-group-beach-1600-v1.webp"" property=""og:image:secure_url""/>"
HOME,sv,30,meta,"{""content"":""image/webp"",""property"":""og:image:type""}","<meta content=""image/webp"" property=""og:image:type""/>"
HOME,sv,31,meta,"{""content"":""1600"",""property"":""og:image:width""}","<meta content=""1600"" property=""og:image:width""/>"
HOME,sv,32,meta,"{""content"":""874"",""property"":""og:image:height""}","<meta content=""874"" property=""og:image:height""/>"
HOME,sv,33,meta,"{""content"":""Grupp som njuter av scooteruthyrning, inlines och cykeluthyrning nära Barceloneta-stranden i Barcelona"",""property"":""og:image:alt""}","<meta content=""Grupp som njuter av scooteruthyrning, inlines och cykeluthyrning nära Barceloneta-stranden i Barcelona"" property=""og:image:alt""/>"
HOME,sv,34,meta,"{""content"":""sv_SE"",""property"":""og:locale""}","<meta content=""sv_SE"" property=""og:locale""/>"
HOME,sv,35,meta,"{""content"":""en_GB"",""property"":""og:locale:alternate""}","<meta content=""en_GB"" property=""og:locale:alternate""/>"
HOME,sv,36,meta,"{""content"":""es_ES"",""property"":""og:locale:alternate""}","<meta content=""es_ES"" property=""og:locale:alternate""/>"
HOME,sv,37,meta,"{""content"":""fr_FR"",""property"":""og:locale:alternate""}","<meta content=""fr_FR"" property=""og:locale:alternate""/>"
HOME,sv,38,meta,"{""content"":""it_IT"",""property"":""og:locale:alternate""}","<meta content=""it_IT"" property=""og:locale:alternate""/>"
HOME,sv,39,meta,"{""content"":""de_DE"",""property"":""og:locale:alternate""}","<meta content=""de_DE"" property=""og:locale:alternate""/>"
HOME,sv,40,meta,"{""content"":""nl_NL"",""property"":""og:locale:alternate""}","<meta content=""nl_NL"" property=""og:locale:alternate""/>"
HOME,sv,41,meta,"{""content"":""pt_PT"",""property"":""og:locale:alternate""}","<meta content=""pt_PT"" property=""og:locale:alternate""/>"
HOME,sv,42,meta,"{""content"":""ca_ES"",""property"":""og:locale:alternate""}","<meta content=""ca_ES"" property=""og:locale:alternate""/>"
HOME,sv,43,meta,"{""content"":""pl_PL"",""property"":""og:locale:alternate""}","<meta content=""pl_PL"" property=""og:locale:alternate""/>"
HOME,sv,44,meta,"{""content"":""summary_large_image"",""name"":""twitter:card""}","<meta content=""summary_large_image"" name=""twitter:card""/>"
HOME,sv,45,meta,"{""content"":""@RSBscooterbarce"",""name"":""twitter:site""}","<meta content=""@RSBscooterbarce"" name=""twitter:site""/>"
HOME,sv,46,meta,"{""content"":""@RSBscooterbarce"",""name"":""twitter:creator""}","<meta content=""@RSBscooterbarce"" name=""twitter:creator""/>"
HOME,sv,47,meta,"{""content"":""Scooteruthyrning, inlines och cykeluthyrning i Barcelona | RSB"",""name"":""twitter:title""}","<meta content=""Scooteruthyrning, inlines och cykeluthyrning i Barcelona | RSB"" name=""twitter:title""/>"
HOME,sv,48,meta,"{""content"":""Hyr scootrar, inlines och cyklar i Barcelona från vår butik i Vila Olímpica. Tydliga priser och gratis scooterleverans till hotellet vid hyror på 3 dagar eller mer."",""name"":""twitter:description""}","<meta content=""Hyr scootrar, inlines och cyklar i Barcelona från vår butik i Vila Olímpica. Tydliga priser och gratis scooterleverans till hotellet vid hyror på 3 dagar eller mer."" name=""twitter:description""/>"
HOME,sv,49,meta,"{""content"":""https://rentalscooterbarcelona.com/images/rsb-barcelona-rental-hero-group-beach-1600-v1.webp"",""name"":""twitter:image""}","<meta content=""https://rentalscooterbarcelona.com/images/rsb-barcelona-rental-hero-group-beach-1600-v1.webp"" name=""twitter:image""/>"
HOME,sv,50,meta,"{""content"":""Grupp som njuter av scooteruthyrning, inlines och cykeluthyrning nära Barceloneta-stranden i Barcelona"",""name"":""twitter:image:alt""}","<meta content=""Grupp som njuter av scooteruthyrning, inlines och cykeluthyrning nära Barceloneta-stranden i Barcelona"" name=""twitter:image:alt""/>"
HOME,sv,51,link,"{""href"":""https://rentalscooterbarcelona.com/favicon.ico"",""rel"":""icon"",""sizes"":""any""}","<link href=""https://rentalscooterbarcelona.com/favicon.ico"" rel=""icon"" sizes=""any""/>"
HOME,sv,52,link,"{""href"":""https://rentalscooterbarcelona.com/favicon-16x16.png"",""rel"":""icon"",""sizes"":""16x16"",""type"":""image/png""}","<link href=""https://rentalscooterbarcelona.com/favicon-16x16.png"" rel=""icon"" sizes=""16x16"" type=""image/png""/>"
HOME,sv,53,link,"{""href"":""https://rentalscooterbarcelona.com/favicon-32x32.png"",""rel"":""icon"",""sizes"":""32x32"",""type"":""image/png""}","<link href=""https://rentalscooterbarcelona.com/favicon-32x32.png"" rel=""icon"" sizes=""32x32"" type=""image/png""/>"
HOME,sv,54,link,"{""href"":""https://rentalscooterbarcelona.com/favicon-192x192.png"",""rel"":""icon"",""sizes"":""192x192"",""type"":""image/png""}","<link href=""https://rentalscooterbarcelona.com/favicon-192x192.png"" rel=""icon"" sizes=""192x192"" type=""image/png""/>"
HOME,sv,55,link,"{""href"":""https://rentalscooterbarcelona.com/favicon-512x512.png"",""rel"":""icon"",""sizes"":""512x512"",""type"":""image/png""}","<link href=""https://rentalscooterbarcelona.com/favicon-512x512.png"" rel=""icon"" sizes=""512x512"" type=""image/png""/>"
HOME,sv,56,link,"{""href"":""https://rentalscooterbarcelona.com/apple-touch-icon.png"",""rel"":""apple-touch-icon""}","<link href=""https://rentalscooterbarcelona.com/apple-touch-icon.png"" rel=""apple-touch-icon""/>"
HOME,sv,57,link,"{""crossorigin"":"""",""href"":""https://www.googletagmanager.com"",""rel"":""preconnect""}","<link crossorigin="""" href=""https://www.googletagmanager.com"" rel=""preconnect""/>"
HOME,sv,58,link,"{""href"":""https://www.googletagmanager.com"",""rel"":""dns-prefetch""}","<link href=""https://www.googletagmanager.com"" rel=""dns-prefetch""/>"
HOME,sv,59,link,"{""as"":""image"",""fetchpriority"":""high"",""href"":""https://rentalscooterbarcelona.com/images/rsb-barcelona-rental-hero-group-beach-1600-v1.webp"",""imagesizes"":""100vw"",""imagesrcset"":""https://rentalscooterbarcelona.com/images/rsb-barcelona-rental-hero-group-beach-480-v1.webp 480w, /images/rsb-barcelona-rental-hero-group-beach-720-v2.webp 720w, https://rentalscooterbarcelona.com/images/rsb-barcelona-rental-hero-group-beach-800-v1.webp 800w, https://rentalscooterbarcelona.com/images/rsb-barcelona-rental-hero-group-beach-1600-v1.webp 1600w"",""rel"":""preload""}","<link as=""image"" fetchpriority=""high"" href=""https://rentalscooterbarcelona.com/images/rsb-barcelona-rental-hero-group-beach-1600-v1.webp"" imagesizes=""100vw"" imagesrcset=""https://rentalscooterbarcelona.com/images/rsb-barcelona-rental-hero-group-beach-480-v1.webp 480w, /images/rsb-barcelona-rental-hero-group-beach-720-v2.webp 720w, https://rentalscooterbarcelona.com/images/rsb-barcelona-rental-hero-group-beach-800-v1.webp 800w, https://rentalscooterbarcelona.com/images/rsb-barcelona-rental-hero-group-beach-1600-v1.webp 1600w"" rel=""preload""/>"
HOME,sv,60,link,"{""href"":""https://fonts.googleapis.com"",""rel"":""preconnect""}","<link href=""https://fonts.googleapis.com"" rel=""preconnect""/>"
HOME,sv,61,link,"{""crossorigin"":"""",""href"":""https://fonts.gstatic.com"",""rel"":""preconnect""}","<link crossorigin="""" href=""https://fonts.gstatic.com"" rel=""preconnect""/>"
HOME,sv,62,link,"{""as"":""style"",""href"":""https://fonts.googleapis.com/css2?family=Space+Grotesk:wght@400;500;600;700&display=swap"",""onload"":""this.onload=null;this.rel='stylesheet'"",""rel"":""preload""}","<link as=""style"" href=""https://fonts.googleapis.com/css2?family=Space+Grotesk:wght@400;500;600;700&amp;display=swap"" onload=""this.onload=null;this.rel='stylesheet'"" rel=""preload""/>"
HOME,sv,63,link,"{""as"":""style"",""href"":""https://rentalscooterbarcelona.com/stylesHome.css?v=20260813"",""onload"":""this.onload=null;this.rel='stylesheet'"",""rel"":""preload""}","<link as=""style"" href=""https://rentalscooterbarcelona.com/stylesHome.css?v=20260813"" onload=""this.onload=null;this.rel='stylesheet'"" rel=""preload""/>"
HOME,sv,64,noscript,{},<noscript>
HOME,sv,64,link,"{""href"":""https://fonts.googleapis.com/css2?family=Space+Grotesk:wght@400;500;600;700&display=swap"",""rel"":""stylesheet""}","<link href=""https://fonts.googleapis.com/css2?family=Space+Grotesk:wght@400;500;600;700&amp;display=swap"" rel=""stylesheet""/>"
HOME,sv,64,link,"{""href"":""https://rentalscooterbarcelona.com/stylesHome.css?v=20260813"",""rel"":""stylesheet""}","<link href=""https://rentalscooterbarcelona.com/stylesHome.css?v=20260813"" rel=""stylesheet""/>"
HOME,sv,65,script,"{""data-rsb-dynamic-hours"":"""",""type"":""application/ld+json""}","<script data-rsb-dynamic-hours="""" type=""application/ld+json"">"
HOME,sv,478,script,{},<script>
HOME,sv,499,meta,"{""content"":""3_Dfcq2jy9ccTlZt6JQm9ltOZ7UvN2QvG1PhZajyPy8"",""name"":""google-site-verification""}","<meta content=""3_Dfcq2jy9ccTlZt6JQm9ltOZ7UvN2QvG1PhZajyPy8"" name=""google-site-verification""/>"
HOME,sv,500,script,"{""data-rsb-review-entities"":"""",""type"":""application/ld+json""}","<script data-rsb-review-entities="""" type=""application/ld+json"">"
HOME,pl,4,head,{},<head>
HOME,pl,5,meta,"{""charset"":""utf-8""}","<meta charset=""utf-8""/>"
HOME,pl,6,link,"{""as"":""font"",""crossorigin"":"""",""href"":""/fonts/great-vibes-rsb-subset.woff2"",""rel"":""preload"",""type"":""font/woff2""}","<link as=""font"" crossorigin="""" href=""/fonts/great-vibes-rsb-subset.woff2"" rel=""preload"" type=""font/woff2""/>"
HOME,pl,7,style,"{""data-rsb-critical"":""""}","<style data-rsb-critical="""">"
HOME,pl,9,link,"{""rel"":""manifest"",""href"":""/site.webmanifest""}","<link rel=""manifest"" href=""/site.webmanifest""/>"
HOME,pl,10,meta,"{""content"":""width=device-width, initial-scale=1"",""name"":""viewport""}","<meta content=""width=device-width, initial-scale=1"" name=""viewport""/>"
HOME,pl,11,title,{},<title>
HOME,pl,12,meta,"{""content"":""Wynajmij skutery, rolki i rowery w Barcelonie w lokalnej wypożyczalni w Vila Olímpica. Bez kaucji za rolki i deski; darmowa dostawa skutera do hotelu przy wynajmie na 3+ dni."",""name"":""description""}","<meta content=""Wynajmij skutery, rolki i rowery w Barcelonie w lokalnej wypożyczalni w Vila Olímpica. Bez kaucji za rolki i deski; darmowa dostawa skutera do hotelu przy wynajmie na 3+ dni."" name=""description""/>"
HOME,pl,13,meta,"{""content"":""index,follow,max-image-preview:large"",""name"":""robots""}","<meta content=""index,follow,max-image-preview:large"" name=""robots""/>"
HOME,pl,14,meta,"{""content"":""RSB Rental Scooter Barcelona"",""name"":""author""}","<meta content=""RSB Rental Scooter Barcelona"" name=""author""/>"
HOME,pl,15,meta,"{""content"":""#0b1022"",""name"":""theme-color""}","<meta content=""#0b1022"" name=""theme-color""/>"
HOME,pl,16,link,"{""href"":""https://rentalscooterbarcelona.com/pl/"",""rel"":""canonical""}","<link href=""https://rentalscooterbarcelona.com/pl/"" rel=""canonical""/>"
HOME,pl,16,link,"{""href"":""https://rentalscooterbarcelona.com/"",""hreflang"":""x-default"",""rel"":""alternate""}","<link href=""https://rentalscooterbarcelona.com/"" hreflang=""x-default"" rel=""alternate""/>"
HOME,pl,16,link,"{""href"":""https://rentalscooterbarcelona.com/"",""hreflang"":""en"",""rel"":""alternate""}","<link href=""https://rentalscooterbarcelona.com/"" hreflang=""en"" rel=""alternate""/>"
HOME,pl,16,link,"{""href"":""https://rentalscooterbarcelona.com/es/"",""hreflang"":""es"",""rel"":""alternate""}","<link href=""https://rentalscooterbarcelona.com/es/"" hreflang=""es"" rel=""alternate""/>"
HOME,pl,16,link,"{""href"":""https://rentalscooterbarcelona.com/fr/"",""hreflang"":""fr"",""rel"":""alternate""}","<link href=""https://rentalscooterbarcelona.com/fr/"" hreflang=""fr"" rel=""alternate""/>"
HOME,pl,16,link,"{""href"":""https://rentalscooterbarcelona.com/it/"",""hreflang"":""it"",""rel"":""alternate""}","<link href=""https://rentalscooterbarcelona.com/it/"" hreflang=""it"" rel=""alternate""/>"
HOME,pl,16,link,"{""href"":""https://rentalscooterbarcelona.com/de/"",""hreflang"":""de"",""rel"":""alternate""}","<link href=""https://rentalscooterbarcelona.com/de/"" hreflang=""de"" rel=""alternate""/>"
HOME,pl,16,link,"{""href"":""https://rentalscooterbarcelona.com/nl/"",""hreflang"":""nl"",""rel"":""alternate""}","<link href=""https://rentalscooterbarcelona.com/nl/"" hreflang=""nl"" rel=""alternate""/>"
HOME,pl,16,link,"{""href"":""https://rentalscooterbarcelona.com/pt/"",""hreflang"":""pt"",""rel"":""alternate""}","<link href=""https://rentalscooterbarcelona.com/pt/"" hreflang=""pt"" rel=""alternate""/>"
HOME,pl,16,link,"{""href"":""https://rentalscooterbarcelona.com/cat/"",""hreflang"":""ca"",""rel"":""alternate""}","<link href=""https://rentalscooterbarcelona.com/cat/"" hreflang=""ca"" rel=""alternate""/>"
HOME,pl,16,link,"{""href"":""https://rentalscooterbarcelona.com/sv/"",""hreflang"":""sv"",""rel"":""alternate""}","<link href=""https://rentalscooterbarcelona.com/sv/"" hreflang=""sv"" rel=""alternate""/>"
HOME,pl,16,link,"{""href"":""https://rentalscooterbarcelona.com/pl/"",""hreflang"":""pl"",""rel"":""alternate""}","<link href=""https://rentalscooterbarcelona.com/pl/"" hreflang=""pl"" rel=""alternate""/>"
HOME,pl,17,meta,"{""content"":""ES-CT"",""name"":""geo.region""}","<meta content=""ES-CT"" name=""geo.region""/>"
HOME,pl,18,meta,"{""content"":""Barcelona"",""name"":""geo.placename""}","<meta content=""Barcelona"" name=""geo.placename""/>"
HOME,pl,19,meta,"{""content"":""41.3906488;2.1984312"",""name"":""geo.position""}","<meta content=""41.3906488;2.1984312"" name=""geo.position""/>"
HOME,pl,20,meta,"{""content"":""41.3906488, 2.1984312"",""name"":""ICBM""}","<meta content=""41.3906488, 2.1984312"" name=""ICBM""/>"
HOME,pl,21,meta,"{""content"":""website"",""property"":""og:type""}","<meta content=""website"" property=""og:type""/>"
HOME,pl,22,meta,"{""content"":""RSB Rental Scooter Barcelona"",""property"":""og:site_name""}","<meta content=""RSB Rental Scooter Barcelona"" property=""og:site_name""/>"
HOME,pl,23,meta,"{""content"":""Wynajem skuterów, rolek i rowerów w Barcelonie | RSB"",""property"":""og:title""}","<meta content=""Wynajem skuterów, rolek i rowerów w Barcelonie | RSB"" property=""og:title""/>"
HOME,pl,24,meta,"{""content"":""Wynajmij skutery, rolki i rowery w Barcelonie w lokalnej wypożyczalni w Vila Olímpica. Bez kaucji za rolki i deski; darmowa dostawa skutera do hotelu przy wynajmie na 3+ dni."",""property"":""og:description""}","<meta content=""Wynajmij skutery, rolki i rowery w Barcelonie w lokalnej wypożyczalni w Vila Olímpica. Bez kaucji za rolki i deski; darmowa dostawa skutera do hotelu przy wynajmie na 3+ dni."" property=""og:description""/>"
HOME,pl,25,meta,"{""content"":""https://rentalscooterbarcelona.com/pl/"",""property"":""og:url""}","<meta content=""https://rentalscooterbarcelona.com/pl/"" property=""og:url""/>"
HOME,pl,26,meta,"{""content"":""https://rentalscooterbarcelona.com/images/rsb-barcelona-rental-hero-group-beach-1600-v1.webp"",""property"":""og:image""}","<meta content=""https://rentalscooterbarcelona.com/images/rsb-barcelona-rental-hero-group-beach-1600-v1.webp"" property=""og:image""/>"
HOME,pl,27,meta,"{""content"":""https://rentalscooterbarcelona.com/images/rsb-barcelona-rental-hero-group-beach-1600-v1.webp"",""property"":""og:image:secure_url""}","<meta content=""https://rentalscooterbarcelona.com/images/rsb-barcelona-rental-hero-group-beach-1600-v1.webp"" property=""og:image:secure_url""/>"
HOME,pl,28,meta,"{""content"":""image/webp"",""property"":""og:image:type""}","<meta content=""image/webp"" property=""og:image:type""/>"
HOME,pl,29,meta,"{""content"":""1600"",""property"":""og:image:width""}","<meta content=""1600"" property=""og:image:width""/>"
HOME,pl,30,meta,"{""content"":""874"",""property"":""og:image:height""}","<meta content=""874"" property=""og:image:height""/>"
HOME,pl,31,meta,"{""content"":""Grupa korzystająca z wynajmu skutera, rolek i roweru przy plaży Barceloneta w Barcelonie"",""property"":""og:image:alt""}","<meta content=""Grupa korzystająca z wynajmu skutera, rolek i roweru przy plaży Barceloneta w Barcelonie"" property=""og:image:alt""/>"
HOME,pl,32,meta,"{""content"":""pl_PL"",""property"":""og:locale""}","<meta content=""pl_PL"" property=""og:locale""/>"
HOME,pl,32,meta,"{""content"":""en_GB"",""property"":""og:locale:alternate""}","<meta content=""en_GB"" property=""og:locale:alternate""/>"
HOME,pl,32,meta,"{""content"":""es_ES"",""property"":""og:locale:alternate""}","<meta content=""es_ES"" property=""og:locale:alternate""/>"
HOME,pl,32,meta,"{""content"":""fr_FR"",""property"":""og:locale:alternate""}","<meta content=""fr_FR"" property=""og:locale:alternate""/>"
HOME,pl,32,meta,"{""content"":""it_IT"",""property"":""og:locale:alternate""}","<meta content=""it_IT"" property=""og:locale:alternate""/>"
HOME,pl,32,meta,"{""content"":""de_DE"",""property"":""og:locale:alternate""}","<meta content=""de_DE"" property=""og:locale:alternate""/>"
HOME,pl,32,meta,"{""content"":""nl_NL"",""property"":""og:locale:alternate""}","<meta content=""nl_NL"" property=""og:locale:alternate""/>"
HOME,pl,32,meta,"{""content"":""pt_PT"",""property"":""og:locale:alternate""}","<meta content=""pt_PT"" property=""og:locale:alternate""/>"
HOME,pl,32,meta,"{""content"":""ca_ES"",""property"":""og:locale:alternate""}","<meta content=""ca_ES"" property=""og:locale:alternate""/>"
HOME,pl,32,meta,"{""content"":""sv_SE"",""property"":""og:locale:alternate""}","<meta content=""sv_SE"" property=""og:locale:alternate""/>"
HOME,pl,33,meta,"{""content"":""summary_large_image"",""name"":""twitter:card""}","<meta content=""summary_large_image"" name=""twitter:card""/>"
HOME,pl,34,meta,"{""content"":""@RSBscooterbarce"",""name"":""twitter:site""}","<meta content=""@RSBscooterbarce"" name=""twitter:site""/>"
HOME,pl,35,meta,"{""content"":""Wynajem skuterów, rolek i rowerów w Barcelonie | RSB"",""name"":""twitter:title""}","<meta content=""Wynajem skuterów, rolek i rowerów w Barcelonie | RSB"" name=""twitter:title""/>"
HOME,pl,36,meta,"{""content"":""Wynajmij skutery, rolki i rowery w Barcelonie w lokalnej wypożyczalni w Vila Olímpica. Bez kaucji za rolki i deski; darmowa dostawa skutera do hotelu przy wynajmie na 3+ dni."",""name"":""twitter:description""}","<meta content=""Wynajmij skutery, rolki i rowery w Barcelonie w lokalnej wypożyczalni w Vila Olímpica. Bez kaucji za rolki i deski; darmowa dostawa skutera do hotelu przy wynajmie na 3+ dni."" name=""twitter:description""/>"
HOME,pl,37,meta,"{""content"":""https://rentalscooterbarcelona.com/images/rsb-barcelona-rental-hero-group-beach-1600-v1.webp"",""name"":""twitter:image""}","<meta content=""https://rentalscooterbarcelona.com/images/rsb-barcelona-rental-hero-group-beach-1600-v1.webp"" name=""twitter:image""/>"
HOME,pl,38,meta,"{""content"":""Grupa korzystająca z wynajmu skutera, rolek i roweru przy plaży Barceloneta w Barcelonie"",""name"":""twitter:image:alt""}","<meta content=""Grupa korzystająca z wynajmu skutera, rolek i roweru przy plaży Barceloneta w Barcelonie"" name=""twitter:image:alt""/>"
HOME,pl,39,link,"{""href"":""https://rentalscooterbarcelona.com/favicon.ico"",""rel"":""icon"",""sizes"":""any""}","<link href=""https://rentalscooterbarcelona.com/favicon.ico"" rel=""icon"" sizes=""any""/>"
HOME,pl,40,link,"{""href"":""https://rentalscooterbarcelona.com/favicon-16x16.png"",""rel"":""icon"",""sizes"":""16x16"",""type"":""image/png""}","<link href=""https://rentalscooterbarcelona.com/favicon-16x16.png"" rel=""icon"" sizes=""16x16"" type=""image/png""/>"
HOME,pl,41,link,"{""href"":""https://rentalscooterbarcelona.com/favicon-32x32.png"",""rel"":""icon"",""sizes"":""32x32"",""type"":""image/png""}","<link href=""https://rentalscooterbarcelona.com/favicon-32x32.png"" rel=""icon"" sizes=""32x32"" type=""image/png""/>"
HOME,pl,42,link,"{""href"":""https://rentalscooterbarcelona.com/favicon-192x192.png"",""rel"":""icon"",""sizes"":""192x192"",""type"":""image/png""}","<link href=""https://rentalscooterbarcelona.com/favicon-192x192.png"" rel=""icon"" sizes=""192x192"" type=""image/png""/>"
HOME,pl,43,link,"{""href"":""https://rentalscooterbarcelona.com/favicon-512x512.png"",""rel"":""icon"",""sizes"":""512x512"",""type"":""image/png""}","<link href=""https://rentalscooterbarcelona.com/favicon-512x512.png"" rel=""icon"" sizes=""512x512"" type=""image/png""/>"
HOME,pl,44,link,"{""href"":""https://rentalscooterbarcelona.com/apple-touch-icon.png"",""rel"":""apple-touch-icon""}","<link href=""https://rentalscooterbarcelona.com/apple-touch-icon.png"" rel=""apple-touch-icon""/>"
HOME,pl,45,link,"{""crossorigin"":"""",""href"":""https://www.googletagmanager.com"",""rel"":""preconnect""}","<link crossorigin="""" href=""https://www.googletagmanager.com"" rel=""preconnect""/>"
HOME,pl,46,link,"{""href"":""https://www.googletagmanager.com"",""rel"":""dns-prefetch""}","<link href=""https://www.googletagmanager.com"" rel=""dns-prefetch""/>"
HOME,pl,47,link,"{""as"":""image"",""fetchpriority"":""high"",""href"":""https://rentalscooterbarcelona.com/images/rsb-barcelona-rental-hero-group-beach-1600-v1.webp"",""imagesizes"":""100vw"",""imagesrcset"":""https://rentalscooterbarcelona.com/images/rsb-barcelona-rental-hero-group-beach-480-v1.webp 480w, /images/rsb-barcelona-rental-hero-group-beach-720-v2.webp 720w, https://rentalscooterbarcelona.com/images/rsb-barcelona-rental-hero-group-beach-800-v1.webp 800w, https://rentalscooterbarcelona.com/images/rsb-barcelona-rental-hero-group-beach-1600-v1.webp 1600w"",""rel"":""preload""}","<link as=""image"" fetchpriority=""high"" href=""https://rentalscooterbarcelona.com/images/rsb-barcelona-rental-hero-group-beach-1600-v1.webp"" imagesizes=""100vw"" imagesrcset=""https://rentalscooterbarcelona.com/images/rsb-barcelona-rental-hero-group-beach-480-v1.webp 480w, /images/rsb-barcelona-rental-hero-group-beach-720-v2.webp 720w, https://rentalscooterbarcelona.com/images/rsb-barcelona-rental-hero-group-beach-800-v1.webp 800w, https://rentalscooterbarcelona.com/images/rsb-barcelona-rental-hero-group-beach-1600-v1.webp 1600w"" rel=""preload""/>"
HOME,pl,48,link,"{""href"":""https://fonts.googleapis.com"",""rel"":""preconnect""}","<link href=""https://fonts.googleapis.com"" rel=""preconnect""/>"
HOME,pl,49,link,"{""crossorigin"":"""",""href"":""https://fonts.gstatic.com"",""rel"":""preconnect""}","<link crossorigin="""" href=""https://fonts.gstatic.com"" rel=""preconnect""/>"
HOME,pl,50,link,"{""as"":""style"",""href"":""https://fonts.googleapis.com/css2?family=Space+Grotesk:wght@400;500;600;700&display=swap"",""onload"":""this.onload=null;this.rel='stylesheet'"",""rel"":""preload""}","<link as=""style"" href=""https://fonts.googleapis.com/css2?family=Space+Grotesk:wght@400;500;600;700&amp;display=swap"" onload=""this.onload=null;this.rel='stylesheet'"" rel=""preload""/>"
HOME,pl,51,link,"{""as"":""style"",""href"":""https://rentalscooterbarcelona.com/stylesHome.css?v=20260813"",""onload"":""this.onload=null;this.rel='stylesheet'"",""rel"":""preload""}","<link as=""style"" href=""https://rentalscooterbarcelona.com/stylesHome.css?v=20260813"" onload=""this.onload=null;this.rel='stylesheet'"" rel=""preload""/>"
HOME,pl,52,noscript,{},<noscript>
HOME,pl,52,link,"{""href"":""https://fonts.googleapis.com/css2?family=Space+Grotesk:wght@400;500;600;700&display=swap"",""rel"":""stylesheet""}","<link href=""https://fonts.googleapis.com/css2?family=Space+Grotesk:wght@400;500;600;700&amp;display=swap"" rel=""stylesheet""/>"
HOME,pl,52,link,"{""href"":""https://rentalscooterbarcelona.com/stylesHome.css?v=20260813"",""rel"":""stylesheet""}","<link href=""https://rentalscooterbarcelona.com/stylesHome.css?v=20260813"" rel=""stylesheet""/>"
HOME,pl,53,script,"{""data-rsb-dynamic-hours"":"""",""type"":""application/ld+json""}","<script data-rsb-dynamic-hours="""" type=""application/ld+json"">"
HOME,pl,464,script,{},<script>
HOME,pl,485,meta,"{""content"":""RSB Rental Scooter Barcelona"",""name"":""application-name""}","<meta content=""RSB Rental Scooter Barcelona"" name=""application-name""/>"
HOME,pl,486,meta,"{""content"":""RSB Wynajem"",""name"":""apple-mobile-web-app-title""}","<meta content=""RSB Wynajem"" name=""apple-mobile-web-app-title""/>"
HOME,pl,487,meta,"{""content"":""3_Dfcq2jy9ccTlZt6JQm9ltOZ7UvN2QvG1PhZajyPy8"",""name"":""google-site-verification""}","<meta content=""3_Dfcq2jy9ccTlZt6JQm9ltOZ7UvN2QvG1PhZajyPy8"" name=""google-site-verification""/>"
HOME,pl,488,script,"{""data-rsb-review-entities"":"""",""type"":""application/ld+json""}","<script data-rsb-review-entities="""" type=""application/ld+json"">"
PRICES,en,3,head,{},<head>
PRICES,en,4,meta,"{""charset"":""utf-8""}","<meta charset=""utf-8""/>"
PRICES,en,5,link,"{""rel"":""manifest"",""href"":""/site.webmanifest""}","<link rel=""manifest"" href=""/site.webmanifest""/>"
PRICES,en,6,meta,"{""content"":""width=device-width, initial-scale=1"",""name"":""viewport""}","<meta content=""width=device-width, initial-scale=1"" name=""viewport""/>"
PRICES,en,7,title,{},<title>
PRICES,en,8,meta,"{""content"":""Compare scooter, inline skates, bike, roller skates, skateboard and longboard rental prices in Barcelona. Local shop in Vila Olímpica; WhatsApp booking."",""name"":""description""}","<meta content=""Compare scooter, inline skates, bike, roller skates, skateboard and longboard rental prices in Barcelona. Local shop in Vila Olímpica; WhatsApp booking."" name=""description""/>"
PRICES,en,9,meta,"{""content"":""index,follow,max-image-preview:large"",""name"":""robots""}","<meta content=""index,follow,max-image-preview:large"" name=""robots""/>"
PRICES,en,10,meta,"{""content"":""#0b1022"",""name"":""theme-color""}","<meta content=""#0b1022"" name=""theme-color""/>"
PRICES,en,10,meta,"{""content"":""RSB Rental Scooter Barcelona"",""name"":""author""}","<meta content=""RSB Rental Scooter Barcelona"" name=""author""/>"
PRICES,en,12,link,"{""href"":""https://rentalscooterbarcelona.com/Prices/"",""rel"":""canonical""}","<link href=""https://rentalscooterbarcelona.com/Prices/"" rel=""canonical""/>"
PRICES,en,12,link,"{""href"":""https://rentalscooterbarcelona.com/Prices/"",""hreflang"":""x-default"",""rel"":""alternate""}","<link href=""https://rentalscooterbarcelona.com/Prices/"" hreflang=""x-default"" rel=""alternate""/>"
PRICES,en,12,link,"{""href"":""https://rentalscooterbarcelona.com/Prices/"",""hreflang"":""en"",""rel"":""alternate""}","<link href=""https://rentalscooterbarcelona.com/Prices/"" hreflang=""en"" rel=""alternate""/>"
PRICES,en,12,link,"{""href"":""https://rentalscooterbarcelona.com/es/Prices/"",""hreflang"":""es"",""rel"":""alternate""}","<link href=""https://rentalscooterbarcelona.com/es/Prices/"" hreflang=""es"" rel=""alternate""/>"
PRICES,en,12,link,"{""href"":""https://rentalscooterbarcelona.com/fr/Prices/"",""hreflang"":""fr"",""rel"":""alternate""}","<link href=""https://rentalscooterbarcelona.com/fr/Prices/"" hreflang=""fr"" rel=""alternate""/>"
PRICES,en,12,link,"{""href"":""https://rentalscooterbarcelona.com/it/Prices/"",""hreflang"":""it"",""rel"":""alternate""}","<link href=""https://rentalscooterbarcelona.com/it/Prices/"" hreflang=""it"" rel=""alternate""/>"
PRICES,en,12,link,"{""href"":""https://rentalscooterbarcelona.com/de/Prices/"",""hreflang"":""de"",""rel"":""alternate""}","<link href=""https://rentalscooterbarcelona.com/de/Prices/"" hreflang=""de"" rel=""alternate""/>"
PRICES,en,12,link,"{""href"":""https://rentalscooterbarcelona.com/nl/Prices/"",""hreflang"":""nl"",""rel"":""alternate""}","<link href=""https://rentalscooterbarcelona.com/nl/Prices/"" hreflang=""nl"" rel=""alternate""/>"
PRICES,en,12,link,"{""href"":""https://rentalscooterbarcelona.com/pt/Prices/"",""hreflang"":""pt"",""rel"":""alternate""}","<link href=""https://rentalscooterbarcelona.com/pt/Prices/"" hreflang=""pt"" rel=""alternate""/>"
PRICES,en,12,link,"{""href"":""https://rentalscooterbarcelona.com/cat/Prices/"",""hreflang"":""ca"",""rel"":""alternate""}","<link href=""https://rentalscooterbarcelona.com/cat/Prices/"" hreflang=""ca"" rel=""alternate""/>"
PRICES,en,12,link,"{""href"":""https://rentalscooterbarcelona.com/sv/Prices/"",""hreflang"":""sv"",""rel"":""alternate""}","<link href=""https://rentalscooterbarcelona.com/sv/Prices/"" hreflang=""sv"" rel=""alternate""/>"
PRICES,en,12,link,"{""href"":""https://rentalscooterbarcelona.com/pl/Prices/"",""hreflang"":""pl"",""rel"":""alternate""}","<link href=""https://rentalscooterbarcelona.com/pl/Prices/"" hreflang=""pl"" rel=""alternate""/>"
PRICES,en,15,meta,"{""content"":""ES-CT"",""name"":""geo.region""}","<meta content=""ES-CT"" name=""geo.region""/>"
PRICES,en,16,meta,"{""content"":""Barcelona"",""name"":""geo.placename""}","<meta content=""Barcelona"" name=""geo.placename""/>"
PRICES,en,17,meta,"{""content"":""41.3906488;2.1984312"",""name"":""geo.position""}","<meta content=""41.3906488;2.1984312"" name=""geo.position""/>"
PRICES,en,18,meta,"{""content"":""41.3906488, 2.1984312"",""name"":""ICBM""}","<meta content=""41.3906488, 2.1984312"" name=""ICBM""/>"
PRICES,en,19,meta,"{""content"":""website"",""property"":""og:type""}","<meta content=""website"" property=""og:type""/>"
PRICES,en,20,meta,"{""content"":""RSB Rental Scooter Barcelona"",""property"":""og:site_name""}","<meta content=""RSB Rental Scooter Barcelona"" property=""og:site_name""/>"
PRICES,en,21,meta,"{""content"":""Scooter, Inline Skates & Bike Rental Prices in Barcelona | RSB"",""property"":""og:title""}","<meta content=""Scooter, Inline Skates &amp; Bike Rental Prices in Barcelona | RSB"" property=""og:title""/>"
PRICES,en,22,meta,"{""content"":""Compare scooter, inline skates, bike, roller skates, skateboard and longboard rental prices in Barcelona. Local shop in Vila Olímpica; WhatsApp booking."",""property"":""og:description""}","<meta content=""Compare scooter, inline skates, bike, roller skates, skateboard and longboard rental prices in Barcelona. Local shop in Vila Olímpica; WhatsApp booking."" property=""og:description""/>"
PRICES,en,23,meta,"{""content"":""https://rentalscooterbarcelona.com/Prices/"",""property"":""og:url""}","<meta content=""https://rentalscooterbarcelona.com/Prices/"" property=""og:url""/>"
PRICES,en,24,meta,"{""content"":""https://rentalscooterbarcelona.com/images/rsb-barcelona-rental-hero-group-beach-1600-v1.webp"",""property"":""og:image""}","<meta content=""https://rentalscooterbarcelona.com/images/rsb-barcelona-rental-hero-group-beach-1600-v1.webp"" property=""og:image""/>"
PRICES,en,25,meta,"{""content"":""https://rentalscooterbarcelona.com/images/rsb-barcelona-rental-hero-group-beach-1600-v1.webp"",""property"":""og:image:secure_url""}","<meta content=""https://rentalscooterbarcelona.com/images/rsb-barcelona-rental-hero-group-beach-1600-v1.webp"" property=""og:image:secure_url""/>"
PRICES,en,26,meta,"{""content"":""image/webp"",""property"":""og:image:type""}","<meta content=""image/webp"" property=""og:image:type""/>"
PRICES,en,27,meta,"{""content"":""1600"",""property"":""og:image:width""}","<meta content=""1600"" property=""og:image:width""/>"
PRICES,en,28,meta,"{""content"":""874"",""property"":""og:image:height""}","<meta content=""874"" property=""og:image:height""/>"
PRICES,en,29,meta,"{""content"":""Group enjoying scooter, inline skates and bike rental near Barceloneta Beach in Barcelona"",""property"":""og:image:alt""}","<meta content=""Group enjoying scooter, inline skates and bike rental near Barceloneta Beach in Barcelona"" property=""og:image:alt""/>"
PRICES,en,30,meta,"{""content"":""en_GB"",""property"":""og:locale""}","<meta content=""en_GB"" property=""og:locale""/>"
PRICES,en,31,meta,"{""content"":""es_ES"",""property"":""og:locale:alternate""}","<meta content=""es_ES"" property=""og:locale:alternate""/>"
PRICES,en,32,meta,"{""content"":""fr_FR"",""property"":""og:locale:alternate""}","<meta content=""fr_FR"" property=""og:locale:alternate""/>"
PRICES,en,33,meta,"{""content"":""it_IT"",""property"":""og:locale:alternate""}","<meta content=""it_IT"" property=""og:locale:alternate""/>"
PRICES,en,34,meta,"{""content"":""de_DE"",""property"":""og:locale:alternate""}","<meta content=""de_DE"" property=""og:locale:alternate""/>"
PRICES,en,35,meta,"{""content"":""nl_NL"",""property"":""og:locale:alternate""}","<meta content=""nl_NL"" property=""og:locale:alternate""/>"
PRICES,en,36,meta,"{""content"":""pt_PT"",""property"":""og:locale:alternate""}","<meta content=""pt_PT"" property=""og:locale:alternate""/>"
PRICES,en,37,meta,"{""content"":""ca_ES"",""property"":""og:locale:alternate""}","<meta content=""ca_ES"" property=""og:locale:alternate""/>"
PRICES,en,38,meta,"{""content"":""sv_SE"",""property"":""og:locale:alternate""}","<meta content=""sv_SE"" property=""og:locale:alternate""/>"
PRICES,en,39,meta,"{""content"":""pl_PL"",""property"":""og:locale:alternate""}","<meta content=""pl_PL"" property=""og:locale:alternate""/>"
PRICES,en,41,meta,"{""content"":""summary_large_image"",""name"":""twitter:card""}","<meta content=""summary_large_image"" name=""twitter:card""/>"
PRICES,en,41,meta,"{""content"":""@RSBscooterbarce"",""name"":""twitter:site""}","<meta content=""@RSBscooterbarce"" name=""twitter:site""/>"
PRICES,en,42,meta,"{""content"":""Scooter, Inline Skates & Bike Rental Prices in Barcelona | RSB"",""name"":""twitter:title""}","<meta content=""Scooter, Inline Skates &amp; Bike Rental Prices in Barcelona | RSB"" name=""twitter:title""/>"
PRICES,en,43,meta,"{""content"":""Compare scooter, inline skates, bike, roller skates, skateboard and longboard rental prices in Barcelona. Local shop in Vila Olímpica; WhatsApp booking."",""name"":""twitter:description""}","<meta content=""Compare scooter, inline skates, bike, roller skates, skateboard and longboard rental prices in Barcelona. Local shop in Vila Olímpica; WhatsApp booking."" name=""twitter:description""/>"
PRICES,en,44,meta,"{""content"":""https://rentalscooterbarcelona.com/images/rsb-barcelona-rental-hero-group-beach-1600-v1.webp"",""name"":""twitter:image""}","<meta content=""https://rentalscooterbarcelona.com/images/rsb-barcelona-rental-hero-group-beach-1600-v1.webp"" name=""twitter:image""/>"
PRICES,en,46,link,"{""href"":""https://rentalscooterbarcelona.com/favicon.ico"",""rel"":""icon"",""sizes"":""any""}","<link href=""https://rentalscooterbarcelona.com/favicon.ico"" rel=""icon"" sizes=""any""/>"
PRICES,en,47,link,"{""href"":""https://rentalscooterbarcelona.com/favicon-16x16.png"",""rel"":""icon"",""sizes"":""16x16"",""type"":""image/png""}","<link href=""https://rentalscooterbarcelona.com/favicon-16x16.png"" rel=""icon"" sizes=""16x16"" type=""image/png""/>"
PRICES,en,48,link,"{""href"":""https://rentalscooterbarcelona.com/favicon-32x32.png"",""rel"":""icon"",""sizes"":""32x32"",""type"":""image/png""}","<link href=""https://rentalscooterbarcelona.com/favicon-32x32.png"" rel=""icon"" sizes=""32x32"" type=""image/png""/>"
PRICES,en,49,link,"{""href"":""https://rentalscooterbarcelona.com/favicon-192x192.png"",""rel"":""icon"",""sizes"":""192x192"",""type"":""image/png""}","<link href=""https://rentalscooterbarcelona.com/favicon-192x192.png"" rel=""icon"" sizes=""192x192"" type=""image/png""/>"
PRICES,en,50,link,"{""href"":""https://rentalscooterbarcelona.com/favicon-512x512.png"",""rel"":""icon"",""sizes"":""512x512"",""type"":""image/png""}","<link href=""https://rentalscooterbarcelona.com/favicon-512x512.png"" rel=""icon"" sizes=""512x512"" type=""image/png""/>"
PRICES,en,51,link,"{""href"":""https://rentalscooterbarcelona.com/apple-touch-icon.png"",""rel"":""apple-touch-icon""}","<link href=""https://rentalscooterbarcelona.com/apple-touch-icon.png"" rel=""apple-touch-icon""/>"
PRICES,en,53,link,"{""crossorigin"":"""",""href"":""https://www.googletagmanager.com"",""rel"":""preconnect""}","<link crossorigin="""" href=""https://www.googletagmanager.com"" rel=""preconnect""/>"
PRICES,en,54,link,"{""href"":""https://www.googletagmanager.com"",""rel"":""dns-prefetch""}","<link href=""https://www.googletagmanager.com"" rel=""dns-prefetch""/>"
PRICES,en,57,link,"{""href"":""https://fonts.googleapis.com"",""rel"":""preconnect""}","<link href=""https://fonts.googleapis.com"" rel=""preconnect""/>"
PRICES,en,58,link,"{""crossorigin"":"""",""href"":""https://fonts.gstatic.com"",""rel"":""preconnect""}","<link crossorigin="""" href=""https://fonts.gstatic.com"" rel=""preconnect""/>"
PRICES,en,59,link,"{""href"":""https://fonts.googleapis.com/css2?family=Space+Grotesk:wght@400;500;600;700&family=Inter:wght@400;500;600;700&display=swap"",""rel"":""stylesheet""}","<link href=""https://fonts.googleapis.com/css2?family=Space+Grotesk:wght@400;500;600;700&amp;family=Inter:wght@400;500;600;700&amp;display=swap"" rel=""stylesheet""/>"
PRICES,en,61,link,"{""href"":""https://rentalscooterbarcelona.com/styles.css?v=20260813"",""rel"":""stylesheet""}","<link href=""https://rentalscooterbarcelona.com/styles.css?v=20260813"" rel=""stylesheet""/>"
PRICES,en,62,link,"{""href"":""https://rentalscooterbarcelona.com/Prices/prices.css?v=20260813"",""rel"":""stylesheet""}","<link href=""https://rentalscooterbarcelona.com/Prices/prices.css?v=20260813"" rel=""stylesheet""/>"
PRICES,en,65,script,"{""async"":"""",""src"":""https://www.googletagmanager.com/gtag/js?id=G-S7SMLHCNGK""}","<script async="""" src=""https://www.googletagmanager.com/gtag/js?id=G-S7SMLHCNGK"">"
PRICES,en,66,script,{},<script>
PRICES,en,73,meta,"{""content"":""3_Dfcq2jy9ccTlZt6JQm9ltOZ7UvN2QvG1PhZajyPy8"",""name"":""google-site-verification""}","<meta content=""3_Dfcq2jy9ccTlZt6JQm9ltOZ7UvN2QvG1PhZajyPy8"" name=""google-site-verification""/>"
PRICES,en,74,link,"{""as"":""image"",""fetchpriority"":""high"",""href"":""https://rentalscooterbarcelona.com/images/rsb-barcelona-rental-hero-group-beach-800-v1.webp"",""imagesizes"":""100vw"",""imagesrcset"":""https://rentalscooterbarcelona.com/images/rsb-barcelona-rental-hero-group-beach-480-v1.webp 480w, https://rentalscooterbarcelona.com/images/rsb-barcelona-rental-hero-group-beach-800-v1.webp 800w, https://rentalscooterbarcelona.com/images/rsb-barcelona-rental-hero-group-beach-1600-v1.webp 1600w"",""rel"":""preload""}","<link as=""image"" fetchpriority=""high"" href=""https://rentalscooterbarcelona.com/images/rsb-barcelona-rental-hero-group-beach-800-v1.webp"" imagesizes=""100vw"" imagesrcset=""https://rentalscooterbarcelona.com/images/rsb-barcelona-rental-hero-group-beach-480-v1.webp 480w, https://rentalscooterbarcelona.com/images/rsb-barcelona-rental-hero-group-beach-800-v1.webp 800w, https://rentalscooterbarcelona.com/images/rsb-barcelona-rental-hero-group-beach-1600-v1.webp 1600w"" rel=""preload""/>"
PRICES,en,75,script,"{""type"":""application/ld+json""}","<script type=""application/ld+json"">"
PRICES,en,1154,meta,"{""content"":""Group enjoying scooter, inline skates and bike rental near Barceloneta Beach in Barcelona"",""name"":""twitter:image:alt""}","<meta content=""Group enjoying scooter, inline skates and bike rental near Barceloneta Beach in Barcelona"" name=""twitter:image:alt""/>"
PRICES,en,1154,meta,"{""content"":""RSB Rental Scooter Barcelona"",""name"":""application-name""}","<meta content=""RSB Rental Scooter Barcelona"" name=""application-name""/>"
PRICES,en,1154,meta,"{""content"":""RSB Rental"",""name"":""apple-mobile-web-app-title""}","<meta content=""RSB Rental"" name=""apple-mobile-web-app-title""/>"
PRICES,en,1155,script,"{""data-rsb-review-entities"":"""",""type"":""application/ld+json""}","<script data-rsb-review-entities="""" type=""application/ld+json"">"
PRICES,es,3,head,{},<head>
PRICES,es,4,meta,"{""charset"":""utf-8""}","<meta charset=""utf-8""/>"
PRICES,es,5,link,"{""rel"":""manifest"",""href"":""/site.webmanifest""}","<link rel=""manifest"" href=""/site.webmanifest""/>"
PRICES,es,6,meta,"{""content"":""width=device-width, initial-scale=1"",""name"":""viewport""}","<meta content=""width=device-width, initial-scale=1"" name=""viewport""/>"
PRICES,es,7,title,{},<title>
PRICES,es,8,meta,"{""name"":""description"",""content"":""Precios de alquiler de scooters, patines, bicicletas, skateboard y longboard en Barcelona. Consulta tarifas y reserva por WhatsApp en RSB Vila Olímpica.""}","<meta name=""description"" content=""Precios de alquiler de scooters, patines, bicicletas, skateboard y longboard en Barcelona. Consulta tarifas y reserva por WhatsApp en RSB Vila Olímpica."">"
PRICES,es,9,meta,"{""content"":""index,follow,max-image-preview:large"",""name"":""robots""}","<meta content=""index,follow,max-image-preview:large"" name=""robots""/>"
PRICES,es,10,meta,"{""content"":""#0b1022"",""name"":""theme-color""}","<meta content=""#0b1022"" name=""theme-color""/>"
PRICES,es,10,meta,"{""content"":""RSB Rental Scooter Barcelona"",""name"":""author""}","<meta content=""RSB Rental Scooter Barcelona"" name=""author""/>"
PRICES,es,12,link,"{""href"":""https://rentalscooterbarcelona.com/es/Prices/"",""rel"":""canonical""}","<link href=""https://rentalscooterbarcelona.com/es/Prices/"" rel=""canonical""/>"
PRICES,es,12,link,"{""href"":""https://rentalscooterbarcelona.com/Prices/"",""hreflang"":""x-default"",""rel"":""alternate""}","<link href=""https://rentalscooterbarcelona.com/Prices/"" hreflang=""x-default"" rel=""alternate""/>"
PRICES,es,12,link,"{""href"":""https://rentalscooterbarcelona.com/Prices/"",""hreflang"":""en"",""rel"":""alternate""}","<link href=""https://rentalscooterbarcelona.com/Prices/"" hreflang=""en"" rel=""alternate""/>"
PRICES,es,12,link,"{""href"":""https://rentalscooterbarcelona.com/es/Prices/"",""hreflang"":""es"",""rel"":""alternate""}","<link href=""https://rentalscooterbarcelona.com/es/Prices/"" hreflang=""es"" rel=""alternate""/>"
PRICES,es,12,link,"{""href"":""https://rentalscooterbarcelona.com/fr/Prices/"",""hreflang"":""fr"",""rel"":""alternate""}","<link href=""https://rentalscooterbarcelona.com/fr/Prices/"" hreflang=""fr"" rel=""alternate""/>"
PRICES,es,12,link,"{""href"":""https://rentalscooterbarcelona.com/it/Prices/"",""hreflang"":""it"",""rel"":""alternate""}","<link href=""https://rentalscooterbarcelona.com/it/Prices/"" hreflang=""it"" rel=""alternate""/>"
PRICES,es,12,link,"{""href"":""https://rentalscooterbarcelona.com/de/Prices/"",""hreflang"":""de"",""rel"":""alternate""}","<link href=""https://rentalscooterbarcelona.com/de/Prices/"" hreflang=""de"" rel=""alternate""/>"
PRICES,es,12,link,"{""href"":""https://rentalscooterbarcelona.com/nl/Prices/"",""hreflang"":""nl"",""rel"":""alternate""}","<link href=""https://rentalscooterbarcelona.com/nl/Prices/"" hreflang=""nl"" rel=""alternate""/>"
PRICES,es,12,link,"{""href"":""https://rentalscooterbarcelona.com/pt/Prices/"",""hreflang"":""pt"",""rel"":""alternate""}","<link href=""https://rentalscooterbarcelona.com/pt/Prices/"" hreflang=""pt"" rel=""alternate""/>"
PRICES,es,12,link,"{""href"":""https://rentalscooterbarcelona.com/cat/Prices/"",""hreflang"":""ca"",""rel"":""alternate""}","<link href=""https://rentalscooterbarcelona.com/cat/Prices/"" hreflang=""ca"" rel=""alternate""/>"
PRICES,es,12,link,"{""href"":""https://rentalscooterbarcelona.com/sv/Prices/"",""hreflang"":""sv"",""rel"":""alternate""}","<link href=""https://rentalscooterbarcelona.com/sv/Prices/"" hreflang=""sv"" rel=""alternate""/>"
PRICES,es,12,link,"{""href"":""https://rentalscooterbarcelona.com/pl/Prices/"",""hreflang"":""pl"",""rel"":""alternate""}","<link href=""https://rentalscooterbarcelona.com/pl/Prices/"" hreflang=""pl"" rel=""alternate""/>"
PRICES,es,14,meta,"{""content"":""ES-CT"",""name"":""geo.region""}","<meta content=""ES-CT"" name=""geo.region""/>"
PRICES,es,15,meta,"{""content"":""Barcelona"",""name"":""geo.placename""}","<meta content=""Barcelona"" name=""geo.placename""/>"
PRICES,es,16,meta,"{""content"":""41.3906488;2.1984312"",""name"":""geo.position""}","<meta content=""41.3906488;2.1984312"" name=""geo.position""/>"
PRICES,es,17,meta,"{""content"":""41.3906488, 2.1984312"",""name"":""ICBM""}","<meta content=""41.3906488, 2.1984312"" name=""ICBM""/>"
PRICES,es,19,meta,"{""content"":""website"",""property"":""og:type""}","<meta content=""website"" property=""og:type""/>"
PRICES,es,20,meta,"{""content"":""RSB Rental Scooter Barcelona"",""property"":""og:site_name""}","<meta content=""RSB Rental Scooter Barcelona"" property=""og:site_name""/>"
PRICES,es,21,meta,"{""property"":""og:title"",""content"":""Precios de alquiler de scooter, patines en línea y bicicletas en Barcelona | RSB""}","<meta property=""og:title"" content=""Precios de alquiler de scooter, patines en línea y bicicletas en Barcelona | RSB"">"
PRICES,es,22,meta,"{""property"":""og:description"",""content"":""Precios de alquiler de scooters, patines, bicicletas, skateboard y longboard en Barcelona. Consulta tarifas y reserva por WhatsApp en RSB Vila Olímpica.""}","<meta property=""og:description"" content=""Precios de alquiler de scooters, patines, bicicletas, skateboard y longboard en Barcelona. Consulta tarifas y reserva por WhatsApp en RSB Vila Olímpica."">"
PRICES,es,23,meta,"{""content"":""https://rentalscooterbarcelona.com/es/Prices/"",""property"":""og:url""}","<meta content=""https://rentalscooterbarcelona.com/es/Prices/"" property=""og:url""/>"
PRICES,es,24,meta,"{""content"":""https://rentalscooterbarcelona.com/images/rsb-barcelona-rental-hero-group-beach-1600-v1.webp"",""property"":""og:image""}","<meta content=""https://rentalscooterbarcelona.com/images/rsb-barcelona-rental-hero-group-beach-1600-v1.webp"" property=""og:image""/>"
PRICES,es,25,meta,"{""content"":""https://rentalscooterbarcelona.com/images/rsb-barcelona-rental-hero-group-beach-1600-v1.webp"",""property"":""og:image:secure_url""}","<meta content=""https://rentalscooterbarcelona.com/images/rsb-barcelona-rental-hero-group-beach-1600-v1.webp"" property=""og:image:secure_url""/>"
PRICES,es,26,meta,"{""content"":""image/webp"",""property"":""og:image:type""}","<meta content=""image/webp"" property=""og:image:type""/>"
PRICES,es,27,meta,"{""content"":""1600"",""property"":""og:image:width""}","<meta content=""1600"" property=""og:image:width""/>"
PRICES,es,28,meta,"{""content"":""874"",""property"":""og:image:height""}","<meta content=""874"" property=""og:image:height""/>"
PRICES,es,29,meta,"{""content"":""Grupo disfrutando del alquiler de scooter, patines en línea y bicicletas cerca de la playa de la Barceloneta en Barcelona"",""property"":""og:image:alt""}","<meta content=""Grupo disfrutando del alquiler de scooter, patines en línea y bicicletas cerca de la playa de la Barceloneta en Barcelona"" property=""og:image:alt""/>"
PRICES,es,30,meta,"{""content"":""es_ES"",""property"":""og:locale""}","<meta content=""es_ES"" property=""og:locale""/>"
PRICES,es,31,meta,"{""content"":""en_GB"",""property"":""og:locale:alternate""}","<meta content=""en_GB"" property=""og:locale:alternate""/>"
PRICES,es,32,meta,"{""content"":""fr_FR"",""property"":""og:locale:alternate""}","<meta content=""fr_FR"" property=""og:locale:alternate""/>"
PRICES,es,33,meta,"{""content"":""it_IT"",""property"":""og:locale:alternate""}","<meta content=""it_IT"" property=""og:locale:alternate""/>"
PRICES,es,34,meta,"{""content"":""de_DE"",""property"":""og:locale:alternate""}","<meta content=""de_DE"" property=""og:locale:alternate""/>"
PRICES,es,35,meta,"{""content"":""nl_NL"",""property"":""og:locale:alternate""}","<meta content=""nl_NL"" property=""og:locale:alternate""/>"
PRICES,es,36,meta,"{""content"":""pt_PT"",""property"":""og:locale:alternate""}","<meta content=""pt_PT"" property=""og:locale:alternate""/>"
PRICES,es,37,meta,"{""content"":""ca_ES"",""property"":""og:locale:alternate""}","<meta content=""ca_ES"" property=""og:locale:alternate""/>"
PRICES,es,38,meta,"{""content"":""sv_SE"",""property"":""og:locale:alternate""}","<meta content=""sv_SE"" property=""og:locale:alternate""/>"
PRICES,es,39,meta,"{""content"":""pl_PL"",""property"":""og:locale:alternate""}","<meta content=""pl_PL"" property=""og:locale:alternate""/>"
PRICES,es,41,meta,"{""content"":""summary_large_image"",""name"":""twitter:card""}","<meta content=""summary_large_image"" name=""twitter:card""/>"
PRICES,es,41,meta,"{""content"":""@RSBscooterbarce"",""name"":""twitter:site""}","<meta content=""@RSBscooterbarce"" name=""twitter:site""/>"
PRICES,es,42,meta,"{""name"":""twitter:title"",""content"":""Precios de alquiler de scooter, patines en línea y bicicletas en Barcelona | RSB""}","<meta name=""twitter:title"" content=""Precios de alquiler de scooter, patines en línea y bicicletas en Barcelona | RSB"">"
PRICES,es,43,meta,"{""name"":""twitter:description"",""content"":""Precios de alquiler de scooters, patines, bicicletas, skateboard y longboard en Barcelona. Consulta tarifas y reserva por WhatsApp en RSB Vila Olímpica.""}","<meta name=""twitter:description"" content=""Precios de alquiler de scooters, patines, bicicletas, skateboard y longboard en Barcelona. Consulta tarifas y reserva por WhatsApp en RSB Vila Olímpica."">"
PRICES,es,44,meta,"{""content"":""https://rentalscooterbarcelona.com/images/rsb-barcelona-rental-hero-group-beach-1600-v1.webp"",""name"":""twitter:image""}","<meta content=""https://rentalscooterbarcelona.com/images/rsb-barcelona-rental-hero-group-beach-1600-v1.webp"" name=""twitter:image""/>"
PRICES,es,46,link,"{""href"":""https://rentalscooterbarcelona.com/favicon.ico"",""rel"":""icon"",""sizes"":""any""}","<link href=""https://rentalscooterbarcelona.com/favicon.ico"" rel=""icon"" sizes=""any""/>"
PRICES,es,47,link,"{""href"":""https://rentalscooterbarcelona.com/favicon-16x16.png"",""rel"":""icon"",""sizes"":""16x16"",""type"":""image/png""}","<link href=""https://rentalscooterbarcelona.com/favicon-16x16.png"" rel=""icon"" sizes=""16x16"" type=""image/png""/>"
PRICES,es,48,link,"{""href"":""https://rentalscooterbarcelona.com/favicon-32x32.png"",""rel"":""icon"",""sizes"":""32x32"",""type"":""image/png""}","<link href=""https://rentalscooterbarcelona.com/favicon-32x32.png"" rel=""icon"" sizes=""32x32"" type=""image/png""/>"
PRICES,es,49,link,"{""href"":""https://rentalscooterbarcelona.com/favicon-192x192.png"",""rel"":""icon"",""sizes"":""192x192"",""type"":""image/png""}","<link href=""https://rentalscooterbarcelona.com/favicon-192x192.png"" rel=""icon"" sizes=""192x192"" type=""image/png""/>"
PRICES,es,50,link,"{""href"":""https://rentalscooterbarcelona.com/favicon-512x512.png"",""rel"":""icon"",""sizes"":""512x512"",""type"":""image/png""}","<link href=""https://rentalscooterbarcelona.com/favicon-512x512.png"" rel=""icon"" sizes=""512x512"" type=""image/png""/>"
PRICES,es,51,link,"{""href"":""https://rentalscooterbarcelona.com/apple-touch-icon.png"",""rel"":""apple-touch-icon""}","<link href=""https://rentalscooterbarcelona.com/apple-touch-icon.png"" rel=""apple-touch-icon""/>"
PRICES,es,53,link,"{""crossorigin"":"""",""href"":""https://www.googletagmanager.com"",""rel"":""preconnect""}","<link crossorigin="""" href=""https://www.googletagmanager.com"" rel=""preconnect""/>"
PRICES,es,54,link,"{""href"":""https://www.googletagmanager.com"",""rel"":""dns-prefetch""}","<link href=""https://www.googletagmanager.com"" rel=""dns-prefetch""/>"
PRICES,es,58,link,"{""href"":""https://fonts.googleapis.com"",""rel"":""preconnect""}","<link href=""https://fonts.googleapis.com"" rel=""preconnect""/>"
PRICES,es,58,link,"{""crossorigin"":"""",""href"":""https://fonts.gstatic.com"",""rel"":""preconnect""}","<link crossorigin="""" href=""https://fonts.gstatic.com"" rel=""preconnect""/>"
PRICES,es,58,link,"{""href"":""https://fonts.googleapis.com/css2?family=Space+Grotesk:wght@400;500;600;700&family=Inter:wght@400;500;600;700&display=swap"",""rel"":""stylesheet""}","<link href=""https://fonts.googleapis.com/css2?family=Space+Grotesk:wght@400;500;600;700&amp;family=Inter:wght@400;500;600;700&amp;display=swap"" rel=""stylesheet""/>"
PRICES,es,58,link,"{""href"":""https://rentalscooterbarcelona.com/styles.css?v=20260813"",""rel"":""stylesheet""}","<link href=""https://rentalscooterbarcelona.com/styles.css?v=20260813"" rel=""stylesheet""/>"
PRICES,es,59,link,"{""href"":""https://rentalscooterbarcelona.com/Prices/prices.css?v=20260813"",""rel"":""stylesheet""}","<link href=""https://rentalscooterbarcelona.com/Prices/prices.css?v=20260813"" rel=""stylesheet""/>"
PRICES,es,62,script,"{""async"":"""",""src"":""https://www.googletagmanager.com/gtag/js?id=G-S7SMLHCNGK""}","<script async="""" src=""https://www.googletagmanager.com/gtag/js?id=G-S7SMLHCNGK"">"
PRICES,es,63,script,{},<script>
PRICES,es,70,meta,"{""content"":""3_Dfcq2jy9ccTlZt6JQm9ltOZ7UvN2QvG1PhZajyPy8"",""name"":""google-site-verification""}","<meta content=""3_Dfcq2jy9ccTlZt6JQm9ltOZ7UvN2QvG1PhZajyPy8"" name=""google-site-verification""/>"
PRICES,es,71,link,"{""as"":""image"",""fetchpriority"":""high"",""href"":""https://rentalscooterbarcelona.com/images/rsb-barcelona-rental-hero-group-beach-800-v1.webp"",""imagesizes"":""100vw"",""imagesrcset"":""https://rentalscooterbarcelona.com/images/rsb-barcelona-rental-hero-group-beach-480-v1.webp 480w, https://rentalscooterbarcelona.com/images/rsb-barcelona-rental-hero-group-beach-800-v1.webp 800w, https://rentalscooterbarcelona.com/images/rsb-barcelona-rental-hero-group-beach-1600-v1.webp 1600w"",""rel"":""preload""}","<link as=""image"" fetchpriority=""high"" href=""https://rentalscooterbarcelona.com/images/rsb-barcelona-rental-hero-group-beach-800-v1.webp"" imagesizes=""100vw"" imagesrcset=""https://rentalscooterbarcelona.com/images/rsb-barcelona-rental-hero-group-beach-480-v1.webp 480w, https://rentalscooterbarcelona.com/images/rsb-barcelona-rental-hero-group-beach-800-v1.webp 800w, https://rentalscooterbarcelona.com/images/rsb-barcelona-rental-hero-group-beach-1600-v1.webp 1600w"" rel=""preload""/>"
PRICES,es,72,script,"{""type"":""application/ld+json""}","<script type=""application/ld+json"">"
PRICES,es,1151,meta,"{""content"":""Grupo disfrutando del alquiler de scooter, patines en línea y bicicletas cerca de la playa de la Barceloneta en Barcelona"",""name"":""twitter:image:alt""}","<meta content=""Grupo disfrutando del alquiler de scooter, patines en línea y bicicletas cerca de la playa de la Barceloneta en Barcelona"" name=""twitter:image:alt""/>"
PRICES,es,1151,meta,"{""content"":""RSB Rental Scooter Barcelona"",""name"":""application-name""}","<meta content=""RSB Rental Scooter Barcelona"" name=""application-name""/>"
PRICES,es,1151,meta,"{""content"":""RSB Rental"",""name"":""apple-mobile-web-app-title""}","<meta content=""RSB Rental"" name=""apple-mobile-web-app-title""/>"
PRICES,es,1152,script,"{""data-rsb-review-entities"":"""",""type"":""application/ld+json""}","<script data-rsb-review-entities="""" type=""application/ld+json"">"
PRICES,fr,3,head,{},<head>
PRICES,fr,4,meta,"{""charset"":""utf-8""}","<meta charset=""utf-8""/>"
PRICES,fr,5,link,"{""rel"":""manifest"",""href"":""/site.webmanifest""}","<link rel=""manifest"" href=""/site.webmanifest""/>"
PRICES,fr,6,meta,"{""content"":""width=device-width, initial-scale=1"",""name"":""viewport""}","<meta content=""width=device-width, initial-scale=1"" name=""viewport""/>"
PRICES,fr,7,title,{},<title>
PRICES,fr,8,meta,"{""content"":""Prix de location pour scooters 50cc et 125cc, rollers en ligne, vélos, rollers classiques, skateboard et longboard à Barcelone."",""name"":""description""}","<meta content=""Prix de location pour scooters 50cc et 125cc, rollers en ligne, vélos, rollers classiques, skateboard et longboard à Barcelone."" name=""description""/>"
PRICES,fr,9,meta,"{""content"":""index,follow,max-image-preview:large"",""name"":""robots""}","<meta content=""index,follow,max-image-preview:large"" name=""robots""/>"
PRICES,fr,10,meta,"{""content"":""#0b1022"",""name"":""theme-color""}","<meta content=""#0b1022"" name=""theme-color""/>"
PRICES,fr,10,meta,"{""content"":""RSB Rental Scooter Barcelona"",""name"":""author""}","<meta content=""RSB Rental Scooter Barcelona"" name=""author""/>"
PRICES,fr,12,link,"{""href"":""https://rentalscooterbarcelona.com/fr/Prices/"",""rel"":""canonical""}","<link href=""https://rentalscooterbarcelona.com/fr/Prices/"" rel=""canonical""/>"
PRICES,fr,12,link,"{""href"":""https://rentalscooterbarcelona.com/Prices/"",""hreflang"":""x-default"",""rel"":""alternate""}","<link href=""https://rentalscooterbarcelona.com/Prices/"" hreflang=""x-default"" rel=""alternate""/>"
PRICES,fr,12,link,"{""href"":""https://rentalscooterbarcelona.com/Prices/"",""hreflang"":""en"",""rel"":""alternate""}","<link href=""https://rentalscooterbarcelona.com/Prices/"" hreflang=""en"" rel=""alternate""/>"
PRICES,fr,12,link,"{""href"":""https://rentalscooterbarcelona.com/es/Prices/"",""hreflang"":""es"",""rel"":""alternate""}","<link href=""https://rentalscooterbarcelona.com/es/Prices/"" hreflang=""es"" rel=""alternate""/>"
PRICES,fr,12,link,"{""href"":""https://rentalscooterbarcelona.com/fr/Prices/"",""hreflang"":""fr"",""rel"":""alternate""}","<link href=""https://rentalscooterbarcelona.com/fr/Prices/"" hreflang=""fr"" rel=""alternate""/>"
PRICES,fr,12,link,"{""href"":""https://rentalscooterbarcelona.com/it/Prices/"",""hreflang"":""it"",""rel"":""alternate""}","<link href=""https://rentalscooterbarcelona.com/it/Prices/"" hreflang=""it"" rel=""alternate""/>"
PRICES,fr,12,link,"{""href"":""https://rentalscooterbarcelona.com/de/Prices/"",""hreflang"":""de"",""rel"":""alternate""}","<link href=""https://rentalscooterbarcelona.com/de/Prices/"" hreflang=""de"" rel=""alternate""/>"
PRICES,fr,12,link,"{""href"":""https://rentalscooterbarcelona.com/nl/Prices/"",""hreflang"":""nl"",""rel"":""alternate""}","<link href=""https://rentalscooterbarcelona.com/nl/Prices/"" hreflang=""nl"" rel=""alternate""/>"
PRICES,fr,12,link,"{""href"":""https://rentalscooterbarcelona.com/pt/Prices/"",""hreflang"":""pt"",""rel"":""alternate""}","<link href=""https://rentalscooterbarcelona.com/pt/Prices/"" hreflang=""pt"" rel=""alternate""/>"
PRICES,fr,12,link,"{""href"":""https://rentalscooterbarcelona.com/cat/Prices/"",""hreflang"":""ca"",""rel"":""alternate""}","<link href=""https://rentalscooterbarcelona.com/cat/Prices/"" hreflang=""ca"" rel=""alternate""/>"
PRICES,fr,12,link,"{""href"":""https://rentalscooterbarcelona.com/sv/Prices/"",""hreflang"":""sv"",""rel"":""alternate""}","<link href=""https://rentalscooterbarcelona.com/sv/Prices/"" hreflang=""sv"" rel=""alternate""/>"
PRICES,fr,12,link,"{""href"":""https://rentalscooterbarcelona.com/pl/Prices/"",""hreflang"":""pl"",""rel"":""alternate""}","<link href=""https://rentalscooterbarcelona.com/pl/Prices/"" hreflang=""pl"" rel=""alternate""/>"
PRICES,fr,13,meta,"{""content"":""ES-CT"",""name"":""geo.region""}","<meta content=""ES-CT"" name=""geo.region""/>"
PRICES,fr,14,meta,"{""content"":""Barcelona"",""name"":""geo.placename""}","<meta content=""Barcelona"" name=""geo.placename""/>"
PRICES,fr,15,meta,"{""content"":""41.3906488;2.1984312"",""name"":""geo.position""}","<meta content=""41.3906488;2.1984312"" name=""geo.position""/>"
PRICES,fr,16,meta,"{""content"":""41.3906488, 2.1984312"",""name"":""ICBM""}","<meta content=""41.3906488, 2.1984312"" name=""ICBM""/>"
PRICES,fr,19,meta,"{""content"":""website"",""property"":""og:type""}","<meta content=""website"" property=""og:type""/>"
PRICES,fr,20,meta,"{""content"":""RSB Rental Scooter Barcelona"",""property"":""og:site_name""}","<meta content=""RSB Rental Scooter Barcelona"" property=""og:site_name""/>"
PRICES,fr,21,meta,"{""content"":""Prix de location de scooter, rollers en ligne et vélos à Barcelone | RSB"",""property"":""og:title""}","<meta content=""Prix de location de scooter, rollers en ligne et vélos à Barcelone | RSB"" property=""og:title""/>"
PRICES,fr,22,meta,"{""content"":""Comparez les prix de location de scooter 50cc et 125cc, rollers en ligne, vélos, rollers classiques, skateboard et longboard à Barcelone depuis notre boutique locale de Vila Olímpica près de la Barceloneta et de Port Olímpic. Réservation facile via WhatsApp."",""property"":""og:description""}","<meta content=""Comparez les prix de location de scooter 50cc et 125cc, rollers en ligne, vélos, rollers classiques, skateboard et longboard à Barcelone depuis notre boutique locale de Vila Olímpica près de la Barceloneta et de Port Olímpic. Réservation facile via WhatsApp."" property=""og:description""/>"
PRICES,fr,23,meta,"{""content"":""https://rentalscooterbarcelona.com/fr/Prices/"",""property"":""og:url""}","<meta content=""https://rentalscooterbarcelona.com/fr/Prices/"" property=""og:url""/>"
PRICES,fr,24,meta,"{""content"":""https://rentalscooterbarcelona.com/images/rsb-barcelona-rental-hero-group-beach-1600-v1.webp"",""property"":""og:image""}","<meta content=""https://rentalscooterbarcelona.com/images/rsb-barcelona-rental-hero-group-beach-1600-v1.webp"" property=""og:image""/>"
PRICES,fr,25,meta,"{""content"":""https://rentalscooterbarcelona.com/images/rsb-barcelona-rental-hero-group-beach-1600-v1.webp"",""property"":""og:image:secure_url""}","<meta content=""https://rentalscooterbarcelona.com/images/rsb-barcelona-rental-hero-group-beach-1600-v1.webp"" property=""og:image:secure_url""/>"
PRICES,fr,26,meta,"{""content"":""image/webp"",""property"":""og:image:type""}","<meta content=""image/webp"" property=""og:image:type""/>"
PRICES,fr,27,meta,"{""content"":""1600"",""property"":""og:image:width""}","<meta content=""1600"" property=""og:image:width""/>"
PRICES,fr,28,meta,"{""content"":""874"",""property"":""og:image:height""}","<meta content=""874"" property=""og:image:height""/>"
PRICES,fr,29,meta,"{""content"":""Groupe profitant de la location de scooter, rollers en ligne, vélos, skateboard et longboard sur la plage de la Barceloneta à Barcelone"",""property"":""og:image:alt""}","<meta content=""Groupe profitant de la location de scooter, rollers en ligne, vélos, skateboard et longboard sur la plage de la Barceloneta à Barcelone"" property=""og:image:alt""/>"
PRICES,fr,30,meta,"{""content"":""fr_FR"",""property"":""og:locale""}","<meta content=""fr_FR"" property=""og:locale""/>"
PRICES,fr,30,meta,"{""content"":""en_GB"",""property"":""og:locale:alternate""}","<meta content=""en_GB"" property=""og:locale:alternate""/>"
PRICES,fr,30,meta,"{""content"":""es_ES"",""property"":""og:locale:alternate""}","<meta content=""es_ES"" property=""og:locale:alternate""/>"
PRICES,fr,30,meta,"{""content"":""it_IT"",""property"":""og:locale:alternate""}","<meta content=""it_IT"" property=""og:locale:alternate""/>"
PRICES,fr,30,meta,"{""content"":""de_DE"",""property"":""og:locale:alternate""}","<meta content=""de_DE"" property=""og:locale:alternate""/>"
PRICES,fr,30,meta,"{""content"":""nl_NL"",""property"":""og:locale:alternate""}","<meta content=""nl_NL"" property=""og:locale:alternate""/>"
PRICES,fr,30,meta,"{""content"":""pt_PT"",""property"":""og:locale:alternate""}","<meta content=""pt_PT"" property=""og:locale:alternate""/>"
PRICES,fr,30,meta,"{""content"":""ca_ES"",""property"":""og:locale:alternate""}","<meta content=""ca_ES"" property=""og:locale:alternate""/>"
PRICES,fr,30,meta,"{""content"":""sv_SE"",""property"":""og:locale:alternate""}","<meta content=""sv_SE"" property=""og:locale:alternate""/>"
PRICES,fr,31,meta,"{""content"":""pl_PL"",""property"":""og:locale:alternate""}","<meta content=""pl_PL"" property=""og:locale:alternate""/>"
PRICES,fr,33,meta,"{""content"":""summary_large_image"",""name"":""twitter:card""}","<meta content=""summary_large_image"" name=""twitter:card""/>"
PRICES,fr,33,meta,"{""content"":""@RSBscooterbarce"",""name"":""twitter:site""}","<meta content=""@RSBscooterbarce"" name=""twitter:site""/>"
PRICES,fr,34,meta,"{""content"":""Prix de location de scooter, rollers en ligne et vélos à Barcelone | RSB"",""name"":""twitter:title""}","<meta content=""Prix de location de scooter, rollers en ligne et vélos à Barcelone | RSB"" name=""twitter:title""/>"
PRICES,fr,35,meta,"{""content"":""Comparez les prix de location de scooter 50cc et 125cc, rollers en ligne, vélos, rollers classiques, skateboard et longboard à Barcelone depuis notre boutique locale de Vila Olímpica près de la Barceloneta et de Port Olímpic. Réservation facile via WhatsApp."",""name"":""twitter:description""}","<meta content=""Comparez les prix de location de scooter 50cc et 125cc, rollers en ligne, vélos, rollers classiques, skateboard et longboard à Barcelone depuis notre boutique locale de Vila Olímpica près de la Barceloneta et de Port Olímpic. Réservation facile via WhatsApp."" name=""twitter:description""/>"
PRICES,fr,36,meta,"{""content"":""https://rentalscooterbarcelona.com/images/rsb-barcelona-rental-hero-group-beach-1600-v1.webp"",""name"":""twitter:image""}","<meta content=""https://rentalscooterbarcelona.com/images/rsb-barcelona-rental-hero-group-beach-1600-v1.webp"" name=""twitter:image""/>"
PRICES,fr,38,link,"{""href"":""https://rentalscooterbarcelona.com/favicon.ico"",""rel"":""icon"",""sizes"":""any""}","<link href=""https://rentalscooterbarcelona.com/favicon.ico"" rel=""icon"" sizes=""any""/>"
PRICES,fr,39,link,"{""href"":""https://rentalscooterbarcelona.com/favicon-16x16.png"",""rel"":""icon"",""sizes"":""16x16"",""type"":""image/png""}","<link href=""https://rentalscooterbarcelona.com/favicon-16x16.png"" rel=""icon"" sizes=""16x16"" type=""image/png""/>"
PRICES,fr,40,link,"{""href"":""https://rentalscooterbarcelona.com/favicon-32x32.png"",""rel"":""icon"",""sizes"":""32x32"",""type"":""image/png""}","<link href=""https://rentalscooterbarcelona.com/favicon-32x32.png"" rel=""icon"" sizes=""32x32"" type=""image/png""/>"
PRICES,fr,41,link,"{""href"":""https://rentalscooterbarcelona.com/favicon-192x192.png"",""rel"":""icon"",""sizes"":""192x192"",""type"":""image/png""}","<link href=""https://rentalscooterbarcelona.com/favicon-192x192.png"" rel=""icon"" sizes=""192x192"" type=""image/png""/>"
PRICES,fr,42,link,"{""href"":""https://rentalscooterbarcelona.com/favicon-512x512.png"",""rel"":""icon"",""sizes"":""512x512"",""type"":""image/png""}","<link href=""https://rentalscooterbarcelona.com/favicon-512x512.png"" rel=""icon"" sizes=""512x512"" type=""image/png""/>"
PRICES,fr,43,link,"{""href"":""https://rentalscooterbarcelona.com/apple-touch-icon.png"",""rel"":""apple-touch-icon""}","<link href=""https://rentalscooterbarcelona.com/apple-touch-icon.png"" rel=""apple-touch-icon""/>"
PRICES,fr,45,link,"{""crossorigin"":"""",""href"":""https://www.googletagmanager.com"",""rel"":""preconnect""}","<link crossorigin="""" href=""https://www.googletagmanager.com"" rel=""preconnect""/>"
PRICES,fr,46,link,"{""href"":""https://www.googletagmanager.com"",""rel"":""dns-prefetch""}","<link href=""https://www.googletagmanager.com"" rel=""dns-prefetch""/>"
PRICES,fr,49,noscript,{},<noscript>
PRICES,fr,51,link,"{""href"":""https://fonts.googleapis.com"",""rel"":""preconnect""}","<link href=""https://fonts.googleapis.com"" rel=""preconnect""/>"
PRICES,fr,51,link,"{""crossorigin"":"""",""href"":""https://fonts.gstatic.com"",""rel"":""preconnect""}","<link crossorigin="""" href=""https://fonts.gstatic.com"" rel=""preconnect""/>"
PRICES,fr,51,link,"{""href"":""https://fonts.googleapis.com/css2?family=Space+Grotesk:wght@400;500;600;700&family=Inter:wght@400;500;600;700&display=swap"",""rel"":""stylesheet""}","<link href=""https://fonts.googleapis.com/css2?family=Space+Grotesk:wght@400;500;600;700&amp;family=Inter:wght@400;500;600;700&amp;display=swap"" rel=""stylesheet""/>"
PRICES,fr,51,link,"{""href"":""https://rentalscooterbarcelona.com/styles.css?v=20260813"",""rel"":""stylesheet""}","<link href=""https://rentalscooterbarcelona.com/styles.css?v=20260813"" rel=""stylesheet""/>"
PRICES,fr,52,link,"{""href"":""https://rentalscooterbarcelona.com/Prices/prices.css?v=20260813"",""rel"":""stylesheet""}","<link href=""https://rentalscooterbarcelona.com/Prices/prices.css?v=20260813"" rel=""stylesheet""/>"
PRICES,fr,55,script,"{""async"":"""",""src"":""https://www.googletagmanager.com/gtag/js?id=G-S7SMLHCNGK""}","<script async="""" src=""https://www.googletagmanager.com/gtag/js?id=G-S7SMLHCNGK"">"
PRICES,fr,56,script,{},<script>
PRICES,fr,63,meta,"{""content"":""3_Dfcq2jy9ccTlZt6JQm9ltOZ7UvN2QvG1PhZajyPy8"",""name"":""google-site-verification""}","<meta content=""3_Dfcq2jy9ccTlZt6JQm9ltOZ7UvN2QvG1PhZajyPy8"" name=""google-site-verification""/>"
PRICES,fr,64,link,"{""as"":""image"",""fetchpriority"":""high"",""href"":""https://rentalscooterbarcelona.com/images/rsb-barcelona-rental-hero-group-beach-800-v1.webp"",""imagesizes"":""100vw"",""imagesrcset"":""https://rentalscooterbarcelona.com/images/rsb-barcelona-rental-hero-group-beach-480-v1.webp 480w, https://rentalscooterbarcelona.com/images/rsb-barcelona-rental-hero-group-beach-800-v1.webp 800w, https://rentalscooterbarcelona.com/images/rsb-barcelona-rental-hero-group-beach-1600-v1.webp 1600w"",""rel"":""preload""}","<link as=""image"" fetchpriority=""high"" href=""https://rentalscooterbarcelona.com/images/rsb-barcelona-rental-hero-group-beach-800-v1.webp"" imagesizes=""100vw"" imagesrcset=""https://rentalscooterbarcelona.com/images/rsb-barcelona-rental-hero-group-beach-480-v1.webp 480w, https://rentalscooterbarcelona.com/images/rsb-barcelona-rental-hero-group-beach-800-v1.webp 800w, https://rentalscooterbarcelona.com/images/rsb-barcelona-rental-hero-group-beach-1600-v1.webp 1600w"" rel=""preload""/>"
PRICES,fr,65,script,"{""type"":""application/ld+json""}","<script type=""application/ld+json"">"
PRICES,fr,1144,meta,"{""content"":""Groupe profitant de la location de scooter, rollers en ligne, vélos, skateboard et longboard sur la plage de la Barceloneta à Barcelone"",""name"":""twitter:image:alt""}","<meta content=""Groupe profitant de la location de scooter, rollers en ligne, vélos, skateboard et longboard sur la plage de la Barceloneta à Barcelone"" name=""twitter:image:alt""/>"
PRICES,fr,1144,meta,"{""content"":""RSB Rental Scooter Barcelona"",""name"":""application-name""}","<meta content=""RSB Rental Scooter Barcelona"" name=""application-name""/>"
PRICES,fr,1144,meta,"{""content"":""RSB Rental"",""name"":""apple-mobile-web-app-title""}","<meta content=""RSB Rental"" name=""apple-mobile-web-app-title""/>"
PRICES,fr,1145,script,"{""data-rsb-review-entities"":"""",""type"":""application/ld+json""}","<script data-rsb-review-entities="""" type=""application/ld+json"">"
PRICES,it,3,head,{},<head>
PRICES,it,4,meta,"{""charset"":""utf-8""}","<meta charset=""utf-8""/>"
PRICES,it,5,link,"{""rel"":""manifest"",""href"":""/site.webmanifest""}","<link rel=""manifest"" href=""/site.webmanifest""/>"
PRICES,it,6,meta,"{""content"":""width=device-width, initial-scale=1"",""name"":""viewport""}","<meta content=""width=device-width, initial-scale=1"" name=""viewport""/>"
PRICES,it,7,title,{},<title>
PRICES,it,8,meta,"{""content"":""Prezzi per noleggio scooter 50cc e 125cc, pattini in linea, biciclette, pattini a rotelle, skateboard e longboard a Barcellona."",""name"":""description""}","<meta content=""Prezzi per noleggio scooter 50cc e 125cc, pattini in linea, biciclette, pattini a rotelle, skateboard e longboard a Barcellona."" name=""description""/>"
PRICES,it,9,meta,"{""content"":""index,follow,max-image-preview:large"",""name"":""robots""}","<meta content=""index,follow,max-image-preview:large"" name=""robots""/>"
PRICES,it,10,meta,"{""content"":""#0b1022"",""name"":""theme-color""}","<meta content=""#0b1022"" name=""theme-color""/>"
PRICES,it,10,meta,"{""content"":""RSB Rental Scooter Barcelona"",""name"":""author""}","<meta content=""RSB Rental Scooter Barcelona"" name=""author""/>"
PRICES,it,12,link,"{""href"":""https://rentalscooterbarcelona.com/it/Prices/"",""rel"":""canonical""}","<link href=""https://rentalscooterbarcelona.com/it/Prices/"" rel=""canonical""/>"
PRICES,it,12,link,"{""href"":""https://rentalscooterbarcelona.com/Prices/"",""hreflang"":""x-default"",""rel"":""alternate""}","<link href=""https://rentalscooterbarcelona.com/Prices/"" hreflang=""x-default"" rel=""alternate""/>"
PRICES,it,12,link,"{""href"":""https://rentalscooterbarcelona.com/Prices/"",""hreflang"":""en"",""rel"":""alternate""}","<link href=""https://rentalscooterbarcelona.com/Prices/"" hreflang=""en"" rel=""alternate""/>"
PRICES,it,12,link,"{""href"":""https://rentalscooterbarcelona.com/es/Prices/"",""hreflang"":""es"",""rel"":""alternate""}","<link href=""https://rentalscooterbarcelona.com/es/Prices/"" hreflang=""es"" rel=""alternate""/>"
PRICES,it,12,link,"{""href"":""https://rentalscooterbarcelona.com/fr/Prices/"",""hreflang"":""fr"",""rel"":""alternate""}","<link href=""https://rentalscooterbarcelona.com/fr/Prices/"" hreflang=""fr"" rel=""alternate""/>"
PRICES,it,12,link,"{""href"":""https://rentalscooterbarcelona.com/it/Prices/"",""hreflang"":""it"",""rel"":""alternate""}","<link href=""https://rentalscooterbarcelona.com/it/Prices/"" hreflang=""it"" rel=""alternate""/>"
PRICES,it,12,link,"{""href"":""https://rentalscooterbarcelona.com/de/Prices/"",""hreflang"":""de"",""rel"":""alternate""}","<link href=""https://rentalscooterbarcelona.com/de/Prices/"" hreflang=""de"" rel=""alternate""/>"
PRICES,it,12,link,"{""href"":""https://rentalscooterbarcelona.com/nl/Prices/"",""hreflang"":""nl"",""rel"":""alternate""}","<link href=""https://rentalscooterbarcelona.com/nl/Prices/"" hreflang=""nl"" rel=""alternate""/>"
PRICES,it,12,link,"{""href"":""https://rentalscooterbarcelona.com/pt/Prices/"",""hreflang"":""pt"",""rel"":""alternate""}","<link href=""https://rentalscooterbarcelona.com/pt/Prices/"" hreflang=""pt"" rel=""alternate""/>"
PRICES,it,12,link,"{""href"":""https://rentalscooterbarcelona.com/cat/Prices/"",""hreflang"":""ca"",""rel"":""alternate""}","<link href=""https://rentalscooterbarcelona.com/cat/Prices/"" hreflang=""ca"" rel=""alternate""/>"
PRICES,it,12,link,"{""href"":""https://rentalscooterbarcelona.com/sv/Prices/"",""hreflang"":""sv"",""rel"":""alternate""}","<link href=""https://rentalscooterbarcelona.com/sv/Prices/"" hreflang=""sv"" rel=""alternate""/>"
PRICES,it,12,link,"{""href"":""https://rentalscooterbarcelona.com/pl/Prices/"",""hreflang"":""pl"",""rel"":""alternate""}","<link href=""https://rentalscooterbarcelona.com/pl/Prices/"" hreflang=""pl"" rel=""alternate""/>"
PRICES,it,13,meta,"{""content"":""ES-CT"",""name"":""geo.region""}","<meta content=""ES-CT"" name=""geo.region""/>"
PRICES,it,14,meta,"{""content"":""Barcelona"",""name"":""geo.placename""}","<meta content=""Barcelona"" name=""geo.placename""/>"
PRICES,it,15,meta,"{""content"":""41.3906488;2.1984312"",""name"":""geo.position""}","<meta content=""41.3906488;2.1984312"" name=""geo.position""/>"
PRICES,it,16,meta,"{""content"":""41.3906488, 2.1984312"",""name"":""ICBM""}","<meta content=""41.3906488, 2.1984312"" name=""ICBM""/>"
PRICES,it,19,meta,"{""content"":""website"",""property"":""og:type""}","<meta content=""website"" property=""og:type""/>"
PRICES,it,20,meta,"{""content"":""RSB Rental Scooter Barcelona"",""property"":""og:site_name""}","<meta content=""RSB Rental Scooter Barcelona"" property=""og:site_name""/>"
PRICES,it,21,meta,"{""content"":""Prezzi noleggio scooter, pattini in linea e biciclette a Barcellona | RSB"",""property"":""og:title""}","<meta content=""Prezzi noleggio scooter, pattini in linea e biciclette a Barcellona | RSB"" property=""og:title""/>"
PRICES,it,22,meta,"{""content"":""Confronta i prezzi di noleggio per scooter 50cc e 125cc, pattini in linea, biciclette, pattini a rotelle, skateboard e longboard a Barcellona dal nostro negozio locale di Vila Olímpica vicino alla Barceloneta e a Port Olímpic. Prenotazione facile via WhatsApp."",""property"":""og:description""}","<meta content=""Confronta i prezzi di noleggio per scooter 50cc e 125cc, pattini in linea, biciclette, pattini a rotelle, skateboard e longboard a Barcellona dal nostro negozio locale di Vila Olímpica vicino alla Barceloneta e a Port Olímpic. Prenotazione facile via WhatsApp."" property=""og:description""/>"
PRICES,it,23,meta,"{""content"":""https://rentalscooterbarcelona.com/it/Prices/"",""property"":""og:url""}","<meta content=""https://rentalscooterbarcelona.com/it/Prices/"" property=""og:url""/>"
PRICES,it,24,meta,"{""content"":""https://rentalscooterbarcelona.com/images/rsb-barcelona-rental-hero-group-beach-1600-v1.webp"",""property"":""og:image""}","<meta content=""https://rentalscooterbarcelona.com/images/rsb-barcelona-rental-hero-group-beach-1600-v1.webp"" property=""og:image""/>"
PRICES,it,25,meta,"{""content"":""https://rentalscooterbarcelona.com/images/rsb-barcelona-rental-hero-group-beach-1600-v1.webp"",""property"":""og:image:secure_url""}","<meta content=""https://rentalscooterbarcelona.com/images/rsb-barcelona-rental-hero-group-beach-1600-v1.webp"" property=""og:image:secure_url""/>"
PRICES,it,26,meta,"{""content"":""image/webp"",""property"":""og:image:type""}","<meta content=""image/webp"" property=""og:image:type""/>"
PRICES,it,27,meta,"{""content"":""1600"",""property"":""og:image:width""}","<meta content=""1600"" property=""og:image:width""/>"
PRICES,it,28,meta,"{""content"":""874"",""property"":""og:image:height""}","<meta content=""874"" property=""og:image:height""/>"
PRICES,it,29,meta,"{""content"":""Gruppo che si gode il noleggio di scooter, biciclette, pattini in linea, skateboard e longboard sulla spiaggia della Barceloneta a Barcellona"",""property"":""og:image:alt""}","<meta content=""Gruppo che si gode il noleggio di scooter, biciclette, pattini in linea, skateboard e longboard sulla spiaggia della Barceloneta a Barcellona"" property=""og:image:alt""/>"
PRICES,it,30,meta,"{""content"":""it_IT"",""property"":""og:locale""}","<meta content=""it_IT"" property=""og:locale""/>"
PRICES,it,30,meta,"{""content"":""en_GB"",""property"":""og:locale:alternate""}","<meta content=""en_GB"" property=""og:locale:alternate""/>"
PRICES,it,30,meta,"{""content"":""es_ES"",""property"":""og:locale:alternate""}","<meta content=""es_ES"" property=""og:locale:alternate""/>"
PRICES,it,30,meta,"{""content"":""fr_FR"",""property"":""og:locale:alternate""}","<meta content=""fr_FR"" property=""og:locale:alternate""/>"
PRICES,it,30,meta,"{""content"":""de_DE"",""property"":""og:locale:alternate""}","<meta content=""de_DE"" property=""og:locale:alternate""/>"
PRICES,it,30,meta,"{""content"":""nl_NL"",""property"":""og:locale:alternate""}","<meta content=""nl_NL"" property=""og:locale:alternate""/>"
PRICES,it,30,meta,"{""content"":""pt_PT"",""property"":""og:locale:alternate""}","<meta content=""pt_PT"" property=""og:locale:alternate""/>"
PRICES,it,30,meta,"{""content"":""ca_ES"",""property"":""og:locale:alternate""}","<meta content=""ca_ES"" property=""og:locale:alternate""/>"
PRICES,it,30,meta,"{""content"":""sv_SE"",""property"":""og:locale:alternate""}","<meta content=""sv_SE"" property=""og:locale:alternate""/>"
PRICES,it,31,meta,"{""content"":""pl_PL"",""property"":""og:locale:alternate""}","<meta content=""pl_PL"" property=""og:locale:alternate""/>"
PRICES,it,33,meta,"{""content"":""summary_large_image"",""name"":""twitter:card""}","<meta content=""summary_large_image"" name=""twitter:card""/>"
PRICES,it,33,meta,"{""content"":""@RSBscooterbarce"",""name"":""twitter:site""}","<meta content=""@RSBscooterbarce"" name=""twitter:site""/>"
PRICES,it,34,meta,"{""content"":""Prezzi noleggio scooter, pattini in linea e biciclette a Barcellona | RSB"",""name"":""twitter:title""}","<meta content=""Prezzi noleggio scooter, pattini in linea e biciclette a Barcellona | RSB"" name=""twitter:title""/>"
PRICES,it,35,meta,"{""content"":""Confronta i prezzi di noleggio per scooter 50cc e 125cc, pattini in linea, biciclette, pattini a rotelle, skateboard e longboard a Barcellona dal nostro negozio locale di Vila Olímpica vicino alla Barceloneta e a Port Olímpic. Prenotazione facile via WhatsApp."",""name"":""twitter:description""}","<meta content=""Confronta i prezzi di noleggio per scooter 50cc e 125cc, pattini in linea, biciclette, pattini a rotelle, skateboard e longboard a Barcellona dal nostro negozio locale di Vila Olímpica vicino alla Barceloneta e a Port Olímpic. Prenotazione facile via WhatsApp."" name=""twitter:description""/>"
PRICES,it,36,meta,"{""content"":""https://rentalscooterbarcelona.com/images/rsb-barcelona-rental-hero-group-beach-1600-v1.webp"",""name"":""twitter:image""}","<meta content=""https://rentalscooterbarcelona.com/images/rsb-barcelona-rental-hero-group-beach-1600-v1.webp"" name=""twitter:image""/>"
PRICES,it,38,link,"{""href"":""https://rentalscooterbarcelona.com/favicon.ico"",""rel"":""icon"",""sizes"":""any""}","<link href=""https://rentalscooterbarcelona.com/favicon.ico"" rel=""icon"" sizes=""any""/>"
PRICES,it,39,link,"{""href"":""https://rentalscooterbarcelona.com/favicon-16x16.png"",""rel"":""icon"",""sizes"":""16x16"",""type"":""image/png""}","<link href=""https://rentalscooterbarcelona.com/favicon-16x16.png"" rel=""icon"" sizes=""16x16"" type=""image/png""/>"
PRICES,it,40,link,"{""href"":""https://rentalscooterbarcelona.com/favicon-32x32.png"",""rel"":""icon"",""sizes"":""32x32"",""type"":""image/png""}","<link href=""https://rentalscooterbarcelona.com/favicon-32x32.png"" rel=""icon"" sizes=""32x32"" type=""image/png""/>"
PRICES,it,41,link,"{""href"":""https://rentalscooterbarcelona.com/favicon-192x192.png"",""rel"":""icon"",""sizes"":""192x192"",""type"":""image/png""}","<link href=""https://rentalscooterbarcelona.com/favicon-192x192.png"" rel=""icon"" sizes=""192x192"" type=""image/png""/>"
PRICES,it,42,link,"{""href"":""https://rentalscooterbarcelona.com/favicon-512x512.png"",""rel"":""icon"",""sizes"":""512x512"",""type"":""image/png""}","<link href=""https://rentalscooterbarcelona.com/favicon-512x512.png"" rel=""icon"" sizes=""512x512"" type=""image/png""/>"
PRICES,it,43,link,"{""href"":""https://rentalscooterbarcelona.com/apple-touch-icon.png"",""rel"":""apple-touch-icon""}","<link href=""https://rentalscooterbarcelona.com/apple-touch-icon.png"" rel=""apple-touch-icon""/>"
PRICES,it,45,link,"{""crossorigin"":"""",""href"":""https://www.googletagmanager.com"",""rel"":""preconnect""}","<link crossorigin="""" href=""https://www.googletagmanager.com"" rel=""preconnect""/>"
PRICES,it,46,link,"{""href"":""https://www.googletagmanager.com"",""rel"":""dns-prefetch""}","<link href=""https://www.googletagmanager.com"" rel=""dns-prefetch""/>"
PRICES,it,49,noscript,{},<noscript>
PRICES,it,51,link,"{""href"":""https://fonts.googleapis.com"",""rel"":""preconnect""}","<link href=""https://fonts.googleapis.com"" rel=""preconnect""/>"
PRICES,it,51,link,"{""crossorigin"":"""",""href"":""https://fonts.gstatic.com"",""rel"":""preconnect""}","<link crossorigin="""" href=""https://fonts.gstatic.com"" rel=""preconnect""/>"
PRICES,it,51,link,"{""as"":""image"",""fetchpriority"":""high"",""href"":""https://rentalscooterbarcelona.com/images/rsb-barcelona-rental-hero-group-beach-800-v1.webp"",""imagesizes"":""100vw"",""imagesrcset"":""https://rentalscooterbarcelona.com/images/rsb-barcelona-rental-hero-group-beach-480-v1.webp 480w, https://rentalscooterbarcelona.com/images/rsb-barcelona-rental-hero-group-beach-800-v1.webp 800w, https://rentalscooterbarcelona.com/images/rsb-barcelona-rental-hero-group-beach-1600-v1.webp 1600w"",""rel"":""preload""}","<link as=""image"" fetchpriority=""high"" href=""https://rentalscooterbarcelona.com/images/rsb-barcelona-rental-hero-group-beach-800-v1.webp"" imagesizes=""100vw"" imagesrcset=""https://rentalscooterbarcelona.com/images/rsb-barcelona-rental-hero-group-beach-480-v1.webp 480w, https://rentalscooterbarcelona.com/images/rsb-barcelona-rental-hero-group-beach-800-v1.webp 800w, https://rentalscooterbarcelona.com/images/rsb-barcelona-rental-hero-group-beach-1600-v1.webp 1600w"" rel=""preload""/>"
PRICES,it,51,link,"{""href"":""https://fonts.googleapis.com/css2?family=Space+Grotesk:wght@400;500;600;700&family=Inter:wght@400;500;600;700&display=swap"",""rel"":""stylesheet""}","<link href=""https://fonts.googleapis.com/css2?family=Space+Grotesk:wght@400;500;600;700&amp;family=Inter:wght@400;500;600;700&amp;display=swap"" rel=""stylesheet""/>"
PRICES,it,51,link,"{""href"":""https://rentalscooterbarcelona.com/styles.css?v=20260813"",""rel"":""stylesheet""}","<link href=""https://rentalscooterbarcelona.com/styles.css?v=20260813"" rel=""stylesheet""/>"
PRICES,it,52,link,"{""href"":""https://rentalscooterbarcelona.com/Prices/prices.css?v=20260813"",""rel"":""stylesheet""}","<link href=""https://rentalscooterbarcelona.com/Prices/prices.css?v=20260813"" rel=""stylesheet""/>"
PRICES,it,55,script,"{""async"":"""",""src"":""https://www.googletagmanager.com/gtag/js?id=G-S7SMLHCNGK""}","<script async="""" src=""https://www.googletagmanager.com/gtag/js?id=G-S7SMLHCNGK"">"
PRICES,it,56,script,{},<script>
PRICES,it,63,meta,"{""content"":""3_Dfcq2jy9ccTlZt6JQm9ltOZ7UvN2QvG1PhZajyPy8"",""name"":""google-site-verification""}","<meta content=""3_Dfcq2jy9ccTlZt6JQm9ltOZ7UvN2QvG1PhZajyPy8"" name=""google-site-verification""/>"
PRICES,it,64,script,"{""type"":""application/ld+json""}","<script type=""application/ld+json"">"
PRICES,it,1143,meta,"{""content"":""Gruppo che si gode il noleggio di scooter, biciclette, pattini in linea, skateboard e longboard sulla spiaggia della Barceloneta a Barcellona"",""name"":""twitter:image:alt""}","<meta content=""Gruppo che si gode il noleggio di scooter, biciclette, pattini in linea, skateboard e longboard sulla spiaggia della Barceloneta a Barcellona"" name=""twitter:image:alt""/>"
PRICES,it,1143,meta,"{""content"":""RSB Rental Scooter Barcelona"",""name"":""application-name""}","<meta content=""RSB Rental Scooter Barcelona"" name=""application-name""/>"
PRICES,it,1143,meta,"{""content"":""RSB Rental"",""name"":""apple-mobile-web-app-title""}","<meta content=""RSB Rental"" name=""apple-mobile-web-app-title""/>"
PRICES,it,1144,script,"{""data-rsb-review-entities"":"""",""type"":""application/ld+json""}","<script data-rsb-review-entities="""" type=""application/ld+json"">"
PRICES,de,3,head,{},<head>
PRICES,de,4,meta,"{""charset"":""utf-8""}","<meta charset=""utf-8""/>"
PRICES,de,5,link,"{""rel"":""manifest"",""href"":""/site.webmanifest""}","<link rel=""manifest"" href=""/site.webmanifest""/>"
PRICES,de,6,meta,"{""content"":""width=device-width, initial-scale=1"",""name"":""viewport""}","<meta content=""width=device-width, initial-scale=1"" name=""viewport""/>"
PRICES,de,7,title,{},<title>
PRICES,de,8,meta,"{""content"":""Preise für 50cc- und 125cc-Scooter, Inlineskates, Fahrräder, Rollschuhe, Skateboards und Longboards in Barcelona."",""name"":""description""}","<meta content=""Preise für 50cc- und 125cc-Scooter, Inlineskates, Fahrräder, Rollschuhe, Skateboards und Longboards in Barcelona."" name=""description""/>"
PRICES,de,9,meta,"{""content"":""index,follow,max-image-preview:large"",""name"":""robots""}","<meta content=""index,follow,max-image-preview:large"" name=""robots""/>"
PRICES,de,10,meta,"{""content"":""#0b1022"",""name"":""theme-color""}","<meta content=""#0b1022"" name=""theme-color""/>"
PRICES,de,10,meta,"{""content"":""RSB Rental Scooter Barcelona"",""name"":""author""}","<meta content=""RSB Rental Scooter Barcelona"" name=""author""/>"
PRICES,de,12,link,"{""href"":""https://rentalscooterbarcelona.com/de/Prices/"",""rel"":""canonical""}","<link href=""https://rentalscooterbarcelona.com/de/Prices/"" rel=""canonical""/>"
PRICES,de,12,link,"{""href"":""https://rentalscooterbarcelona.com/Prices/"",""hreflang"":""x-default"",""rel"":""alternate""}","<link href=""https://rentalscooterbarcelona.com/Prices/"" hreflang=""x-default"" rel=""alternate""/>"
PRICES,de,12,link,"{""href"":""https://rentalscooterbarcelona.com/Prices/"",""hreflang"":""en"",""rel"":""alternate""}","<link href=""https://rentalscooterbarcelona.com/Prices/"" hreflang=""en"" rel=""alternate""/>"
PRICES,de,12,link,"{""href"":""https://rentalscooterbarcelona.com/es/Prices/"",""hreflang"":""es"",""rel"":""alternate""}","<link href=""https://rentalscooterbarcelona.com/es/Prices/"" hreflang=""es"" rel=""alternate""/>"
PRICES,de,12,link,"{""href"":""https://rentalscooterbarcelona.com/fr/Prices/"",""hreflang"":""fr"",""rel"":""alternate""}","<link href=""https://rentalscooterbarcelona.com/fr/Prices/"" hreflang=""fr"" rel=""alternate""/>"
PRICES,de,12,link,"{""href"":""https://rentalscooterbarcelona.com/it/Prices/"",""hreflang"":""it"",""rel"":""alternate""}","<link href=""https://rentalscooterbarcelona.com/it/Prices/"" hreflang=""it"" rel=""alternate""/>"
PRICES,de,12,link,"{""href"":""https://rentalscooterbarcelona.com/de/Prices/"",""hreflang"":""de"",""rel"":""alternate""}","<link href=""https://rentalscooterbarcelona.com/de/Prices/"" hreflang=""de"" rel=""alternate""/>"
PRICES,de,12,link,"{""href"":""https://rentalscooterbarcelona.com/nl/Prices/"",""hreflang"":""nl"",""rel"":""alternate""}","<link href=""https://rentalscooterbarcelona.com/nl/Prices/"" hreflang=""nl"" rel=""alternate""/>"
PRICES,de,12,link,"{""href"":""https://rentalscooterbarcelona.com/pt/Prices/"",""hreflang"":""pt"",""rel"":""alternate""}","<link href=""https://rentalscooterbarcelona.com/pt/Prices/"" hreflang=""pt"" rel=""alternate""/>"
PRICES,de,12,link,"{""href"":""https://rentalscooterbarcelona.com/cat/Prices/"",""hreflang"":""ca"",""rel"":""alternate""}","<link href=""https://rentalscooterbarcelona.com/cat/Prices/"" hreflang=""ca"" rel=""alternate""/>"
PRICES,de,12,link,"{""href"":""https://rentalscooterbarcelona.com/sv/Prices/"",""hreflang"":""sv"",""rel"":""alternate""}","<link href=""https://rentalscooterbarcelona.com/sv/Prices/"" hreflang=""sv"" rel=""alternate""/>"
PRICES,de,12,link,"{""href"":""https://rentalscooterbarcelona.com/pl/Prices/"",""hreflang"":""pl"",""rel"":""alternate""}","<link href=""https://rentalscooterbarcelona.com/pl/Prices/"" hreflang=""pl"" rel=""alternate""/>"
PRICES,de,13,meta,"{""content"":""ES-CT"",""name"":""geo.region""}","<meta content=""ES-CT"" name=""geo.region""/>"
PRICES,de,14,meta,"{""content"":""Barcelona"",""name"":""geo.placename""}","<meta content=""Barcelona"" name=""geo.placename""/>"
PRICES,de,15,meta,"{""content"":""41.3906488;2.1984312"",""name"":""geo.position""}","<meta content=""41.3906488;2.1984312"" name=""geo.position""/>"
PRICES,de,16,meta,"{""content"":""41.3906488, 2.1984312"",""name"":""ICBM""}","<meta content=""41.3906488, 2.1984312"" name=""ICBM""/>"
PRICES,de,19,meta,"{""content"":""website"",""property"":""og:type""}","<meta content=""website"" property=""og:type""/>"
PRICES,de,19,meta,"{""content"":""de_DE"",""property"":""og:locale""}","<meta content=""de_DE"" property=""og:locale""/>"
PRICES,de,19,meta,"{""content"":""en_GB"",""property"":""og:locale:alternate""}","<meta content=""en_GB"" property=""og:locale:alternate""/>"
PRICES,de,19,meta,"{""content"":""es_ES"",""property"":""og:locale:alternate""}","<meta content=""es_ES"" property=""og:locale:alternate""/>"
PRICES,de,19,meta,"{""content"":""fr_FR"",""property"":""og:locale:alternate""}","<meta content=""fr_FR"" property=""og:locale:alternate""/>"
PRICES,de,19,meta,"{""content"":""it_IT"",""property"":""og:locale:alternate""}","<meta content=""it_IT"" property=""og:locale:alternate""/>"
PRICES,de,19,meta,"{""content"":""nl_NL"",""property"":""og:locale:alternate""}","<meta content=""nl_NL"" property=""og:locale:alternate""/>"
PRICES,de,19,meta,"{""content"":""pt_PT"",""property"":""og:locale:alternate""}","<meta content=""pt_PT"" property=""og:locale:alternate""/>"
PRICES,de,19,meta,"{""content"":""ca_ES"",""property"":""og:locale:alternate""}","<meta content=""ca_ES"" property=""og:locale:alternate""/>"
PRICES,de,19,meta,"{""content"":""sv_SE"",""property"":""og:locale:alternate""}","<meta content=""sv_SE"" property=""og:locale:alternate""/>"
PRICES,de,20,meta,"{""content"":""pl_PL"",""property"":""og:locale:alternate""}","<meta content=""pl_PL"" property=""og:locale:alternate""/>"
PRICES,de,21,meta,"{""content"":""RSB Rental Scooter Barcelona"",""property"":""og:site_name""}","<meta content=""RSB Rental Scooter Barcelona"" property=""og:site_name""/>"
PRICES,de,22,meta,"{""content"":""Preise für Scooterverleih, Inlineskates und Fahrradverleih in Barcelona | RSB"",""property"":""og:title""}","<meta content=""Preise für Scooterverleih, Inlineskates und Fahrradverleih in Barcelona | RSB"" property=""og:title""/>"
PRICES,de,23,meta,"{""content"":""Vergleiche die Preise für 50cc- und 125cc-Scooter, Inlineskates, Fahrräder, Rollschuhe, Skateboards und Longboards in Barcelona aus unserem lokalen Shop in Vila Olímpica direkt gegenüber dem Strand und neben dem Port Olímpic. Einfache Buchung per WhatsApp."",""property"":""og:description""}","<meta content=""Vergleiche die Preise für 50cc- und 125cc-Scooter, Inlineskates, Fahrräder, Rollschuhe, Skateboards und Longboards in Barcelona aus unserem lokalen Shop in Vila Olímpica direkt gegenüber dem Strand und neben dem Port Olímpic. Einfache Buchung per WhatsApp."" property=""og:description""/>"
PRICES,de,24,meta,"{""content"":""https://rentalscooterbarcelona.com/de/Prices/"",""property"":""og:url""}","<meta content=""https://rentalscooterbarcelona.com/de/Prices/"" property=""og:url""/>"
PRICES,de,25,meta,"{""content"":""https://rentalscooterbarcelona.com/images/rsb-barcelona-rental-hero-group-beach-1600-v1.webp"",""property"":""og:image""}","<meta content=""https://rentalscooterbarcelona.com/images/rsb-barcelona-rental-hero-group-beach-1600-v1.webp"" property=""og:image""/>"
PRICES,de,26,meta,"{""content"":""https://rentalscooterbarcelona.com/images/rsb-barcelona-rental-hero-group-beach-1600-v1.webp"",""property"":""og:image:secure_url""}","<meta content=""https://rentalscooterbarcelona.com/images/rsb-barcelona-rental-hero-group-beach-1600-v1.webp"" property=""og:image:secure_url""/>"
PRICES,de,27,meta,"{""content"":""image/webp"",""property"":""og:image:type""}","<meta content=""image/webp"" property=""og:image:type""/>"
PRICES,de,28,meta,"{""content"":""1600"",""property"":""og:image:width""}","<meta content=""1600"" property=""og:image:width""/>"
PRICES,de,29,meta,"{""content"":""874"",""property"":""og:image:height""}","<meta content=""874"" property=""og:image:height""/>"
PRICES,de,30,meta,"{""content"":""Gruppe mit Scooter-, Fahrrad-, Inlineskates-, Skateboard- und Longboard-Verleih am Strand der Barceloneta in Barcelona"",""property"":""og:image:alt""}","<meta content=""Gruppe mit Scooter-, Fahrrad-, Inlineskates-, Skateboard- und Longboard-Verleih am Strand der Barceloneta in Barcelona"" property=""og:image:alt""/>"
PRICES,de,32,meta,"{""content"":""summary_large_image"",""name"":""twitter:card""}","<meta content=""summary_large_image"" name=""twitter:card""/>"
PRICES,de,32,meta,"{""content"":""@RSBscooterbarce"",""name"":""twitter:site""}","<meta content=""@RSBscooterbarce"" name=""twitter:site""/>"
PRICES,de,33,meta,"{""content"":""Preise für Scooterverleih, Inlineskates und Fahrradverleih in Barcelona | RSB"",""name"":""twitter:title""}","<meta content=""Preise für Scooterverleih, Inlineskates und Fahrradverleih in Barcelona | RSB"" name=""twitter:title""/>"
PRICES,de,34,meta,"{""content"":""Vergleiche die Preise für 50cc- und 125cc-Scooter, Inlineskates, Fahrräder, Rollschuhe, Skateboards und Longboards in Barcelona aus unserem lokalen Shop in Vila Olímpica direkt gegenüber dem Strand und neben dem Port Olímpic. Einfache Buchung per WhatsApp."",""name"":""twitter:description""}","<meta content=""Vergleiche die Preise für 50cc- und 125cc-Scooter, Inlineskates, Fahrräder, Rollschuhe, Skateboards und Longboards in Barcelona aus unserem lokalen Shop in Vila Olímpica direkt gegenüber dem Strand und neben dem Port Olímpic. Einfache Buchung per WhatsApp."" name=""twitter:description""/>"
PRICES,de,35,meta,"{""content"":""https://rentalscooterbarcelona.com/images/rsb-barcelona-rental-hero-group-beach-1600-v1.webp"",""name"":""twitter:image""}","<meta content=""https://rentalscooterbarcelona.com/images/rsb-barcelona-rental-hero-group-beach-1600-v1.webp"" name=""twitter:image""/>"
PRICES,de,37,link,"{""href"":""https://rentalscooterbarcelona.com/favicon.ico"",""rel"":""icon"",""sizes"":""any""}","<link href=""https://rentalscooterbarcelona.com/favicon.ico"" rel=""icon"" sizes=""any""/>"
PRICES,de,38,link,"{""href"":""https://rentalscooterbarcelona.com/favicon-16x16.png"",""rel"":""icon"",""sizes"":""16x16"",""type"":""image/png""}","<link href=""https://rentalscooterbarcelona.com/favicon-16x16.png"" rel=""icon"" sizes=""16x16"" type=""image/png""/>"
PRICES,de,39,link,"{""href"":""https://rentalscooterbarcelona.com/favicon-32x32.png"",""rel"":""icon"",""sizes"":""32x32"",""type"":""image/png""}","<link href=""https://rentalscooterbarcelona.com/favicon-32x32.png"" rel=""icon"" sizes=""32x32"" type=""image/png""/>"
PRICES,de,40,link,"{""href"":""https://rentalscooterbarcelona.com/favicon-192x192.png"",""rel"":""icon"",""sizes"":""192x192"",""type"":""image/png""}","<link href=""https://rentalscooterbarcelona.com/favicon-192x192.png"" rel=""icon"" sizes=""192x192"" type=""image/png""/>"
PRICES,de,41,link,"{""href"":""https://rentalscooterbarcelona.com/favicon-512x512.png"",""rel"":""icon"",""sizes"":""512x512"",""type"":""image/png""}","<link href=""https://rentalscooterbarcelona.com/favicon-512x512.png"" rel=""icon"" sizes=""512x512"" type=""image/png""/>"
PRICES,de,42,link,"{""href"":""https://rentalscooterbarcelona.com/apple-touch-icon.png"",""rel"":""apple-touch-icon""}","<link href=""https://rentalscooterbarcelona.com/apple-touch-icon.png"" rel=""apple-touch-icon""/>"
PRICES,de,44,link,"{""crossorigin"":"""",""href"":""https://www.googletagmanager.com"",""rel"":""preconnect""}","<link crossorigin="""" href=""https://www.googletagmanager.com"" rel=""preconnect""/>"
PRICES,de,45,link,"{""href"":""https://www.googletagmanager.com"",""rel"":""dns-prefetch""}","<link href=""https://www.googletagmanager.com"" rel=""dns-prefetch""/>"
PRICES,de,49,link,"{""href"":""https://fonts.googleapis.com"",""rel"":""preconnect""}","<link href=""https://fonts.googleapis.com"" rel=""preconnect""/>"
PRICES,de,49,link,"{""crossorigin"":"""",""href"":""https://fonts.gstatic.com"",""rel"":""preconnect""}","<link crossorigin="""" href=""https://fonts.gstatic.com"" rel=""preconnect""/>"
PRICES,de,49,link,"{""as"":""image"",""fetchpriority"":""high"",""href"":""https://rentalscooterbarcelona.com/images/rsb-barcelona-rental-hero-group-beach-800-v1.webp"",""imagesizes"":""100vw"",""imagesrcset"":""https://rentalscooterbarcelona.com/images/rsb-barcelona-rental-hero-group-beach-480-v1.webp 480w, https://rentalscooterbarcelona.com/images/rsb-barcelona-rental-hero-group-beach-800-v1.webp 800w, https://rentalscooterbarcelona.com/images/rsb-barcelona-rental-hero-group-beach-1600-v1.webp 1600w"",""rel"":""preload""}","<link as=""image"" fetchpriority=""high"" href=""https://rentalscooterbarcelona.com/images/rsb-barcelona-rental-hero-group-beach-800-v1.webp"" imagesizes=""100vw"" imagesrcset=""https://rentalscooterbarcelona.com/images/rsb-barcelona-rental-hero-group-beach-480-v1.webp 480w, https://rentalscooterbarcelona.com/images/rsb-barcelona-rental-hero-group-beach-800-v1.webp 800w, https://rentalscooterbarcelona.com/images/rsb-barcelona-rental-hero-group-beach-1600-v1.webp 1600w"" rel=""preload""/>"
PRICES,de,49,link,"{""href"":""https://fonts.googleapis.com/css2?family=Space+Grotesk:wght@400;500;600;700&family=Inter:wght@400;500;600;700&display=swap"",""rel"":""stylesheet""}","<link href=""https://fonts.googleapis.com/css2?family=Space+Grotesk:wght@400;500;600;700&amp;family=Inter:wght@400;500;600;700&amp;display=swap"" rel=""stylesheet""/>"
PRICES,de,49,link,"{""href"":""https://rentalscooterbarcelona.com/styles.css?v=20260813"",""rel"":""stylesheet""}","<link href=""https://rentalscooterbarcelona.com/styles.css?v=20260813"" rel=""stylesheet""/>"
PRICES,de,50,link,"{""href"":""https://rentalscooterbarcelona.com/Prices/prices.css?v=20260813"",""rel"":""stylesheet""}","<link href=""https://rentalscooterbarcelona.com/Prices/prices.css?v=20260813"" rel=""stylesheet""/>"
PRICES,de,53,script,"{""async"":"""",""src"":""https://www.googletagmanager.com/gtag/js?id=G-S7SMLHCNGK""}","<script async="""" src=""https://www.googletagmanager.com/gtag/js?id=G-S7SMLHCNGK"">"
PRICES,de,54,script,{},<script>
PRICES,de,61,meta,"{""content"":""3_Dfcq2jy9ccTlZt6JQm9ltOZ7UvN2QvG1PhZajyPy8"",""name"":""google-site-verification""}","<meta content=""3_Dfcq2jy9ccTlZt6JQm9ltOZ7UvN2QvG1PhZajyPy8"" name=""google-site-verification""/>"
PRICES,de,62,script,"{""type"":""application/ld+json""}","<script type=""application/ld+json"">"
PRICES,de,1142,meta,"{""content"":""Gruppe mit Scooter-, Fahrrad-, Inlineskates-, Skateboard- und Longboard-Verleih am Strand der Barceloneta in Barcelona"",""name"":""twitter:image:alt""}","<meta content=""Gruppe mit Scooter-, Fahrrad-, Inlineskates-, Skateboard- und Longboard-Verleih am Strand der Barceloneta in Barcelona"" name=""twitter:image:alt""/>"
PRICES,de,1142,meta,"{""content"":""RSB Rental Scooter Barcelona"",""name"":""application-name""}","<meta content=""RSB Rental Scooter Barcelona"" name=""application-name""/>"
PRICES,de,1142,meta,"{""content"":""RSB Rental"",""name"":""apple-mobile-web-app-title""}","<meta content=""RSB Rental"" name=""apple-mobile-web-app-title""/>"
PRICES,de,1143,script,"{""data-rsb-review-entities"":"""",""type"":""application/ld+json""}","<script data-rsb-review-entities="""" type=""application/ld+json"">"
PRICES,nl,3,head,{},<head>
PRICES,nl,4,meta,"{""charset"":""utf-8""}","<meta charset=""utf-8""/>"
PRICES,nl,5,link,"{""rel"":""manifest"",""href"":""/site.webmanifest""}","<link rel=""manifest"" href=""/site.webmanifest""/>"
PRICES,nl,6,meta,"{""content"":""width=device-width, initial-scale=1"",""name"":""viewport""}","<meta content=""width=device-width, initial-scale=1"" name=""viewport""/>"
PRICES,nl,7,title,{},<title>
PRICES,nl,8,meta,"{""content"":""Prijzen voor 50cc- en 125cc-scooters, inline skates, fietsen, rolschaatsen, skateboards en longboards in Barcelona."",""name"":""description""}","<meta content=""Prijzen voor 50cc- en 125cc-scooters, inline skates, fietsen, rolschaatsen, skateboards en longboards in Barcelona."" name=""description""/>"
PRICES,nl,9,meta,"{""content"":""index,follow,max-image-preview:large"",""name"":""robots""}","<meta content=""index,follow,max-image-preview:large"" name=""robots""/>"
PRICES,nl,10,meta,"{""content"":""#0b1022"",""name"":""theme-color""}","<meta content=""#0b1022"" name=""theme-color""/>"
PRICES,nl,10,meta,"{""content"":""RSB Rental Scooter Barcelona"",""name"":""author""}","<meta content=""RSB Rental Scooter Barcelona"" name=""author""/>"
PRICES,nl,12,link,"{""href"":""https://rentalscooterbarcelona.com/nl/Prices/"",""rel"":""canonical""}","<link href=""https://rentalscooterbarcelona.com/nl/Prices/"" rel=""canonical""/>"
PRICES,nl,12,link,"{""href"":""https://rentalscooterbarcelona.com/Prices/"",""hreflang"":""x-default"",""rel"":""alternate""}","<link href=""https://rentalscooterbarcelona.com/Prices/"" hreflang=""x-default"" rel=""alternate""/>"
PRICES,nl,12,link,"{""href"":""https://rentalscooterbarcelona.com/Prices/"",""hreflang"":""en"",""rel"":""alternate""}","<link href=""https://rentalscooterbarcelona.com/Prices/"" hreflang=""en"" rel=""alternate""/>"
PRICES,nl,12,link,"{""href"":""https://rentalscooterbarcelona.com/es/Prices/"",""hreflang"":""es"",""rel"":""alternate""}","<link href=""https://rentalscooterbarcelona.com/es/Prices/"" hreflang=""es"" rel=""alternate""/>"
PRICES,nl,12,link,"{""href"":""https://rentalscooterbarcelona.com/fr/Prices/"",""hreflang"":""fr"",""rel"":""alternate""}","<link href=""https://rentalscooterbarcelona.com/fr/Prices/"" hreflang=""fr"" rel=""alternate""/>"
PRICES,nl,12,link,"{""href"":""https://rentalscooterbarcelona.com/it/Prices/"",""hreflang"":""it"",""rel"":""alternate""}","<link href=""https://rentalscooterbarcelona.com/it/Prices/"" hreflang=""it"" rel=""alternate""/>"
PRICES,nl,12,link,"{""href"":""https://rentalscooterbarcelona.com/de/Prices/"",""hreflang"":""de"",""rel"":""alternate""}","<link href=""https://rentalscooterbarcelona.com/de/Prices/"" hreflang=""de"" rel=""alternate""/>"
PRICES,nl,12,link,"{""href"":""https://rentalscooterbarcelona.com/nl/Prices/"",""hreflang"":""nl"",""rel"":""alternate""}","<link href=""https://rentalscooterbarcelona.com/nl/Prices/"" hreflang=""nl"" rel=""alternate""/>"
PRICES,nl,12,link,"{""href"":""https://rentalscooterbarcelona.com/pt/Prices/"",""hreflang"":""pt"",""rel"":""alternate""}","<link href=""https://rentalscooterbarcelona.com/pt/Prices/"" hreflang=""pt"" rel=""alternate""/>"
PRICES,nl,12,link,"{""href"":""https://rentalscooterbarcelona.com/cat/Prices/"",""hreflang"":""ca"",""rel"":""alternate""}","<link href=""https://rentalscooterbarcelona.com/cat/Prices/"" hreflang=""ca"" rel=""alternate""/>"
PRICES,nl,12,link,"{""href"":""https://rentalscooterbarcelona.com/sv/Prices/"",""hreflang"":""sv"",""rel"":""alternate""}","<link href=""https://rentalscooterbarcelona.com/sv/Prices/"" hreflang=""sv"" rel=""alternate""/>"
PRICES,nl,12,link,"{""href"":""https://rentalscooterbarcelona.com/pl/Prices/"",""hreflang"":""pl"",""rel"":""alternate""}","<link href=""https://rentalscooterbarcelona.com/pl/Prices/"" hreflang=""pl"" rel=""alternate""/>"
PRICES,nl,13,meta,"{""content"":""ES-CT"",""name"":""geo.region""}","<meta content=""ES-CT"" name=""geo.region""/>"
PRICES,nl,14,meta,"{""content"":""Barcelona"",""name"":""geo.placename""}","<meta content=""Barcelona"" name=""geo.placename""/>"
PRICES,nl,15,meta,"{""content"":""41.3906488;2.1984312"",""name"":""geo.position""}","<meta content=""41.3906488;2.1984312"" name=""geo.position""/>"
PRICES,nl,16,meta,"{""content"":""41.3906488, 2.1984312"",""name"":""ICBM""}","<meta content=""41.3906488, 2.1984312"" name=""ICBM""/>"
PRICES,nl,19,meta,"{""content"":""website"",""property"":""og:type""}","<meta content=""website"" property=""og:type""/>"
PRICES,nl,20,meta,"{""content"":""RSB Rental Scooter Barcelona"",""property"":""og:site_name""}","<meta content=""RSB Rental Scooter Barcelona"" property=""og:site_name""/>"
PRICES,nl,21,meta,"{""content"":""Prijzen voor scooterverhuur, inline skates en fietsen in Barcelona | RSB"",""property"":""og:title""}","<meta content=""Prijzen voor scooterverhuur, inline skates en fietsen in Barcelona | RSB"" property=""og:title""/>"
PRICES,nl,22,meta,"{""content"":""Vergelijk de prijzen voor 50cc- en 125cc-scooters, inline skates, fietsen, rolschaatsen, skateboards en longboards in Barcelona vanuit onze lokale winkel in Vila Olímpica vlak bij Barceloneta en Port Olímpic. Eenvoudig boeken via WhatsApp."",""property"":""og:description""}","<meta content=""Vergelijk de prijzen voor 50cc- en 125cc-scooters, inline skates, fietsen, rolschaatsen, skateboards en longboards in Barcelona vanuit onze lokale winkel in Vila Olímpica vlak bij Barceloneta en Port Olímpic. Eenvoudig boeken via WhatsApp."" property=""og:description""/>"
PRICES,nl,23,meta,"{""content"":""https://rentalscooterbarcelona.com/nl/Prices/"",""property"":""og:url""}","<meta content=""https://rentalscooterbarcelona.com/nl/Prices/"" property=""og:url""/>"
PRICES,nl,24,meta,"{""content"":""https://rentalscooterbarcelona.com/images/rsb-barcelona-rental-hero-group-beach-1600-v1.webp"",""property"":""og:image""}","<meta content=""https://rentalscooterbarcelona.com/images/rsb-barcelona-rental-hero-group-beach-1600-v1.webp"" property=""og:image""/>"
PRICES,nl,25,meta,"{""content"":""https://rentalscooterbarcelona.com/images/rsb-barcelona-rental-hero-group-beach-1600-v1.webp"",""property"":""og:image:secure_url""}","<meta content=""https://rentalscooterbarcelona.com/images/rsb-barcelona-rental-hero-group-beach-1600-v1.webp"" property=""og:image:secure_url""/>"
PRICES,nl,26,meta,"{""content"":""image/webp"",""property"":""og:image:type""}","<meta content=""image/webp"" property=""og:image:type""/>"
PRICES,nl,27,meta,"{""content"":""1600"",""property"":""og:image:width""}","<meta content=""1600"" property=""og:image:width""/>"
PRICES,nl,28,meta,"{""content"":""874"",""property"":""og:image:height""}","<meta content=""874"" property=""og:image:height""/>"
PRICES,nl,29,meta,"{""content"":""Groep die geniet van scooter-, fiets-, inline skates-, skateboard- en longboardverhuur op het strand van Barceloneta in Barcelona"",""property"":""og:image:alt""}","<meta content=""Groep die geniet van scooter-, fiets-, inline skates-, skateboard- en longboardverhuur op het strand van Barceloneta in Barcelona"" property=""og:image:alt""/>"
PRICES,nl,30,meta,"{""content"":""nl_NL"",""property"":""og:locale""}","<meta content=""nl_NL"" property=""og:locale""/>"
PRICES,nl,31,meta,"{""content"":""en_GB"",""property"":""og:locale:alternate""}","<meta content=""en_GB"" property=""og:locale:alternate""/>"
PRICES,nl,32,meta,"{""content"":""es_ES"",""property"":""og:locale:alternate""}","<meta content=""es_ES"" property=""og:locale:alternate""/>"
PRICES,nl,33,meta,"{""content"":""fr_FR"",""property"":""og:locale:alternate""}","<meta content=""fr_FR"" property=""og:locale:alternate""/>"
PRICES,nl,34,meta,"{""content"":""it_IT"",""property"":""og:locale:alternate""}","<meta content=""it_IT"" property=""og:locale:alternate""/>"
PRICES,nl,35,meta,"{""content"":""de_DE"",""property"":""og:locale:alternate""}","<meta content=""de_DE"" property=""og:locale:alternate""/>"
PRICES,nl,36,meta,"{""content"":""pt_PT"",""property"":""og:locale:alternate""}","<meta content=""pt_PT"" property=""og:locale:alternate""/>"
PRICES,nl,37,meta,"{""content"":""ca_ES"",""property"":""og:locale:alternate""}","<meta content=""ca_ES"" property=""og:locale:alternate""/>"
PRICES,nl,38,meta,"{""content"":""sv_SE"",""property"":""og:locale:alternate""}","<meta content=""sv_SE"" property=""og:locale:alternate""/>"
PRICES,nl,39,meta,"{""content"":""pl_PL"",""property"":""og:locale:alternate""}","<meta content=""pl_PL"" property=""og:locale:alternate""/>"
PRICES,nl,41,meta,"{""content"":""summary_large_image"",""name"":""twitter:card""}","<meta content=""summary_large_image"" name=""twitter:card""/>"
PRICES,nl,41,meta,"{""content"":""@RSBscooterbarce"",""name"":""twitter:site""}","<meta content=""@RSBscooterbarce"" name=""twitter:site""/>"
PRICES,nl,42,meta,"{""content"":""Prijzen voor scooterverhuur, inline skates en fietsen in Barcelona | RSB"",""name"":""twitter:title""}","<meta content=""Prijzen voor scooterverhuur, inline skates en fietsen in Barcelona | RSB"" name=""twitter:title""/>"
PRICES,nl,43,meta,"{""content"":""Vergelijk de prijzen voor 50cc- en 125cc-scooters, inline skates, fietsen, rolschaatsen, skateboards en longboards in Barcelona vanuit onze lokale winkel in Vila Olímpica vlak bij Barceloneta en Port Olímpic. Eenvoudig boeken via WhatsApp."",""name"":""twitter:description""}","<meta content=""Vergelijk de prijzen voor 50cc- en 125cc-scooters, inline skates, fietsen, rolschaatsen, skateboards en longboards in Barcelona vanuit onze lokale winkel in Vila Olímpica vlak bij Barceloneta en Port Olímpic. Eenvoudig boeken via WhatsApp."" name=""twitter:description""/>"
PRICES,nl,44,meta,"{""content"":""https://rentalscooterbarcelona.com/images/rsb-barcelona-rental-hero-group-beach-1600-v1.webp"",""name"":""twitter:image""}","<meta content=""https://rentalscooterbarcelona.com/images/rsb-barcelona-rental-hero-group-beach-1600-v1.webp"" name=""twitter:image""/>"
PRICES,nl,46,link,"{""href"":""https://rentalscooterbarcelona.com/favicon.ico"",""rel"":""icon"",""sizes"":""any""}","<link href=""https://rentalscooterbarcelona.com/favicon.ico"" rel=""icon"" sizes=""any""/>"
PRICES,nl,47,link,"{""href"":""https://rentalscooterbarcelona.com/favicon-16x16.png"",""rel"":""icon"",""sizes"":""16x16"",""type"":""image/png""}","<link href=""https://rentalscooterbarcelona.com/favicon-16x16.png"" rel=""icon"" sizes=""16x16"" type=""image/png""/>"
PRICES,nl,48,link,"{""href"":""https://rentalscooterbarcelona.com/favicon-32x32.png"",""rel"":""icon"",""sizes"":""32x32"",""type"":""image/png""}","<link href=""https://rentalscooterbarcelona.com/favicon-32x32.png"" rel=""icon"" sizes=""32x32"" type=""image/png""/>"
PRICES,nl,49,link,"{""href"":""https://rentalscooterbarcelona.com/favicon-192x192.png"",""rel"":""icon"",""sizes"":""192x192"",""type"":""image/png""}","<link href=""https://rentalscooterbarcelona.com/favicon-192x192.png"" rel=""icon"" sizes=""192x192"" type=""image/png""/>"
PRICES,nl,50,link,"{""href"":""https://rentalscooterbarcelona.com/favicon-512x512.png"",""rel"":""icon"",""sizes"":""512x512"",""type"":""image/png""}","<link href=""https://rentalscooterbarcelona.com/favicon-512x512.png"" rel=""icon"" sizes=""512x512"" type=""image/png""/>"
PRICES,nl,51,link,"{""href"":""https://rentalscooterbarcelona.com/apple-touch-icon.png"",""rel"":""apple-touch-icon""}","<link href=""https://rentalscooterbarcelona.com/apple-touch-icon.png"" rel=""apple-touch-icon""/>"
PRICES,nl,53,link,"{""crossorigin"":"""",""href"":""https://www.googletagmanager.com"",""rel"":""preconnect""}","<link crossorigin="""" href=""https://www.googletagmanager.com"" rel=""preconnect""/>"
PRICES,nl,54,link,"{""href"":""https://www.googletagmanager.com"",""rel"":""dns-prefetch""}","<link href=""https://www.googletagmanager.com"" rel=""dns-prefetch""/>"
PRICES,nl,57,link,"{""href"":""https://fonts.googleapis.com"",""rel"":""preconnect""}","<link href=""https://fonts.googleapis.com"" rel=""preconnect""/>"
PRICES,nl,58,link,"{""crossorigin"":"""",""href"":""https://fonts.gstatic.com"",""rel"":""preconnect""}","<link crossorigin="""" href=""https://fonts.gstatic.com"" rel=""preconnect""/>"
PRICES,nl,59,link,"{""href"":""https://fonts.googleapis.com/css2?family=Space+Grotesk:wght@400;500;600;700&family=Inter:wght@400;500;600;700&display=swap"",""rel"":""stylesheet""}","<link href=""https://fonts.googleapis.com/css2?family=Space+Grotesk:wght@400;500;600;700&amp;family=Inter:wght@400;500;600;700&amp;display=swap"" rel=""stylesheet""/>"
PRICES,nl,61,link,"{""href"":""https://rentalscooterbarcelona.com/styles.css?v=20260813"",""rel"":""stylesheet""}","<link href=""https://rentalscooterbarcelona.com/styles.css?v=20260813"" rel=""stylesheet""/>"
PRICES,nl,62,link,"{""href"":""https://rentalscooterbarcelona.com/Prices/prices.css?v=20260813"",""rel"":""stylesheet""}","<link href=""https://rentalscooterbarcelona.com/Prices/prices.css?v=20260813"" rel=""stylesheet""/>"
PRICES,nl,65,script,"{""async"":"""",""src"":""https://www.googletagmanager.com/gtag/js?id=G-S7SMLHCNGK""}","<script async="""" src=""https://www.googletagmanager.com/gtag/js?id=G-S7SMLHCNGK"">"
PRICES,nl,66,script,{},<script>
PRICES,nl,73,meta,"{""content"":""3_Dfcq2jy9ccTlZt6JQm9ltOZ7UvN2QvG1PhZajyPy8"",""name"":""google-site-verification""}","<meta content=""3_Dfcq2jy9ccTlZt6JQm9ltOZ7UvN2QvG1PhZajyPy8"" name=""google-site-verification""/>"
PRICES,nl,74,link,"{""as"":""image"",""fetchpriority"":""high"",""href"":""https://rentalscooterbarcelona.com/images/rsb-barcelona-rental-hero-group-beach-800-v1.webp"",""imagesizes"":""100vw"",""imagesrcset"":""https://rentalscooterbarcelona.com/images/rsb-barcelona-rental-hero-group-beach-480-v1.webp 480w, https://rentalscooterbarcelona.com/images/rsb-barcelona-rental-hero-group-beach-800-v1.webp 800w, https://rentalscooterbarcelona.com/images/rsb-barcelona-rental-hero-group-beach-1600-v1.webp 1600w"",""rel"":""preload""}","<link as=""image"" fetchpriority=""high"" href=""https://rentalscooterbarcelona.com/images/rsb-barcelona-rental-hero-group-beach-800-v1.webp"" imagesizes=""100vw"" imagesrcset=""https://rentalscooterbarcelona.com/images/rsb-barcelona-rental-hero-group-beach-480-v1.webp 480w, https://rentalscooterbarcelona.com/images/rsb-barcelona-rental-hero-group-beach-800-v1.webp 800w, https://rentalscooterbarcelona.com/images/rsb-barcelona-rental-hero-group-beach-1600-v1.webp 1600w"" rel=""preload""/>"
PRICES,nl,75,script,"{""type"":""application/ld+json""}","<script type=""application/ld+json"">"
PRICES,nl,1154,meta,"{""content"":""Groep die geniet van scooter-, fiets-, inline skates-, skateboard- en longboardverhuur op het strand van Barceloneta in Barcelona"",""name"":""twitter:image:alt""}","<meta content=""Groep die geniet van scooter-, fiets-, inline skates-, skateboard- en longboardverhuur op het strand van Barceloneta in Barcelona"" name=""twitter:image:alt""/>"
PRICES,nl,1154,meta,"{""content"":""RSB Rental Scooter Barcelona"",""name"":""application-name""}","<meta content=""RSB Rental Scooter Barcelona"" name=""application-name""/>"
PRICES,nl,1154,meta,"{""content"":""RSB Rental"",""name"":""apple-mobile-web-app-title""}","<meta content=""RSB Rental"" name=""apple-mobile-web-app-title""/>"
PRICES,nl,1155,script,"{""data-rsb-review-entities"":"""",""type"":""application/ld+json""}","<script data-rsb-review-entities="""" type=""application/ld+json"">"
PRICES,pt,3,head,{},<head>
PRICES,pt,4,meta,"{""charset"":""utf-8""}","<meta charset=""utf-8""/>"
PRICES,pt,5,link,"{""rel"":""manifest"",""href"":""/site.webmanifest""}","<link rel=""manifest"" href=""/site.webmanifest""/>"
PRICES,pt,6,meta,"{""content"":""width=device-width, initial-scale=1"",""name"":""viewport""}","<meta content=""width=device-width, initial-scale=1"" name=""viewport""/>"
PRICES,pt,7,title,{},<title>
PRICES,pt,8,meta,"{""content"":""Preços de aluguer de scooters 50cc e 125cc, patins em linha, bicicletas, patins clássicos, skateboard e longboard em Barcelona."",""name"":""description""}","<meta content=""Preços de aluguer de scooters 50cc e 125cc, patins em linha, bicicletas, patins clássicos, skateboard e longboard em Barcelona."" name=""description""/>"
PRICES,pt,9,meta,"{""content"":""index,follow,max-image-preview:large"",""name"":""robots""}","<meta content=""index,follow,max-image-preview:large"" name=""robots""/>"
PRICES,pt,10,meta,"{""content"":""#0b1022"",""name"":""theme-color""}","<meta content=""#0b1022"" name=""theme-color""/>"
PRICES,pt,10,meta,"{""content"":""RSB Rental Scooter Barcelona"",""name"":""author""}","<meta content=""RSB Rental Scooter Barcelona"" name=""author""/>"
PRICES,pt,12,link,"{""href"":""https://rentalscooterbarcelona.com/pt/Prices/"",""rel"":""canonical""}","<link href=""https://rentalscooterbarcelona.com/pt/Prices/"" rel=""canonical""/>"
PRICES,pt,12,link,"{""href"":""https://rentalscooterbarcelona.com/Prices/"",""hreflang"":""x-default"",""rel"":""alternate""}","<link href=""https://rentalscooterbarcelona.com/Prices/"" hreflang=""x-default"" rel=""alternate""/>"
PRICES,pt,12,link,"{""href"":""https://rentalscooterbarcelona.com/Prices/"",""hreflang"":""en"",""rel"":""alternate""}","<link href=""https://rentalscooterbarcelona.com/Prices/"" hreflang=""en"" rel=""alternate""/>"
PRICES,pt,12,link,"{""href"":""https://rentalscooterbarcelona.com/es/Prices/"",""hreflang"":""es"",""rel"":""alternate""}","<link href=""https://rentalscooterbarcelona.com/es/Prices/"" hreflang=""es"" rel=""alternate""/>"
PRICES,pt,12,link,"{""href"":""https://rentalscooterbarcelona.com/fr/Prices/"",""hreflang"":""fr"",""rel"":""alternate""}","<link href=""https://rentalscooterbarcelona.com/fr/Prices/"" hreflang=""fr"" rel=""alternate""/>"
PRICES,pt,12,link,"{""href"":""https://rentalscooterbarcelona.com/it/Prices/"",""hreflang"":""it"",""rel"":""alternate""}","<link href=""https://rentalscooterbarcelona.com/it/Prices/"" hreflang=""it"" rel=""alternate""/>"
PRICES,pt,12,link,"{""href"":""https://rentalscooterbarcelona.com/de/Prices/"",""hreflang"":""de"",""rel"":""alternate""}","<link href=""https://rentalscooterbarcelona.com/de/Prices/"" hreflang=""de"" rel=""alternate""/>"
PRICES,pt,12,link,"{""href"":""https://rentalscooterbarcelona.com/nl/Prices/"",""hreflang"":""nl"",""rel"":""alternate""}","<link href=""https://rentalscooterbarcelona.com/nl/Prices/"" hreflang=""nl"" rel=""alternate""/>"
PRICES,pt,12,link,"{""href"":""https://rentalscooterbarcelona.com/pt/Prices/"",""hreflang"":""pt"",""rel"":""alternate""}","<link href=""https://rentalscooterbarcelona.com/pt/Prices/"" hreflang=""pt"" rel=""alternate""/>"
PRICES,pt,12,link,"{""href"":""https://rentalscooterbarcelona.com/cat/Prices/"",""hreflang"":""ca"",""rel"":""alternate""}","<link href=""https://rentalscooterbarcelona.com/cat/Prices/"" hreflang=""ca"" rel=""alternate""/>"
PRICES,pt,12,link,"{""href"":""https://rentalscooterbarcelona.com/sv/Prices/"",""hreflang"":""sv"",""rel"":""alternate""}","<link href=""https://rentalscooterbarcelona.com/sv/Prices/"" hreflang=""sv"" rel=""alternate""/>"
PRICES,pt,12,link,"{""href"":""https://rentalscooterbarcelona.com/pl/Prices/"",""hreflang"":""pl"",""rel"":""alternate""}","<link href=""https://rentalscooterbarcelona.com/pl/Prices/"" hreflang=""pl"" rel=""alternate""/>"
PRICES,pt,13,meta,"{""content"":""ES-CT"",""name"":""geo.region""}","<meta content=""ES-CT"" name=""geo.region""/>"
PRICES,pt,14,meta,"{""content"":""Barcelona"",""name"":""geo.placename""}","<meta content=""Barcelona"" name=""geo.placename""/>"
PRICES,pt,15,meta,"{""content"":""41.3906488;2.1984312"",""name"":""geo.position""}","<meta content=""41.3906488;2.1984312"" name=""geo.position""/>"
PRICES,pt,16,meta,"{""content"":""41.3906488, 2.1984312"",""name"":""ICBM""}","<meta content=""41.3906488, 2.1984312"" name=""ICBM""/>"
PRICES,pt,19,meta,"{""content"":""website"",""property"":""og:type""}","<meta content=""website"" property=""og:type""/>"
PRICES,pt,20,meta,"{""content"":""RSB Rental Scooter Barcelona"",""property"":""og:site_name""}","<meta content=""RSB Rental Scooter Barcelona"" property=""og:site_name""/>"
PRICES,pt,21,meta,"{""content"":""Preços de aluguer de scooters, patins em linha e bicicletas em Barcelona | RSB"",""property"":""og:title""}","<meta content=""Preços de aluguer de scooters, patins em linha e bicicletas em Barcelona | RSB"" property=""og:title""/>"
PRICES,pt,22,meta,"{""content"":""Compara os preços de aluguer de scooters 50cc e 125cc, patins em linha, bicicletas, patins de 4 rodas, skateboard e longboard em Barcelona a partir da nossa loja local em Vila Olímpica, perto da Barceloneta e de Port Olímpic. Reserva fácil por WhatsApp."",""property"":""og:description""}","<meta content=""Compara os preços de aluguer de scooters 50cc e 125cc, patins em linha, bicicletas, patins de 4 rodas, skateboard e longboard em Barcelona a partir da nossa loja local em Vila Olímpica, perto da Barceloneta e de Port Olímpic. Reserva fácil por WhatsApp."" property=""og:description""/>"
PRICES,pt,23,meta,"{""content"":""https://rentalscooterbarcelona.com/pt/Prices/"",""property"":""og:url""}","<meta content=""https://rentalscooterbarcelona.com/pt/Prices/"" property=""og:url""/>"
PRICES,pt,24,meta,"{""content"":""https://rentalscooterbarcelona.com/images/rsb-barcelona-rental-hero-group-beach-1600-v1.webp"",""property"":""og:image""}","<meta content=""https://rentalscooterbarcelona.com/images/rsb-barcelona-rental-hero-group-beach-1600-v1.webp"" property=""og:image""/>"
PRICES,pt,25,meta,"{""content"":""https://rentalscooterbarcelona.com/images/rsb-barcelona-rental-hero-group-beach-1600-v1.webp"",""property"":""og:image:secure_url""}","<meta content=""https://rentalscooterbarcelona.com/images/rsb-barcelona-rental-hero-group-beach-1600-v1.webp"" property=""og:image:secure_url""/>"
PRICES,pt,26,meta,"{""content"":""image/webp"",""property"":""og:image:type""}","<meta content=""image/webp"" property=""og:image:type""/>"
PRICES,pt,27,meta,"{""content"":""1600"",""property"":""og:image:width""}","<meta content=""1600"" property=""og:image:width""/>"
PRICES,pt,28,meta,"{""content"":""874"",""property"":""og:image:height""}","<meta content=""874"" property=""og:image:height""/>"
PRICES,pt,29,meta,"{""content"":""Grupo a aproveitar o aluguer de scooter, bicicleta, patins em linha, skateboard e longboard na praia da Barceloneta, em Barcelona"",""property"":""og:image:alt""}","<meta content=""Grupo a aproveitar o aluguer de scooter, bicicleta, patins em linha, skateboard e longboard na praia da Barceloneta, em Barcelona"" property=""og:image:alt""/>"
PRICES,pt,30,meta,"{""content"":""pt_PT"",""property"":""og:locale""}","<meta content=""pt_PT"" property=""og:locale""/>"
PRICES,pt,31,meta,"{""content"":""en_GB"",""property"":""og:locale:alternate""}","<meta content=""en_GB"" property=""og:locale:alternate""/>"
PRICES,pt,32,meta,"{""content"":""es_ES"",""property"":""og:locale:alternate""}","<meta content=""es_ES"" property=""og:locale:alternate""/>"
PRICES,pt,33,meta,"{""content"":""fr_FR"",""property"":""og:locale:alternate""}","<meta content=""fr_FR"" property=""og:locale:alternate""/>"
PRICES,pt,34,meta,"{""content"":""it_IT"",""property"":""og:locale:alternate""}","<meta content=""it_IT"" property=""og:locale:alternate""/>"
PRICES,pt,35,meta,"{""content"":""de_DE"",""property"":""og:locale:alternate""}","<meta content=""de_DE"" property=""og:locale:alternate""/>"
PRICES,pt,36,meta,"{""content"":""nl_NL"",""property"":""og:locale:alternate""}","<meta content=""nl_NL"" property=""og:locale:alternate""/>"
PRICES,pt,37,meta,"{""content"":""ca_ES"",""property"":""og:locale:alternate""}","<meta content=""ca_ES"" property=""og:locale:alternate""/>"
PRICES,pt,38,meta,"{""content"":""sv_SE"",""property"":""og:locale:alternate""}","<meta content=""sv_SE"" property=""og:locale:alternate""/>"
PRICES,pt,39,meta,"{""content"":""pl_PL"",""property"":""og:locale:alternate""}","<meta content=""pl_PL"" property=""og:locale:alternate""/>"
PRICES,pt,41,meta,"{""content"":""summary_large_image"",""name"":""twitter:card""}","<meta content=""summary_large_image"" name=""twitter:card""/>"
PRICES,pt,41,meta,"{""content"":""@RSBscooterbarce"",""name"":""twitter:site""}","<meta content=""@RSBscooterbarce"" name=""twitter:site""/>"
PRICES,pt,42,meta,"{""content"":""Preços de aluguer de scooters, patins em linha e bicicletas em Barcelona | RSB"",""name"":""twitter:title""}","<meta content=""Preços de aluguer de scooters, patins em linha e bicicletas em Barcelona | RSB"" name=""twitter:title""/>"
PRICES,pt,43,meta,"{""content"":""Compara os preços de aluguer de scooters 50cc e 125cc, patins em linha, bicicletas, patins de 4 rodas, skateboard e longboard em Barcelona a partir da nossa loja local em Vila Olímpica, perto da Barceloneta e de Port Olímpic. Reserva fácil por WhatsApp."",""name"":""twitter:description""}","<meta content=""Compara os preços de aluguer de scooters 50cc e 125cc, patins em linha, bicicletas, patins de 4 rodas, skateboard e longboard em Barcelona a partir da nossa loja local em Vila Olímpica, perto da Barceloneta e de Port Olímpic. Reserva fácil por WhatsApp."" name=""twitter:description""/>"
PRICES,pt,44,meta,"{""content"":""https://rentalscooterbarcelona.com/images/rsb-barcelona-rental-hero-group-beach-1600-v1.webp"",""name"":""twitter:image""}","<meta content=""https://rentalscooterbarcelona.com/images/rsb-barcelona-rental-hero-group-beach-1600-v1.webp"" name=""twitter:image""/>"
PRICES,pt,46,link,"{""href"":""https://rentalscooterbarcelona.com/favicon.ico"",""rel"":""icon"",""sizes"":""any""}","<link href=""https://rentalscooterbarcelona.com/favicon.ico"" rel=""icon"" sizes=""any""/>"
PRICES,pt,47,link,"{""href"":""https://rentalscooterbarcelona.com/favicon-16x16.png"",""rel"":""icon"",""sizes"":""16x16"",""type"":""image/png""}","<link href=""https://rentalscooterbarcelona.com/favicon-16x16.png"" rel=""icon"" sizes=""16x16"" type=""image/png""/>"
PRICES,pt,48,link,"{""href"":""https://rentalscooterbarcelona.com/favicon-32x32.png"",""rel"":""icon"",""sizes"":""32x32"",""type"":""image/png""}","<link href=""https://rentalscooterbarcelona.com/favicon-32x32.png"" rel=""icon"" sizes=""32x32"" type=""image/png""/>"
PRICES,pt,49,link,"{""href"":""https://rentalscooterbarcelona.com/favicon-192x192.png"",""rel"":""icon"",""sizes"":""192x192"",""type"":""image/png""}","<link href=""https://rentalscooterbarcelona.com/favicon-192x192.png"" rel=""icon"" sizes=""192x192"" type=""image/png""/>"
PRICES,pt,50,link,"{""href"":""https://rentalscooterbarcelona.com/favicon-512x512.png"",""rel"":""icon"",""sizes"":""512x512"",""type"":""image/png""}","<link href=""https://rentalscooterbarcelona.com/favicon-512x512.png"" rel=""icon"" sizes=""512x512"" type=""image/png""/>"
PRICES,pt,51,link,"{""href"":""https://rentalscooterbarcelona.com/apple-touch-icon.png"",""rel"":""apple-touch-icon""}","<link href=""https://rentalscooterbarcelona.com/apple-touch-icon.png"" rel=""apple-touch-icon""/>"
PRICES,pt,53,link,"{""crossorigin"":"""",""href"":""https://www.googletagmanager.com"",""rel"":""preconnect""}","<link crossorigin="""" href=""https://www.googletagmanager.com"" rel=""preconnect""/>"
PRICES,pt,54,link,"{""href"":""https://www.googletagmanager.com"",""rel"":""dns-prefetch""}","<link href=""https://www.googletagmanager.com"" rel=""dns-prefetch""/>"
PRICES,pt,57,link,"{""href"":""https://fonts.googleapis.com"",""rel"":""preconnect""}","<link href=""https://fonts.googleapis.com"" rel=""preconnect""/>"
PRICES,pt,58,link,"{""crossorigin"":"""",""href"":""https://fonts.gstatic.com"",""rel"":""preconnect""}","<link crossorigin="""" href=""https://fonts.gstatic.com"" rel=""preconnect""/>"
PRICES,pt,59,link,"{""href"":""https://fonts.googleapis.com/css2?family=Space+Grotesk:wght@400;500;600;700&family=Inter:wght@400;500;600;700&display=swap"",""rel"":""stylesheet""}","<link href=""https://fonts.googleapis.com/css2?family=Space+Grotesk:wght@400;500;600;700&amp;family=Inter:wght@400;500;600;700&amp;display=swap"" rel=""stylesheet""/>"
PRICES,pt,61,link,"{""href"":""https://rentalscooterbarcelona.com/styles.css?v=20260813"",""rel"":""stylesheet""}","<link href=""https://rentalscooterbarcelona.com/styles.css?v=20260813"" rel=""stylesheet""/>"
PRICES,pt,62,link,"{""href"":""https://rentalscooterbarcelona.com/Prices/prices.css?v=20260813"",""rel"":""stylesheet""}","<link href=""https://rentalscooterbarcelona.com/Prices/prices.css?v=20260813"" rel=""stylesheet""/>"
PRICES,pt,65,script,"{""async"":"""",""src"":""https://www.googletagmanager.com/gtag/js?id=G-S7SMLHCNGK""}","<script async="""" src=""https://www.googletagmanager.com/gtag/js?id=G-S7SMLHCNGK"">"
PRICES,pt,66,script,{},<script>
PRICES,pt,73,meta,"{""content"":""3_Dfcq2jy9ccTlZt6JQm9ltOZ7UvN2QvG1PhZajyPy8"",""name"":""google-site-verification""}","<meta content=""3_Dfcq2jy9ccTlZt6JQm9ltOZ7UvN2QvG1PhZajyPy8"" name=""google-site-verification""/>"
PRICES,pt,74,link,"{""as"":""image"",""fetchpriority"":""high"",""href"":""https://rentalscooterbarcelona.com/images/rsb-barcelona-rental-hero-group-beach-800-v1.webp"",""imagesizes"":""100vw"",""imagesrcset"":""https://rentalscooterbarcelona.com/images/rsb-barcelona-rental-hero-group-beach-480-v1.webp 480w, https://rentalscooterbarcelona.com/images/rsb-barcelona-rental-hero-group-beach-800-v1.webp 800w, https://rentalscooterbarcelona.com/images/rsb-barcelona-rental-hero-group-beach-1600-v1.webp 1600w"",""rel"":""preload""}","<link as=""image"" fetchpriority=""high"" href=""https://rentalscooterbarcelona.com/images/rsb-barcelona-rental-hero-group-beach-800-v1.webp"" imagesizes=""100vw"" imagesrcset=""https://rentalscooterbarcelona.com/images/rsb-barcelona-rental-hero-group-beach-480-v1.webp 480w, https://rentalscooterbarcelona.com/images/rsb-barcelona-rental-hero-group-beach-800-v1.webp 800w, https://rentalscooterbarcelona.com/images/rsb-barcelona-rental-hero-group-beach-1600-v1.webp 1600w"" rel=""preload""/>"
PRICES,pt,75,script,"{""type"":""application/ld+json""}","<script type=""application/ld+json"">"
PRICES,pt,1154,meta,"{""content"":""Grupo a aproveitar o aluguer de scooter, bicicleta, patins em linha, skateboard e longboard na praia da Barceloneta, em Barcelona"",""name"":""twitter:image:alt""}","<meta content=""Grupo a aproveitar o aluguer de scooter, bicicleta, patins em linha, skateboard e longboard na praia da Barceloneta, em Barcelona"" name=""twitter:image:alt""/>"
PRICES,pt,1154,meta,"{""content"":""RSB Rental Scooter Barcelona"",""name"":""application-name""}","<meta content=""RSB Rental Scooter Barcelona"" name=""application-name""/>"
PRICES,pt,1154,meta,"{""content"":""RSB Rental"",""name"":""apple-mobile-web-app-title""}","<meta content=""RSB Rental"" name=""apple-mobile-web-app-title""/>"
PRICES,pt,1155,script,"{""data-rsb-review-entities"":"""",""type"":""application/ld+json""}","<script data-rsb-review-entities="""" type=""application/ld+json"">"
PRICES,ca,3,head,{},<head>
PRICES,ca,4,meta,"{""charset"":""utf-8""}","<meta charset=""utf-8""/>"
PRICES,ca,5,link,"{""rel"":""manifest"",""href"":""/site.webmanifest""}","<link rel=""manifest"" href=""/site.webmanifest""/>"
PRICES,ca,6,meta,"{""content"":""width=device-width, initial-scale=1"",""name"":""viewport""}","<meta content=""width=device-width, initial-scale=1"" name=""viewport""/>"
PRICES,ca,7,title,{},<title>
PRICES,ca,8,meta,"{""content"":""Preus de lloguer de scooters, patins en línia, bicicletes, patins, skateboard i longboard a Barcelona. Botiga a Vila Olímpica."",""name"":""description""}","<meta content=""Preus de lloguer de scooters, patins en línia, bicicletes, patins, skateboard i longboard a Barcelona. Botiga a Vila Olímpica."" name=""description""/>"
PRICES,ca,9,meta,"{""content"":""index,follow,max-image-preview:large"",""name"":""robots""}","<meta content=""index,follow,max-image-preview:large"" name=""robots""/>"
PRICES,ca,10,meta,"{""content"":""#0b1022"",""name"":""theme-color""}","<meta content=""#0b1022"" name=""theme-color""/>"
PRICES,ca,10,meta,"{""content"":""RSB Rental Scooter Barcelona"",""name"":""author""}","<meta content=""RSB Rental Scooter Barcelona"" name=""author""/>"
PRICES,ca,12,link,"{""href"":""https://rentalscooterbarcelona.com/cat/Prices/"",""rel"":""canonical""}","<link href=""https://rentalscooterbarcelona.com/cat/Prices/"" rel=""canonical""/>"
PRICES,ca,12,link,"{""href"":""https://rentalscooterbarcelona.com/Prices/"",""hreflang"":""x-default"",""rel"":""alternate""}","<link href=""https://rentalscooterbarcelona.com/Prices/"" hreflang=""x-default"" rel=""alternate""/>"
PRICES,ca,12,link,"{""href"":""https://rentalscooterbarcelona.com/Prices/"",""hreflang"":""en"",""rel"":""alternate""}","<link href=""https://rentalscooterbarcelona.com/Prices/"" hreflang=""en"" rel=""alternate""/>"
PRICES,ca,12,link,"{""href"":""https://rentalscooterbarcelona.com/es/Prices/"",""hreflang"":""es"",""rel"":""alternate""}","<link href=""https://rentalscooterbarcelona.com/es/Prices/"" hreflang=""es"" rel=""alternate""/>"
PRICES,ca,12,link,"{""href"":""https://rentalscooterbarcelona.com/fr/Prices/"",""hreflang"":""fr"",""rel"":""alternate""}","<link href=""https://rentalscooterbarcelona.com/fr/Prices/"" hreflang=""fr"" rel=""alternate""/>"
PRICES,ca,12,link,"{""href"":""https://rentalscooterbarcelona.com/it/Prices/"",""hreflang"":""it"",""rel"":""alternate""}","<link href=""https://rentalscooterbarcelona.com/it/Prices/"" hreflang=""it"" rel=""alternate""/>"
PRICES,ca,12,link,"{""href"":""https://rentalscooterbarcelona.com/de/Prices/"",""hreflang"":""de"",""rel"":""alternate""}","<link href=""https://rentalscooterbarcelona.com/de/Prices/"" hreflang=""de"" rel=""alternate""/>"
PRICES,ca,12,link,"{""href"":""https://rentalscooterbarcelona.com/nl/Prices/"",""hreflang"":""nl"",""rel"":""alternate""}","<link href=""https://rentalscooterbarcelona.com/nl/Prices/"" hreflang=""nl"" rel=""alternate""/>"
PRICES,ca,12,link,"{""href"":""https://rentalscooterbarcelona.com/pt/Prices/"",""hreflang"":""pt"",""rel"":""alternate""}","<link href=""https://rentalscooterbarcelona.com/pt/Prices/"" hreflang=""pt"" rel=""alternate""/>"
PRICES,ca,12,link,"{""href"":""https://rentalscooterbarcelona.com/cat/Prices/"",""hreflang"":""ca"",""rel"":""alternate""}","<link href=""https://rentalscooterbarcelona.com/cat/Prices/"" hreflang=""ca"" rel=""alternate""/>"
PRICES,ca,12,link,"{""href"":""https://rentalscooterbarcelona.com/sv/Prices/"",""hreflang"":""sv"",""rel"":""alternate""}","<link href=""https://rentalscooterbarcelona.com/sv/Prices/"" hreflang=""sv"" rel=""alternate""/>"
PRICES,ca,12,link,"{""href"":""https://rentalscooterbarcelona.com/pl/Prices/"",""hreflang"":""pl"",""rel"":""alternate""}","<link href=""https://rentalscooterbarcelona.com/pl/Prices/"" hreflang=""pl"" rel=""alternate""/>"
PRICES,ca,13,meta,"{""content"":""ES-CT"",""name"":""geo.region""}","<meta content=""ES-CT"" name=""geo.region""/>"
PRICES,ca,14,meta,"{""content"":""Barcelona"",""name"":""geo.placename""}","<meta content=""Barcelona"" name=""geo.placename""/>"
PRICES,ca,15,meta,"{""content"":""41.3906488;2.1984312"",""name"":""geo.position""}","<meta content=""41.3906488;2.1984312"" name=""geo.position""/>"
PRICES,ca,16,meta,"{""content"":""41.3906488, 2.1984312"",""name"":""ICBM""}","<meta content=""41.3906488, 2.1984312"" name=""ICBM""/>"
PRICES,ca,19,meta,"{""content"":""website"",""property"":""og:type""}","<meta content=""website"" property=""og:type""/>"
PRICES,ca,20,meta,"{""content"":""RSB Rental Scooter Barcelona"",""property"":""og:site_name""}","<meta content=""RSB Rental Scooter Barcelona"" property=""og:site_name""/>"
PRICES,ca,21,meta,"{""content"":""Preus de lloguer de scooter, patins en línia i bicicletes a Barcelona | RSB"",""property"":""og:title""}","<meta content=""Preus de lloguer de scooter, patins en línia i bicicletes a Barcelona | RSB"" property=""og:title""/>"
PRICES,ca,22,meta,"{""content"":""Compara els preus de lloguer de scooters 50cc i 125cc, patins en línia, bicicletes, patins de quatre rodes, skateboard i longboard a Barcelona des de la nostra botiga local de Vila Olímpica, a prop de la Barceloneta i de Port Olímpic. Reserva fàcil per WhatsApp."",""property"":""og:description""}","<meta content=""Compara els preus de lloguer de scooters 50cc i 125cc, patins en línia, bicicletes, patins de quatre rodes, skateboard i longboard a Barcelona des de la nostra botiga local de Vila Olímpica, a prop de la Barceloneta i de Port Olímpic. Reserva fàcil per WhatsApp."" property=""og:description""/>"
PRICES,ca,23,meta,"{""content"":""https://rentalscooterbarcelona.com/cat/Prices/"",""property"":""og:url""}","<meta content=""https://rentalscooterbarcelona.com/cat/Prices/"" property=""og:url""/>"
PRICES,ca,24,meta,"{""content"":""https://rentalscooterbarcelona.com/images/rsb-barcelona-rental-hero-group-beach-1600-v1.webp"",""property"":""og:image""}","<meta content=""https://rentalscooterbarcelona.com/images/rsb-barcelona-rental-hero-group-beach-1600-v1.webp"" property=""og:image""/>"
PRICES,ca,25,meta,"{""content"":""https://rentalscooterbarcelona.com/images/rsb-barcelona-rental-hero-group-beach-1600-v1.webp"",""property"":""og:image:secure_url""}","<meta content=""https://rentalscooterbarcelona.com/images/rsb-barcelona-rental-hero-group-beach-1600-v1.webp"" property=""og:image:secure_url""/>"
PRICES,ca,26,meta,"{""content"":""image/webp"",""property"":""og:image:type""}","<meta content=""image/webp"" property=""og:image:type""/>"
PRICES,ca,27,meta,"{""content"":""1600"",""property"":""og:image:width""}","<meta content=""1600"" property=""og:image:width""/>"
PRICES,ca,28,meta,"{""content"":""874"",""property"":""og:image:height""}","<meta content=""874"" property=""og:image:height""/>"
PRICES,ca,29,meta,"{""content"":""Grup gaudint del lloguer de scooter, bicicleta, patins en línia, skateboard i longboard a la platja de la Barceloneta a Barcelona"",""property"":""og:image:alt""}","<meta content=""Grup gaudint del lloguer de scooter, bicicleta, patins en línia, skateboard i longboard a la platja de la Barceloneta a Barcelona"" property=""og:image:alt""/>"
PRICES,ca,30,meta,"{""content"":""ca_ES"",""property"":""og:locale""}","<meta content=""ca_ES"" property=""og:locale""/>"
PRICES,ca,30,meta,"{""content"":""en_GB"",""property"":""og:locale:alternate""}","<meta content=""en_GB"" property=""og:locale:alternate""/>"
PRICES,ca,30,meta,"{""content"":""es_ES"",""property"":""og:locale:alternate""}","<meta content=""es_ES"" property=""og:locale:alternate""/>"
PRICES,ca,30,meta,"{""content"":""fr_FR"",""property"":""og:locale:alternate""}","<meta content=""fr_FR"" property=""og:locale:alternate""/>"
PRICES,ca,30,meta,"{""content"":""it_IT"",""property"":""og:locale:alternate""}","<meta content=""it_IT"" property=""og:locale:alternate""/>"
PRICES,ca,30,meta,"{""content"":""de_DE"",""property"":""og:locale:alternate""}","<meta content=""de_DE"" property=""og:locale:alternate""/>"
PRICES,ca,30,meta,"{""content"":""nl_NL"",""property"":""og:locale:alternate""}","<meta content=""nl_NL"" property=""og:locale:alternate""/>"
PRICES,ca,30,meta,"{""content"":""pt_PT"",""property"":""og:locale:alternate""}","<meta content=""pt_PT"" property=""og:locale:alternate""/>"
PRICES,ca,30,meta,"{""content"":""sv_SE"",""property"":""og:locale:alternate""}","<meta content=""sv_SE"" property=""og:locale:alternate""/>"
PRICES,ca,31,meta,"{""content"":""pl_PL"",""property"":""og:locale:alternate""}","<meta content=""pl_PL"" property=""og:locale:alternate""/>"
PRICES,ca,33,meta,"{""content"":""summary_large_image"",""name"":""twitter:card""}","<meta content=""summary_large_image"" name=""twitter:card""/>"
PRICES,ca,33,meta,"{""content"":""@RSBscooterbarce"",""name"":""twitter:site""}","<meta content=""@RSBscooterbarce"" name=""twitter:site""/>"
PRICES,ca,34,meta,"{""content"":""Preus de lloguer de scooter, patins en línia i bicicletes a Barcelona | RSB"",""name"":""twitter:title""}","<meta content=""Preus de lloguer de scooter, patins en línia i bicicletes a Barcelona | RSB"" name=""twitter:title""/>"
PRICES,ca,35,meta,"{""content"":""Compara els preus de lloguer de scooters 50cc i 125cc, patins en línia, bicicletes, patins de quatre rodes, skateboard i longboard a Barcelona des de la nostra botiga local de Vila Olímpica, a prop de la Barceloneta i de Port Olímpic. Reserva fàcil per WhatsApp."",""name"":""twitter:description""}","<meta content=""Compara els preus de lloguer de scooters 50cc i 125cc, patins en línia, bicicletes, patins de quatre rodes, skateboard i longboard a Barcelona des de la nostra botiga local de Vila Olímpica, a prop de la Barceloneta i de Port Olímpic. Reserva fàcil per WhatsApp."" name=""twitter:description""/>"
PRICES,ca,36,meta,"{""content"":""https://rentalscooterbarcelona.com/images/rsb-barcelona-rental-hero-group-beach-1600-v1.webp"",""name"":""twitter:image""}","<meta content=""https://rentalscooterbarcelona.com/images/rsb-barcelona-rental-hero-group-beach-1600-v1.webp"" name=""twitter:image""/>"
PRICES,ca,38,link,"{""href"":""https://rentalscooterbarcelona.com/favicon.ico"",""rel"":""icon"",""sizes"":""any""}","<link href=""https://rentalscooterbarcelona.com/favicon.ico"" rel=""icon"" sizes=""any""/>"
PRICES,ca,39,link,"{""href"":""https://rentalscooterbarcelona.com/favicon-16x16.png"",""rel"":""icon"",""sizes"":""16x16"",""type"":""image/png""}","<link href=""https://rentalscooterbarcelona.com/favicon-16x16.png"" rel=""icon"" sizes=""16x16"" type=""image/png""/>"
PRICES,ca,40,link,"{""href"":""https://rentalscooterbarcelona.com/favicon-32x32.png"",""rel"":""icon"",""sizes"":""32x32"",""type"":""image/png""}","<link href=""https://rentalscooterbarcelona.com/favicon-32x32.png"" rel=""icon"" sizes=""32x32"" type=""image/png""/>"
PRICES,ca,41,link,"{""href"":""https://rentalscooterbarcelona.com/favicon-192x192.png"",""rel"":""icon"",""sizes"":""192x192"",""type"":""image/png""}","<link href=""https://rentalscooterbarcelona.com/favicon-192x192.png"" rel=""icon"" sizes=""192x192"" type=""image/png""/>"
PRICES,ca,42,link,"{""href"":""https://rentalscooterbarcelona.com/favicon-512x512.png"",""rel"":""icon"",""sizes"":""512x512"",""type"":""image/png""}","<link href=""https://rentalscooterbarcelona.com/favicon-512x512.png"" rel=""icon"" sizes=""512x512"" type=""image/png""/>"
PRICES,ca,43,link,"{""href"":""https://rentalscooterbarcelona.com/apple-touch-icon.png"",""rel"":""apple-touch-icon""}","<link href=""https://rentalscooterbarcelona.com/apple-touch-icon.png"" rel=""apple-touch-icon""/>"
PRICES,ca,45,link,"{""crossorigin"":"""",""href"":""https://www.googletagmanager.com"",""rel"":""preconnect""}","<link crossorigin="""" href=""https://www.googletagmanager.com"" rel=""preconnect""/>"
PRICES,ca,46,link,"{""href"":""https://www.googletagmanager.com"",""rel"":""dns-prefetch""}","<link href=""https://www.googletagmanager.com"" rel=""dns-prefetch""/>"
PRICES,ca,49,noscript,{},<noscript>
PRICES,ca,51,link,"{""href"":""https://fonts.googleapis.com"",""rel"":""preconnect""}","<link href=""https://fonts.googleapis.com"" rel=""preconnect""/>"
PRICES,ca,51,link,"{""crossorigin"":"""",""href"":""https://fonts.gstatic.com"",""rel"":""preconnect""}","<link crossorigin="""" href=""https://fonts.gstatic.com"" rel=""preconnect""/>"
PRICES,ca,51,link,"{""as"":""image"",""fetchpriority"":""high"",""href"":""https://rentalscooterbarcelona.com/images/rsb-barcelona-rental-hero-group-beach-800-v1.webp"",""imagesizes"":""100vw"",""imagesrcset"":""https://rentalscooterbarcelona.com/images/rsb-barcelona-rental-hero-group-beach-480-v1.webp 480w, https://rentalscooterbarcelona.com/images/rsb-barcelona-rental-hero-group-beach-800-v1.webp 800w, https://rentalscooterbarcelona.com/images/rsb-barcelona-rental-hero-group-beach-1600-v1.webp 1600w"",""rel"":""preload""}","<link as=""image"" fetchpriority=""high"" href=""https://rentalscooterbarcelona.com/images/rsb-barcelona-rental-hero-group-beach-800-v1.webp"" imagesizes=""100vw"" imagesrcset=""https://rentalscooterbarcelona.com/images/rsb-barcelona-rental-hero-group-beach-480-v1.webp 480w, https://rentalscooterbarcelona.com/images/rsb-barcelona-rental-hero-group-beach-800-v1.webp 800w, https://rentalscooterbarcelona.com/images/rsb-barcelona-rental-hero-group-beach-1600-v1.webp 1600w"" rel=""preload""/>"
PRICES,ca,51,link,"{""href"":""https://fonts.googleapis.com/css2?family=Space+Grotesk:wght@400;500;600;700&family=Inter:wght@400;500;600;700&display=swap"",""rel"":""stylesheet""}","<link href=""https://fonts.googleapis.com/css2?family=Space+Grotesk:wght@400;500;600;700&amp;family=Inter:wght@400;500;600;700&amp;display=swap"" rel=""stylesheet""/>"
PRICES,ca,51,link,"{""href"":""https://rentalscooterbarcelona.com/styles.css?v=20260813"",""rel"":""stylesheet""}","<link href=""https://rentalscooterbarcelona.com/styles.css?v=20260813"" rel=""stylesheet""/>"
PRICES,ca,52,link,"{""href"":""https://rentalscooterbarcelona.com/Prices/prices.css?v=20260813"",""rel"":""stylesheet""}","<link href=""https://rentalscooterbarcelona.com/Prices/prices.css?v=20260813"" rel=""stylesheet""/>"
PRICES,ca,55,script,"{""async"":"""",""src"":""https://www.googletagmanager.com/gtag/js?id=G-S7SMLHCNGK""}","<script async="""" src=""https://www.googletagmanager.com/gtag/js?id=G-S7SMLHCNGK"">"
PRICES,ca,56,script,{},<script>
PRICES,ca,63,meta,"{""content"":""3_Dfcq2jy9ccTlZt6JQm9ltOZ7UvN2QvG1PhZajyPy8"",""name"":""google-site-verification""}","<meta content=""3_Dfcq2jy9ccTlZt6JQm9ltOZ7UvN2QvG1PhZajyPy8"" name=""google-site-verification""/>"
PRICES,ca,64,script,"{""type"":""application/ld+json""}","<script type=""application/ld+json"">"
PRICES,ca,1143,meta,"{""content"":""Grup gaudint del lloguer de scooter, bicicleta, patins en línia, skateboard i longboard a la platja de la Barceloneta a Barcelona"",""name"":""twitter:image:alt""}","<meta content=""Grup gaudint del lloguer de scooter, bicicleta, patins en línia, skateboard i longboard a la platja de la Barceloneta a Barcelona"" name=""twitter:image:alt""/>"
PRICES,ca,1143,meta,"{""content"":""RSB Rental Scooter Barcelona"",""name"":""application-name""}","<meta content=""RSB Rental Scooter Barcelona"" name=""application-name""/>"
PRICES,ca,1143,meta,"{""content"":""RSB Rental"",""name"":""apple-mobile-web-app-title""}","<meta content=""RSB Rental"" name=""apple-mobile-web-app-title""/>"
PRICES,ca,1144,script,"{""data-rsb-review-entities"":"""",""type"":""application/ld+json""}","<script data-rsb-review-entities="""" type=""application/ld+json"">"
PRICES,sv,3,head,{},<head>
PRICES,sv,4,meta,"{""charset"":""utf-8""}","<meta charset=""utf-8""/>"
PRICES,sv,5,link,"{""rel"":""manifest"",""href"":""/site.webmanifest""}","<link rel=""manifest"" href=""/site.webmanifest""/>"
PRICES,sv,6,meta,"{""content"":""width=device-width, initial-scale=1"",""name"":""viewport""}","<meta content=""width=device-width, initial-scale=1"" name=""viewport""/>"
PRICES,sv,7,title,{},<title>
PRICES,sv,8,meta,"{""content"":""Priser för 50cc- och 125cc-scootrar, inlines, cyklar, rullskridskor, skateboard och longboard i Barcelona."",""name"":""description""}","<meta content=""Priser för 50cc- och 125cc-scootrar, inlines, cyklar, rullskridskor, skateboard och longboard i Barcelona."" name=""description""/>"
PRICES,sv,9,meta,"{""content"":""index,follow,max-image-preview:large"",""name"":""robots""}","<meta content=""index,follow,max-image-preview:large"" name=""robots""/>"
PRICES,sv,10,meta,"{""content"":""#0b1022"",""name"":""theme-color""}","<meta content=""#0b1022"" name=""theme-color""/>"
PRICES,sv,10,meta,"{""content"":""RSB Rental Scooter Barcelona"",""name"":""author""}","<meta content=""RSB Rental Scooter Barcelona"" name=""author""/>"
PRICES,sv,12,link,"{""href"":""https://rentalscooterbarcelona.com/sv/Prices/"",""rel"":""canonical""}","<link href=""https://rentalscooterbarcelona.com/sv/Prices/"" rel=""canonical""/>"
PRICES,sv,12,link,"{""href"":""https://rentalscooterbarcelona.com/Prices/"",""hreflang"":""x-default"",""rel"":""alternate""}","<link href=""https://rentalscooterbarcelona.com/Prices/"" hreflang=""x-default"" rel=""alternate""/>"
PRICES,sv,12,link,"{""href"":""https://rentalscooterbarcelona.com/Prices/"",""hreflang"":""en"",""rel"":""alternate""}","<link href=""https://rentalscooterbarcelona.com/Prices/"" hreflang=""en"" rel=""alternate""/>"
PRICES,sv,12,link,"{""href"":""https://rentalscooterbarcelona.com/es/Prices/"",""hreflang"":""es"",""rel"":""alternate""}","<link href=""https://rentalscooterbarcelona.com/es/Prices/"" hreflang=""es"" rel=""alternate""/>"
PRICES,sv,12,link,"{""href"":""https://rentalscooterbarcelona.com/fr/Prices/"",""hreflang"":""fr"",""rel"":""alternate""}","<link href=""https://rentalscooterbarcelona.com/fr/Prices/"" hreflang=""fr"" rel=""alternate""/>"
PRICES,sv,12,link,"{""href"":""https://rentalscooterbarcelona.com/it/Prices/"",""hreflang"":""it"",""rel"":""alternate""}","<link href=""https://rentalscooterbarcelona.com/it/Prices/"" hreflang=""it"" rel=""alternate""/>"
PRICES,sv,12,link,"{""href"":""https://rentalscooterbarcelona.com/de/Prices/"",""hreflang"":""de"",""rel"":""alternate""}","<link href=""https://rentalscooterbarcelona.com/de/Prices/"" hreflang=""de"" rel=""alternate""/>"
PRICES,sv,12,link,"{""href"":""https://rentalscooterbarcelona.com/nl/Prices/"",""hreflang"":""nl"",""rel"":""alternate""}","<link href=""https://rentalscooterbarcelona.com/nl/Prices/"" hreflang=""nl"" rel=""alternate""/>"
PRICES,sv,12,link,"{""href"":""https://rentalscooterbarcelona.com/pt/Prices/"",""hreflang"":""pt"",""rel"":""alternate""}","<link href=""https://rentalscooterbarcelona.com/pt/Prices/"" hreflang=""pt"" rel=""alternate""/>"
PRICES,sv,12,link,"{""href"":""https://rentalscooterbarcelona.com/cat/Prices/"",""hreflang"":""ca"",""rel"":""alternate""}","<link href=""https://rentalscooterbarcelona.com/cat/Prices/"" hreflang=""ca"" rel=""alternate""/>"
PRICES,sv,12,link,"{""href"":""https://rentalscooterbarcelona.com/sv/Prices/"",""hreflang"":""sv"",""rel"":""alternate""}","<link href=""https://rentalscooterbarcelona.com/sv/Prices/"" hreflang=""sv"" rel=""alternate""/>"
PRICES,sv,12,link,"{""href"":""https://rentalscooterbarcelona.com/pl/Prices/"",""hreflang"":""pl"",""rel"":""alternate""}","<link href=""https://rentalscooterbarcelona.com/pl/Prices/"" hreflang=""pl"" rel=""alternate""/>"
PRICES,sv,13,meta,"{""content"":""ES-CT"",""name"":""geo.region""}","<meta content=""ES-CT"" name=""geo.region""/>"
PRICES,sv,14,meta,"{""content"":""Barcelona"",""name"":""geo.placename""}","<meta content=""Barcelona"" name=""geo.placename""/>"
PRICES,sv,15,meta,"{""content"":""41.3906488;2.1984312"",""name"":""geo.position""}","<meta content=""41.3906488;2.1984312"" name=""geo.position""/>"
PRICES,sv,16,meta,"{""content"":""41.3906488, 2.1984312"",""name"":""ICBM""}","<meta content=""41.3906488, 2.1984312"" name=""ICBM""/>"
PRICES,sv,19,meta,"{""content"":""website"",""property"":""og:type""}","<meta content=""website"" property=""og:type""/>"
PRICES,sv,20,meta,"{""content"":""RSB Rental Scooter Barcelona"",""property"":""og:site_name""}","<meta content=""RSB Rental Scooter Barcelona"" property=""og:site_name""/>"
PRICES,sv,21,meta,"{""content"":""Priser för scooteruthyrning, inlines och cykeluthyrning i Barcelona | RSB"",""property"":""og:title""}","<meta content=""Priser för scooteruthyrning, inlines och cykeluthyrning i Barcelona | RSB"" property=""og:title""/>"
PRICES,sv,22,meta,"{""content"":""Jämför priser för 50cc- och 125cc-scootrar, inlines, cyklar, rullskridskor, skateboard och longboard i Barcelona från vår lokala butik i Vila Olímpica mitt emot stranden och intill Port Olímpic. Enkel bokning via WhatsApp."",""property"":""og:description""}","<meta content=""Jämför priser för 50cc- och 125cc-scootrar, inlines, cyklar, rullskridskor, skateboard och longboard i Barcelona från vår lokala butik i Vila Olímpica mitt emot stranden och intill Port Olímpic. Enkel bokning via WhatsApp."" property=""og:description""/>"
PRICES,sv,23,meta,"{""content"":""https://rentalscooterbarcelona.com/sv/Prices/"",""property"":""og:url""}","<meta content=""https://rentalscooterbarcelona.com/sv/Prices/"" property=""og:url""/>"
PRICES,sv,24,meta,"{""content"":""https://rentalscooterbarcelona.com/images/rsb-barcelona-rental-hero-group-beach-1600-v1.webp"",""property"":""og:image""}","<meta content=""https://rentalscooterbarcelona.com/images/rsb-barcelona-rental-hero-group-beach-1600-v1.webp"" property=""og:image""/>"
PRICES,sv,25,meta,"{""content"":""https://rentalscooterbarcelona.com/images/rsb-barcelona-rental-hero-group-beach-1600-v1.webp"",""property"":""og:image:secure_url""}","<meta content=""https://rentalscooterbarcelona.com/images/rsb-barcelona-rental-hero-group-beach-1600-v1.webp"" property=""og:image:secure_url""/>"
PRICES,sv,26,meta,"{""content"":""image/webp"",""property"":""og:image:type""}","<meta content=""image/webp"" property=""og:image:type""/>"
PRICES,sv,27,meta,"{""content"":""1600"",""property"":""og:image:width""}","<meta content=""1600"" property=""og:image:width""/>"
PRICES,sv,28,meta,"{""content"":""874"",""property"":""og:image:height""}","<meta content=""874"" property=""og:image:height""/>"
PRICES,sv,29,meta,"{""content"":""Grupp som njuter av scooteruthyrning, cyklar, inlines, skateboard och longboard på Barceloneta-stranden i Barcelona"",""property"":""og:image:alt""}","<meta content=""Grupp som njuter av scooteruthyrning, cyklar, inlines, skateboard och longboard på Barceloneta-stranden i Barcelona"" property=""og:image:alt""/>"
PRICES,sv,30,meta,"{""content"":""sv_SE"",""property"":""og:locale""}","<meta content=""sv_SE"" property=""og:locale""/>"
PRICES,sv,31,meta,"{""content"":""en_GB"",""property"":""og:locale:alternate""}","<meta content=""en_GB"" property=""og:locale:alternate""/>"
PRICES,sv,32,meta,"{""content"":""es_ES"",""property"":""og:locale:alternate""}","<meta content=""es_ES"" property=""og:locale:alternate""/>"
PRICES,sv,33,meta,"{""content"":""fr_FR"",""property"":""og:locale:alternate""}","<meta content=""fr_FR"" property=""og:locale:alternate""/>"
PRICES,sv,34,meta,"{""content"":""it_IT"",""property"":""og:locale:alternate""}","<meta content=""it_IT"" property=""og:locale:alternate""/>"
PRICES,sv,35,meta,"{""content"":""de_DE"",""property"":""og:locale:alternate""}","<meta content=""de_DE"" property=""og:locale:alternate""/>"
PRICES,sv,36,meta,"{""content"":""nl_NL"",""property"":""og:locale:alternate""}","<meta content=""nl_NL"" property=""og:locale:alternate""/>"
PRICES,sv,37,meta,"{""content"":""pt_PT"",""property"":""og:locale:alternate""}","<meta content=""pt_PT"" property=""og:locale:alternate""/>"
PRICES,sv,38,meta,"{""content"":""ca_ES"",""property"":""og:locale:alternate""}","<meta content=""ca_ES"" property=""og:locale:alternate""/>"
PRICES,sv,39,meta,"{""content"":""pl_PL"",""property"":""og:locale:alternate""}","<meta content=""pl_PL"" property=""og:locale:alternate""/>"
PRICES,sv,41,meta,"{""content"":""summary_large_image"",""name"":""twitter:card""}","<meta content=""summary_large_image"" name=""twitter:card""/>"
PRICES,sv,41,meta,"{""content"":""@RSBscooterbarce"",""name"":""twitter:site""}","<meta content=""@RSBscooterbarce"" name=""twitter:site""/>"
PRICES,sv,42,meta,"{""content"":""Priser för scooteruthyrning, inlines och cykeluthyrning i Barcelona | RSB"",""name"":""twitter:title""}","<meta content=""Priser för scooteruthyrning, inlines och cykeluthyrning i Barcelona | RSB"" name=""twitter:title""/>"
PRICES,sv,43,meta,"{""content"":""Jämför priser för 50cc- och 125cc-scootrar, inlines, cyklar, rullskridskor, skateboard och longboard i Barcelona från vår lokala butik i Vila Olímpica mitt emot stranden och intill Port Olímpic. Enkel bokning via WhatsApp."",""name"":""twitter:description""}","<meta content=""Jämför priser för 50cc- och 125cc-scootrar, inlines, cyklar, rullskridskor, skateboard och longboard i Barcelona från vår lokala butik i Vila Olímpica mitt emot stranden och intill Port Olímpic. Enkel bokning via WhatsApp."" name=""twitter:description""/>"
PRICES,sv,44,meta,"{""content"":""https://rentalscooterbarcelona.com/images/rsb-barcelona-rental-hero-group-beach-1600-v1.webp"",""name"":""twitter:image""}","<meta content=""https://rentalscooterbarcelona.com/images/rsb-barcelona-rental-hero-group-beach-1600-v1.webp"" name=""twitter:image""/>"
PRICES,sv,46,link,"{""href"":""https://rentalscooterbarcelona.com/favicon.ico"",""rel"":""icon"",""sizes"":""any""}","<link href=""https://rentalscooterbarcelona.com/favicon.ico"" rel=""icon"" sizes=""any""/>"
PRICES,sv,47,link,"{""href"":""https://rentalscooterbarcelona.com/favicon-16x16.png"",""rel"":""icon"",""sizes"":""16x16"",""type"":""image/png""}","<link href=""https://rentalscooterbarcelona.com/favicon-16x16.png"" rel=""icon"" sizes=""16x16"" type=""image/png""/>"
PRICES,sv,48,link,"{""href"":""https://rentalscooterbarcelona.com/favicon-32x32.png"",""rel"":""icon"",""sizes"":""32x32"",""type"":""image/png""}","<link href=""https://rentalscooterbarcelona.com/favicon-32x32.png"" rel=""icon"" sizes=""32x32"" type=""image/png""/>"
PRICES,sv,49,link,"{""href"":""https://rentalscooterbarcelona.com/favicon-192x192.png"",""rel"":""icon"",""sizes"":""192x192"",""type"":""image/png""}","<link href=""https://rentalscooterbarcelona.com/favicon-192x192.png"" rel=""icon"" sizes=""192x192"" type=""image/png""/>"
PRICES,sv,50,link,"{""href"":""https://rentalscooterbarcelona.com/favicon-512x512.png"",""rel"":""icon"",""sizes"":""512x512"",""type"":""image/png""}","<link href=""https://rentalscooterbarcelona.com/favicon-512x512.png"" rel=""icon"" sizes=""512x512"" type=""image/png""/>"
PRICES,sv,51,link,"{""href"":""https://rentalscooterbarcelona.com/apple-touch-icon.png"",""rel"":""apple-touch-icon""}","<link href=""https://rentalscooterbarcelona.com/apple-touch-icon.png"" rel=""apple-touch-icon""/>"
PRICES,sv,53,link,"{""crossorigin"":"""",""href"":""https://www.googletagmanager.com"",""rel"":""preconnect""}","<link crossorigin="""" href=""https://www.googletagmanager.com"" rel=""preconnect""/>"
PRICES,sv,54,link,"{""href"":""https://www.googletagmanager.com"",""rel"":""dns-prefetch""}","<link href=""https://www.googletagmanager.com"" rel=""dns-prefetch""/>"
PRICES,sv,57,link,"{""href"":""https://fonts.googleapis.com"",""rel"":""preconnect""}","<link href=""https://fonts.googleapis.com"" rel=""preconnect""/>"
PRICES,sv,58,link,"{""crossorigin"":"""",""href"":""https://fonts.gstatic.com"",""rel"":""preconnect""}","<link crossorigin="""" href=""https://fonts.gstatic.com"" rel=""preconnect""/>"
PRICES,sv,59,link,"{""href"":""https://fonts.googleapis.com/css2?family=Space+Grotesk:wght@400;500;600;700&family=Inter:wght@400;500;600;700&display=swap"",""rel"":""stylesheet""}","<link href=""https://fonts.googleapis.com/css2?family=Space+Grotesk:wght@400;500;600;700&amp;family=Inter:wght@400;500;600;700&amp;display=swap"" rel=""stylesheet""/>"
PRICES,sv,61,link,"{""href"":""https://rentalscooterbarcelona.com/styles.css?v=20260813"",""rel"":""stylesheet""}","<link href=""https://rentalscooterbarcelona.com/styles.css?v=20260813"" rel=""stylesheet""/>"
PRICES,sv,62,link,"{""href"":""https://rentalscooterbarcelona.com/Prices/prices.css?v=20260813"",""rel"":""stylesheet""}","<link href=""https://rentalscooterbarcelona.com/Prices/prices.css?v=20260813"" rel=""stylesheet""/>"
PRICES,sv,65,script,"{""async"":"""",""src"":""https://www.googletagmanager.com/gtag/js?id=G-S7SMLHCNGK""}","<script async="""" src=""https://www.googletagmanager.com/gtag/js?id=G-S7SMLHCNGK"">"
PRICES,sv,66,script,{},<script>
PRICES,sv,73,meta,"{""content"":""3_Dfcq2jy9ccTlZt6JQm9ltOZ7UvN2QvG1PhZajyPy8"",""name"":""google-site-verification""}","<meta content=""3_Dfcq2jy9ccTlZt6JQm9ltOZ7UvN2QvG1PhZajyPy8"" name=""google-site-verification""/>"
PRICES,sv,74,link,"{""as"":""image"",""fetchpriority"":""high"",""href"":""https://rentalscooterbarcelona.com/images/rsb-barcelona-rental-hero-group-beach-800-v1.webp"",""imagesizes"":""100vw"",""imagesrcset"":""https://rentalscooterbarcelona.com/images/rsb-barcelona-rental-hero-group-beach-480-v1.webp 480w, https://rentalscooterbarcelona.com/images/rsb-barcelona-rental-hero-group-beach-800-v1.webp 800w, https://rentalscooterbarcelona.com/images/rsb-barcelona-rental-hero-group-beach-1600-v1.webp 1600w"",""rel"":""preload""}","<link as=""image"" fetchpriority=""high"" href=""https://rentalscooterbarcelona.com/images/rsb-barcelona-rental-hero-group-beach-800-v1.webp"" imagesizes=""100vw"" imagesrcset=""https://rentalscooterbarcelona.com/images/rsb-barcelona-rental-hero-group-beach-480-v1.webp 480w, https://rentalscooterbarcelona.com/images/rsb-barcelona-rental-hero-group-beach-800-v1.webp 800w, https://rentalscooterbarcelona.com/images/rsb-barcelona-rental-hero-group-beach-1600-v1.webp 1600w"" rel=""preload""/>"
PRICES,sv,75,script,"{""type"":""application/ld+json""}","<script type=""application/ld+json"">"
PRICES,sv,1154,meta,"{""content"":""Grupp som njuter av scooteruthyrning, cyklar, inlines, skateboard och longboard på Barceloneta-stranden i Barcelona"",""name"":""twitter:image:alt""}","<meta content=""Grupp som njuter av scooteruthyrning, cyklar, inlines, skateboard och longboard på Barceloneta-stranden i Barcelona"" name=""twitter:image:alt""/>"
PRICES,sv,1154,meta,"{""content"":""RSB Rental Scooter Barcelona"",""name"":""application-name""}","<meta content=""RSB Rental Scooter Barcelona"" name=""application-name""/>"
PRICES,sv,1154,meta,"{""content"":""RSB Rental"",""name"":""apple-mobile-web-app-title""}","<meta content=""RSB Rental"" name=""apple-mobile-web-app-title""/>"
PRICES,sv,1155,script,"{""data-rsb-review-entities"":"""",""type"":""application/ld+json""}","<script data-rsb-review-entities="""" type=""application/ld+json"">"
PRICES,pl,3,head,{},<head>
PRICES,pl,4,meta,"{""charset"":""utf-8""}","<meta charset=""utf-8""/>"
PRICES,pl,5,link,"{""rel"":""manifest"",""href"":""/site.webmanifest""}","<link rel=""manifest"" href=""/site.webmanifest""/>"
PRICES,pl,6,meta,"{""content"":""width=device-width, initial-scale=1"",""name"":""viewport""}","<meta content=""width=device-width, initial-scale=1"" name=""viewport""/>"
PRICES,pl,7,title,{},<title>
PRICES,pl,8,meta,"{""content"":""Porównaj ceny wynajmu skuterów, rolek, rowerów, wrotek, deskorolek i longboardów w Barcelonie. Lokalna wypożyczalnia w Vila Olímpica; rezerwacja przez WhatsApp."",""name"":""description""}","<meta content=""Porównaj ceny wynajmu skuterów, rolek, rowerów, wrotek, deskorolek i longboardów w Barcelonie. Lokalna wypożyczalnia w Vila Olímpica; rezerwacja przez WhatsApp."" name=""description""/>"
PRICES,pl,9,meta,"{""content"":""index,follow,max-image-preview:large"",""name"":""robots""}","<meta content=""index,follow,max-image-preview:large"" name=""robots""/>"
PRICES,pl,10,meta,"{""content"":""#0b1022"",""name"":""theme-color""}","<meta content=""#0b1022"" name=""theme-color""/>"
PRICES,pl,10,meta,"{""content"":""RSB Rental Scooter Barcelona"",""name"":""author""}","<meta content=""RSB Rental Scooter Barcelona"" name=""author""/>"
PRICES,pl,12,link,"{""href"":""https://rentalscooterbarcelona.com/pl/Prices/"",""rel"":""canonical""}","<link href=""https://rentalscooterbarcelona.com/pl/Prices/"" rel=""canonical""/>"
PRICES,pl,12,link,"{""href"":""https://rentalscooterbarcelona.com/Prices/"",""hreflang"":""x-default"",""rel"":""alternate""}","<link href=""https://rentalscooterbarcelona.com/Prices/"" hreflang=""x-default"" rel=""alternate""/>"
PRICES,pl,12,link,"{""href"":""https://rentalscooterbarcelona.com/Prices/"",""hreflang"":""en"",""rel"":""alternate""}","<link href=""https://rentalscooterbarcelona.com/Prices/"" hreflang=""en"" rel=""alternate""/>"
PRICES,pl,12,link,"{""href"":""https://rentalscooterbarcelona.com/es/Prices/"",""hreflang"":""es"",""rel"":""alternate""}","<link href=""https://rentalscooterbarcelona.com/es/Prices/"" hreflang=""es"" rel=""alternate""/>"
PRICES,pl,12,link,"{""href"":""https://rentalscooterbarcelona.com/fr/Prices/"",""hreflang"":""fr"",""rel"":""alternate""}","<link href=""https://rentalscooterbarcelona.com/fr/Prices/"" hreflang=""fr"" rel=""alternate""/>"
PRICES,pl,12,link,"{""href"":""https://rentalscooterbarcelona.com/it/Prices/"",""hreflang"":""it"",""rel"":""alternate""}","<link href=""https://rentalscooterbarcelona.com/it/Prices/"" hreflang=""it"" rel=""alternate""/>"
PRICES,pl,12,link,"{""href"":""https://rentalscooterbarcelona.com/de/Prices/"",""hreflang"":""de"",""rel"":""alternate""}","<link href=""https://rentalscooterbarcelona.com/de/Prices/"" hreflang=""de"" rel=""alternate""/>"
PRICES,pl,12,link,"{""href"":""https://rentalscooterbarcelona.com/nl/Prices/"",""hreflang"":""nl"",""rel"":""alternate""}","<link href=""https://rentalscooterbarcelona.com/nl/Prices/"" hreflang=""nl"" rel=""alternate""/>"
PRICES,pl,12,link,"{""href"":""https://rentalscooterbarcelona.com/pt/Prices/"",""hreflang"":""pt"",""rel"":""alternate""}","<link href=""https://rentalscooterbarcelona.com/pt/Prices/"" hreflang=""pt"" rel=""alternate""/>"
PRICES,pl,12,link,"{""href"":""https://rentalscooterbarcelona.com/cat/Prices/"",""hreflang"":""ca"",""rel"":""alternate""}","<link href=""https://rentalscooterbarcelona.com/cat/Prices/"" hreflang=""ca"" rel=""alternate""/>"
PRICES,pl,12,link,"{""href"":""https://rentalscooterbarcelona.com/sv/Prices/"",""hreflang"":""sv"",""rel"":""alternate""}","<link href=""https://rentalscooterbarcelona.com/sv/Prices/"" hreflang=""sv"" rel=""alternate""/>"
PRICES,pl,12,link,"{""href"":""https://rentalscooterbarcelona.com/pl/Prices/"",""hreflang"":""pl"",""rel"":""alternate""}","<link href=""https://rentalscooterbarcelona.com/pl/Prices/"" hreflang=""pl"" rel=""alternate""/>"
PRICES,pl,15,meta,"{""content"":""ES-CT"",""name"":""geo.region""}","<meta content=""ES-CT"" name=""geo.region""/>"
PRICES,pl,16,meta,"{""content"":""Barcelona"",""name"":""geo.placename""}","<meta content=""Barcelona"" name=""geo.placename""/>"
PRICES,pl,17,meta,"{""content"":""41.3906488;2.1984312"",""name"":""geo.position""}","<meta content=""41.3906488;2.1984312"" name=""geo.position""/>"
PRICES,pl,18,meta,"{""content"":""41.3906488, 2.1984312"",""name"":""ICBM""}","<meta content=""41.3906488, 2.1984312"" name=""ICBM""/>"
PRICES,pl,19,meta,"{""content"":""website"",""property"":""og:type""}","<meta content=""website"" property=""og:type""/>"
PRICES,pl,20,meta,"{""content"":""RSB Rental Scooter Barcelona"",""property"":""og:site_name""}","<meta content=""RSB Rental Scooter Barcelona"" property=""og:site_name""/>"
PRICES,pl,21,meta,"{""content"":""Cennik wynajmu skuterów, rolek i rowerów w Barcelonie | RSB"",""property"":""og:title""}","<meta content=""Cennik wynajmu skuterów, rolek i rowerów w Barcelonie | RSB"" property=""og:title""/>"
PRICES,pl,22,meta,"{""content"":""Porównaj ceny wynajmu skuterów, rolek, rowerów, wrotek, deskorolek i longboardów w Barcelonie. Lokalna wypożyczalnia w Vila Olímpica; rezerwacja przez WhatsApp."",""property"":""og:description""}","<meta content=""Porównaj ceny wynajmu skuterów, rolek, rowerów, wrotek, deskorolek i longboardów w Barcelonie. Lokalna wypożyczalnia w Vila Olímpica; rezerwacja przez WhatsApp."" property=""og:description""/>"
PRICES,pl,23,meta,"{""content"":""https://rentalscooterbarcelona.com/pl/Prices/"",""property"":""og:url""}","<meta content=""https://rentalscooterbarcelona.com/pl/Prices/"" property=""og:url""/>"
PRICES,pl,24,meta,"{""content"":""https://rentalscooterbarcelona.com/images/rsb-barcelona-rental-hero-group-beach-1600-v1.webp"",""property"":""og:image""}","<meta content=""https://rentalscooterbarcelona.com/images/rsb-barcelona-rental-hero-group-beach-1600-v1.webp"" property=""og:image""/>"
PRICES,pl,25,meta,"{""content"":""https://rentalscooterbarcelona.com/images/rsb-barcelona-rental-hero-group-beach-1600-v1.webp"",""property"":""og:image:secure_url""}","<meta content=""https://rentalscooterbarcelona.com/images/rsb-barcelona-rental-hero-group-beach-1600-v1.webp"" property=""og:image:secure_url""/>"
PRICES,pl,26,meta,"{""content"":""image/webp"",""property"":""og:image:type""}","<meta content=""image/webp"" property=""og:image:type""/>"
PRICES,pl,27,meta,"{""content"":""1600"",""property"":""og:image:width""}","<meta content=""1600"" property=""og:image:width""/>"
PRICES,pl,28,meta,"{""content"":""874"",""property"":""og:image:height""}","<meta content=""874"" property=""og:image:height""/>"
PRICES,pl,29,meta,"{""content"":""Grupa korzystająca ze skutera, rolek i roweru w pobliżu plaży Barceloneta w Barcelonie"",""property"":""og:image:alt""}","<meta content=""Grupa korzystająca ze skutera, rolek i roweru w pobliżu plaży Barceloneta w Barcelonie"" property=""og:image:alt""/>"
PRICES,pl,30,meta,"{""content"":""pl_PL"",""property"":""og:locale""}","<meta content=""pl_PL"" property=""og:locale""/>"
PRICES,pl,31,meta,"{""content"":""en_GB"",""property"":""og:locale:alternate""}","<meta content=""en_GB"" property=""og:locale:alternate""/>"
PRICES,pl,32,meta,"{""content"":""es_ES"",""property"":""og:locale:alternate""}","<meta content=""es_ES"" property=""og:locale:alternate""/>"
PRICES,pl,33,meta,"{""content"":""fr_FR"",""property"":""og:locale:alternate""}","<meta content=""fr_FR"" property=""og:locale:alternate""/>"
PRICES,pl,34,meta,"{""content"":""it_IT"",""property"":""og:locale:alternate""}","<meta content=""it_IT"" property=""og:locale:alternate""/>"
PRICES,pl,35,meta,"{""content"":""de_DE"",""property"":""og:locale:alternate""}","<meta content=""de_DE"" property=""og:locale:alternate""/>"
PRICES,pl,36,meta,"{""content"":""nl_NL"",""property"":""og:locale:alternate""}","<meta content=""nl_NL"" property=""og:locale:alternate""/>"
PRICES,pl,37,meta,"{""content"":""pt_PT"",""property"":""og:locale:alternate""}","<meta content=""pt_PT"" property=""og:locale:alternate""/>"
PRICES,pl,38,meta,"{""content"":""ca_ES"",""property"":""og:locale:alternate""}","<meta content=""ca_ES"" property=""og:locale:alternate""/>"
PRICES,pl,39,meta,"{""content"":""sv_SE"",""property"":""og:locale:alternate""}","<meta content=""sv_SE"" property=""og:locale:alternate""/>"
PRICES,pl,41,meta,"{""content"":""summary_large_image"",""name"":""twitter:card""}","<meta content=""summary_large_image"" name=""twitter:card""/>"
PRICES,pl,41,meta,"{""content"":""@RSBscooterbarce"",""name"":""twitter:site""}","<meta content=""@RSBscooterbarce"" name=""twitter:site""/>"
PRICES,pl,42,meta,"{""content"":""Cennik wynajmu skuterów, rolek i rowerów w Barcelonie | RSB"",""name"":""twitter:title""}","<meta content=""Cennik wynajmu skuterów, rolek i rowerów w Barcelonie | RSB"" name=""twitter:title""/>"
PRICES,pl,43,meta,"{""content"":""Porównaj ceny wynajmu skuterów, rolek, rowerów, wrotek, deskorolek i longboardów w Barcelonie. Lokalna wypożyczalnia w Vila Olímpica; rezerwacja przez WhatsApp."",""name"":""twitter:description""}","<meta content=""Porównaj ceny wynajmu skuterów, rolek, rowerów, wrotek, deskorolek i longboardów w Barcelonie. Lokalna wypożyczalnia w Vila Olímpica; rezerwacja przez WhatsApp."" name=""twitter:description""/>"
PRICES,pl,44,meta,"{""content"":""https://rentalscooterbarcelona.com/images/rsb-barcelona-rental-hero-group-beach-1600-v1.webp"",""name"":""twitter:image""}","<meta content=""https://rentalscooterbarcelona.com/images/rsb-barcelona-rental-hero-group-beach-1600-v1.webp"" name=""twitter:image""/>"
PRICES,pl,46,link,"{""href"":""https://rentalscooterbarcelona.com/favicon.ico"",""rel"":""icon"",""sizes"":""any""}","<link href=""https://rentalscooterbarcelona.com/favicon.ico"" rel=""icon"" sizes=""any""/>"
PRICES,pl,47,link,"{""href"":""https://rentalscooterbarcelona.com/favicon-16x16.png"",""rel"":""icon"",""sizes"":""16x16"",""type"":""image/png""}","<link href=""https://rentalscooterbarcelona.com/favicon-16x16.png"" rel=""icon"" sizes=""16x16"" type=""image/png""/>"
PRICES,pl,48,link,"{""href"":""https://rentalscooterbarcelona.com/favicon-32x32.png"",""rel"":""icon"",""sizes"":""32x32"",""type"":""image/png""}","<link href=""https://rentalscooterbarcelona.com/favicon-32x32.png"" rel=""icon"" sizes=""32x32"" type=""image/png""/>"
PRICES,pl,49,link,"{""href"":""https://rentalscooterbarcelona.com/favicon-192x192.png"",""rel"":""icon"",""sizes"":""192x192"",""type"":""image/png""}","<link href=""https://rentalscooterbarcelona.com/favicon-192x192.png"" rel=""icon"" sizes=""192x192"" type=""image/png""/>"
PRICES,pl,50,link,"{""href"":""https://rentalscooterbarcelona.com/favicon-512x512.png"",""rel"":""icon"",""sizes"":""512x512"",""type"":""image/png""}","<link href=""https://rentalscooterbarcelona.com/favicon-512x512.png"" rel=""icon"" sizes=""512x512"" type=""image/png""/>"
PRICES,pl,51,link,"{""href"":""https://rentalscooterbarcelona.com/apple-touch-icon.png"",""rel"":""apple-touch-icon""}","<link href=""https://rentalscooterbarcelona.com/apple-touch-icon.png"" rel=""apple-touch-icon""/>"
PRICES,pl,53,link,"{""crossorigin"":"""",""href"":""https://www.googletagmanager.com"",""rel"":""preconnect""}","<link crossorigin="""" href=""https://www.googletagmanager.com"" rel=""preconnect""/>"
PRICES,pl,54,link,"{""href"":""https://www.googletagmanager.com"",""rel"":""dns-prefetch""}","<link href=""https://www.googletagmanager.com"" rel=""dns-prefetch""/>"
PRICES,pl,57,link,"{""href"":""https://fonts.googleapis.com"",""rel"":""preconnect""}","<link href=""https://fonts.googleapis.com"" rel=""preconnect""/>"
PRICES,pl,58,link,"{""crossorigin"":"""",""href"":""https://fonts.gstatic.com"",""rel"":""preconnect""}","<link crossorigin="""" href=""https://fonts.gstatic.com"" rel=""preconnect""/>"
PRICES,pl,59,link,"{""href"":""https://fonts.googleapis.com/css2?family=Space+Grotesk:wght@400;500;600;700&family=Inter:wght@400;500;600;700&display=swap"",""rel"":""stylesheet""}","<link href=""https://fonts.googleapis.com/css2?family=Space+Grotesk:wght@400;500;600;700&amp;family=Inter:wght@400;500;600;700&amp;display=swap"" rel=""stylesheet""/>"
PRICES,pl,61,link,"{""href"":""https://rentalscooterbarcelona.com/styles.css?v=20260813"",""rel"":""stylesheet""}","<link href=""https://rentalscooterbarcelona.com/styles.css?v=20260813"" rel=""stylesheet""/>"
PRICES,pl,62,link,"{""href"":""https://rentalscooterbarcelona.com/Prices/prices.css?v=20260813"",""rel"":""stylesheet""}","<link href=""https://rentalscooterbarcelona.com/Prices/prices.css?v=20260813"" rel=""stylesheet""/>"
PRICES,pl,65,script,"{""async"":"""",""src"":""https://www.googletagmanager.com/gtag/js?id=G-S7SMLHCNGK""}","<script async="""" src=""https://www.googletagmanager.com/gtag/js?id=G-S7SMLHCNGK"">"
PRICES,pl,66,script,{},<script>
PRICES,pl,73,meta,"{""content"":""3_Dfcq2jy9ccTlZt6JQm9ltOZ7UvN2QvG1PhZajyPy8"",""name"":""google-site-verification""}","<meta content=""3_Dfcq2jy9ccTlZt6JQm9ltOZ7UvN2QvG1PhZajyPy8"" name=""google-site-verification""/>"
PRICES,pl,74,link,"{""as"":""image"",""fetchpriority"":""high"",""href"":""https://rentalscooterbarcelona.com/images/rsb-barcelona-rental-hero-group-beach-800-v1.webp"",""imagesizes"":""100vw"",""imagesrcset"":""https://rentalscooterbarcelona.com/images/rsb-barcelona-rental-hero-group-beach-480-v1.webp 480w, https://rentalscooterbarcelona.com/images/rsb-barcelona-rental-hero-group-beach-800-v1.webp 800w, https://rentalscooterbarcelona.com/images/rsb-barcelona-rental-hero-group-beach-1600-v1.webp 1600w"",""rel"":""preload""}","<link as=""image"" fetchpriority=""high"" href=""https://rentalscooterbarcelona.com/images/rsb-barcelona-rental-hero-group-beach-800-v1.webp"" imagesizes=""100vw"" imagesrcset=""https://rentalscooterbarcelona.com/images/rsb-barcelona-rental-hero-group-beach-480-v1.webp 480w, https://rentalscooterbarcelona.com/images/rsb-barcelona-rental-hero-group-beach-800-v1.webp 800w, https://rentalscooterbarcelona.com/images/rsb-barcelona-rental-hero-group-beach-1600-v1.webp 1600w"" rel=""preload""/>"
PRICES,pl,75,script,"{""type"":""application/ld+json""}","<script type=""application/ld+json"">"
PRICES,pl,1154,meta,"{""content"":""Grupa korzystająca ze skutera, rolek i roweru w pobliżu plaży Barceloneta w Barcelonie"",""name"":""twitter:image:alt""}","<meta content=""Grupa korzystająca ze skutera, rolek i roweru w pobliżu plaży Barceloneta w Barcelonie"" name=""twitter:image:alt""/>"
PRICES,pl,1154,meta,"{""content"":""RSB Rental Scooter Barcelona"",""name"":""application-name""}","<meta content=""RSB Rental Scooter Barcelona"" name=""application-name""/>"
PRICES,pl,1154,meta,"{""content"":""RSB Wynajem"",""name"":""apple-mobile-web-app-title""}","<meta content=""RSB Wynajem"" name=""apple-mobile-web-app-title""/>"
PRICES,pl,1155,script,"{""data-rsb-review-entities"":"""",""type"":""application/ld+json""}","<script data-rsb-review-entities="""" type=""application/ld+json"">"
SCOOTER,en,4,head,{},<head>
SCOOTER,en,5,meta,"{""charset"":""utf-8""}","<meta charset=""utf-8""/>"
SCOOTER,en,6,link,"{""rel"":""manifest"",""href"":""/site.webmanifest""}","<link rel=""manifest"" href=""/site.webmanifest""/>"
SCOOTER,en,7,meta,"{""content"":""width=device-width, initial-scale=1"",""name"":""viewport""}","<meta content=""width=device-width, initial-scale=1"" name=""viewport""/>"
SCOOTER,en,8,title,{},<title>
SCOOTER,en,9,meta,"{""content"":""Rent 50cc and 125cc scooters in Barcelona near Port Olímpic and Barceloneta. Helmets and insurance included; free hotel delivery for 3+ day rentals."",""name"":""description""}","<meta content=""Rent 50cc and 125cc scooters in Barcelona near Port Olímpic and Barceloneta. Helmets and insurance included; free hotel delivery for 3+ day rentals."" name=""description""/>"
SCOOTER,en,10,meta,"{""content"":""index,follow,max-image-preview:large"",""name"":""robots""}","<meta content=""index,follow,max-image-preview:large"" name=""robots""/>"
SCOOTER,en,11,meta,"{""content"":""RSB Rental Scooter Barcelona"",""name"":""author""}","<meta content=""RSB Rental Scooter Barcelona"" name=""author""/>"
SCOOTER,en,12,meta,"{""content"":""#0b1022"",""name"":""theme-color""}","<meta content=""#0b1022"" name=""theme-color""/>"
SCOOTER,en,13,link,"{""href"":""https://rentalscooterbarcelona.com/scooter/"",""rel"":""canonical""}","<link href=""https://rentalscooterbarcelona.com/scooter/"" rel=""canonical""/>"
SCOOTER,en,13,link,"{""href"":""https://rentalscooterbarcelona.com/scooter/"",""hreflang"":""x-default"",""rel"":""alternate""}","<link href=""https://rentalscooterbarcelona.com/scooter/"" hreflang=""x-default"" rel=""alternate""/>"
SCOOTER,en,13,link,"{""href"":""https://rentalscooterbarcelona.com/scooter/"",""hreflang"":""en"",""rel"":""alternate""}","<link href=""https://rentalscooterbarcelona.com/scooter/"" hreflang=""en"" rel=""alternate""/>"
SCOOTER,en,13,link,"{""href"":""https://rentalscooterbarcelona.com/es/scooter/"",""hreflang"":""es"",""rel"":""alternate""}","<link href=""https://rentalscooterbarcelona.com/es/scooter/"" hreflang=""es"" rel=""alternate""/>"
SCOOTER,en,13,link,"{""href"":""https://rentalscooterbarcelona.com/fr/scooter/"",""hreflang"":""fr"",""rel"":""alternate""}","<link href=""https://rentalscooterbarcelona.com/fr/scooter/"" hreflang=""fr"" rel=""alternate""/>"
SCOOTER,en,13,link,"{""href"":""https://rentalscooterbarcelona.com/it/scooter/"",""hreflang"":""it"",""rel"":""alternate""}","<link href=""https://rentalscooterbarcelona.com/it/scooter/"" hreflang=""it"" rel=""alternate""/>"
SCOOTER,en,13,link,"{""href"":""https://rentalscooterbarcelona.com/de/scooter/"",""hreflang"":""de"",""rel"":""alternate""}","<link href=""https://rentalscooterbarcelona.com/de/scooter/"" hreflang=""de"" rel=""alternate""/>"
SCOOTER,en,13,link,"{""href"":""https://rentalscooterbarcelona.com/nl/scooter/"",""hreflang"":""nl"",""rel"":""alternate""}","<link href=""https://rentalscooterbarcelona.com/nl/scooter/"" hreflang=""nl"" rel=""alternate""/>"
SCOOTER,en,13,link,"{""href"":""https://rentalscooterbarcelona.com/pt/scooter/"",""hreflang"":""pt"",""rel"":""alternate""}","<link href=""https://rentalscooterbarcelona.com/pt/scooter/"" hreflang=""pt"" rel=""alternate""/>"
SCOOTER,en,13,link,"{""href"":""https://rentalscooterbarcelona.com/cat/scooter/"",""hreflang"":""ca"",""rel"":""alternate""}","<link href=""https://rentalscooterbarcelona.com/cat/scooter/"" hreflang=""ca"" rel=""alternate""/>"
SCOOTER,en,13,link,"{""href"":""https://rentalscooterbarcelona.com/sv/scooter/"",""hreflang"":""sv"",""rel"":""alternate""}","<link href=""https://rentalscooterbarcelona.com/sv/scooter/"" hreflang=""sv"" rel=""alternate""/>"
SCOOTER,en,13,link,"{""href"":""https://rentalscooterbarcelona.com/pl/scooter/"",""hreflang"":""pl"",""rel"":""alternate""}","<link href=""https://rentalscooterbarcelona.com/pl/scooter/"" hreflang=""pl"" rel=""alternate""/>"
SCOOTER,en,14,meta,"{""content"":""ES-CT"",""name"":""geo.region""}","<meta content=""ES-CT"" name=""geo.region""/>"
SCOOTER,en,15,meta,"{""content"":""Barcelona"",""name"":""geo.placename""}","<meta content=""Barcelona"" name=""geo.placename""/>"
SCOOTER,en,16,meta,"{""content"":""41.3906488;2.1984312"",""name"":""geo.position""}","<meta content=""41.3906488;2.1984312"" name=""geo.position""/>"
SCOOTER,en,17,meta,"{""content"":""41.3906488, 2.1984312"",""name"":""ICBM""}","<meta content=""41.3906488, 2.1984312"" name=""ICBM""/>"
SCOOTER,en,18,meta,"{""content"":""website"",""property"":""og:type""}","<meta content=""website"" property=""og:type""/>"
SCOOTER,en,19,meta,"{""content"":""RSB Rental Scooter Barcelona"",""property"":""og:site_name""}","<meta content=""RSB Rental Scooter Barcelona"" property=""og:site_name""/>"
SCOOTER,en,20,meta,"{""content"":""Scooter Rental Barcelona Near Port Olímpic & Barceloneta | RSB"",""property"":""og:title""}","<meta content=""Scooter Rental Barcelona Near Port Olímpic &amp; Barceloneta | RSB"" property=""og:title""/>"
SCOOTER,en,21,meta,"{""content"":""Rent 50cc and 125cc scooters in Barcelona near Port Olímpic and Barceloneta. Helmets and insurance included; free hotel delivery for 3+ day rentals."",""property"":""og:description""}","<meta content=""Rent 50cc and 125cc scooters in Barcelona near Port Olímpic and Barceloneta. Helmets and insurance included; free hotel delivery for 3+ day rentals."" property=""og:description""/>"
SCOOTER,en,22,meta,"{""content"":""https://rentalscooterbarcelona.com/scooter/"",""property"":""og:url""}","<meta content=""https://rentalscooterbarcelona.com/scooter/"" property=""og:url""/>"
SCOOTER,en,23,meta,"{""content"":""https://rentalscooterbarcelona.com/images/rsb-scooter-rental-barcelona-hero-group-og-v1-1200.webp"",""property"":""og:image""}","<meta content=""https://rentalscooterbarcelona.com/images/rsb-scooter-rental-barcelona-hero-group-og-v1-1200.webp"" property=""og:image""/>"
SCOOTER,en,24,meta,"{""content"":""https://rentalscooterbarcelona.com/images/rsb-scooter-rental-barcelona-hero-group-og-v1-1200.webp"",""property"":""og:image:secure_url""}","<meta content=""https://rentalscooterbarcelona.com/images/rsb-scooter-rental-barcelona-hero-group-og-v1-1200.webp"" property=""og:image:secure_url""/>"
SCOOTER,en,25,meta,"{""content"":""image/webp"",""property"":""og:image:type""}","<meta content=""image/webp"" property=""og:image:type""/>"
SCOOTER,en,26,meta,"{""content"":""1200"",""property"":""og:image:width""}","<meta content=""1200"" property=""og:image:width""/>"
SCOOTER,en,27,meta,"{""content"":""525"",""property"":""og:image:height""}","<meta content=""525"" property=""og:image:height""/>"
SCOOTER,en,28,meta,"{""content"":""Scooter rental in Barcelona near Vila Olímpica and Barceloneta Beach"",""property"":""og:image:alt""}","<meta content=""Scooter rental in Barcelona near Vila Olímpica and Barceloneta Beach"" property=""og:image:alt""/>"
SCOOTER,en,29,meta,"{""content"":""en_GB"",""property"":""og:locale""}","<meta content=""en_GB"" property=""og:locale""/>"
SCOOTER,en,30,meta,"{""content"":""es_ES"",""property"":""og:locale:alternate""}","<meta content=""es_ES"" property=""og:locale:alternate""/>"
SCOOTER,en,31,meta,"{""content"":""fr_FR"",""property"":""og:locale:alternate""}","<meta content=""fr_FR"" property=""og:locale:alternate""/>"
SCOOTER,en,32,meta,"{""content"":""it_IT"",""property"":""og:locale:alternate""}","<meta content=""it_IT"" property=""og:locale:alternate""/>"
SCOOTER,en,33,meta,"{""content"":""de_DE"",""property"":""og:locale:alternate""}","<meta content=""de_DE"" property=""og:locale:alternate""/>"
SCOOTER,en,34,meta,"{""content"":""nl_NL"",""property"":""og:locale:alternate""}","<meta content=""nl_NL"" property=""og:locale:alternate""/>"
SCOOTER,en,35,meta,"{""content"":""pt_PT"",""property"":""og:locale:alternate""}","<meta content=""pt_PT"" property=""og:locale:alternate""/>"
SCOOTER,en,36,meta,"{""content"":""ca_ES"",""property"":""og:locale:alternate""}","<meta content=""ca_ES"" property=""og:locale:alternate""/>"
SCOOTER,en,37,meta,"{""content"":""sv_SE"",""property"":""og:locale:alternate""}","<meta content=""sv_SE"" property=""og:locale:alternate""/>"
SCOOTER,en,38,meta,"{""content"":""pl_PL"",""property"":""og:locale:alternate""}","<meta content=""pl_PL"" property=""og:locale:alternate""/>"
SCOOTER,en,39,meta,"{""content"":""summary_large_image"",""name"":""twitter:card""}","<meta content=""summary_large_image"" name=""twitter:card""/>"
SCOOTER,en,40,meta,"{""content"":""Scooter Rental Barcelona Near Port Olímpic & Barceloneta | RSB"",""name"":""twitter:title""}","<meta content=""Scooter Rental Barcelona Near Port Olímpic &amp; Barceloneta | RSB"" name=""twitter:title""/>"
SCOOTER,en,41,meta,"{""content"":""@RSBscooterbarce"",""name"":""twitter:site""}","<meta content=""@RSBscooterbarce"" name=""twitter:site""/>"
SCOOTER,en,42,meta,"{""content"":""Rent 50cc and 125cc scooters in Barcelona near Port Olímpic and Barceloneta. Helmets and insurance included; free hotel delivery for 3+ day rentals."",""name"":""twitter:description""}","<meta content=""Rent 50cc and 125cc scooters in Barcelona near Port Olímpic and Barceloneta. Helmets and insurance included; free hotel delivery for 3+ day rentals."" name=""twitter:description""/>"
SCOOTER,en,43,meta,"{""content"":""https://rentalscooterbarcelona.com/images/rsb-scooter-rental-barcelona-hero-group-og-v1-1200.webp"",""name"":""twitter:image""}","<meta content=""https://rentalscooterbarcelona.com/images/rsb-scooter-rental-barcelona-hero-group-og-v1-1200.webp"" name=""twitter:image""/>"
SCOOTER,en,44,meta,"{""content"":""Scooter rental in Barcelona near Vila Olímpica and Barceloneta Beach"",""name"":""twitter:image:alt""}","<meta content=""Scooter rental in Barcelona near Vila Olímpica and Barceloneta Beach"" name=""twitter:image:alt""/>"
SCOOTER,en,45,link,"{""href"":""https://rentalscooterbarcelona.com/favicon.ico"",""rel"":""icon"",""sizes"":""any""}","<link href=""https://rentalscooterbarcelona.com/favicon.ico"" rel=""icon"" sizes=""any""/>"
SCOOTER,en,46,link,"{""href"":""https://rentalscooterbarcelona.com/favicon-16x16.png"",""rel"":""icon"",""sizes"":""16x16"",""type"":""image/png""}","<link href=""https://rentalscooterbarcelona.com/favicon-16x16.png"" rel=""icon"" sizes=""16x16"" type=""image/png""/>"
SCOOTER,en,47,link,"{""href"":""https://rentalscooterbarcelona.com/favicon-32x32.png"",""rel"":""icon"",""sizes"":""32x32"",""type"":""image/png""}","<link href=""https://rentalscooterbarcelona.com/favicon-32x32.png"" rel=""icon"" sizes=""32x32"" type=""image/png""/>"
SCOOTER,en,48,link,"{""href"":""https://rentalscooterbarcelona.com/favicon-192x192.png"",""rel"":""icon"",""sizes"":""192x192"",""type"":""image/png""}","<link href=""https://rentalscooterbarcelona.com/favicon-192x192.png"" rel=""icon"" sizes=""192x192"" type=""image/png""/>"
SCOOTER,en,48,link,"{""href"":""https://rentalscooterbarcelona.com/favicon-512x512.png"",""rel"":""icon"",""sizes"":""512x512"",""type"":""image/png""}","<link href=""https://rentalscooterbarcelona.com/favicon-512x512.png"" rel=""icon"" sizes=""512x512"" type=""image/png""/>"
SCOOTER,en,49,link,"{""href"":""https://rentalscooterbarcelona.com/apple-touch-icon.png"",""rel"":""apple-touch-icon""}","<link href=""https://rentalscooterbarcelona.com/apple-touch-icon.png"" rel=""apple-touch-icon""/>"
SCOOTER,en,50,meta,"{""content"":""RSB Rental Scooter Barcelona"",""name"":""application-name""}","<meta content=""RSB Rental Scooter Barcelona"" name=""application-name""/>"
SCOOTER,en,51,meta,"{""content"":""RSB Rental"",""name"":""apple-mobile-web-app-title""}","<meta content=""RSB Rental"" name=""apple-mobile-web-app-title""/>"
SCOOTER,en,52,link,"{""href"":""https://fonts.googleapis.com"",""rel"":""preconnect""}","<link href=""https://fonts.googleapis.com"" rel=""preconnect""/>"
SCOOTER,en,53,link,"{""as"":""image"",""fetchpriority"":""high"",""href"":""https://rentalscooterbarcelona.com/images/rsb-scooter-rental-barcelona-hero-group-v1-1536.webp"",""imagesizes"":""100vw"",""imagesrcset"":""https://rentalscooterbarcelona.com/images/rsb-scooter-rental-barcelona-hero-group-v1-1536.webp 1536w"",""rel"":""preload""}","<link as=""image"" fetchpriority=""high"" href=""https://rentalscooterbarcelona.com/images/rsb-scooter-rental-barcelona-hero-group-v1-1536.webp"" imagesizes=""100vw"" imagesrcset=""https://rentalscooterbarcelona.com/images/rsb-scooter-rental-barcelona-hero-group-v1-1536.webp 1536w"" rel=""preload""/>"
SCOOTER,en,54,link,"{""crossorigin"":"""",""href"":""https://fonts.gstatic.com"",""rel"":""preconnect""}","<link crossorigin="""" href=""https://fonts.gstatic.com"" rel=""preconnect""/>"
SCOOTER,en,55,link,"{""href"":""https://fonts.googleapis.com/css2?family=Great+Vibes&family=Space+Grotesk:wght@400;500;600;700&family=Inter:wght@400;500;600;700&display=swap"",""rel"":""stylesheet""}","<link href=""https://fonts.googleapis.com/css2?family=Great+Vibes&amp;family=Space+Grotesk:wght@400;500;600;700&amp;family=Inter:wght@400;500;600;700&amp;display=swap"" rel=""stylesheet""/>"
SCOOTER,en,56,link,"{""href"":""https://rentalscooterbarcelona.com/styles.css?v=20260813"",""rel"":""stylesheet""}","<link href=""https://rentalscooterbarcelona.com/styles.css?v=20260813"" rel=""stylesheet""/>"
SCOOTER,en,57,link,"{""href"":""https://rentalscooterbarcelona.com/scooter/styles41.css?v=41"",""rel"":""stylesheet""}","<link href=""https://rentalscooterbarcelona.com/scooter/styles41.css?v=41"" rel=""stylesheet""/>"
SCOOTER,en,58,style,"{""id"":""scooter4-lcp-cls-fixes""}","<style id=""scooter4-lcp-cls-fixes"">"
SCOOTER,en,71,style,"{""id"":""scooter-visible-title-fix""}","<style id=""scooter-visible-title-fix"">"
SCOOTER,en,110,script,"{""type"":""application/ld+json""}","<script type=""application/ld+json"">"
SCOOTER,en,627,script,"{""async"":"""",""src"":""https://www.googletagmanager.com/gtag/js?id=G-S7SMLHCNGK""}","<script async="""" src=""https://www.googletagmanager.com/gtag/js?id=G-S7SMLHCNGK"">"
SCOOTER,en,628,script,{},<script>
SCOOTER,en,634,script,"{""data-rsb-review-entities"":"""",""type"":""application/ld+json""}","<script data-rsb-review-entities="""" type=""application/ld+json"">"
SCOOTER,es,4,head,{},<head>
SCOOTER,es,5,meta,"{""charset"":""utf-8""}","<meta charset=""utf-8""/>"
SCOOTER,es,6,link,"{""rel"":""manifest"",""href"":""/site.webmanifest""}","<link rel=""manifest"" href=""/site.webmanifest""/>"
SCOOTER,es,7,meta,"{""content"":""width=device-width, initial-scale=1"",""name"":""viewport""}","<meta content=""width=device-width, initial-scale=1"" name=""viewport""/>"
SCOOTER,es,8,title,{},<title>
SCOOTER,es,9,meta,"{""name"":""description"",""content"":""Alquiler de scooters 50cc y 125cc en Barcelona, en la Vila Olímpica. Cascos incluidos, seguro básico y entrega gratuita desde 3 días.""}","<meta name=""description"" content=""Alquiler de scooters 50cc y 125cc en Barcelona, en la Vila Olímpica. Cascos incluidos, seguro básico y entrega gratuita desde 3 días."">"
SCOOTER,es,10,meta,"{""content"":""index,follow,max-image-preview:large"",""name"":""robots""}","<meta content=""index,follow,max-image-preview:large"" name=""robots""/>"
SCOOTER,es,11,meta,"{""content"":""RSB Rental Scooter Barcelona"",""name"":""author""}","<meta content=""RSB Rental Scooter Barcelona"" name=""author""/>"
SCOOTER,es,12,meta,"{""content"":""#0b1022"",""name"":""theme-color""}","<meta content=""#0b1022"" name=""theme-color""/>"
SCOOTER,es,13,link,"{""href"":""https://rentalscooterbarcelona.com/es/scooter/"",""rel"":""canonical""}","<link href=""https://rentalscooterbarcelona.com/es/scooter/"" rel=""canonical""/>"
SCOOTER,es,13,link,"{""href"":""https://rentalscooterbarcelona.com/scooter/"",""hreflang"":""x-default"",""rel"":""alternate""}","<link href=""https://rentalscooterbarcelona.com/scooter/"" hreflang=""x-default"" rel=""alternate""/>"
SCOOTER,es,13,link,"{""href"":""https://rentalscooterbarcelona.com/scooter/"",""hreflang"":""en"",""rel"":""alternate""}","<link href=""https://rentalscooterbarcelona.com/scooter/"" hreflang=""en"" rel=""alternate""/>"
SCOOTER,es,13,link,"{""href"":""https://rentalscooterbarcelona.com/es/scooter/"",""hreflang"":""es"",""rel"":""alternate""}","<link href=""https://rentalscooterbarcelona.com/es/scooter/"" hreflang=""es"" rel=""alternate""/>"
SCOOTER,es,13,link,"{""href"":""https://rentalscooterbarcelona.com/fr/scooter/"",""hreflang"":""fr"",""rel"":""alternate""}","<link href=""https://rentalscooterbarcelona.com/fr/scooter/"" hreflang=""fr"" rel=""alternate""/>"
SCOOTER,es,13,link,"{""href"":""https://rentalscooterbarcelona.com/it/scooter/"",""hreflang"":""it"",""rel"":""alternate""}","<link href=""https://rentalscooterbarcelona.com/it/scooter/"" hreflang=""it"" rel=""alternate""/>"
SCOOTER,es,13,link,"{""href"":""https://rentalscooterbarcelona.com/de/scooter/"",""hreflang"":""de"",""rel"":""alternate""}","<link href=""https://rentalscooterbarcelona.com/de/scooter/"" hreflang=""de"" rel=""alternate""/>"
SCOOTER,es,13,link,"{""href"":""https://rentalscooterbarcelona.com/nl/scooter/"",""hreflang"":""nl"",""rel"":""alternate""}","<link href=""https://rentalscooterbarcelona.com/nl/scooter/"" hreflang=""nl"" rel=""alternate""/>"
SCOOTER,es,13,link,"{""href"":""https://rentalscooterbarcelona.com/pt/scooter/"",""hreflang"":""pt"",""rel"":""alternate""}","<link href=""https://rentalscooterbarcelona.com/pt/scooter/"" hreflang=""pt"" rel=""alternate""/>"
SCOOTER,es,13,link,"{""href"":""https://rentalscooterbarcelona.com/cat/scooter/"",""hreflang"":""ca"",""rel"":""alternate""}","<link href=""https://rentalscooterbarcelona.com/cat/scooter/"" hreflang=""ca"" rel=""alternate""/>"
SCOOTER,es,13,link,"{""href"":""https://rentalscooterbarcelona.com/sv/scooter/"",""hreflang"":""sv"",""rel"":""alternate""}","<link href=""https://rentalscooterbarcelona.com/sv/scooter/"" hreflang=""sv"" rel=""alternate""/>"
SCOOTER,es,13,link,"{""href"":""https://rentalscooterbarcelona.com/pl/scooter/"",""hreflang"":""pl"",""rel"":""alternate""}","<link href=""https://rentalscooterbarcelona.com/pl/scooter/"" hreflang=""pl"" rel=""alternate""/>"
SCOOTER,es,14,meta,"{""content"":""ES-CT"",""name"":""geo.region""}","<meta content=""ES-CT"" name=""geo.region""/>"
SCOOTER,es,15,meta,"{""content"":""Barcelona"",""name"":""geo.placename""}","<meta content=""Barcelona"" name=""geo.placename""/>"
SCOOTER,es,16,meta,"{""content"":""41.3906488;2.1984312"",""name"":""geo.position""}","<meta content=""41.3906488;2.1984312"" name=""geo.position""/>"
SCOOTER,es,17,meta,"{""content"":""41.3906488, 2.1984312"",""name"":""ICBM""}","<meta content=""41.3906488, 2.1984312"" name=""ICBM""/>"
SCOOTER,es,18,meta,"{""content"":""website"",""property"":""og:type""}","<meta content=""website"" property=""og:type""/>"
SCOOTER,es,19,meta,"{""content"":""RSB Rental Scooter Barcelona"",""property"":""og:site_name""}","<meta content=""RSB Rental Scooter Barcelona"" property=""og:site_name""/>"
SCOOTER,es,20,meta,"{""property"":""og:title"",""content"":""Alquiler de scooters en Barcelona | 50cc y 125cc | RSB""}","<meta property=""og:title"" content=""Alquiler de scooters en Barcelona | 50cc y 125cc | RSB"">"
SCOOTER,es,21,meta,"{""property"":""og:description"",""content"":""Alquiler de scooters 50cc y 125cc en Barcelona, en la Vila Olímpica. Cascos incluidos, seguro básico y entrega gratuita desde 3 días.""}","<meta property=""og:description"" content=""Alquiler de scooters 50cc y 125cc en Barcelona, en la Vila Olímpica. Cascos incluidos, seguro básico y entrega gratuita desde 3 días."">"
SCOOTER,es,22,meta,"{""content"":""https://rentalscooterbarcelona.com/es/scooter/"",""property"":""og:url""}","<meta content=""https://rentalscooterbarcelona.com/es/scooter/"" property=""og:url""/>"
SCOOTER,es,23,meta,"{""content"":""https://rentalscooterbarcelona.com/images/rsb-scooter-rental-barcelona-hero-group-og-v1-1200.webp"",""property"":""og:image""}","<meta content=""https://rentalscooterbarcelona.com/images/rsb-scooter-rental-barcelona-hero-group-og-v1-1200.webp"" property=""og:image""/>"
SCOOTER,es,24,meta,"{""content"":""https://rentalscooterbarcelona.com/images/rsb-scooter-rental-barcelona-hero-group-og-v1-1200.webp"",""property"":""og:image:secure_url""}","<meta content=""https://rentalscooterbarcelona.com/images/rsb-scooter-rental-barcelona-hero-group-og-v1-1200.webp"" property=""og:image:secure_url""/>"
SCOOTER,es,25,meta,"{""content"":""image/webp"",""property"":""og:image:type""}","<meta content=""image/webp"" property=""og:image:type""/>"
SCOOTER,es,26,meta,"{""content"":""1200"",""property"":""og:image:width""}","<meta content=""1200"" property=""og:image:width""/>"
SCOOTER,es,27,meta,"{""content"":""525"",""property"":""og:image:height""}","<meta content=""525"" property=""og:image:height""/>"
SCOOTER,es,28,meta,"{""content"":""Alquiler de scooter en Barcelona cerca de Vila Olímpica y la playa de la Barceloneta"",""property"":""og:image:alt""}","<meta content=""Alquiler de scooter en Barcelona cerca de Vila Olímpica y la playa de la Barceloneta"" property=""og:image:alt""/>"
SCOOTER,es,29,meta,"{""content"":""es_ES"",""property"":""og:locale""}","<meta content=""es_ES"" property=""og:locale""/>"
SCOOTER,es,30,meta,"{""content"":""en_GB"",""property"":""og:locale:alternate""}","<meta content=""en_GB"" property=""og:locale:alternate""/>"
SCOOTER,es,31,meta,"{""content"":""fr_FR"",""property"":""og:locale:alternate""}","<meta content=""fr_FR"" property=""og:locale:alternate""/>"
SCOOTER,es,32,meta,"{""content"":""it_IT"",""property"":""og:locale:alternate""}","<meta content=""it_IT"" property=""og:locale:alternate""/>"
SCOOTER,es,33,meta,"{""content"":""de_DE"",""property"":""og:locale:alternate""}","<meta content=""de_DE"" property=""og:locale:alternate""/>"
SCOOTER,es,34,meta,"{""content"":""nl_NL"",""property"":""og:locale:alternate""}","<meta content=""nl_NL"" property=""og:locale:alternate""/>"
SCOOTER,es,35,meta,"{""content"":""pt_PT"",""property"":""og:locale:alternate""}","<meta content=""pt_PT"" property=""og:locale:alternate""/>"
SCOOTER,es,36,meta,"{""content"":""ca_ES"",""property"":""og:locale:alternate""}","<meta content=""ca_ES"" property=""og:locale:alternate""/>"
SCOOTER,es,37,meta,"{""content"":""sv_SE"",""property"":""og:locale:alternate""}","<meta content=""sv_SE"" property=""og:locale:alternate""/>"
SCOOTER,es,38,meta,"{""content"":""pl_PL"",""property"":""og:locale:alternate""}","<meta content=""pl_PL"" property=""og:locale:alternate""/>"
SCOOTER,es,39,meta,"{""content"":""summary_large_image"",""name"":""twitter:card""}","<meta content=""summary_large_image"" name=""twitter:card""/>"
SCOOTER,es,40,meta,"{""name"":""twitter:title"",""content"":""Alquiler de scooters en Barcelona | 50cc y 125cc | RSB""}","<meta name=""twitter:title"" content=""Alquiler de scooters en Barcelona | 50cc y 125cc | RSB"">"
SCOOTER,es,41,meta,"{""content"":""@RSBscooterbarce"",""name"":""twitter:site""}","<meta content=""@RSBscooterbarce"" name=""twitter:site""/>"
SCOOTER,es,42,meta,"{""name"":""twitter:description"",""content"":""Alquiler de scooters 50cc y 125cc en Barcelona, en la Vila Olímpica. Cascos incluidos, seguro básico y entrega gratuita desde 3 días.""}","<meta name=""twitter:description"" content=""Alquiler de scooters 50cc y 125cc en Barcelona, en la Vila Olímpica. Cascos incluidos, seguro básico y entrega gratuita desde 3 días."">"
SCOOTER,es,43,meta,"{""content"":""https://rentalscooterbarcelona.com/images/rsb-scooter-rental-barcelona-hero-group-og-v1-1200.webp"",""name"":""twitter:image""}","<meta content=""https://rentalscooterbarcelona.com/images/rsb-scooter-rental-barcelona-hero-group-og-v1-1200.webp"" name=""twitter:image""/>"
SCOOTER,es,44,meta,"{""content"":""Alquiler de scooter en Barcelona cerca de Vila Olímpica y la playa de la Barceloneta"",""name"":""twitter:image:alt""}","<meta content=""Alquiler de scooter en Barcelona cerca de Vila Olímpica y la playa de la Barceloneta"" name=""twitter:image:alt""/>"
SCOOTER,es,45,link,"{""href"":""https://rentalscooterbarcelona.com/favicon.ico"",""rel"":""icon"",""sizes"":""any""}","<link href=""https://rentalscooterbarcelona.com/favicon.ico"" rel=""icon"" sizes=""any""/>"
SCOOTER,es,46,link,"{""href"":""https://rentalscooterbarcelona.com/favicon-16x16.png"",""rel"":""icon"",""sizes"":""16x16"",""type"":""image/png""}","<link href=""https://rentalscooterbarcelona.com/favicon-16x16.png"" rel=""icon"" sizes=""16x16"" type=""image/png""/>"
SCOOTER,es,47,link,"{""href"":""https://rentalscooterbarcelona.com/favicon-32x32.png"",""rel"":""icon"",""sizes"":""32x32"",""type"":""image/png""}","<link href=""https://rentalscooterbarcelona.com/favicon-32x32.png"" rel=""icon"" sizes=""32x32"" type=""image/png""/>"
SCOOTER,es,48,link,"{""href"":""https://rentalscooterbarcelona.com/favicon-192x192.png"",""rel"":""icon"",""sizes"":""192x192"",""type"":""image/png""}","<link href=""https://rentalscooterbarcelona.com/favicon-192x192.png"" rel=""icon"" sizes=""192x192"" type=""image/png""/>"
SCOOTER,es,48,link,"{""href"":""https://rentalscooterbarcelona.com/favicon-512x512.png"",""rel"":""icon"",""sizes"":""512x512"",""type"":""image/png""}","<link href=""https://rentalscooterbarcelona.com/favicon-512x512.png"" rel=""icon"" sizes=""512x512"" type=""image/png""/>"
SCOOTER,es,49,link,"{""href"":""https://rentalscooterbarcelona.com/apple-touch-icon.png"",""rel"":""apple-touch-icon""}","<link href=""https://rentalscooterbarcelona.com/apple-touch-icon.png"" rel=""apple-touch-icon""/>"
SCOOTER,es,50,meta,"{""content"":""RSB Rental Scooter Barcelona"",""name"":""application-name""}","<meta content=""RSB Rental Scooter Barcelona"" name=""application-name""/>"
SCOOTER,es,51,meta,"{""content"":""RSB Rental"",""name"":""apple-mobile-web-app-title""}","<meta content=""RSB Rental"" name=""apple-mobile-web-app-title""/>"
SCOOTER,es,52,link,"{""as"":""image"",""fetchpriority"":""high"",""href"":""https://rentalscooterbarcelona.com/images/rsb-scooter-rental-barcelona-hero-group-v1-1536.webp"",""imagesizes"":""100vw"",""imagesrcset"":""https://rentalscooterbarcelona.com/images/rsb-scooter-rental-barcelona-hero-group-v1-1536.webp 1536w"",""rel"":""preload""}","<link as=""image"" fetchpriority=""high"" href=""https://rentalscooterbarcelona.com/images/rsb-scooter-rental-barcelona-hero-group-v1-1536.webp"" imagesizes=""100vw"" imagesrcset=""https://rentalscooterbarcelona.com/images/rsb-scooter-rental-barcelona-hero-group-v1-1536.webp 1536w"" rel=""preload""/>"
SCOOTER,es,53,link,"{""href"":""https://fonts.googleapis.com"",""rel"":""preconnect""}","<link href=""https://fonts.googleapis.com"" rel=""preconnect""/>"
SCOOTER,es,53,link,"{""crossorigin"":"""",""href"":""https://fonts.gstatic.com"",""rel"":""preconnect""}","<link crossorigin="""" href=""https://fonts.gstatic.com"" rel=""preconnect""/>"
SCOOTER,es,53,link,"{""href"":""https://fonts.googleapis.com/css2?family=Great+Vibes&family=Space+Grotesk:wght@400;500;600;700&family=Inter:wght@400;500;600;700&display=swap"",""rel"":""stylesheet""}","<link href=""https://fonts.googleapis.com/css2?family=Great+Vibes&amp;family=Space+Grotesk:wght@400;500;600;700&amp;family=Inter:wght@400;500;600;700&amp;display=swap"" rel=""stylesheet""/>"
SCOOTER,es,53,link,"{""href"":""https://rentalscooterbarcelona.com/styles.css?v=20260813"",""rel"":""stylesheet""}","<link href=""https://rentalscooterbarcelona.com/styles.css?v=20260813"" rel=""stylesheet""/>"
SCOOTER,es,54,link,"{""href"":""https://rentalscooterbarcelona.com/scooter/styles41.css?v=41"",""rel"":""stylesheet""}","<link href=""https://rentalscooterbarcelona.com/scooter/styles41.css?v=41"" rel=""stylesheet""/>"
SCOOTER,es,55,style,"{""id"":""scooter4-lcp-cls-fixes""}","<style id=""scooter4-lcp-cls-fixes"">"
SCOOTER,es,68,style,"{""id"":""scooter-visible-title-fix""}","<style id=""scooter-visible-title-fix"">"
SCOOTER,es,107,script,"{""type"":""application/ld+json""}","<script type=""application/ld+json"">"
SCOOTER,es,621,script,"{""async"":"""",""src"":""https://www.googletagmanager.com/gtag/js?id=G-S7SMLHCNGK""}","<script async="""" src=""https://www.googletagmanager.com/gtag/js?id=G-S7SMLHCNGK"">"
SCOOTER,es,622,script,{},<script>
SCOOTER,es,628,script,"{""data-rsb-review-entities"":"""",""type"":""application/ld+json""}","<script data-rsb-review-entities="""" type=""application/ld+json"">"
SCOOTER,fr,4,head,{},<head>
SCOOTER,fr,5,meta,"{""charset"":""utf-8""}","<meta charset=""utf-8""/>"
SCOOTER,fr,6,link,"{""rel"":""manifest"",""href"":""/site.webmanifest""}","<link rel=""manifest"" href=""/site.webmanifest""/>"
SCOOTER,fr,7,meta,"{""content"":""width=device-width, initial-scale=1"",""name"":""viewport""}","<meta content=""width=device-width, initial-scale=1"" name=""viewport""/>"
SCOOTER,fr,8,title,{},<title>
SCOOTER,fr,9,meta,"{""content"":""Location de scooters 50cc et 125cc à Barcelone près de Port Olímpic et Barceloneta. Casques, assurance et réservation WhatsApp."",""name"":""description""}","<meta content=""Location de scooters 50cc et 125cc à Barcelone près de Port Olímpic et Barceloneta. Casques, assurance et réservation WhatsApp."" name=""description""/>"
SCOOTER,fr,10,meta,"{""content"":""index,follow,max-image-preview:large"",""name"":""robots""}","<meta content=""index,follow,max-image-preview:large"" name=""robots""/>"
SCOOTER,fr,11,meta,"{""content"":""RSB Rental Scooter Barcelona"",""name"":""author""}","<meta content=""RSB Rental Scooter Barcelona"" name=""author""/>"
SCOOTER,fr,12,meta,"{""content"":""#0b1022"",""name"":""theme-color""}","<meta content=""#0b1022"" name=""theme-color""/>"
SCOOTER,fr,13,link,"{""href"":""https://rentalscooterbarcelona.com/fr/scooter/"",""rel"":""canonical""}","<link href=""https://rentalscooterbarcelona.com/fr/scooter/"" rel=""canonical""/>"
SCOOTER,fr,13,link,"{""href"":""https://rentalscooterbarcelona.com/scooter/"",""hreflang"":""x-default"",""rel"":""alternate""}","<link href=""https://rentalscooterbarcelona.com/scooter/"" hreflang=""x-default"" rel=""alternate""/>"
SCOOTER,fr,13,link,"{""href"":""https://rentalscooterbarcelona.com/scooter/"",""hreflang"":""en"",""rel"":""alternate""}","<link href=""https://rentalscooterbarcelona.com/scooter/"" hreflang=""en"" rel=""alternate""/>"
SCOOTER,fr,13,link,"{""href"":""https://rentalscooterbarcelona.com/es/scooter/"",""hreflang"":""es"",""rel"":""alternate""}","<link href=""https://rentalscooterbarcelona.com/es/scooter/"" hreflang=""es"" rel=""alternate""/>"
SCOOTER,fr,13,link,"{""href"":""https://rentalscooterbarcelona.com/fr/scooter/"",""hreflang"":""fr"",""rel"":""alternate""}","<link href=""https://rentalscooterbarcelona.com/fr/scooter/"" hreflang=""fr"" rel=""alternate""/>"
SCOOTER,fr,13,link,"{""href"":""https://rentalscooterbarcelona.com/it/scooter/"",""hreflang"":""it"",""rel"":""alternate""}","<link href=""https://rentalscooterbarcelona.com/it/scooter/"" hreflang=""it"" rel=""alternate""/>"
SCOOTER,fr,13,link,"{""href"":""https://rentalscooterbarcelona.com/de/scooter/"",""hreflang"":""de"",""rel"":""alternate""}","<link href=""https://rentalscooterbarcelona.com/de/scooter/"" hreflang=""de"" rel=""alternate""/>"
SCOOTER,fr,13,link,"{""href"":""https://rentalscooterbarcelona.com/nl/scooter/"",""hreflang"":""nl"",""rel"":""alternate""}","<link href=""https://rentalscooterbarcelona.com/nl/scooter/"" hreflang=""nl"" rel=""alternate""/>"
SCOOTER,fr,13,link,"{""href"":""https://rentalscooterbarcelona.com/pt/scooter/"",""hreflang"":""pt"",""rel"":""alternate""}","<link href=""https://rentalscooterbarcelona.com/pt/scooter/"" hreflang=""pt"" rel=""alternate""/>"
SCOOTER,fr,13,link,"{""href"":""https://rentalscooterbarcelona.com/cat/scooter/"",""hreflang"":""ca"",""rel"":""alternate""}","<link href=""https://rentalscooterbarcelona.com/cat/scooter/"" hreflang=""ca"" rel=""alternate""/>"
SCOOTER,fr,13,link,"{""href"":""https://rentalscooterbarcelona.com/sv/scooter/"",""hreflang"":""sv"",""rel"":""alternate""}","<link href=""https://rentalscooterbarcelona.com/sv/scooter/"" hreflang=""sv"" rel=""alternate""/>"
SCOOTER,fr,13,link,"{""href"":""https://rentalscooterbarcelona.com/pl/scooter/"",""hreflang"":""pl"",""rel"":""alternate""}","<link href=""https://rentalscooterbarcelona.com/pl/scooter/"" hreflang=""pl"" rel=""alternate""/>"
SCOOTER,fr,14,meta,"{""content"":""ES-CT"",""name"":""geo.region""}","<meta content=""ES-CT"" name=""geo.region""/>"
SCOOTER,fr,15,meta,"{""content"":""Barcelona"",""name"":""geo.placename""}","<meta content=""Barcelona"" name=""geo.placename""/>"
SCOOTER,fr,16,meta,"{""content"":""41.3906488;2.1984312"",""name"":""geo.position""}","<meta content=""41.3906488;2.1984312"" name=""geo.position""/>"
SCOOTER,fr,17,meta,"{""content"":""41.3906488, 2.1984312"",""name"":""ICBM""}","<meta content=""41.3906488, 2.1984312"" name=""ICBM""/>"
SCOOTER,fr,18,meta,"{""content"":""website"",""property"":""og:type""}","<meta content=""website"" property=""og:type""/>"
SCOOTER,fr,19,meta,"{""content"":""RSB Rental Scooter Barcelona"",""property"":""og:site_name""}","<meta content=""RSB Rental Scooter Barcelona"" property=""og:site_name""/>"
SCOOTER,fr,20,meta,"{""content"":""Location de scooter à Barcelone près de Port Olímpic et de la Barceloneta | RSB"",""property"":""og:title""}","<meta content=""Location de scooter à Barcelone près de Port Olímpic et de la Barceloneta | RSB"" property=""og:title""/>"
SCOOTER,fr,21,meta,"{""content"":""Louez des scooters 50cc et 125cc à Barcelone près de Port Olímpic et de la plage de la Barceloneta. Boutique locale à Vila Olímpica, casques et assurance inclus, retrait facile, réservation par WhatsApp et livraison gratuite du scooter à l’hôtel pour les locations de 3 jours ou plus."",""property"":""og:description""}","<meta content=""Louez des scooters 50cc et 125cc à Barcelone près de Port Olímpic et de la plage de la Barceloneta. Boutique locale à Vila Olímpica, casques et assurance inclus, retrait facile, réservation par WhatsApp et livraison gratuite du scooter à l’hôtel pour les locations de 3 jours ou plus."" property=""og:description""/>"
SCOOTER,fr,22,meta,"{""content"":""https://rentalscooterbarcelona.com/fr/scooter/"",""property"":""og:url""}","<meta content=""https://rentalscooterbarcelona.com/fr/scooter/"" property=""og:url""/>"
SCOOTER,fr,23,meta,"{""content"":""https://rentalscooterbarcelona.com/images/rsb-scooter-rental-barcelona-hero-group-og-v1-1200.webp"",""property"":""og:image""}","<meta content=""https://rentalscooterbarcelona.com/images/rsb-scooter-rental-barcelona-hero-group-og-v1-1200.webp"" property=""og:image""/>"
SCOOTER,fr,24,meta,"{""content"":""https://rentalscooterbarcelona.com/images/rsb-scooter-rental-barcelona-hero-group-og-v1-1200.webp"",""property"":""og:image:secure_url""}","<meta content=""https://rentalscooterbarcelona.com/images/rsb-scooter-rental-barcelona-hero-group-og-v1-1200.webp"" property=""og:image:secure_url""/>"
SCOOTER,fr,25,meta,"{""content"":""image/webp"",""property"":""og:image:type""}","<meta content=""image/webp"" property=""og:image:type""/>"
SCOOTER,fr,26,meta,"{""content"":""1200"",""property"":""og:image:width""}","<meta content=""1200"" property=""og:image:width""/>"
SCOOTER,fr,27,meta,"{""content"":""525"",""property"":""og:image:height""}","<meta content=""525"" property=""og:image:height""/>"
SCOOTER,fr,28,meta,"{""content"":""Location de scooter à Barcelone près de Vila Olímpica et de la plage de la Barceloneta"",""property"":""og:image:alt""}","<meta content=""Location de scooter à Barcelone près de Vila Olímpica et de la plage de la Barceloneta"" property=""og:image:alt""/>"
SCOOTER,fr,29,meta,"{""content"":""fr_FR"",""property"":""og:locale""}","<meta content=""fr_FR"" property=""og:locale""/>"
SCOOTER,fr,29,meta,"{""content"":""en_GB"",""property"":""og:locale:alternate""}","<meta content=""en_GB"" property=""og:locale:alternate""/>"
SCOOTER,fr,29,meta,"{""content"":""es_ES"",""property"":""og:locale:alternate""}","<meta content=""es_ES"" property=""og:locale:alternate""/>"
SCOOTER,fr,29,meta,"{""content"":""it_IT"",""property"":""og:locale:alternate""}","<meta content=""it_IT"" property=""og:locale:alternate""/>"
SCOOTER,fr,29,meta,"{""content"":""de_DE"",""property"":""og:locale:alternate""}","<meta content=""de_DE"" property=""og:locale:alternate""/>"
SCOOTER,fr,29,meta,"{""content"":""nl_NL"",""property"":""og:locale:alternate""}","<meta content=""nl_NL"" property=""og:locale:alternate""/>"
SCOOTER,fr,29,meta,"{""content"":""pt_PT"",""property"":""og:locale:alternate""}","<meta content=""pt_PT"" property=""og:locale:alternate""/>"
SCOOTER,fr,29,meta,"{""content"":""ca_ES"",""property"":""og:locale:alternate""}","<meta content=""ca_ES"" property=""og:locale:alternate""/>"
SCOOTER,fr,29,meta,"{""content"":""sv_SE"",""property"":""og:locale:alternate""}","<meta content=""sv_SE"" property=""og:locale:alternate""/>"
SCOOTER,fr,30,meta,"{""content"":""pl_PL"",""property"":""og:locale:alternate""}","<meta content=""pl_PL"" property=""og:locale:alternate""/>"
SCOOTER,fr,31,meta,"{""content"":""summary_large_image"",""name"":""twitter:card""}","<meta content=""summary_large_image"" name=""twitter:card""/>"
SCOOTER,fr,32,meta,"{""content"":""Location de scooter à Barcelone près de Port Olímpic et de la Barceloneta | RSB"",""name"":""twitter:title""}","<meta content=""Location de scooter à Barcelone près de Port Olímpic et de la Barceloneta | RSB"" name=""twitter:title""/>"
SCOOTER,fr,33,meta,"{""content"":""@RSBscooterbarce"",""name"":""twitter:site""}","<meta content=""@RSBscooterbarce"" name=""twitter:site""/>"
SCOOTER,fr,34,meta,"{""content"":""Louez des scooters 50cc et 125cc à Barcelone près de Port Olímpic et de la plage de la Barceloneta. Boutique locale à Vila Olímpica, casques et assurance inclus, retrait facile, réservation par WhatsApp et livraison gratuite du scooter à l’hôtel pour les locations de 3 jours ou plus."",""name"":""twitter:description""}","<meta content=""Louez des scooters 50cc et 125cc à Barcelone près de Port Olímpic et de la plage de la Barceloneta. Boutique locale à Vila Olímpica, casques et assurance inclus, retrait facile, réservation par WhatsApp et livraison gratuite du scooter à l’hôtel pour les locations de 3 jours ou plus."" name=""twitter:description""/>"
SCOOTER,fr,35,meta,"{""content"":""https://rentalscooterbarcelona.com/images/rsb-scooter-rental-barcelona-hero-group-og-v1-1200.webp"",""name"":""twitter:image""}","<meta content=""https://rentalscooterbarcelona.com/images/rsb-scooter-rental-barcelona-hero-group-og-v1-1200.webp"" name=""twitter:image""/>"
SCOOTER,fr,36,meta,"{""content"":""Location de scooter à Barcelone près de Vila Olímpica et de la plage de la Barceloneta"",""name"":""twitter:image:alt""}","<meta content=""Location de scooter à Barcelone près de Vila Olímpica et de la plage de la Barceloneta"" name=""twitter:image:alt""/>"
SCOOTER,fr,37,link,"{""href"":""https://rentalscooterbarcelona.com/favicon.ico"",""rel"":""icon"",""sizes"":""any""}","<link href=""https://rentalscooterbarcelona.com/favicon.ico"" rel=""icon"" sizes=""any""/>"
SCOOTER,fr,38,link,"{""href"":""https://rentalscooterbarcelona.com/favicon-16x16.png"",""rel"":""icon"",""sizes"":""16x16"",""type"":""image/png""}","<link href=""https://rentalscooterbarcelona.com/favicon-16x16.png"" rel=""icon"" sizes=""16x16"" type=""image/png""/>"
SCOOTER,fr,39,link,"{""href"":""https://rentalscooterbarcelona.com/favicon-32x32.png"",""rel"":""icon"",""sizes"":""32x32"",""type"":""image/png""}","<link href=""https://rentalscooterbarcelona.com/favicon-32x32.png"" rel=""icon"" sizes=""32x32"" type=""image/png""/>"
SCOOTER,fr,40,link,"{""href"":""https://rentalscooterbarcelona.com/favicon-192x192.png"",""rel"":""icon"",""sizes"":""192x192"",""type"":""image/png""}","<link href=""https://rentalscooterbarcelona.com/favicon-192x192.png"" rel=""icon"" sizes=""192x192"" type=""image/png""/>"
SCOOTER,fr,40,link,"{""href"":""https://rentalscooterbarcelona.com/favicon-512x512.png"",""rel"":""icon"",""sizes"":""512x512"",""type"":""image/png""}","<link href=""https://rentalscooterbarcelona.com/favicon-512x512.png"" rel=""icon"" sizes=""512x512"" type=""image/png""/>"
SCOOTER,fr,41,link,"{""href"":""https://rentalscooterbarcelona.com/apple-touch-icon.png"",""rel"":""apple-touch-icon""}","<link href=""https://rentalscooterbarcelona.com/apple-touch-icon.png"" rel=""apple-touch-icon""/>"
SCOOTER,fr,42,meta,"{""content"":""RSB Rental Scooter Barcelona"",""name"":""application-name""}","<meta content=""RSB Rental Scooter Barcelona"" name=""application-name""/>"
SCOOTER,fr,43,meta,"{""content"":""RSB Rental"",""name"":""apple-mobile-web-app-title""}","<meta content=""RSB Rental"" name=""apple-mobile-web-app-title""/>"
SCOOTER,fr,44,link,"{""as"":""image"",""fetchpriority"":""high"",""href"":""https://rentalscooterbarcelona.com/images/rsb-scooter-rental-barcelona-hero-group-v1-1536.webp"",""imagesizes"":""100vw"",""imagesrcset"":""https://rentalscooterbarcelona.com/images/rsb-scooter-rental-barcelona-hero-group-v1-1536.webp 1536w"",""rel"":""preload""}","<link as=""image"" fetchpriority=""high"" href=""https://rentalscooterbarcelona.com/images/rsb-scooter-rental-barcelona-hero-group-v1-1536.webp"" imagesizes=""100vw"" imagesrcset=""https://rentalscooterbarcelona.com/images/rsb-scooter-rental-barcelona-hero-group-v1-1536.webp 1536w"" rel=""preload""/>"
SCOOTER,fr,45,noscript,{},<noscript>
SCOOTER,fr,46,link,"{""href"":""https://fonts.googleapis.com"",""rel"":""preconnect""}","<link href=""https://fonts.googleapis.com"" rel=""preconnect""/>"
SCOOTER,fr,46,link,"{""crossorigin"":"""",""href"":""https://fonts.gstatic.com"",""rel"":""preconnect""}","<link crossorigin="""" href=""https://fonts.gstatic.com"" rel=""preconnect""/>"
SCOOTER,fr,46,link,"{""href"":""https://fonts.googleapis.com/css2?family=Great+Vibes&family=Space+Grotesk:wght@400;500;600;700&family=Inter:wght@400;500;600;700&display=swap"",""rel"":""stylesheet""}","<link href=""https://fonts.googleapis.com/css2?family=Great+Vibes&amp;family=Space+Grotesk:wght@400;500;600;700&amp;family=Inter:wght@400;500;600;700&amp;display=swap"" rel=""stylesheet""/>"
SCOOTER,fr,46,link,"{""href"":""https://rentalscooterbarcelona.com/styles.css?v=20260813"",""rel"":""stylesheet""}","<link href=""https://rentalscooterbarcelona.com/styles.css?v=20260813"" rel=""stylesheet""/>"
SCOOTER,fr,47,link,"{""href"":""https://rentalscooterbarcelona.com/scooter/styles41.css?v=41"",""rel"":""stylesheet""}","<link href=""https://rentalscooterbarcelona.com/scooter/styles41.css?v=41"" rel=""stylesheet""/>"
SCOOTER,fr,48,style,"{""id"":""scooter4-lcp-cls-fixes""}","<style id=""scooter4-lcp-cls-fixes"">"
SCOOTER,fr,61,script,"{""type"":""application/ld+json""}","<script type=""application/ld+json"">"
SCOOTER,fr,516,script,"{""async"":"""",""src"":""https://www.googletagmanager.com/gtag/js?id=G-S7SMLHCNGK""}","<script async="""" src=""https://www.googletagmanager.com/gtag/js?id=G-S7SMLHCNGK"">"
SCOOTER,fr,517,script,{},<script>
SCOOTER,fr,523,script,"{""data-rsb-review-entities"":"""",""type"":""application/ld+json""}","<script data-rsb-review-entities="""" type=""application/ld+json"">"
SCOOTER,it,4,head,{},<head>
SCOOTER,it,5,meta,"{""charset"":""utf-8""}","<meta charset=""utf-8""/>"
SCOOTER,it,6,link,"{""rel"":""manifest"",""href"":""/site.webmanifest""}","<link rel=""manifest"" href=""/site.webmanifest""/>"
SCOOTER,it,7,meta,"{""content"":""width=device-width, initial-scale=1"",""name"":""viewport""}","<meta content=""width=device-width, initial-scale=1"" name=""viewport""/>"
SCOOTER,it,8,title,{},<title>
SCOOTER,it,9,meta,"{""content"":""Noleggio scooter 50cc e 125cc a Barcellona vicino a Port Olímpic e Barceloneta. Caschi, assicurazione e prenotazione via WhatsApp."",""name"":""description""}","<meta content=""Noleggio scooter 50cc e 125cc a Barcellona vicino a Port Olímpic e Barceloneta. Caschi, assicurazione e prenotazione via WhatsApp."" name=""description""/>"
SCOOTER,it,10,meta,"{""content"":""index,follow,max-image-preview:large"",""name"":""robots""}","<meta content=""index,follow,max-image-preview:large"" name=""robots""/>"
SCOOTER,it,11,meta,"{""content"":""RSB Rental Scooter Barcelona"",""name"":""author""}","<meta content=""RSB Rental Scooter Barcelona"" name=""author""/>"
SCOOTER,it,12,meta,"{""content"":""#0b1022"",""name"":""theme-color""}","<meta content=""#0b1022"" name=""theme-color""/>"
SCOOTER,it,13,link,"{""href"":""https://rentalscooterbarcelona.com/it/scooter/"",""rel"":""canonical""}","<link href=""https://rentalscooterbarcelona.com/it/scooter/"" rel=""canonical""/>"
SCOOTER,it,13,link,"{""href"":""https://rentalscooterbarcelona.com/scooter/"",""hreflang"":""x-default"",""rel"":""alternate""}","<link href=""https://rentalscooterbarcelona.com/scooter/"" hreflang=""x-default"" rel=""alternate""/>"
SCOOTER,it,13,link,"{""href"":""https://rentalscooterbarcelona.com/scooter/"",""hreflang"":""en"",""rel"":""alternate""}","<link href=""https://rentalscooterbarcelona.com/scooter/"" hreflang=""en"" rel=""alternate""/>"
SCOOTER,it,13,link,"{""href"":""https://rentalscooterbarcelona.com/es/scooter/"",""hreflang"":""es"",""rel"":""alternate""}","<link href=""https://rentalscooterbarcelona.com/es/scooter/"" hreflang=""es"" rel=""alternate""/>"
SCOOTER,it,13,link,"{""href"":""https://rentalscooterbarcelona.com/fr/scooter/"",""hreflang"":""fr"",""rel"":""alternate""}","<link href=""https://rentalscooterbarcelona.com/fr/scooter/"" hreflang=""fr"" rel=""alternate""/>"
SCOOTER,it,13,link,"{""href"":""https://rentalscooterbarcelona.com/it/scooter/"",""hreflang"":""it"",""rel"":""alternate""}","<link href=""https://rentalscooterbarcelona.com/it/scooter/"" hreflang=""it"" rel=""alternate""/>"
SCOOTER,it,13,link,"{""href"":""https://rentalscooterbarcelona.com/de/scooter/"",""hreflang"":""de"",""rel"":""alternate""}","<link href=""https://rentalscooterbarcelona.com/de/scooter/"" hreflang=""de"" rel=""alternate""/>"
SCOOTER,it,13,link,"{""href"":""https://rentalscooterbarcelona.com/nl/scooter/"",""hreflang"":""nl"",""rel"":""alternate""}","<link href=""https://rentalscooterbarcelona.com/nl/scooter/"" hreflang=""nl"" rel=""alternate""/>"
SCOOTER,it,13,link,"{""href"":""https://rentalscooterbarcelona.com/pt/scooter/"",""hreflang"":""pt"",""rel"":""alternate""}","<link href=""https://rentalscooterbarcelona.com/pt/scooter/"" hreflang=""pt"" rel=""alternate""/>"
SCOOTER,it,13,link,"{""href"":""https://rentalscooterbarcelona.com/cat/scooter/"",""hreflang"":""ca"",""rel"":""alternate""}","<link href=""https://rentalscooterbarcelona.com/cat/scooter/"" hreflang=""ca"" rel=""alternate""/>"
SCOOTER,it,13,link,"{""href"":""https://rentalscooterbarcelona.com/sv/scooter/"",""hreflang"":""sv"",""rel"":""alternate""}","<link href=""https://rentalscooterbarcelona.com/sv/scooter/"" hreflang=""sv"" rel=""alternate""/>"
SCOOTER,it,13,link,"{""href"":""https://rentalscooterbarcelona.com/pl/scooter/"",""hreflang"":""pl"",""rel"":""alternate""}","<link href=""https://rentalscooterbarcelona.com/pl/scooter/"" hreflang=""pl"" rel=""alternate""/>"
SCOOTER,it,14,meta,"{""content"":""ES-CT"",""name"":""geo.region""}","<meta content=""ES-CT"" name=""geo.region""/>"
SCOOTER,it,15,meta,"{""content"":""Barcelona"",""name"":""geo.placename""}","<meta content=""Barcelona"" name=""geo.placename""/>"
SCOOTER,it,16,meta,"{""content"":""41.3906488;2.1984312"",""name"":""geo.position""}","<meta content=""41.3906488;2.1984312"" name=""geo.position""/>"
SCOOTER,it,17,meta,"{""content"":""41.3906488, 2.1984312"",""name"":""ICBM""}","<meta content=""41.3906488, 2.1984312"" name=""ICBM""/>"
SCOOTER,it,18,meta,"{""content"":""website"",""property"":""og:type""}","<meta content=""website"" property=""og:type""/>"
SCOOTER,it,19,meta,"{""content"":""RSB Rental Scooter Barcelona"",""property"":""og:site_name""}","<meta content=""RSB Rental Scooter Barcelona"" property=""og:site_name""/>"
SCOOTER,it,20,meta,"{""content"":""Noleggio scooter a Barcellona vicino a Port Olímpic e alla Barceloneta | RSB"",""property"":""og:title""}","<meta content=""Noleggio scooter a Barcellona vicino a Port Olímpic e alla Barceloneta | RSB"" property=""og:title""/>"
SCOOTER,it,21,meta,"{""content"":""Noleggia scooter 50cc e 125cc a Barcellona vicino a Port Olímpic e alla spiaggia della Barceloneta. Negozio locale a Vila Olímpica, caschi e assicurazione inclusi, ritiro facile, prenotazione via WhatsApp e consegna gratuita dello scooter in hotel per noleggi di 3 giorni o più."",""property"":""og:description""}","<meta content=""Noleggia scooter 50cc e 125cc a Barcellona vicino a Port Olímpic e alla spiaggia della Barceloneta. Negozio locale a Vila Olímpica, caschi e assicurazione inclusi, ritiro facile, prenotazione via WhatsApp e consegna gratuita dello scooter in hotel per noleggi di 3 giorni o più."" property=""og:description""/>"
SCOOTER,it,22,meta,"{""content"":""https://rentalscooterbarcelona.com/it/scooter/"",""property"":""og:url""}","<meta content=""https://rentalscooterbarcelona.com/it/scooter/"" property=""og:url""/>"
SCOOTER,it,23,meta,"{""content"":""https://rentalscooterbarcelona.com/images/rsb-scooter-rental-barcelona-hero-group-og-v1-1200.webp"",""property"":""og:image""}","<meta content=""https://rentalscooterbarcelona.com/images/rsb-scooter-rental-barcelona-hero-group-og-v1-1200.webp"" property=""og:image""/>"
SCOOTER,it,24,meta,"{""content"":""https://rentalscooterbarcelona.com/images/rsb-scooter-rental-barcelona-hero-group-og-v1-1200.webp"",""property"":""og:image:secure_url""}","<meta content=""https://rentalscooterbarcelona.com/images/rsb-scooter-rental-barcelona-hero-group-og-v1-1200.webp"" property=""og:image:secure_url""/>"
SCOOTER,it,25,meta,"{""content"":""image/webp"",""property"":""og:image:type""}","<meta content=""image/webp"" property=""og:image:type""/>"
SCOOTER,it,26,meta,"{""content"":""1200"",""property"":""og:image:width""}","<meta content=""1200"" property=""og:image:width""/>"
SCOOTER,it,27,meta,"{""content"":""525"",""property"":""og:image:height""}","<meta content=""525"" property=""og:image:height""/>"
SCOOTER,it,28,meta,"{""content"":""Noleggio scooter a Barcellona vicino a Vila Olímpica e alla spiaggia della Barceloneta"",""property"":""og:image:alt""}","<meta content=""Noleggio scooter a Barcellona vicino a Vila Olímpica e alla spiaggia della Barceloneta"" property=""og:image:alt""/>"
SCOOTER,it,29,meta,"{""content"":""it_IT"",""property"":""og:locale""}","<meta content=""it_IT"" property=""og:locale""/>"
SCOOTER,it,29,meta,"{""content"":""en_GB"",""property"":""og:locale:alternate""}","<meta content=""en_GB"" property=""og:locale:alternate""/>"
SCOOTER,it,29,meta,"{""content"":""es_ES"",""property"":""og:locale:alternate""}","<meta content=""es_ES"" property=""og:locale:alternate""/>"
SCOOTER,it,29,meta,"{""content"":""fr_FR"",""property"":""og:locale:alternate""}","<meta content=""fr_FR"" property=""og:locale:alternate""/>"
SCOOTER,it,29,meta,"{""content"":""de_DE"",""property"":""og:locale:alternate""}","<meta content=""de_DE"" property=""og:locale:alternate""/>"
SCOOTER,it,29,meta,"{""content"":""nl_NL"",""property"":""og:locale:alternate""}","<meta content=""nl_NL"" property=""og:locale:alternate""/>"
SCOOTER,it,29,meta,"{""content"":""pt_PT"",""property"":""og:locale:alternate""}","<meta content=""pt_PT"" property=""og:locale:alternate""/>"
SCOOTER,it,29,meta,"{""content"":""ca_ES"",""property"":""og:locale:alternate""}","<meta content=""ca_ES"" property=""og:locale:alternate""/>"
SCOOTER,it,29,meta,"{""content"":""sv_SE"",""property"":""og:locale:alternate""}","<meta content=""sv_SE"" property=""og:locale:alternate""/>"
SCOOTER,it,30,meta,"{""content"":""pl_PL"",""property"":""og:locale:alternate""}","<meta content=""pl_PL"" property=""og:locale:alternate""/>"
SCOOTER,it,31,meta,"{""content"":""summary_large_image"",""name"":""twitter:card""}","<meta content=""summary_large_image"" name=""twitter:card""/>"
SCOOTER,it,32,meta,"{""content"":""Noleggio scooter a Barcellona vicino a Port Olímpic e alla Barceloneta | RSB"",""name"":""twitter:title""}","<meta content=""Noleggio scooter a Barcellona vicino a Port Olímpic e alla Barceloneta | RSB"" name=""twitter:title""/>"
SCOOTER,it,33,meta,"{""content"":""@RSBscooterbarce"",""name"":""twitter:site""}","<meta content=""@RSBscooterbarce"" name=""twitter:site""/>"
SCOOTER,it,34,meta,"{""content"":""Noleggia scooter 50cc e 125cc a Barcellona vicino a Port Olímpic e alla spiaggia della Barceloneta. Negozio locale a Vila Olímpica, caschi e assicurazione inclusi, ritiro facile, prenotazione via WhatsApp e consegna gratuita dello scooter in hotel per noleggi di 3 giorni o più."",""name"":""twitter:description""}","<meta content=""Noleggia scooter 50cc e 125cc a Barcellona vicino a Port Olímpic e alla spiaggia della Barceloneta. Negozio locale a Vila Olímpica, caschi e assicurazione inclusi, ritiro facile, prenotazione via WhatsApp e consegna gratuita dello scooter in hotel per noleggi di 3 giorni o più."" name=""twitter:description""/>"
SCOOTER,it,35,meta,"{""content"":""https://rentalscooterbarcelona.com/images/rsb-scooter-rental-barcelona-hero-group-og-v1-1200.webp"",""name"":""twitter:image""}","<meta content=""https://rentalscooterbarcelona.com/images/rsb-scooter-rental-barcelona-hero-group-og-v1-1200.webp"" name=""twitter:image""/>"
SCOOTER,it,36,meta,"{""content"":""Noleggio scooter a Barcellona vicino a Vila Olímpica e alla spiaggia della Barceloneta"",""name"":""twitter:image:alt""}","<meta content=""Noleggio scooter a Barcellona vicino a Vila Olímpica e alla spiaggia della Barceloneta"" name=""twitter:image:alt""/>"
SCOOTER,it,37,link,"{""href"":""https://rentalscooterbarcelona.com/favicon.ico"",""rel"":""icon"",""sizes"":""any""}","<link href=""https://rentalscooterbarcelona.com/favicon.ico"" rel=""icon"" sizes=""any""/>"
SCOOTER,it,38,link,"{""href"":""https://rentalscooterbarcelona.com/favicon-16x16.png"",""rel"":""icon"",""sizes"":""16x16"",""type"":""image/png""}","<link href=""https://rentalscooterbarcelona.com/favicon-16x16.png"" rel=""icon"" sizes=""16x16"" type=""image/png""/>"
SCOOTER,it,39,link,"{""href"":""https://rentalscooterbarcelona.com/favicon-32x32.png"",""rel"":""icon"",""sizes"":""32x32"",""type"":""image/png""}","<link href=""https://rentalscooterbarcelona.com/favicon-32x32.png"" rel=""icon"" sizes=""32x32"" type=""image/png""/>"
SCOOTER,it,40,link,"{""href"":""https://rentalscooterbarcelona.com/favicon-192x192.png"",""rel"":""icon"",""sizes"":""192x192"",""type"":""image/png""}","<link href=""https://rentalscooterbarcelona.com/favicon-192x192.png"" rel=""icon"" sizes=""192x192"" type=""image/png""/>"
SCOOTER,it,40,link,"{""href"":""https://rentalscooterbarcelona.com/favicon-512x512.png"",""rel"":""icon"",""sizes"":""512x512"",""type"":""image/png""}","<link href=""https://rentalscooterbarcelona.com/favicon-512x512.png"" rel=""icon"" sizes=""512x512"" type=""image/png""/>"
SCOOTER,it,41,link,"{""href"":""https://rentalscooterbarcelona.com/apple-touch-icon.png"",""rel"":""apple-touch-icon""}","<link href=""https://rentalscooterbarcelona.com/apple-touch-icon.png"" rel=""apple-touch-icon""/>"
SCOOTER,it,42,meta,"{""content"":""RSB Rental Scooter Barcelona"",""name"":""application-name""}","<meta content=""RSB Rental Scooter Barcelona"" name=""application-name""/>"
SCOOTER,it,43,meta,"{""content"":""RSB Rental"",""name"":""apple-mobile-web-app-title""}","<meta content=""RSB Rental"" name=""apple-mobile-web-app-title""/>"
SCOOTER,it,44,noscript,{},<noscript>
SCOOTER,it,45,link,"{""href"":""https://fonts.googleapis.com"",""rel"":""preconnect""}","<link href=""https://fonts.googleapis.com"" rel=""preconnect""/>"
SCOOTER,it,45,link,"{""crossorigin"":"""",""href"":""https://fonts.gstatic.com"",""rel"":""preconnect""}","<link crossorigin="""" href=""https://fonts.gstatic.com"" rel=""preconnect""/>"
SCOOTER,it,45,link,"{""as"":""image"",""fetchpriority"":""high"",""href"":""https://rentalscooterbarcelona.com/images/rsb-scooter-rental-barcelona-hero-group-v1-1536.webp"",""imagesizes"":""100vw"",""imagesrcset"":""https://rentalscooterbarcelona.com/images/rsb-scooter-rental-barcelona-hero-group-v1-1536.webp 1536w"",""rel"":""preload""}","<link as=""image"" fetchpriority=""high"" href=""https://rentalscooterbarcelona.com/images/rsb-scooter-rental-barcelona-hero-group-v1-1536.webp"" imagesizes=""100vw"" imagesrcset=""https://rentalscooterbarcelona.com/images/rsb-scooter-rental-barcelona-hero-group-v1-1536.webp 1536w"" rel=""preload""/>"
SCOOTER,it,45,link,"{""href"":""https://fonts.googleapis.com/css2?family=Great+Vibes&family=Space+Grotesk:wght@400;500;600;700&family=Inter:wght@400;500;600;700&display=swap"",""rel"":""stylesheet""}","<link href=""https://fonts.googleapis.com/css2?family=Great+Vibes&amp;family=Space+Grotesk:wght@400;500;600;700&amp;family=Inter:wght@400;500;600;700&amp;display=swap"" rel=""stylesheet""/>"
SCOOTER,it,45,link,"{""href"":""https://rentalscooterbarcelona.com/styles.css?v=20260813"",""rel"":""stylesheet""}","<link href=""https://rentalscooterbarcelona.com/styles.css?v=20260813"" rel=""stylesheet""/>"
SCOOTER,it,46,link,"{""href"":""https://rentalscooterbarcelona.com/scooter/styles41.css?v=41"",""rel"":""stylesheet""}","<link href=""https://rentalscooterbarcelona.com/scooter/styles41.css?v=41"" rel=""stylesheet""/>"
SCOOTER,it,47,style,"{""id"":""scooter4-lcp-cls-fixes""}","<style id=""scooter4-lcp-cls-fixes"">"
SCOOTER,it,60,script,"{""type"":""application/ld+json""}","<script type=""application/ld+json"">"
SCOOTER,it,515,script,"{""async"":"""",""src"":""https://www.googletagmanager.com/gtag/js?id=G-S7SMLHCNGK""}","<script async="""" src=""https://www.googletagmanager.com/gtag/js?id=G-S7SMLHCNGK"">"
SCOOTER,it,516,script,{},<script>
SCOOTER,it,522,script,"{""data-rsb-review-entities"":"""",""type"":""application/ld+json""}","<script data-rsb-review-entities="""" type=""application/ld+json"">"
SCOOTER,de,4,head,{},<head>
SCOOTER,de,5,meta,"{""charset"":""utf-8""}","<meta charset=""utf-8""/>"
SCOOTER,de,6,link,"{""rel"":""manifest"",""href"":""/site.webmanifest""}","<link rel=""manifest"" href=""/site.webmanifest""/>"
SCOOTER,de,7,meta,"{""content"":""width=device-width, initial-scale=1"",""name"":""viewport""}","<meta content=""width=device-width, initial-scale=1"" name=""viewport""/>"
SCOOTER,de,8,title,{},<title>
SCOOTER,de,9,meta,"{""content"":""50cc- und 125cc-Scooter mieten in Barcelona nahe Port Olímpic und Barceloneta. Helme, Versicherung und Buchung per WhatsApp."",""name"":""description""}","<meta content=""50cc- und 125cc-Scooter mieten in Barcelona nahe Port Olímpic und Barceloneta. Helme, Versicherung und Buchung per WhatsApp."" name=""description""/>"
SCOOTER,de,10,meta,"{""content"":""index,follow,max-image-preview:large"",""name"":""robots""}","<meta content=""index,follow,max-image-preview:large"" name=""robots""/>"
SCOOTER,de,11,meta,"{""content"":""RSB Rental Scooter Barcelona"",""name"":""author""}","<meta content=""RSB Rental Scooter Barcelona"" name=""author""/>"
SCOOTER,de,12,meta,"{""content"":""#0b1022"",""name"":""theme-color""}","<meta content=""#0b1022"" name=""theme-color""/>"
SCOOTER,de,13,link,"{""href"":""https://rentalscooterbarcelona.com/de/scooter/"",""rel"":""canonical""}","<link href=""https://rentalscooterbarcelona.com/de/scooter/"" rel=""canonical""/>"
SCOOTER,de,13,link,"{""href"":""https://rentalscooterbarcelona.com/scooter/"",""hreflang"":""x-default"",""rel"":""alternate""}","<link href=""https://rentalscooterbarcelona.com/scooter/"" hreflang=""x-default"" rel=""alternate""/>"
SCOOTER,de,13,link,"{""href"":""https://rentalscooterbarcelona.com/scooter/"",""hreflang"":""en"",""rel"":""alternate""}","<link href=""https://rentalscooterbarcelona.com/scooter/"" hreflang=""en"" rel=""alternate""/>"
SCOOTER,de,13,link,"{""href"":""https://rentalscooterbarcelona.com/es/scooter/"",""hreflang"":""es"",""rel"":""alternate""}","<link href=""https://rentalscooterbarcelona.com/es/scooter/"" hreflang=""es"" rel=""alternate""/>"
SCOOTER,de,13,link,"{""href"":""https://rentalscooterbarcelona.com/fr/scooter/"",""hreflang"":""fr"",""rel"":""alternate""}","<link href=""https://rentalscooterbarcelona.com/fr/scooter/"" hreflang=""fr"" rel=""alternate""/>"
SCOOTER,de,13,link,"{""href"":""https://rentalscooterbarcelona.com/it/scooter/"",""hreflang"":""it"",""rel"":""alternate""}","<link href=""https://rentalscooterbarcelona.com/it/scooter/"" hreflang=""it"" rel=""alternate""/>"
SCOOTER,de,13,link,"{""href"":""https://rentalscooterbarcelona.com/de/scooter/"",""hreflang"":""de"",""rel"":""alternate""}","<link href=""https://rentalscooterbarcelona.com/de/scooter/"" hreflang=""de"" rel=""alternate""/>"
SCOOTER,de,13,link,"{""href"":""https://rentalscooterbarcelona.com/nl/scooter/"",""hreflang"":""nl"",""rel"":""alternate""}","<link href=""https://rentalscooterbarcelona.com/nl/scooter/"" hreflang=""nl"" rel=""alternate""/>"
SCOOTER,de,13,link,"{""href"":""https://rentalscooterbarcelona.com/pt/scooter/"",""hreflang"":""pt"",""rel"":""alternate""}","<link href=""https://rentalscooterbarcelona.com/pt/scooter/"" hreflang=""pt"" rel=""alternate""/>"
SCOOTER,de,13,link,"{""href"":""https://rentalscooterbarcelona.com/cat/scooter/"",""hreflang"":""ca"",""rel"":""alternate""}","<link href=""https://rentalscooterbarcelona.com/cat/scooter/"" hreflang=""ca"" rel=""alternate""/>"
SCOOTER,de,13,link,"{""href"":""https://rentalscooterbarcelona.com/sv/scooter/"",""hreflang"":""sv"",""rel"":""alternate""}","<link href=""https://rentalscooterbarcelona.com/sv/scooter/"" hreflang=""sv"" rel=""alternate""/>"
SCOOTER,de,13,link,"{""href"":""https://rentalscooterbarcelona.com/pl/scooter/"",""hreflang"":""pl"",""rel"":""alternate""}","<link href=""https://rentalscooterbarcelona.com/pl/scooter/"" hreflang=""pl"" rel=""alternate""/>"
SCOOTER,de,14,meta,"{""content"":""ES-CT"",""name"":""geo.region""}","<meta content=""ES-CT"" name=""geo.region""/>"
SCOOTER,de,15,meta,"{""content"":""Barcelona"",""name"":""geo.placename""}","<meta content=""Barcelona"" name=""geo.placename""/>"
SCOOTER,de,16,meta,"{""content"":""41.3906488;2.1984312"",""name"":""geo.position""}","<meta content=""41.3906488;2.1984312"" name=""geo.position""/>"
SCOOTER,de,17,meta,"{""content"":""41.3906488, 2.1984312"",""name"":""ICBM""}","<meta content=""41.3906488, 2.1984312"" name=""ICBM""/>"
SCOOTER,de,18,meta,"{""content"":""website"",""property"":""og:type""}","<meta content=""website"" property=""og:type""/>"
SCOOTER,de,18,meta,"{""content"":""de_DE"",""property"":""og:locale""}","<meta content=""de_DE"" property=""og:locale""/>"
SCOOTER,de,18,meta,"{""content"":""en_GB"",""property"":""og:locale:alternate""}","<meta content=""en_GB"" property=""og:locale:alternate""/>"
SCOOTER,de,18,meta,"{""content"":""es_ES"",""property"":""og:locale:alternate""}","<meta content=""es_ES"" property=""og:locale:alternate""/>"
SCOOTER,de,18,meta,"{""content"":""fr_FR"",""property"":""og:locale:alternate""}","<meta content=""fr_FR"" property=""og:locale:alternate""/>"
SCOOTER,de,18,meta,"{""content"":""it_IT"",""property"":""og:locale:alternate""}","<meta content=""it_IT"" property=""og:locale:alternate""/>"
SCOOTER,de,18,meta,"{""content"":""nl_NL"",""property"":""og:locale:alternate""}","<meta content=""nl_NL"" property=""og:locale:alternate""/>"
SCOOTER,de,18,meta,"{""content"":""pt_PT"",""property"":""og:locale:alternate""}","<meta content=""pt_PT"" property=""og:locale:alternate""/>"
SCOOTER,de,18,meta,"{""content"":""ca_ES"",""property"":""og:locale:alternate""}","<meta content=""ca_ES"" property=""og:locale:alternate""/>"
SCOOTER,de,18,meta,"{""content"":""sv_SE"",""property"":""og:locale:alternate""}","<meta content=""sv_SE"" property=""og:locale:alternate""/>"
SCOOTER,de,19,meta,"{""content"":""pl_PL"",""property"":""og:locale:alternate""}","<meta content=""pl_PL"" property=""og:locale:alternate""/>"
SCOOTER,de,20,meta,"{""content"":""RSB Rental Scooter Barcelona"",""property"":""og:site_name""}","<meta content=""RSB Rental Scooter Barcelona"" property=""og:site_name""/>"
SCOOTER,de,21,meta,"{""content"":""Scooter mieten in Barcelona nahe Port Olímpic und Barceloneta | RSB"",""property"":""og:title""}","<meta content=""Scooter mieten in Barcelona nahe Port Olímpic und Barceloneta | RSB"" property=""og:title""/>"
SCOOTER,de,22,meta,"{""content"":""Miete 50cc- und 125cc-Scooter in Barcelona nahe Port Olímpic und dem Strand von Barceloneta. Lokales Geschäft in Vila Olímpica, Helme und Versicherung inklusive, einfache Abholung, Buchung per WhatsApp und kostenlose Scooter-Hotellieferung für Mietzeiten ab 3 Tagen."",""property"":""og:description""}","<meta content=""Miete 50cc- und 125cc-Scooter in Barcelona nahe Port Olímpic und dem Strand von Barceloneta. Lokales Geschäft in Vila Olímpica, Helme und Versicherung inklusive, einfache Abholung, Buchung per WhatsApp und kostenlose Scooter-Hotellieferung für Mietzeiten ab 3 Tagen."" property=""og:description""/>"
SCOOTER,de,23,meta,"{""content"":""https://rentalscooterbarcelona.com/de/scooter/"",""property"":""og:url""}","<meta content=""https://rentalscooterbarcelona.com/de/scooter/"" property=""og:url""/>"
SCOOTER,de,24,meta,"{""content"":""https://rentalscooterbarcelona.com/images/rsb-scooter-rental-barcelona-hero-group-og-v1-1200.webp"",""property"":""og:image""}","<meta content=""https://rentalscooterbarcelona.com/images/rsb-scooter-rental-barcelona-hero-group-og-v1-1200.webp"" property=""og:image""/>"
SCOOTER,de,25,meta,"{""content"":""https://rentalscooterbarcelona.com/images/rsb-scooter-rental-barcelona-hero-group-og-v1-1200.webp"",""property"":""og:image:secure_url""}","<meta content=""https://rentalscooterbarcelona.com/images/rsb-scooter-rental-barcelona-hero-group-og-v1-1200.webp"" property=""og:image:secure_url""/>"
SCOOTER,de,26,meta,"{""content"":""image/webp"",""property"":""og:image:type""}","<meta content=""image/webp"" property=""og:image:type""/>"
SCOOTER,de,27,meta,"{""content"":""1200"",""property"":""og:image:width""}","<meta content=""1200"" property=""og:image:width""/>"
SCOOTER,de,28,meta,"{""content"":""525"",""property"":""og:image:height""}","<meta content=""525"" property=""og:image:height""/>"
SCOOTER,de,29,meta,"{""content"":""Scooter mieten in Barcelona nahe Vila Olímpica und dem Strand von Barceloneta"",""property"":""og:image:alt""}","<meta content=""Scooter mieten in Barcelona nahe Vila Olímpica und dem Strand von Barceloneta"" property=""og:image:alt""/>"
SCOOTER,de,30,meta,"{""content"":""summary_large_image"",""name"":""twitter:card""}","<meta content=""summary_large_image"" name=""twitter:card""/>"
SCOOTER,de,31,meta,"{""content"":""Scooter mieten in Barcelona nahe Port Olímpic und Barceloneta | RSB"",""name"":""twitter:title""}","<meta content=""Scooter mieten in Barcelona nahe Port Olímpic und Barceloneta | RSB"" name=""twitter:title""/>"
SCOOTER,de,32,meta,"{""content"":""@RSBscooterbarce"",""name"":""twitter:site""}","<meta content=""@RSBscooterbarce"" name=""twitter:site""/>"
SCOOTER,de,33,meta,"{""content"":""Miete 50cc- und 125cc-Scooter in Barcelona nahe Port Olímpic und dem Strand von Barceloneta. Lokales Geschäft in Vila Olímpica, Helme und Versicherung inklusive, einfache Abholung, Buchung per WhatsApp und kostenlose Scooter-Hotellieferung für Mietzeiten ab 3 Tagen."",""name"":""twitter:description""}","<meta content=""Miete 50cc- und 125cc-Scooter in Barcelona nahe Port Olímpic und dem Strand von Barceloneta. Lokales Geschäft in Vila Olímpica, Helme und Versicherung inklusive, einfache Abholung, Buchung per WhatsApp und kostenlose Scooter-Hotellieferung für Mietzeiten ab 3 Tagen."" name=""twitter:description""/>"
SCOOTER,de,34,meta,"{""content"":""https://rentalscooterbarcelona.com/images/rsb-scooter-rental-barcelona-hero-group-og-v1-1200.webp"",""name"":""twitter:image""}","<meta content=""https://rentalscooterbarcelona.com/images/rsb-scooter-rental-barcelona-hero-group-og-v1-1200.webp"" name=""twitter:image""/>"
SCOOTER,de,35,meta,"{""content"":""Scooter mieten in Barcelona nahe Vila Olímpica und dem Strand von Barceloneta"",""name"":""twitter:image:alt""}","<meta content=""Scooter mieten in Barcelona nahe Vila Olímpica und dem Strand von Barceloneta"" name=""twitter:image:alt""/>"
SCOOTER,de,36,link,"{""href"":""https://rentalscooterbarcelona.com/favicon.ico"",""rel"":""icon"",""sizes"":""any""}","<link href=""https://rentalscooterbarcelona.com/favicon.ico"" rel=""icon"" sizes=""any""/>"
SCOOTER,de,37,link,"{""href"":""https://rentalscooterbarcelona.com/favicon-16x16.png"",""rel"":""icon"",""sizes"":""16x16"",""type"":""image/png""}","<link href=""https://rentalscooterbarcelona.com/favicon-16x16.png"" rel=""icon"" sizes=""16x16"" type=""image/png""/>"
SCOOTER,de,38,link,"{""href"":""https://rentalscooterbarcelona.com/favicon-32x32.png"",""rel"":""icon"",""sizes"":""32x32"",""type"":""image/png""}","<link href=""https://rentalscooterbarcelona.com/favicon-32x32.png"" rel=""icon"" sizes=""32x32"" type=""image/png""/>"
SCOOTER,de,39,link,"{""href"":""https://rentalscooterbarcelona.com/favicon-192x192.png"",""rel"":""icon"",""sizes"":""192x192"",""type"":""image/png""}","<link href=""https://rentalscooterbarcelona.com/favicon-192x192.png"" rel=""icon"" sizes=""192x192"" type=""image/png""/>"
SCOOTER,de,39,link,"{""href"":""https://rentalscooterbarcelona.com/favicon-512x512.png"",""rel"":""icon"",""sizes"":""512x512"",""type"":""image/png""}","<link href=""https://rentalscooterbarcelona.com/favicon-512x512.png"" rel=""icon"" sizes=""512x512"" type=""image/png""/>"
SCOOTER,de,40,link,"{""href"":""https://rentalscooterbarcelona.com/apple-touch-icon.png"",""rel"":""apple-touch-icon""}","<link href=""https://rentalscooterbarcelona.com/apple-touch-icon.png"" rel=""apple-touch-icon""/>"
SCOOTER,de,41,meta,"{""content"":""RSB Rental Scooter Barcelona"",""name"":""application-name""}","<meta content=""RSB Rental Scooter Barcelona"" name=""application-name""/>"
SCOOTER,de,42,meta,"{""content"":""RSB Rental"",""name"":""apple-mobile-web-app-title""}","<meta content=""RSB Rental"" name=""apple-mobile-web-app-title""/>"
SCOOTER,de,43,link,"{""href"":""https://fonts.googleapis.com"",""rel"":""preconnect""}","<link href=""https://fonts.googleapis.com"" rel=""preconnect""/>"
SCOOTER,de,43,link,"{""crossorigin"":"""",""href"":""https://fonts.gstatic.com"",""rel"":""preconnect""}","<link crossorigin="""" href=""https://fonts.gstatic.com"" rel=""preconnect""/>"
SCOOTER,de,43,link,"{""as"":""image"",""fetchpriority"":""high"",""href"":""https://rentalscooterbarcelona.com/images/rsb-scooter-rental-barcelona-hero-group-v1-1536.webp"",""imagesizes"":""100vw"",""imagesrcset"":""https://rentalscooterbarcelona.com/images/rsb-scooter-rental-barcelona-hero-group-v1-1536.webp 1536w"",""rel"":""preload""}","<link as=""image"" fetchpriority=""high"" href=""https://rentalscooterbarcelona.com/images/rsb-scooter-rental-barcelona-hero-group-v1-1536.webp"" imagesizes=""100vw"" imagesrcset=""https://rentalscooterbarcelona.com/images/rsb-scooter-rental-barcelona-hero-group-v1-1536.webp 1536w"" rel=""preload""/>"
SCOOTER,de,43,link,"{""href"":""https://fonts.googleapis.com/css2?family=Great+Vibes&family=Space+Grotesk:wght@400;500;600;700&family=Inter:wght@400;500;600;700&display=swap"",""rel"":""stylesheet""}","<link href=""https://fonts.googleapis.com/css2?family=Great+Vibes&amp;family=Space+Grotesk:wght@400;500;600;700&amp;family=Inter:wght@400;500;600;700&amp;display=swap"" rel=""stylesheet""/>"
SCOOTER,de,43,link,"{""href"":""https://rentalscooterbarcelona.com/styles.css?v=20260813"",""rel"":""stylesheet""}","<link href=""https://rentalscooterbarcelona.com/styles.css?v=20260813"" rel=""stylesheet""/>"
SCOOTER,de,44,link,"{""href"":""https://rentalscooterbarcelona.com/scooter/styles41.css?v=41"",""rel"":""stylesheet""}","<link href=""https://rentalscooterbarcelona.com/scooter/styles41.css?v=41"" rel=""stylesheet""/>"
SCOOTER,de,45,style,"{""id"":""scooter4-lcp-cls-fixes""}","<style id=""scooter4-lcp-cls-fixes"">"
SCOOTER,de,58,style,"{""id"":""scooter-visible-title-fix""}","<style id=""scooter-visible-title-fix"">"
SCOOTER,de,97,script,"{""type"":""application/ld+json""}","<script type=""application/ld+json"">"
SCOOTER,de,562,script,"{""async"":"""",""src"":""https://www.googletagmanager.com/gtag/js?id=G-S7SMLHCNGK""}","<script async="""" src=""https://www.googletagmanager.com/gtag/js?id=G-S7SMLHCNGK"">"
SCOOTER,de,563,script,{},<script>
SCOOTER,de,569,script,"{""data-rsb-review-entities"":"""",""type"":""application/ld+json""}","<script data-rsb-review-entities="""" type=""application/ld+json"">"
SCOOTER,nl,4,head,{},<head>
SCOOTER,nl,5,meta,"{""charset"":""utf-8""}","<meta charset=""utf-8""/>"
SCOOTER,nl,6,link,"{""rel"":""manifest"",""href"":""/site.webmanifest""}","<link rel=""manifest"" href=""/site.webmanifest""/>"
SCOOTER,nl,7,meta,"{""content"":""width=device-width, initial-scale=1"",""name"":""viewport""}","<meta content=""width=device-width, initial-scale=1"" name=""viewport""/>"
SCOOTER,nl,8,title,{},<title>
SCOOTER,nl,9,meta,"{""content"":""50cc- en 125cc-scooters huren in Barcelona bij Port Olímpic en Barceloneta. Helmen, verzekering en reserveren via WhatsApp."",""name"":""description""}","<meta content=""50cc- en 125cc-scooters huren in Barcelona bij Port Olímpic en Barceloneta. Helmen, verzekering en reserveren via WhatsApp."" name=""description""/>"
SCOOTER,nl,10,meta,"{""content"":""index,follow,max-image-preview:large"",""name"":""robots""}","<meta content=""index,follow,max-image-preview:large"" name=""robots""/>"
SCOOTER,nl,11,meta,"{""content"":""RSB Rental Scooter Barcelona"",""name"":""author""}","<meta content=""RSB Rental Scooter Barcelona"" name=""author""/>"
SCOOTER,nl,12,meta,"{""content"":""#0b1022"",""name"":""theme-color""}","<meta content=""#0b1022"" name=""theme-color""/>"
SCOOTER,nl,13,link,"{""href"":""https://rentalscooterbarcelona.com/nl/scooter/"",""rel"":""canonical""}","<link href=""https://rentalscooterbarcelona.com/nl/scooter/"" rel=""canonical""/>"
SCOOTER,nl,13,link,"{""href"":""https://rentalscooterbarcelona.com/scooter/"",""hreflang"":""x-default"",""rel"":""alternate""}","<link href=""https://rentalscooterbarcelona.com/scooter/"" hreflang=""x-default"" rel=""alternate""/>"
SCOOTER,nl,13,link,"{""href"":""https://rentalscooterbarcelona.com/scooter/"",""hreflang"":""en"",""rel"":""alternate""}","<link href=""https://rentalscooterbarcelona.com/scooter/"" hreflang=""en"" rel=""alternate""/>"
SCOOTER,nl,13,link,"{""href"":""https://rentalscooterbarcelona.com/es/scooter/"",""hreflang"":""es"",""rel"":""alternate""}","<link href=""https://rentalscooterbarcelona.com/es/scooter/"" hreflang=""es"" rel=""alternate""/>"
SCOOTER,nl,13,link,"{""href"":""https://rentalscooterbarcelona.com/fr/scooter/"",""hreflang"":""fr"",""rel"":""alternate""}","<link href=""https://rentalscooterbarcelona.com/fr/scooter/"" hreflang=""fr"" rel=""alternate""/>"
SCOOTER,nl,13,link,"{""href"":""https://rentalscooterbarcelona.com/it/scooter/"",""hreflang"":""it"",""rel"":""alternate""}","<link href=""https://rentalscooterbarcelona.com/it/scooter/"" hreflang=""it"" rel=""alternate""/>"
SCOOTER,nl,13,link,"{""href"":""https://rentalscooterbarcelona.com/de/scooter/"",""hreflang"":""de"",""rel"":""alternate""}","<link href=""https://rentalscooterbarcelona.com/de/scooter/"" hreflang=""de"" rel=""alternate""/>"
SCOOTER,nl,13,link,"{""href"":""https://rentalscooterbarcelona.com/nl/scooter/"",""hreflang"":""nl"",""rel"":""alternate""}","<link href=""https://rentalscooterbarcelona.com/nl/scooter/"" hreflang=""nl"" rel=""alternate""/>"
SCOOTER,nl,13,link,"{""href"":""https://rentalscooterbarcelona.com/pt/scooter/"",""hreflang"":""pt"",""rel"":""alternate""}","<link href=""https://rentalscooterbarcelona.com/pt/scooter/"" hreflang=""pt"" rel=""alternate""/>"
SCOOTER,nl,13,link,"{""href"":""https://rentalscooterbarcelona.com/cat/scooter/"",""hreflang"":""ca"",""rel"":""alternate""}","<link href=""https://rentalscooterbarcelona.com/cat/scooter/"" hreflang=""ca"" rel=""alternate""/>"
SCOOTER,nl,13,link,"{""href"":""https://rentalscooterbarcelona.com/sv/scooter/"",""hreflang"":""sv"",""rel"":""alternate""}","<link href=""https://rentalscooterbarcelona.com/sv/scooter/"" hreflang=""sv"" rel=""alternate""/>"
SCOOTER,nl,13,link,"{""href"":""https://rentalscooterbarcelona.com/pl/scooter/"",""hreflang"":""pl"",""rel"":""alternate""}","<link href=""https://rentalscooterbarcelona.com/pl/scooter/"" hreflang=""pl"" rel=""alternate""/>"
SCOOTER,nl,14,meta,"{""content"":""ES-CT"",""name"":""geo.region""}","<meta content=""ES-CT"" name=""geo.region""/>"
SCOOTER,nl,15,meta,"{""content"":""Barcelona"",""name"":""geo.placename""}","<meta content=""Barcelona"" name=""geo.placename""/>"
SCOOTER,nl,16,meta,"{""content"":""41.3906488;2.1984312"",""name"":""geo.position""}","<meta content=""41.3906488;2.1984312"" name=""geo.position""/>"
SCOOTER,nl,17,meta,"{""content"":""41.3906488, 2.1984312"",""name"":""ICBM""}","<meta content=""41.3906488, 2.1984312"" name=""ICBM""/>"
SCOOTER,nl,18,meta,"{""content"":""website"",""property"":""og:type""}","<meta content=""website"" property=""og:type""/>"
SCOOTER,nl,19,meta,"{""content"":""RSB Rental Scooter Barcelona"",""property"":""og:site_name""}","<meta content=""RSB Rental Scooter Barcelona"" property=""og:site_name""/>"
SCOOTER,nl,20,meta,"{""content"":""Scooter huren in Barcelona vlak bij Port Olímpic en Barceloneta | RSB"",""property"":""og:title""}","<meta content=""Scooter huren in Barcelona vlak bij Port Olímpic en Barceloneta | RSB"" property=""og:title""/>"
SCOOTER,nl,21,meta,"{""content"":""Huur 50cc- en 125cc-scooters in Barcelona vlak bij Port Olímpic en het strand van Barceloneta. Lokale winkel in Vila Olímpica, helmen en verzekering inbegrepen, eenvoudig ophalen, reserveren via WhatsApp en gratis scooterbezorging bij het hotel voor huurperiodes van 3 dagen of langer."",""property"":""og:description""}","<meta content=""Huur 50cc- en 125cc-scooters in Barcelona vlak bij Port Olímpic en het strand van Barceloneta. Lokale winkel in Vila Olímpica, helmen en verzekering inbegrepen, eenvoudig ophalen, reserveren via WhatsApp en gratis scooterbezorging bij het hotel voor huurperiodes van 3 dagen of langer."" property=""og:description""/>"
SCOOTER,nl,22,meta,"{""content"":""https://rentalscooterbarcelona.com/nl/scooter/"",""property"":""og:url""}","<meta content=""https://rentalscooterbarcelona.com/nl/scooter/"" property=""og:url""/>"
SCOOTER,nl,23,meta,"{""content"":""https://rentalscooterbarcelona.com/images/rsb-scooter-rental-barcelona-hero-group-og-v1-1200.webp"",""property"":""og:image""}","<meta content=""https://rentalscooterbarcelona.com/images/rsb-scooter-rental-barcelona-hero-group-og-v1-1200.webp"" property=""og:image""/>"
SCOOTER,nl,24,meta,"{""content"":""https://rentalscooterbarcelona.com/images/rsb-scooter-rental-barcelona-hero-group-og-v1-1200.webp"",""property"":""og:image:secure_url""}","<meta content=""https://rentalscooterbarcelona.com/images/rsb-scooter-rental-barcelona-hero-group-og-v1-1200.webp"" property=""og:image:secure_url""/>"
SCOOTER,nl,25,meta,"{""content"":""image/webp"",""property"":""og:image:type""}","<meta content=""image/webp"" property=""og:image:type""/>"
SCOOTER,nl,26,meta,"{""content"":""1200"",""property"":""og:image:width""}","<meta content=""1200"" property=""og:image:width""/>"
SCOOTER,nl,27,meta,"{""content"":""525"",""property"":""og:image:height""}","<meta content=""525"" property=""og:image:height""/>"
SCOOTER,nl,28,meta,"{""content"":""Scooter huren in Barcelona vlak bij Vila Olímpica en het strand van Barceloneta"",""property"":""og:image:alt""}","<meta content=""Scooter huren in Barcelona vlak bij Vila Olímpica en het strand van Barceloneta"" property=""og:image:alt""/>"
SCOOTER,nl,29,meta,"{""content"":""nl_NL"",""property"":""og:locale""}","<meta content=""nl_NL"" property=""og:locale""/>"
SCOOTER,nl,30,meta,"{""content"":""en_GB"",""property"":""og:locale:alternate""}","<meta content=""en_GB"" property=""og:locale:alternate""/>"
SCOOTER,nl,31,meta,"{""content"":""es_ES"",""property"":""og:locale:alternate""}","<meta content=""es_ES"" property=""og:locale:alternate""/>"
SCOOTER,nl,32,meta,"{""content"":""fr_FR"",""property"":""og:locale:alternate""}","<meta content=""fr_FR"" property=""og:locale:alternate""/>"
SCOOTER,nl,33,meta,"{""content"":""it_IT"",""property"":""og:locale:alternate""}","<meta content=""it_IT"" property=""og:locale:alternate""/>"
SCOOTER,nl,34,meta,"{""content"":""de_DE"",""property"":""og:locale:alternate""}","<meta content=""de_DE"" property=""og:locale:alternate""/>"
SCOOTER,nl,35,meta,"{""content"":""pt_PT"",""property"":""og:locale:alternate""}","<meta content=""pt_PT"" property=""og:locale:alternate""/>"
SCOOTER,nl,36,meta,"{""content"":""ca_ES"",""property"":""og:locale:alternate""}","<meta content=""ca_ES"" property=""og:locale:alternate""/>"
SCOOTER,nl,37,meta,"{""content"":""sv_SE"",""property"":""og:locale:alternate""}","<meta content=""sv_SE"" property=""og:locale:alternate""/>"
SCOOTER,nl,38,meta,"{""content"":""pl_PL"",""property"":""og:locale:alternate""}","<meta content=""pl_PL"" property=""og:locale:alternate""/>"
SCOOTER,nl,39,meta,"{""content"":""summary_large_image"",""name"":""twitter:card""}","<meta content=""summary_large_image"" name=""twitter:card""/>"
SCOOTER,nl,40,meta,"{""content"":""Scooter huren in Barcelona vlak bij Port Olímpic en Barceloneta | RSB"",""name"":""twitter:title""}","<meta content=""Scooter huren in Barcelona vlak bij Port Olímpic en Barceloneta | RSB"" name=""twitter:title""/>"
SCOOTER,nl,41,meta,"{""content"":""@RSBscooterbarce"",""name"":""twitter:site""}","<meta content=""@RSBscooterbarce"" name=""twitter:site""/>"
SCOOTER,nl,42,meta,"{""content"":""Huur 50cc- en 125cc-scooters in Barcelona vlak bij Port Olímpic en het strand van Barceloneta. Lokale winkel in Vila Olímpica, helmen en verzekering inbegrepen, eenvoudig ophalen, reserveren via WhatsApp en gratis scooterbezorging bij het hotel voor huurperiodes van 3 dagen of langer."",""name"":""twitter:description""}","<meta content=""Huur 50cc- en 125cc-scooters in Barcelona vlak bij Port Olímpic en het strand van Barceloneta. Lokale winkel in Vila Olímpica, helmen en verzekering inbegrepen, eenvoudig ophalen, reserveren via WhatsApp en gratis scooterbezorging bij het hotel voor huurperiodes van 3 dagen of langer."" name=""twitter:description""/>"
SCOOTER,nl,43,meta,"{""content"":""https://rentalscooterbarcelona.com/images/rsb-scooter-rental-barcelona-hero-group-og-v1-1200.webp"",""name"":""twitter:image""}","<meta content=""https://rentalscooterbarcelona.com/images/rsb-scooter-rental-barcelona-hero-group-og-v1-1200.webp"" name=""twitter:image""/>"
SCOOTER,nl,44,meta,"{""content"":""Scooter huren in Barcelona vlak bij Vila Olímpica en het strand van Barceloneta"",""name"":""twitter:image:alt""}","<meta content=""Scooter huren in Barcelona vlak bij Vila Olímpica en het strand van Barceloneta"" name=""twitter:image:alt""/>"
SCOOTER,nl,45,link,"{""href"":""https://rentalscooterbarcelona.com/favicon.ico"",""rel"":""icon"",""sizes"":""any""}","<link href=""https://rentalscooterbarcelona.com/favicon.ico"" rel=""icon"" sizes=""any""/>"
SCOOTER,nl,46,link,"{""href"":""https://rentalscooterbarcelona.com/favicon-16x16.png"",""rel"":""icon"",""sizes"":""16x16"",""type"":""image/png""}","<link href=""https://rentalscooterbarcelona.com/favicon-16x16.png"" rel=""icon"" sizes=""16x16"" type=""image/png""/>"
SCOOTER,nl,47,link,"{""href"":""https://rentalscooterbarcelona.com/favicon-32x32.png"",""rel"":""icon"",""sizes"":""32x32"",""type"":""image/png""}","<link href=""https://rentalscooterbarcelona.com/favicon-32x32.png"" rel=""icon"" sizes=""32x32"" type=""image/png""/>"
SCOOTER,nl,48,link,"{""href"":""https://rentalscooterbarcelona.com/favicon-192x192.png"",""rel"":""icon"",""sizes"":""192x192"",""type"":""image/png""}","<link href=""https://rentalscooterbarcelona.com/favicon-192x192.png"" rel=""icon"" sizes=""192x192"" type=""image/png""/>"
SCOOTER,nl,48,link,"{""href"":""https://rentalscooterbarcelona.com/favicon-512x512.png"",""rel"":""icon"",""sizes"":""512x512"",""type"":""image/png""}","<link href=""https://rentalscooterbarcelona.com/favicon-512x512.png"" rel=""icon"" sizes=""512x512"" type=""image/png""/>"
SCOOTER,nl,49,link,"{""href"":""https://rentalscooterbarcelona.com/apple-touch-icon.png"",""rel"":""apple-touch-icon""}","<link href=""https://rentalscooterbarcelona.com/apple-touch-icon.png"" rel=""apple-touch-icon""/>"
SCOOTER,nl,50,meta,"{""content"":""RSB Rental Scooter Barcelona"",""name"":""application-name""}","<meta content=""RSB Rental Scooter Barcelona"" name=""application-name""/>"
SCOOTER,nl,51,meta,"{""content"":""RSB Rental"",""name"":""apple-mobile-web-app-title""}","<meta content=""RSB Rental"" name=""apple-mobile-web-app-title""/>"
SCOOTER,nl,52,link,"{""href"":""https://fonts.googleapis.com"",""rel"":""preconnect""}","<link href=""https://fonts.googleapis.com"" rel=""preconnect""/>"
SCOOTER,nl,53,link,"{""as"":""image"",""fetchpriority"":""high"",""href"":""https://rentalscooterbarcelona.com/images/rsb-scooter-rental-barcelona-hero-group-v1-1536.webp"",""imagesizes"":""100vw"",""imagesrcset"":""https://rentalscooterbarcelona.com/images/rsb-scooter-rental-barcelona-hero-group-v1-1536.webp 1536w"",""rel"":""preload""}","<link as=""image"" fetchpriority=""high"" href=""https://rentalscooterbarcelona.com/images/rsb-scooter-rental-barcelona-hero-group-v1-1536.webp"" imagesizes=""100vw"" imagesrcset=""https://rentalscooterbarcelona.com/images/rsb-scooter-rental-barcelona-hero-group-v1-1536.webp 1536w"" rel=""preload""/>"
SCOOTER,nl,54,link,"{""crossorigin"":"""",""href"":""https://fonts.gstatic.com"",""rel"":""preconnect""}","<link crossorigin="""" href=""https://fonts.gstatic.com"" rel=""preconnect""/>"
SCOOTER,nl,55,link,"{""href"":""https://fonts.googleapis.com/css2?family=Great+Vibes&family=Space+Grotesk:wght@400;500;600;700&family=Inter:wght@400;500;600;700&display=swap"",""rel"":""stylesheet""}","<link href=""https://fonts.googleapis.com/css2?family=Great+Vibes&amp;family=Space+Grotesk:wght@400;500;600;700&amp;family=Inter:wght@400;500;600;700&amp;display=swap"" rel=""stylesheet""/>"
SCOOTER,nl,56,link,"{""href"":""https://rentalscooterbarcelona.com/styles.css?v=20260813"",""rel"":""stylesheet""}","<link href=""https://rentalscooterbarcelona.com/styles.css?v=20260813"" rel=""stylesheet""/>"
SCOOTER,nl,57,link,"{""href"":""https://rentalscooterbarcelona.com/scooter/styles41.css?v=41"",""rel"":""stylesheet""}","<link href=""https://rentalscooterbarcelona.com/scooter/styles41.css?v=41"" rel=""stylesheet""/>"
SCOOTER,nl,58,style,"{""id"":""scooter4-lcp-cls-fixes""}","<style id=""scooter4-lcp-cls-fixes"">"
SCOOTER,nl,71,style,"{""id"":""scooter-visible-title-fix""}","<style id=""scooter-visible-title-fix"">"
SCOOTER,nl,110,script,"{""type"":""application/ld+json""}","<script type=""application/ld+json"">"
SCOOTER,nl,571,script,"{""async"":"""",""src"":""https://www.googletagmanager.com/gtag/js?id=G-S7SMLHCNGK""}","<script async="""" src=""https://www.googletagmanager.com/gtag/js?id=G-S7SMLHCNGK"">"
SCOOTER,nl,572,script,{},<script>
SCOOTER,nl,578,script,"{""data-rsb-review-entities"":"""",""type"":""application/ld+json""}","<script data-rsb-review-entities="""" type=""application/ld+json"">"
SCOOTER,pt,4,head,{},<head>
SCOOTER,pt,5,meta,"{""charset"":""utf-8""}","<meta charset=""utf-8""/>"
SCOOTER,pt,6,link,"{""rel"":""manifest"",""href"":""/site.webmanifest""}","<link rel=""manifest"" href=""/site.webmanifest""/>"
SCOOTER,pt,7,meta,"{""content"":""width=device-width, initial-scale=1"",""name"":""viewport""}","<meta content=""width=device-width, initial-scale=1"" name=""viewport""/>"
SCOOTER,pt,8,title,{},<title>
SCOOTER,pt,9,meta,"{""content"":""Aluguer de scooters 50cc e 125cc em Barcelona perto de Port Olímpic e Barceloneta. Capacetes, seguro e reserva por WhatsApp."",""name"":""description""}","<meta content=""Aluguer de scooters 50cc e 125cc em Barcelona perto de Port Olímpic e Barceloneta. Capacetes, seguro e reserva por WhatsApp."" name=""description""/>"
SCOOTER,pt,10,meta,"{""content"":""index,follow,max-image-preview:large"",""name"":""robots""}","<meta content=""index,follow,max-image-preview:large"" name=""robots""/>"
SCOOTER,pt,11,meta,"{""content"":""RSB Rental Scooter Barcelona"",""name"":""author""}","<meta content=""RSB Rental Scooter Barcelona"" name=""author""/>"
SCOOTER,pt,12,meta,"{""content"":""#0b1022"",""name"":""theme-color""}","<meta content=""#0b1022"" name=""theme-color""/>"
SCOOTER,pt,13,link,"{""href"":""https://rentalscooterbarcelona.com/pt/scooter/"",""rel"":""canonical""}","<link href=""https://rentalscooterbarcelona.com/pt/scooter/"" rel=""canonical""/>"
SCOOTER,pt,13,link,"{""href"":""https://rentalscooterbarcelona.com/scooter/"",""hreflang"":""x-default"",""rel"":""alternate""}","<link href=""https://rentalscooterbarcelona.com/scooter/"" hreflang=""x-default"" rel=""alternate""/>"
SCOOTER,pt,13,link,"{""href"":""https://rentalscooterbarcelona.com/scooter/"",""hreflang"":""en"",""rel"":""alternate""}","<link href=""https://rentalscooterbarcelona.com/scooter/"" hreflang=""en"" rel=""alternate""/>"
SCOOTER,pt,13,link,"{""href"":""https://rentalscooterbarcelona.com/es/scooter/"",""hreflang"":""es"",""rel"":""alternate""}","<link href=""https://rentalscooterbarcelona.com/es/scooter/"" hreflang=""es"" rel=""alternate""/>"
SCOOTER,pt,13,link,"{""href"":""https://rentalscooterbarcelona.com/fr/scooter/"",""hreflang"":""fr"",""rel"":""alternate""}","<link href=""https://rentalscooterbarcelona.com/fr/scooter/"" hreflang=""fr"" rel=""alternate""/>"
SCOOTER,pt,13,link,"{""href"":""https://rentalscooterbarcelona.com/it/scooter/"",""hreflang"":""it"",""rel"":""alternate""}","<link href=""https://rentalscooterbarcelona.com/it/scooter/"" hreflang=""it"" rel=""alternate""/>"
SCOOTER,pt,13,link,"{""href"":""https://rentalscooterbarcelona.com/de/scooter/"",""hreflang"":""de"",""rel"":""alternate""}","<link href=""https://rentalscooterbarcelona.com/de/scooter/"" hreflang=""de"" rel=""alternate""/>"
SCOOTER,pt,13,link,"{""href"":""https://rentalscooterbarcelona.com/nl/scooter/"",""hreflang"":""nl"",""rel"":""alternate""}","<link href=""https://rentalscooterbarcelona.com/nl/scooter/"" hreflang=""nl"" rel=""alternate""/>"
SCOOTER,pt,13,link,"{""href"":""https://rentalscooterbarcelona.com/pt/scooter/"",""hreflang"":""pt"",""rel"":""alternate""}","<link href=""https://rentalscooterbarcelona.com/pt/scooter/"" hreflang=""pt"" rel=""alternate""/>"
SCOOTER,pt,13,link,"{""href"":""https://rentalscooterbarcelona.com/cat/scooter/"",""hreflang"":""ca"",""rel"":""alternate""}","<link href=""https://rentalscooterbarcelona.com/cat/scooter/"" hreflang=""ca"" rel=""alternate""/>"
SCOOTER,pt,13,link,"{""href"":""https://rentalscooterbarcelona.com/sv/scooter/"",""hreflang"":""sv"",""rel"":""alternate""}","<link href=""https://rentalscooterbarcelona.com/sv/scooter/"" hreflang=""sv"" rel=""alternate""/>"
SCOOTER,pt,13,link,"{""href"":""https://rentalscooterbarcelona.com/pl/scooter/"",""hreflang"":""pl"",""rel"":""alternate""}","<link href=""https://rentalscooterbarcelona.com/pl/scooter/"" hreflang=""pl"" rel=""alternate""/>"
SCOOTER,pt,14,meta,"{""content"":""ES-CT"",""name"":""geo.region""}","<meta content=""ES-CT"" name=""geo.region""/>"
SCOOTER,pt,15,meta,"{""content"":""Barcelona"",""name"":""geo.placename""}","<meta content=""Barcelona"" name=""geo.placename""/>"
SCOOTER,pt,16,meta,"{""content"":""41.3906488;2.1984312"",""name"":""geo.position""}","<meta content=""41.3906488;2.1984312"" name=""geo.position""/>"
SCOOTER,pt,17,meta,"{""content"":""41.3906488, 2.1984312"",""name"":""ICBM""}","<meta content=""41.3906488, 2.1984312"" name=""ICBM""/>"
SCOOTER,pt,18,meta,"{""content"":""website"",""property"":""og:type""}","<meta content=""website"" property=""og:type""/>"
SCOOTER,pt,19,meta,"{""content"":""RSB Rental Scooter Barcelona"",""property"":""og:site_name""}","<meta content=""RSB Rental Scooter Barcelona"" property=""og:site_name""/>"
SCOOTER,pt,20,meta,"{""content"":""Aluguer de scooter em Barcelona perto de Port Olímpic e da Barceloneta | RSB"",""property"":""og:title""}","<meta content=""Aluguer de scooter em Barcelona perto de Port Olímpic e da Barceloneta | RSB"" property=""og:title""/>"
SCOOTER,pt,21,meta,"{""content"":""Aluga scooters de 50cc e 125cc em Barcelona perto de Port Olímpic e da praia da Barceloneta. Loja local em Vila Olímpica, capacetes e seguro incluídos, recolha fácil, reserva por WhatsApp e entrega gratuita do scooter no hotel para alugueres de 3 dias ou mais."",""property"":""og:description""}","<meta content=""Aluga scooters de 50cc e 125cc em Barcelona perto de Port Olímpic e da praia da Barceloneta. Loja local em Vila Olímpica, capacetes e seguro incluídos, recolha fácil, reserva por WhatsApp e entrega gratuita do scooter no hotel para alugueres de 3 dias ou mais."" property=""og:description""/>"
SCOOTER,pt,22,meta,"{""content"":""https://rentalscooterbarcelona.com/pt/scooter/"",""property"":""og:url""}","<meta content=""https://rentalscooterbarcelona.com/pt/scooter/"" property=""og:url""/>"
SCOOTER,pt,23,meta,"{""content"":""https://rentalscooterbarcelona.com/images/rsb-scooter-rental-barcelona-hero-group-og-v1-1200.webp"",""property"":""og:image""}","<meta content=""https://rentalscooterbarcelona.com/images/rsb-scooter-rental-barcelona-hero-group-og-v1-1200.webp"" property=""og:image""/>"
SCOOTER,pt,24,meta,"{""content"":""https://rentalscooterbarcelona.com/images/rsb-scooter-rental-barcelona-hero-group-og-v1-1200.webp"",""property"":""og:image:secure_url""}","<meta content=""https://rentalscooterbarcelona.com/images/rsb-scooter-rental-barcelona-hero-group-og-v1-1200.webp"" property=""og:image:secure_url""/>"
SCOOTER,pt,25,meta,"{""content"":""image/webp"",""property"":""og:image:type""}","<meta content=""image/webp"" property=""og:image:type""/>"
SCOOTER,pt,26,meta,"{""content"":""1200"",""property"":""og:image:width""}","<meta content=""1200"" property=""og:image:width""/>"
SCOOTER,pt,27,meta,"{""content"":""525"",""property"":""og:image:height""}","<meta content=""525"" property=""og:image:height""/>"
SCOOTER,pt,28,meta,"{""content"":""Aluguer de scooter em Barcelona perto de Vila Olímpica e da praia da Barceloneta"",""property"":""og:image:alt""}","<meta content=""Aluguer de scooter em Barcelona perto de Vila Olímpica e da praia da Barceloneta"" property=""og:image:alt""/>"
SCOOTER,pt,29,meta,"{""content"":""pt_PT"",""property"":""og:locale""}","<meta content=""pt_PT"" property=""og:locale""/>"
SCOOTER,pt,30,meta,"{""content"":""en_GB"",""property"":""og:locale:alternate""}","<meta content=""en_GB"" property=""og:locale:alternate""/>"
SCOOTER,pt,31,meta,"{""content"":""es_ES"",""property"":""og:locale:alternate""}","<meta content=""es_ES"" property=""og:locale:alternate""/>"
SCOOTER,pt,32,meta,"{""content"":""fr_FR"",""property"":""og:locale:alternate""}","<meta content=""fr_FR"" property=""og:locale:alternate""/>"
SCOOTER,pt,33,meta,"{""content"":""it_IT"",""property"":""og:locale:alternate""}","<meta content=""it_IT"" property=""og:locale:alternate""/>"
SCOOTER,pt,34,meta,"{""content"":""de_DE"",""property"":""og:locale:alternate""}","<meta content=""de_DE"" property=""og:locale:alternate""/>"
SCOOTER,pt,35,meta,"{""content"":""nl_NL"",""property"":""og:locale:alternate""}","<meta content=""nl_NL"" property=""og:locale:alternate""/>"
SCOOTER,pt,36,meta,"{""content"":""ca_ES"",""property"":""og:locale:alternate""}","<meta content=""ca_ES"" property=""og:locale:alternate""/>"
SCOOTER,pt,37,meta,"{""content"":""sv_SE"",""property"":""og:locale:alternate""}","<meta content=""sv_SE"" property=""og:locale:alternate""/>"
SCOOTER,pt,38,meta,"{""content"":""pl_PL"",""property"":""og:locale:alternate""}","<meta content=""pl_PL"" property=""og:locale:alternate""/>"
SCOOTER,pt,39,meta,"{""content"":""summary_large_image"",""name"":""twitter:card""}","<meta content=""summary_large_image"" name=""twitter:card""/>"
SCOOTER,pt,40,meta,"{""content"":""Aluguer de scooter em Barcelona perto de Port Olímpic e da Barceloneta | RSB"",""name"":""twitter:title""}","<meta content=""Aluguer de scooter em Barcelona perto de Port Olímpic e da Barceloneta | RSB"" name=""twitter:title""/>"
SCOOTER,pt,41,meta,"{""content"":""@RSBscooterbarce"",""name"":""twitter:site""}","<meta content=""@RSBscooterbarce"" name=""twitter:site""/>"
SCOOTER,pt,42,meta,"{""content"":""Aluga scooters de 50cc e 125cc em Barcelona perto de Port Olímpic e da praia da Barceloneta. Loja local em Vila Olímpica, capacetes e seguro incluídos, recolha fácil, reserva por WhatsApp e entrega gratuita do scooter no hotel para alugueres de 3 dias ou mais."",""name"":""twitter:description""}","<meta content=""Aluga scooters de 50cc e 125cc em Barcelona perto de Port Olímpic e da praia da Barceloneta. Loja local em Vila Olímpica, capacetes e seguro incluídos, recolha fácil, reserva por WhatsApp e entrega gratuita do scooter no hotel para alugueres de 3 dias ou mais."" name=""twitter:description""/>"
SCOOTER,pt,43,meta,"{""content"":""https://rentalscooterbarcelona.com/images/rsb-scooter-rental-barcelona-hero-group-og-v1-1200.webp"",""name"":""twitter:image""}","<meta content=""https://rentalscooterbarcelona.com/images/rsb-scooter-rental-barcelona-hero-group-og-v1-1200.webp"" name=""twitter:image""/>"
SCOOTER,pt,44,meta,"{""content"":""Aluguer de scooter em Barcelona perto de Vila Olímpica e da praia da Barceloneta"",""name"":""twitter:image:alt""}","<meta content=""Aluguer de scooter em Barcelona perto de Vila Olímpica e da praia da Barceloneta"" name=""twitter:image:alt""/>"
SCOOTER,pt,45,link,"{""href"":""https://rentalscooterbarcelona.com/favicon.ico"",""rel"":""icon"",""sizes"":""any""}","<link href=""https://rentalscooterbarcelona.com/favicon.ico"" rel=""icon"" sizes=""any""/>"
SCOOTER,pt,46,link,"{""href"":""https://rentalscooterbarcelona.com/favicon-16x16.png"",""rel"":""icon"",""sizes"":""16x16"",""type"":""image/png""}","<link href=""https://rentalscooterbarcelona.com/favicon-16x16.png"" rel=""icon"" sizes=""16x16"" type=""image/png""/>"
SCOOTER,pt,47,link,"{""href"":""https://rentalscooterbarcelona.com/favicon-32x32.png"",""rel"":""icon"",""sizes"":""32x32"",""type"":""image/png""}","<link href=""https://rentalscooterbarcelona.com/favicon-32x32.png"" rel=""icon"" sizes=""32x32"" type=""image/png""/>"
SCOOTER,pt,48,link,"{""href"":""https://rentalscooterbarcelona.com/favicon-192x192.png"",""rel"":""icon"",""sizes"":""192x192"",""type"":""image/png""}","<link href=""https://rentalscooterbarcelona.com/favicon-192x192.png"" rel=""icon"" sizes=""192x192"" type=""image/png""/>"
SCOOTER,pt,48,link,"{""href"":""https://rentalscooterbarcelona.com/favicon-512x512.png"",""rel"":""icon"",""sizes"":""512x512"",""type"":""image/png""}","<link href=""https://rentalscooterbarcelona.com/favicon-512x512.png"" rel=""icon"" sizes=""512x512"" type=""image/png""/>"
SCOOTER,pt,49,link,"{""href"":""https://rentalscooterbarcelona.com/apple-touch-icon.png"",""rel"":""apple-touch-icon""}","<link href=""https://rentalscooterbarcelona.com/apple-touch-icon.png"" rel=""apple-touch-icon""/>"
SCOOTER,pt,50,meta,"{""content"":""RSB Rental Scooter Barcelona"",""name"":""application-name""}","<meta content=""RSB Rental Scooter Barcelona"" name=""application-name""/>"
SCOOTER,pt,51,meta,"{""content"":""RSB Rental"",""name"":""apple-mobile-web-app-title""}","<meta content=""RSB Rental"" name=""apple-mobile-web-app-title""/>"
SCOOTER,pt,52,link,"{""href"":""https://fonts.googleapis.com"",""rel"":""preconnect""}","<link href=""https://fonts.googleapis.com"" rel=""preconnect""/>"
SCOOTER,pt,53,link,"{""as"":""image"",""fetchpriority"":""high"",""href"":""https://rentalscooterbarcelona.com/images/rsb-scooter-rental-barcelona-hero-group-v1-1536.webp"",""imagesizes"":""100vw"",""imagesrcset"":""https://rentalscooterbarcelona.com/images/rsb-scooter-rental-barcelona-hero-group-v1-1536.webp 1536w"",""rel"":""preload""}","<link as=""image"" fetchpriority=""high"" href=""https://rentalscooterbarcelona.com/images/rsb-scooter-rental-barcelona-hero-group-v1-1536.webp"" imagesizes=""100vw"" imagesrcset=""https://rentalscooterbarcelona.com/images/rsb-scooter-rental-barcelona-hero-group-v1-1536.webp 1536w"" rel=""preload""/>"
SCOOTER,pt,54,link,"{""crossorigin"":"""",""href"":""https://fonts.gstatic.com"",""rel"":""preconnect""}","<link crossorigin="""" href=""https://fonts.gstatic.com"" rel=""preconnect""/>"
SCOOTER,pt,55,link,"{""href"":""https://fonts.googleapis.com/css2?family=Great+Vibes&family=Space+Grotesk:wght@400;500;600;700&family=Inter:wght@400;500;600;700&display=swap"",""rel"":""stylesheet""}","<link href=""https://fonts.googleapis.com/css2?family=Great+Vibes&amp;family=Space+Grotesk:wght@400;500;600;700&amp;family=Inter:wght@400;500;600;700&amp;display=swap"" rel=""stylesheet""/>"
SCOOTER,pt,56,link,"{""href"":""https://rentalscooterbarcelona.com/styles.css?v=20260813"",""rel"":""stylesheet""}","<link href=""https://rentalscooterbarcelona.com/styles.css?v=20260813"" rel=""stylesheet""/>"
SCOOTER,pt,57,link,"{""href"":""https://rentalscooterbarcelona.com/scooter/styles41.css?v=41"",""rel"":""stylesheet""}","<link href=""https://rentalscooterbarcelona.com/scooter/styles41.css?v=41"" rel=""stylesheet""/>"
SCOOTER,pt,58,style,"{""id"":""scooter4-lcp-cls-fixes""}","<style id=""scooter4-lcp-cls-fixes"">"
SCOOTER,pt,71,script,"{""type"":""application/ld+json""}","<script type=""application/ld+json"">"
SCOOTER,pt,540,script,"{""async"":"""",""src"":""https://www.googletagmanager.com/gtag/js?id=G-S7SMLHCNGK""}","<script async="""" src=""https://www.googletagmanager.com/gtag/js?id=G-S7SMLHCNGK"">"
SCOOTER,pt,541,script,{},<script>
SCOOTER,pt,547,script,"{""data-rsb-review-entities"":"""",""type"":""application/ld+json""}","<script data-rsb-review-entities="""" type=""application/ld+json"">"
SCOOTER,ca,4,head,{},<head>
SCOOTER,ca,5,meta,"{""charset"":""utf-8""}","<meta charset=""utf-8""/>"
SCOOTER,ca,6,link,"{""rel"":""manifest"",""href"":""/site.webmanifest""}","<link rel=""manifest"" href=""/site.webmanifest""/>"
SCOOTER,ca,7,meta,"{""content"":""width=device-width, initial-scale=1"",""name"":""viewport""}","<meta content=""width=device-width, initial-scale=1"" name=""viewport""/>"
SCOOTER,ca,8,title,{},<title>
SCOOTER,ca,9,meta,"{""content"":""Lloga scooters 50cc i 125cc a Barcelona prop de Port Olímpic i Barceloneta. Cascs, assegurança i reserva per WhatsApp."",""name"":""description""}","<meta content=""Lloga scooters 50cc i 125cc a Barcelona prop de Port Olímpic i Barceloneta. Cascs, assegurança i reserva per WhatsApp."" name=""description""/>"
SCOOTER,ca,10,meta,"{""content"":""index,follow,max-image-preview:large"",""name"":""robots""}","<meta content=""index,follow,max-image-preview:large"" name=""robots""/>"
SCOOTER,ca,11,meta,"{""content"":""RSB Rental Scooter Barcelona"",""name"":""author""}","<meta content=""RSB Rental Scooter Barcelona"" name=""author""/>"
SCOOTER,ca,12,meta,"{""content"":""#0b1022"",""name"":""theme-color""}","<meta content=""#0b1022"" name=""theme-color""/>"
SCOOTER,ca,13,link,"{""href"":""https://rentalscooterbarcelona.com/cat/scooter/"",""rel"":""canonical""}","<link href=""https://rentalscooterbarcelona.com/cat/scooter/"" rel=""canonical""/>"
SCOOTER,ca,13,link,"{""href"":""https://rentalscooterbarcelona.com/scooter/"",""hreflang"":""x-default"",""rel"":""alternate""}","<link href=""https://rentalscooterbarcelona.com/scooter/"" hreflang=""x-default"" rel=""alternate""/>"
SCOOTER,ca,13,link,"{""href"":""https://rentalscooterbarcelona.com/scooter/"",""hreflang"":""en"",""rel"":""alternate""}","<link href=""https://rentalscooterbarcelona.com/scooter/"" hreflang=""en"" rel=""alternate""/>"
SCOOTER,ca,13,link,"{""href"":""https://rentalscooterbarcelona.com/es/scooter/"",""hreflang"":""es"",""rel"":""alternate""}","<link href=""https://rentalscooterbarcelona.com/es/scooter/"" hreflang=""es"" rel=""alternate""/>"
SCOOTER,ca,13,link,"{""href"":""https://rentalscooterbarcelona.com/fr/scooter/"",""hreflang"":""fr"",""rel"":""alternate""}","<link href=""https://rentalscooterbarcelona.com/fr/scooter/"" hreflang=""fr"" rel=""alternate""/>"
SCOOTER,ca,13,link,"{""href"":""https://rentalscooterbarcelona.com/it/scooter/"",""hreflang"":""it"",""rel"":""alternate""}","<link href=""https://rentalscooterbarcelona.com/it/scooter/"" hreflang=""it"" rel=""alternate""/>"
SCOOTER,ca,13,link,"{""href"":""https://rentalscooterbarcelona.com/de/scooter/"",""hreflang"":""de"",""rel"":""alternate""}","<link href=""https://rentalscooterbarcelona.com/de/scooter/"" hreflang=""de"" rel=""alternate""/>"
SCOOTER,ca,13,link,"{""href"":""https://rentalscooterbarcelona.com/nl/scooter/"",""hreflang"":""nl"",""rel"":""alternate""}","<link href=""https://rentalscooterbarcelona.com/nl/scooter/"" hreflang=""nl"" rel=""alternate""/>"
SCOOTER,ca,13,link,"{""href"":""https://rentalscooterbarcelona.com/pt/scooter/"",""hreflang"":""pt"",""rel"":""alternate""}","<link href=""https://rentalscooterbarcelona.com/pt/scooter/"" hreflang=""pt"" rel=""alternate""/>"
SCOOTER,ca,13,link,"{""href"":""https://rentalscooterbarcelona.com/cat/scooter/"",""hreflang"":""ca"",""rel"":""alternate""}","<link href=""https://rentalscooterbarcelona.com/cat/scooter/"" hreflang=""ca"" rel=""alternate""/>"
SCOOTER,ca,13,link,"{""href"":""https://rentalscooterbarcelona.com/sv/scooter/"",""hreflang"":""sv"",""rel"":""alternate""}","<link href=""https://rentalscooterbarcelona.com/sv/scooter/"" hreflang=""sv"" rel=""alternate""/>"
SCOOTER,ca,13,link,"{""href"":""https://rentalscooterbarcelona.com/pl/scooter/"",""hreflang"":""pl"",""rel"":""alternate""}","<link href=""https://rentalscooterbarcelona.com/pl/scooter/"" hreflang=""pl"" rel=""alternate""/>"
SCOOTER,ca,14,meta,"{""content"":""ES-CT"",""name"":""geo.region""}","<meta content=""ES-CT"" name=""geo.region""/>"
SCOOTER,ca,15,meta,"{""content"":""Barcelona"",""name"":""geo.placename""}","<meta content=""Barcelona"" name=""geo.placename""/>"
SCOOTER,ca,16,meta,"{""content"":""41.3906488;2.1984312"",""name"":""geo.position""}","<meta content=""41.3906488;2.1984312"" name=""geo.position""/>"
SCOOTER,ca,17,meta,"{""content"":""41.3906488, 2.1984312"",""name"":""ICBM""}","<meta content=""41.3906488, 2.1984312"" name=""ICBM""/>"
SCOOTER,ca,18,meta,"{""content"":""website"",""property"":""og:type""}","<meta content=""website"" property=""og:type""/>"
SCOOTER,ca,19,meta,"{""content"":""RSB Rental Scooter Barcelona"",""property"":""og:site_name""}","<meta content=""RSB Rental Scooter Barcelona"" property=""og:site_name""/>"
SCOOTER,ca,20,meta,"{""content"":""Lloguer de scooter a Barcelona a prop de Port Olímpic i la Barceloneta | RSB"",""property"":""og:title""}","<meta content=""Lloguer de scooter a Barcelona a prop de Port Olímpic i la Barceloneta | RSB"" property=""og:title""/>"
SCOOTER,ca,21,meta,"{""content"":""Lloga scooters de 50cc i 125cc a Barcelona a prop de Port Olímpic i de la platja de la Barceloneta. Botiga local a Vila Olímpica, cascs i assegurança inclosos, recollida fàcil, reserva per WhatsApp i lliurament gratuït del scooter a l’hotel per a lloguers de 3 dies o més."",""property"":""og:description""}","<meta content=""Lloga scooters de 50cc i 125cc a Barcelona a prop de Port Olímpic i de la platja de la Barceloneta. Botiga local a Vila Olímpica, cascs i assegurança inclosos, recollida fàcil, reserva per WhatsApp i lliurament gratuït del scooter a l’hotel per a lloguers de 3 dies o més."" property=""og:description""/>"
SCOOTER,ca,22,meta,"{""content"":""https://rentalscooterbarcelona.com/cat/scooter/"",""property"":""og:url""}","<meta content=""https://rentalscooterbarcelona.com/cat/scooter/"" property=""og:url""/>"
SCOOTER,ca,23,meta,"{""content"":""https://rentalscooterbarcelona.com/images/rsb-scooter-rental-barcelona-hero-group-og-v1-1200.webp"",""property"":""og:image""}","<meta content=""https://rentalscooterbarcelona.com/images/rsb-scooter-rental-barcelona-hero-group-og-v1-1200.webp"" property=""og:image""/>"
SCOOTER,ca,24,meta,"{""content"":""https://rentalscooterbarcelona.com/images/rsb-scooter-rental-barcelona-hero-group-og-v1-1200.webp"",""property"":""og:image:secure_url""}","<meta content=""https://rentalscooterbarcelona.com/images/rsb-scooter-rental-barcelona-hero-group-og-v1-1200.webp"" property=""og:image:secure_url""/>"
SCOOTER,ca,25,meta,"{""content"":""image/webp"",""property"":""og:image:type""}","<meta content=""image/webp"" property=""og:image:type""/>"
SCOOTER,ca,26,meta,"{""content"":""1200"",""property"":""og:image:width""}","<meta content=""1200"" property=""og:image:width""/>"
SCOOTER,ca,27,meta,"{""content"":""525"",""property"":""og:image:height""}","<meta content=""525"" property=""og:image:height""/>"
SCOOTER,ca,28,meta,"{""content"":""Lloguer de scooter a Barcelona a prop de Vila Olímpica i de la platja de la Barceloneta"",""property"":""og:image:alt""}","<meta content=""Lloguer de scooter a Barcelona a prop de Vila Olímpica i de la platja de la Barceloneta"" property=""og:image:alt""/>"
SCOOTER,ca,29,meta,"{""content"":""ca_ES"",""property"":""og:locale""}","<meta content=""ca_ES"" property=""og:locale""/>"
SCOOTER,ca,29,meta,"{""content"":""en_GB"",""property"":""og:locale:alternate""}","<meta content=""en_GB"" property=""og:locale:alternate""/>"
SCOOTER,ca,29,meta,"{""content"":""es_ES"",""property"":""og:locale:alternate""}","<meta content=""es_ES"" property=""og:locale:alternate""/>"
SCOOTER,ca,29,meta,"{""content"":""fr_FR"",""property"":""og:locale:alternate""}","<meta content=""fr_FR"" property=""og:locale:alternate""/>"
SCOOTER,ca,29,meta,"{""content"":""it_IT"",""property"":""og:locale:alternate""}","<meta content=""it_IT"" property=""og:locale:alternate""/>"
SCOOTER,ca,29,meta,"{""content"":""de_DE"",""property"":""og:locale:alternate""}","<meta content=""de_DE"" property=""og:locale:alternate""/>"
SCOOTER,ca,29,meta,"{""content"":""nl_NL"",""property"":""og:locale:alternate""}","<meta content=""nl_NL"" property=""og:locale:alternate""/>"
SCOOTER,ca,29,meta,"{""content"":""pt_PT"",""property"":""og:locale:alternate""}","<meta content=""pt_PT"" property=""og:locale:alternate""/>"
SCOOTER,ca,29,meta,"{""content"":""sv_SE"",""property"":""og:locale:alternate""}","<meta content=""sv_SE"" property=""og:locale:alternate""/>"
SCOOTER,ca,30,meta,"{""content"":""pl_PL"",""property"":""og:locale:alternate""}","<meta content=""pl_PL"" property=""og:locale:alternate""/>"
SCOOTER,ca,31,meta,"{""content"":""summary_large_image"",""name"":""twitter:card""}","<meta content=""summary_large_image"" name=""twitter:card""/>"
SCOOTER,ca,32,meta,"{""content"":""Lloguer de scooter a Barcelona a prop de Port Olímpic i la Barceloneta | RSB"",""name"":""twitter:title""}","<meta content=""Lloguer de scooter a Barcelona a prop de Port Olímpic i la Barceloneta | RSB"" name=""twitter:title""/>"
SCOOTER,ca,33,meta,"{""content"":""@RSBscooterbarce"",""name"":""twitter:site""}","<meta content=""@RSBscooterbarce"" name=""twitter:site""/>"
SCOOTER,ca,34,meta,"{""content"":""Lloga scooters de 50cc i 125cc a Barcelona a prop de Port Olímpic i de la platja de la Barceloneta. Botiga local a Vila Olímpica, cascs i assegurança inclosos, recollida fàcil, reserva per WhatsApp i lliurament gratuït del scooter a l’hotel per a lloguers de 3 dies o més."",""name"":""twitter:description""}","<meta content=""Lloga scooters de 50cc i 125cc a Barcelona a prop de Port Olímpic i de la platja de la Barceloneta. Botiga local a Vila Olímpica, cascs i assegurança inclosos, recollida fàcil, reserva per WhatsApp i lliurament gratuït del scooter a l’hotel per a lloguers de 3 dies o més."" name=""twitter:description""/>"
SCOOTER,ca,35,meta,"{""content"":""https://rentalscooterbarcelona.com/images/rsb-scooter-rental-barcelona-hero-group-og-v1-1200.webp"",""name"":""twitter:image""}","<meta content=""https://rentalscooterbarcelona.com/images/rsb-scooter-rental-barcelona-hero-group-og-v1-1200.webp"" name=""twitter:image""/>"
SCOOTER,ca,36,meta,"{""content"":""Lloguer de scooter a Barcelona a prop de Vila Olímpica i de la platja de la Barceloneta"",""name"":""twitter:image:alt""}","<meta content=""Lloguer de scooter a Barcelona a prop de Vila Olímpica i de la platja de la Barceloneta"" name=""twitter:image:alt""/>"
SCOOTER,ca,37,link,"{""href"":""https://rentalscooterbarcelona.com/favicon.ico"",""rel"":""icon"",""sizes"":""any""}","<link href=""https://rentalscooterbarcelona.com/favicon.ico"" rel=""icon"" sizes=""any""/>"
SCOOTER,ca,38,link,"{""href"":""https://rentalscooterbarcelona.com/favicon-16x16.png"",""rel"":""icon"",""sizes"":""16x16"",""type"":""image/png""}","<link href=""https://rentalscooterbarcelona.com/favicon-16x16.png"" rel=""icon"" sizes=""16x16"" type=""image/png""/>"
SCOOTER,ca,39,link,"{""href"":""https://rentalscooterbarcelona.com/favicon-32x32.png"",""rel"":""icon"",""sizes"":""32x32"",""type"":""image/png""}","<link href=""https://rentalscooterbarcelona.com/favicon-32x32.png"" rel=""icon"" sizes=""32x32"" type=""image/png""/>"
SCOOTER,ca,40,link,"{""href"":""https://rentalscooterbarcelona.com/favicon-192x192.png"",""rel"":""icon"",""sizes"":""192x192"",""type"":""image/png""}","<link href=""https://rentalscooterbarcelona.com/favicon-192x192.png"" rel=""icon"" sizes=""192x192"" type=""image/png""/>"
SCOOTER,ca,40,link,"{""href"":""https://rentalscooterbarcelona.com/favicon-512x512.png"",""rel"":""icon"",""sizes"":""512x512"",""type"":""image/png""}","<link href=""https://rentalscooterbarcelona.com/favicon-512x512.png"" rel=""icon"" sizes=""512x512"" type=""image/png""/>"
SCOOTER,ca,41,link,"{""href"":""https://rentalscooterbarcelona.com/apple-touch-icon.png"",""rel"":""apple-touch-icon""}","<link href=""https://rentalscooterbarcelona.com/apple-touch-icon.png"" rel=""apple-touch-icon""/>"
SCOOTER,ca,42,meta,"{""content"":""RSB Rental Scooter Barcelona"",""name"":""application-name""}","<meta content=""RSB Rental Scooter Barcelona"" name=""application-name""/>"
SCOOTER,ca,43,meta,"{""content"":""RSB Rental"",""name"":""apple-mobile-web-app-title""}","<meta content=""RSB Rental"" name=""apple-mobile-web-app-title""/>"
SCOOTER,ca,44,noscript,{},<noscript>
SCOOTER,ca,45,link,"{""href"":""https://fonts.googleapis.com"",""rel"":""preconnect""}","<link href=""https://fonts.googleapis.com"" rel=""preconnect""/>"
SCOOTER,ca,45,link,"{""crossorigin"":"""",""href"":""https://fonts.gstatic.com"",""rel"":""preconnect""}","<link crossorigin="""" href=""https://fonts.gstatic.com"" rel=""preconnect""/>"
SCOOTER,ca,45,link,"{""as"":""image"",""fetchpriority"":""high"",""href"":""https://rentalscooterbarcelona.com/images/rsb-scooter-rental-barcelona-hero-group-v1-1536.webp"",""imagesizes"":""100vw"",""imagesrcset"":""https://rentalscooterbarcelona.com/images/rsb-scooter-rental-barcelona-hero-group-v1-1536.webp 1536w"",""rel"":""preload""}","<link as=""image"" fetchpriority=""high"" href=""https://rentalscooterbarcelona.com/images/rsb-scooter-rental-barcelona-hero-group-v1-1536.webp"" imagesizes=""100vw"" imagesrcset=""https://rentalscooterbarcelona.com/images/rsb-scooter-rental-barcelona-hero-group-v1-1536.webp 1536w"" rel=""preload""/>"
SCOOTER,ca,45,link,"{""href"":""https://fonts.googleapis.com/css2?family=Great+Vibes&family=Space+Grotesk:wght@400;500;600;700&family=Inter:wght@400;500;600;700&display=swap"",""rel"":""stylesheet""}","<link href=""https://fonts.googleapis.com/css2?family=Great+Vibes&amp;family=Space+Grotesk:wght@400;500;600;700&amp;family=Inter:wght@400;500;600;700&amp;display=swap"" rel=""stylesheet""/>"
SCOOTER,ca,45,link,"{""href"":""https://rentalscooterbarcelona.com/styles.css?v=20260813"",""rel"":""stylesheet""}","<link href=""https://rentalscooterbarcelona.com/styles.css?v=20260813"" rel=""stylesheet""/>"
SCOOTER,ca,46,link,"{""href"":""https://rentalscooterbarcelona.com/scooter/styles41.css?v=41"",""rel"":""stylesheet""}","<link href=""https://rentalscooterbarcelona.com/scooter/styles41.css?v=41"" rel=""stylesheet""/>"
SCOOTER,ca,47,style,"{""id"":""scooter4-lcp-cls-fixes""}","<style id=""scooter4-lcp-cls-fixes"">"
SCOOTER,ca,60,script,"{""type"":""application/ld+json""}","<script type=""application/ld+json"">"
SCOOTER,ca,515,script,"{""async"":"""",""src"":""https://www.googletagmanager.com/gtag/js?id=G-S7SMLHCNGK""}","<script async="""" src=""https://www.googletagmanager.com/gtag/js?id=G-S7SMLHCNGK"">"
SCOOTER,ca,516,script,{},<script>
SCOOTER,ca,522,script,"{""data-rsb-review-entities"":"""",""type"":""application/ld+json""}","<script data-rsb-review-entities="""" type=""application/ld+json"">"
SCOOTER,sv,4,head,{},<head>
SCOOTER,sv,5,meta,"{""charset"":""utf-8""}","<meta charset=""utf-8""/>"
SCOOTER,sv,6,link,"{""rel"":""manifest"",""href"":""/site.webmanifest""}","<link rel=""manifest"" href=""/site.webmanifest""/>"
SCOOTER,sv,7,meta,"{""content"":""width=device-width, initial-scale=1"",""name"":""viewport""}","<meta content=""width=device-width, initial-scale=1"" name=""viewport""/>"
SCOOTER,sv,8,title,{},<title>
SCOOTER,sv,9,meta,"{""content"":""Hyr en 50cc- eller 125cc-scooter i Barcelona nära Port Olímpic och Barceloneta. Hjälmar, försäkring och bokning via WhatsApp."",""name"":""description""}","<meta content=""Hyr en 50cc- eller 125cc-scooter i Barcelona nära Port Olímpic och Barceloneta. Hjälmar, försäkring och bokning via WhatsApp."" name=""description""/>"
SCOOTER,sv,10,meta,"{""content"":""index,follow,max-image-preview:large"",""name"":""robots""}","<meta content=""index,follow,max-image-preview:large"" name=""robots""/>"
SCOOTER,sv,11,meta,"{""content"":""RSB Rental Scooter Barcelona"",""name"":""author""}","<meta content=""RSB Rental Scooter Barcelona"" name=""author""/>"
SCOOTER,sv,12,meta,"{""content"":""#0b1022"",""name"":""theme-color""}","<meta content=""#0b1022"" name=""theme-color""/>"
SCOOTER,sv,13,link,"{""href"":""https://rentalscooterbarcelona.com/sv/scooter/"",""rel"":""canonical""}","<link href=""https://rentalscooterbarcelona.com/sv/scooter/"" rel=""canonical""/>"
SCOOTER,sv,13,link,"{""href"":""https://rentalscooterbarcelona.com/scooter/"",""hreflang"":""x-default"",""rel"":""alternate""}","<link href=""https://rentalscooterbarcelona.com/scooter/"" hreflang=""x-default"" rel=""alternate""/>"
SCOOTER,sv,13,link,"{""href"":""https://rentalscooterbarcelona.com/scooter/"",""hreflang"":""en"",""rel"":""alternate""}","<link href=""https://rentalscooterbarcelona.com/scooter/"" hreflang=""en"" rel=""alternate""/>"
SCOOTER,sv,13,link,"{""href"":""https://rentalscooterbarcelona.com/es/scooter/"",""hreflang"":""es"",""rel"":""alternate""}","<link href=""https://rentalscooterbarcelona.com/es/scooter/"" hreflang=""es"" rel=""alternate""/>"
SCOOTER,sv,13,link,"{""href"":""https://rentalscooterbarcelona.com/fr/scooter/"",""hreflang"":""fr"",""rel"":""alternate""}","<link href=""https://rentalscooterbarcelona.com/fr/scooter/"" hreflang=""fr"" rel=""alternate""/>"
SCOOTER,sv,13,link,"{""href"":""https://rentalscooterbarcelona.com/it/scooter/"",""hreflang"":""it"",""rel"":""alternate""}","<link href=""https://rentalscooterbarcelona.com/it/scooter/"" hreflang=""it"" rel=""alternate""/>"
SCOOTER,sv,13,link,"{""href"":""https://rentalscooterbarcelona.com/de/scooter/"",""hreflang"":""de"",""rel"":""alternate""}","<link href=""https://rentalscooterbarcelona.com/de/scooter/"" hreflang=""de"" rel=""alternate""/>"
SCOOTER,sv,13,link,"{""href"":""https://rentalscooterbarcelona.com/nl/scooter/"",""hreflang"":""nl"",""rel"":""alternate""}","<link href=""https://rentalscooterbarcelona.com/nl/scooter/"" hreflang=""nl"" rel=""alternate""/>"
SCOOTER,sv,13,link,"{""href"":""https://rentalscooterbarcelona.com/pt/scooter/"",""hreflang"":""pt"",""rel"":""alternate""}","<link href=""https://rentalscooterbarcelona.com/pt/scooter/"" hreflang=""pt"" rel=""alternate""/>"
SCOOTER,sv,13,link,"{""href"":""https://rentalscooterbarcelona.com/cat/scooter/"",""hreflang"":""ca"",""rel"":""alternate""}","<link href=""https://rentalscooterbarcelona.com/cat/scooter/"" hreflang=""ca"" rel=""alternate""/>"
SCOOTER,sv,13,link,"{""href"":""https://rentalscooterbarcelona.com/sv/scooter/"",""hreflang"":""sv"",""rel"":""alternate""}","<link href=""https://rentalscooterbarcelona.com/sv/scooter/"" hreflang=""sv"" rel=""alternate""/>"
SCOOTER,sv,13,link,"{""href"":""https://rentalscooterbarcelona.com/pl/scooter/"",""hreflang"":""pl"",""rel"":""alternate""}","<link href=""https://rentalscooterbarcelona.com/pl/scooter/"" hreflang=""pl"" rel=""alternate""/>"
SCOOTER,sv,14,meta,"{""content"":""ES-CT"",""name"":""geo.region""}","<meta content=""ES-CT"" name=""geo.region""/>"
SCOOTER,sv,15,meta,"{""content"":""Barcelona"",""name"":""geo.placename""}","<meta content=""Barcelona"" name=""geo.placename""/>"
SCOOTER,sv,16,meta,"{""content"":""41.3906488;2.1984312"",""name"":""geo.position""}","<meta content=""41.3906488;2.1984312"" name=""geo.position""/>"
SCOOTER,sv,17,meta,"{""content"":""41.3906488, 2.1984312"",""name"":""ICBM""}","<meta content=""41.3906488, 2.1984312"" name=""ICBM""/>"
SCOOTER,sv,18,meta,"{""content"":""website"",""property"":""og:type""}","<meta content=""website"" property=""og:type""/>"
SCOOTER,sv,19,meta,"{""content"":""RSB Rental Scooter Barcelona"",""property"":""og:site_name""}","<meta content=""RSB Rental Scooter Barcelona"" property=""og:site_name""/>"
SCOOTER,sv,20,meta,"{""content"":""Scooteruthyrning i Barcelona nära Port Olímpic och Barceloneta | RSB"",""property"":""og:title""}","<meta content=""Scooteruthyrning i Barcelona nära Port Olímpic och Barceloneta | RSB"" property=""og:title""/>"
SCOOTER,sv,21,meta,"{""content"":""Hyr 50cc- och 125cc-scootrar i Barcelona nära Port Olímpic och Barcelonetas strand. Lokal butik i Vila Olímpica, hjälmar och försäkring ingår, enkel upphämtning, bokning via WhatsApp och gratis hotellleverans av scooter vid hyror på 3 dagar eller mer."",""property"":""og:description""}","<meta content=""Hyr 50cc- och 125cc-scootrar i Barcelona nära Port Olímpic och Barcelonetas strand. Lokal butik i Vila Olímpica, hjälmar och försäkring ingår, enkel upphämtning, bokning via WhatsApp och gratis hotellleverans av scooter vid hyror på 3 dagar eller mer."" property=""og:description""/>"
SCOOTER,sv,22,meta,"{""content"":""https://rentalscooterbarcelona.com/sv/scooter/"",""property"":""og:url""}","<meta content=""https://rentalscooterbarcelona.com/sv/scooter/"" property=""og:url""/>"
SCOOTER,sv,23,meta,"{""content"":""https://rentalscooterbarcelona.com/images/rsb-scooter-rental-barcelona-hero-group-og-v1-1200.webp"",""property"":""og:image""}","<meta content=""https://rentalscooterbarcelona.com/images/rsb-scooter-rental-barcelona-hero-group-og-v1-1200.webp"" property=""og:image""/>"
SCOOTER,sv,24,meta,"{""content"":""https://rentalscooterbarcelona.com/images/rsb-scooter-rental-barcelona-hero-group-og-v1-1200.webp"",""property"":""og:image:secure_url""}","<meta content=""https://rentalscooterbarcelona.com/images/rsb-scooter-rental-barcelona-hero-group-og-v1-1200.webp"" property=""og:image:secure_url""/>"
SCOOTER,sv,25,meta,"{""content"":""image/webp"",""property"":""og:image:type""}","<meta content=""image/webp"" property=""og:image:type""/>"
SCOOTER,sv,26,meta,"{""content"":""1200"",""property"":""og:image:width""}","<meta content=""1200"" property=""og:image:width""/>"
SCOOTER,sv,27,meta,"{""content"":""525"",""property"":""og:image:height""}","<meta content=""525"" property=""og:image:height""/>"
SCOOTER,sv,28,meta,"{""content"":""Scooteruthyrning i Barcelona nära Vila Olímpica och Barcelonetas strand"",""property"":""og:image:alt""}","<meta content=""Scooteruthyrning i Barcelona nära Vila Olímpica och Barcelonetas strand"" property=""og:image:alt""/>"
SCOOTER,sv,29,meta,"{""content"":""sv_SE"",""property"":""og:locale""}","<meta content=""sv_SE"" property=""og:locale""/>"
SCOOTER,sv,30,meta,"{""content"":""en_GB"",""property"":""og:locale:alternate""}","<meta content=""en_GB"" property=""og:locale:alternate""/>"
SCOOTER,sv,31,meta,"{""content"":""es_ES"",""property"":""og:locale:alternate""}","<meta content=""es_ES"" property=""og:locale:alternate""/>"
SCOOTER,sv,32,meta,"{""content"":""fr_FR"",""property"":""og:locale:alternate""}","<meta content=""fr_FR"" property=""og:locale:alternate""/>"
SCOOTER,sv,33,meta,"{""content"":""it_IT"",""property"":""og:locale:alternate""}","<meta content=""it_IT"" property=""og:locale:alternate""/>"
SCOOTER,sv,34,meta,"{""content"":""de_DE"",""property"":""og:locale:alternate""}","<meta content=""de_DE"" property=""og:locale:alternate""/>"
SCOOTER,sv,35,meta,"{""content"":""nl_NL"",""property"":""og:locale:alternate""}","<meta content=""nl_NL"" property=""og:locale:alternate""/>"
SCOOTER,sv,36,meta,"{""content"":""pt_PT"",""property"":""og:locale:alternate""}","<meta content=""pt_PT"" property=""og:locale:alternate""/>"
SCOOTER,sv,37,meta,"{""content"":""ca_ES"",""property"":""og:locale:alternate""}","<meta content=""ca_ES"" property=""og:locale:alternate""/>"
SCOOTER,sv,38,meta,"{""content"":""pl_PL"",""property"":""og:locale:alternate""}","<meta content=""pl_PL"" property=""og:locale:alternate""/>"
SCOOTER,sv,39,meta,"{""content"":""summary_large_image"",""name"":""twitter:card""}","<meta content=""summary_large_image"" name=""twitter:card""/>"
SCOOTER,sv,40,meta,"{""content"":""Scooteruthyrning i Barcelona nära Port Olímpic och Barceloneta | RSB"",""name"":""twitter:title""}","<meta content=""Scooteruthyrning i Barcelona nära Port Olímpic och Barceloneta | RSB"" name=""twitter:title""/>"
SCOOTER,sv,41,meta,"{""content"":""@RSBscooterbarce"",""name"":""twitter:site""}","<meta content=""@RSBscooterbarce"" name=""twitter:site""/>"
SCOOTER,sv,42,meta,"{""content"":""Hyr 50cc- och 125cc-scootrar i Barcelona nära Port Olímpic och Barcelonetas strand. Lokal butik i Vila Olímpica, hjälmar och försäkring ingår, enkel upphämtning, bokning via WhatsApp och gratis hotellleverans av scooter vid hyror på 3 dagar eller mer."",""name"":""twitter:description""}","<meta content=""Hyr 50cc- och 125cc-scootrar i Barcelona nära Port Olímpic och Barcelonetas strand. Lokal butik i Vila Olímpica, hjälmar och försäkring ingår, enkel upphämtning, bokning via WhatsApp och gratis hotellleverans av scooter vid hyror på 3 dagar eller mer."" name=""twitter:description""/>"
SCOOTER,sv,43,meta,"{""content"":""https://rentalscooterbarcelona.com/images/rsb-scooter-rental-barcelona-hero-group-og-v1-1200.webp"",""name"":""twitter:image""}","<meta content=""https://rentalscooterbarcelona.com/images/rsb-scooter-rental-barcelona-hero-group-og-v1-1200.webp"" name=""twitter:image""/>"
SCOOTER,sv,44,meta,"{""content"":""Scooteruthyrning i Barcelona nära Vila Olímpica och Barcelonetas strand"",""name"":""twitter:image:alt""}","<meta content=""Scooteruthyrning i Barcelona nära Vila Olímpica och Barcelonetas strand"" name=""twitter:image:alt""/>"
SCOOTER,sv,45,link,"{""href"":""https://rentalscooterbarcelona.com/favicon.ico"",""rel"":""icon"",""sizes"":""any""}","<link href=""https://rentalscooterbarcelona.com/favicon.ico"" rel=""icon"" sizes=""any""/>"
SCOOTER,sv,46,link,"{""href"":""https://rentalscooterbarcelona.com/favicon-16x16.png"",""rel"":""icon"",""sizes"":""16x16"",""type"":""image/png""}","<link href=""https://rentalscooterbarcelona.com/favicon-16x16.png"" rel=""icon"" sizes=""16x16"" type=""image/png""/>"
SCOOTER,sv,47,link,"{""href"":""https://rentalscooterbarcelona.com/favicon-32x32.png"",""rel"":""icon"",""sizes"":""32x32"",""type"":""image/png""}","<link href=""https://rentalscooterbarcelona.com/favicon-32x32.png"" rel=""icon"" sizes=""32x32"" type=""image/png""/>"
SCOOTER,sv,48,link,"{""href"":""https://rentalscooterbarcelona.com/favicon-192x192.png"",""rel"":""icon"",""sizes"":""192x192"",""type"":""image/png""}","<link href=""https://rentalscooterbarcelona.com/favicon-192x192.png"" rel=""icon"" sizes=""192x192"" type=""image/png""/>"
SCOOTER,sv,48,link,"{""href"":""https://rentalscooterbarcelona.com/favicon-512x512.png"",""rel"":""icon"",""sizes"":""512x512"",""type"":""image/png""}","<link href=""https://rentalscooterbarcelona.com/favicon-512x512.png"" rel=""icon"" sizes=""512x512"" type=""image/png""/>"
SCOOTER,sv,49,link,"{""href"":""https://rentalscooterbarcelona.com/apple-touch-icon.png"",""rel"":""apple-touch-icon""}","<link href=""https://rentalscooterbarcelona.com/apple-touch-icon.png"" rel=""apple-touch-icon""/>"
SCOOTER,sv,50,meta,"{""content"":""RSB Rental Scooter Barcelona"",""name"":""application-name""}","<meta content=""RSB Rental Scooter Barcelona"" name=""application-name""/>"
SCOOTER,sv,51,meta,"{""content"":""RSB Rental"",""name"":""apple-mobile-web-app-title""}","<meta content=""RSB Rental"" name=""apple-mobile-web-app-title""/>"
SCOOTER,sv,52,link,"{""href"":""https://fonts.googleapis.com"",""rel"":""preconnect""}","<link href=""https://fonts.googleapis.com"" rel=""preconnect""/>"
SCOOTER,sv,53,link,"{""as"":""image"",""fetchpriority"":""high"",""href"":""https://rentalscooterbarcelona.com/images/rsb-scooter-rental-barcelona-hero-group-v1-1536.webp"",""imagesizes"":""100vw"",""imagesrcset"":""https://rentalscooterbarcelona.com/images/rsb-scooter-rental-barcelona-hero-group-v1-1536.webp 1536w"",""rel"":""preload""}","<link as=""image"" fetchpriority=""high"" href=""https://rentalscooterbarcelona.com/images/rsb-scooter-rental-barcelona-hero-group-v1-1536.webp"" imagesizes=""100vw"" imagesrcset=""https://rentalscooterbarcelona.com/images/rsb-scooter-rental-barcelona-hero-group-v1-1536.webp 1536w"" rel=""preload""/>"
SCOOTER,sv,54,link,"{""crossorigin"":"""",""href"":""https://fonts.gstatic.com"",""rel"":""preconnect""}","<link crossorigin="""" href=""https://fonts.gstatic.com"" rel=""preconnect""/>"
SCOOTER,sv,55,link,"{""href"":""https://fonts.googleapis.com/css2?family=Great+Vibes&family=Space+Grotesk:wght@400;500;600;700&family=Inter:wght@400;500;600;700&display=swap"",""rel"":""stylesheet""}","<link href=""https://fonts.googleapis.com/css2?family=Great+Vibes&amp;family=Space+Grotesk:wght@400;500;600;700&amp;family=Inter:wght@400;500;600;700&amp;display=swap"" rel=""stylesheet""/>"
SCOOTER,sv,56,link,"{""href"":""https://rentalscooterbarcelona.com/styles.css?v=20260813"",""rel"":""stylesheet""}","<link href=""https://rentalscooterbarcelona.com/styles.css?v=20260813"" rel=""stylesheet""/>"
SCOOTER,sv,57,link,"{""href"":""https://rentalscooterbarcelona.com/scooter/styles41.css?v=41"",""rel"":""stylesheet""}","<link href=""https://rentalscooterbarcelona.com/scooter/styles41.css?v=41"" rel=""stylesheet""/>"
SCOOTER,sv,58,style,"{""id"":""scooter4-lcp-cls-fixes""}","<style id=""scooter4-lcp-cls-fixes"">"
SCOOTER,sv,71,script,"{""type"":""application/ld+json""}","<script type=""application/ld+json"">"
SCOOTER,sv,532,script,"{""async"":"""",""src"":""https://www.googletagmanager.com/gtag/js?id=G-S7SMLHCNGK""}","<script async="""" src=""https://www.googletagmanager.com/gtag/js?id=G-S7SMLHCNGK"">"
SCOOTER,sv,533,script,{},<script>
SCOOTER,sv,539,script,"{""data-rsb-review-entities"":"""",""type"":""application/ld+json""}","<script data-rsb-review-entities="""" type=""application/ld+json"">"
SCOOTER,pl,4,head,{},<head>
SCOOTER,pl,5,meta,"{""charset"":""utf-8""}","<meta charset=""utf-8""/>"
SCOOTER,pl,6,link,"{""rel"":""manifest"",""href"":""/site.webmanifest""}","<link rel=""manifest"" href=""/site.webmanifest""/>"
SCOOTER,pl,7,meta,"{""content"":""width=device-width, initial-scale=1"",""name"":""viewport""}","<meta content=""width=device-width, initial-scale=1"" name=""viewport""/>"
SCOOTER,pl,8,title,{},<title>
SCOOTER,pl,9,meta,"{""content"":""Wynajmij skutery 50cc i 125cc w Barcelonie naprzeciwko plaży i obok Port Olímpic. Kaski i ubezpieczenie w cenie; darmowa dostawa do hotelu przy wynajmie na 3+ dni."",""name"":""description""}","<meta content=""Wynajmij skutery 50cc i 125cc w Barcelonie naprzeciwko plaży i obok Port Olímpic. Kaski i ubezpieczenie w cenie; darmowa dostawa do hotelu przy wynajmie na 3+ dni."" name=""description""/>"
SCOOTER,pl,10,meta,"{""content"":""index,follow,max-image-preview:large"",""name"":""robots""}","<meta content=""index,follow,max-image-preview:large"" name=""robots""/>"
SCOOTER,pl,11,meta,"{""content"":""RSB Rental Scooter Barcelona"",""name"":""author""}","<meta content=""RSB Rental Scooter Barcelona"" name=""author""/>"
SCOOTER,pl,12,meta,"{""content"":""#0b1022"",""name"":""theme-color""}","<meta content=""#0b1022"" name=""theme-color""/>"
SCOOTER,pl,13,link,"{""href"":""https://rentalscooterbarcelona.com/pl/scooter/"",""rel"":""canonical""}","<link href=""https://rentalscooterbarcelona.com/pl/scooter/"" rel=""canonical""/>"
SCOOTER,pl,13,link,"{""href"":""https://rentalscooterbarcelona.com/scooter/"",""hreflang"":""x-default"",""rel"":""alternate""}","<link href=""https://rentalscooterbarcelona.com/scooter/"" hreflang=""x-default"" rel=""alternate""/>"
SCOOTER,pl,13,link,"{""href"":""https://rentalscooterbarcelona.com/scooter/"",""hreflang"":""en"",""rel"":""alternate""}","<link href=""https://rentalscooterbarcelona.com/scooter/"" hreflang=""en"" rel=""alternate""/>"
SCOOTER,pl,13,link,"{""href"":""https://rentalscooterbarcelona.com/es/scooter/"",""hreflang"":""es"",""rel"":""alternate""}","<link href=""https://rentalscooterbarcelona.com/es/scooter/"" hreflang=""es"" rel=""alternate""/>"
SCOOTER,pl,13,link,"{""href"":""https://rentalscooterbarcelona.com/fr/scooter/"",""hreflang"":""fr"",""rel"":""alternate""}","<link href=""https://rentalscooterbarcelona.com/fr/scooter/"" hreflang=""fr"" rel=""alternate""/>"
SCOOTER,pl,13,link,"{""href"":""https://rentalscooterbarcelona.com/it/scooter/"",""hreflang"":""it"",""rel"":""alternate""}","<link href=""https://rentalscooterbarcelona.com/it/scooter/"" hreflang=""it"" rel=""alternate""/>"
SCOOTER,pl,13,link,"{""href"":""https://rentalscooterbarcelona.com/de/scooter/"",""hreflang"":""de"",""rel"":""alternate""}","<link href=""https://rentalscooterbarcelona.com/de/scooter/"" hreflang=""de"" rel=""alternate""/>"
SCOOTER,pl,13,link,"{""href"":""https://rentalscooterbarcelona.com/nl/scooter/"",""hreflang"":""nl"",""rel"":""alternate""}","<link href=""https://rentalscooterbarcelona.com/nl/scooter/"" hreflang=""nl"" rel=""alternate""/>"
SCOOTER,pl,13,link,"{""href"":""https://rentalscooterbarcelona.com/pt/scooter/"",""hreflang"":""pt"",""rel"":""alternate""}","<link href=""https://rentalscooterbarcelona.com/pt/scooter/"" hreflang=""pt"" rel=""alternate""/>"
SCOOTER,pl,13,link,"{""href"":""https://rentalscooterbarcelona.com/cat/scooter/"",""hreflang"":""ca"",""rel"":""alternate""}","<link href=""https://rentalscooterbarcelona.com/cat/scooter/"" hreflang=""ca"" rel=""alternate""/>"
SCOOTER,pl,13,link,"{""href"":""https://rentalscooterbarcelona.com/sv/scooter/"",""hreflang"":""sv"",""rel"":""alternate""}","<link href=""https://rentalscooterbarcelona.com/sv/scooter/"" hreflang=""sv"" rel=""alternate""/>"
SCOOTER,pl,13,link,"{""href"":""https://rentalscooterbarcelona.com/pl/scooter/"",""hreflang"":""pl"",""rel"":""alternate""}","<link href=""https://rentalscooterbarcelona.com/pl/scooter/"" hreflang=""pl"" rel=""alternate""/>"
SCOOTER,pl,14,meta,"{""content"":""ES-CT"",""name"":""geo.region""}","<meta content=""ES-CT"" name=""geo.region""/>"
SCOOTER,pl,15,meta,"{""content"":""Barcelona"",""name"":""geo.placename""}","<meta content=""Barcelona"" name=""geo.placename""/>"
SCOOTER,pl,16,meta,"{""content"":""41.3906488;2.1984312"",""name"":""geo.position""}","<meta content=""41.3906488;2.1984312"" name=""geo.position""/>"
SCOOTER,pl,17,meta,"{""content"":""41.3906488, 2.1984312"",""name"":""ICBM""}","<meta content=""41.3906488, 2.1984312"" name=""ICBM""/>"
SCOOTER,pl,18,meta,"{""content"":""website"",""property"":""og:type""}","<meta content=""website"" property=""og:type""/>"
SCOOTER,pl,19,meta,"{""content"":""RSB Rental Scooter Barcelona"",""property"":""og:site_name""}","<meta content=""RSB Rental Scooter Barcelona"" property=""og:site_name""/>"
SCOOTER,pl,20,meta,"{""content"":""Wynajem skuterów w Barcelonie blisko Port Olímpic | RSB"",""property"":""og:title""}","<meta content=""Wynajem skuterów w Barcelonie blisko Port Olímpic | RSB"" property=""og:title""/>"
SCOOTER,pl,21,meta,"{""content"":""Wynajmij skutery 50cc i 125cc w Barcelonie naprzeciwko plaży i obok Port Olímpic. Kaski i ubezpieczenie w cenie; darmowa dostawa do hotelu przy wynajmie na 3+ dni."",""property"":""og:description""}","<meta content=""Wynajmij skutery 50cc i 125cc w Barcelonie naprzeciwko plaży i obok Port Olímpic. Kaski i ubezpieczenie w cenie; darmowa dostawa do hotelu przy wynajmie na 3+ dni."" property=""og:description""/>"
SCOOTER,pl,22,meta,"{""content"":""https://rentalscooterbarcelona.com/pl/scooter/"",""property"":""og:url""}","<meta content=""https://rentalscooterbarcelona.com/pl/scooter/"" property=""og:url""/>"
SCOOTER,pl,23,meta,"{""content"":""https://rentalscooterbarcelona.com/images/rsb-scooter-rental-barcelona-hero-group-og-v1-1200.webp"",""property"":""og:image""}","<meta content=""https://rentalscooterbarcelona.com/images/rsb-scooter-rental-barcelona-hero-group-og-v1-1200.webp"" property=""og:image""/>"
SCOOTER,pl,24,meta,"{""content"":""https://rentalscooterbarcelona.com/images/rsb-scooter-rental-barcelona-hero-group-og-v1-1200.webp"",""property"":""og:image:secure_url""}","<meta content=""https://rentalscooterbarcelona.com/images/rsb-scooter-rental-barcelona-hero-group-og-v1-1200.webp"" property=""og:image:secure_url""/>"
SCOOTER,pl,25,meta,"{""content"":""image/webp"",""property"":""og:image:type""}","<meta content=""image/webp"" property=""og:image:type""/>"
SCOOTER,pl,26,meta,"{""content"":""1200"",""property"":""og:image:width""}","<meta content=""1200"" property=""og:image:width""/>"
SCOOTER,pl,27,meta,"{""content"":""525"",""property"":""og:image:height""}","<meta content=""525"" property=""og:image:height""/>"
SCOOTER,pl,28,meta,"{""content"":""Wynajem skuterów w Barcelonie blisko Vila Olímpica i plaży Barceloneta"",""property"":""og:image:alt""}","<meta content=""Wynajem skuterów w Barcelonie blisko Vila Olímpica i plaży Barceloneta"" property=""og:image:alt""/>"
SCOOTER,pl,29,meta,"{""content"":""pl_PL"",""property"":""og:locale""}","<meta content=""pl_PL"" property=""og:locale""/>"
SCOOTER,pl,30,meta,"{""content"":""en_GB"",""property"":""og:locale:alternate""}","<meta content=""en_GB"" property=""og:locale:alternate""/>"
SCOOTER,pl,31,meta,"{""content"":""es_ES"",""property"":""og:locale:alternate""}","<meta content=""es_ES"" property=""og:locale:alternate""/>"
SCOOTER,pl,32,meta,"{""content"":""fr_FR"",""property"":""og:locale:alternate""}","<meta content=""fr_FR"" property=""og:locale:alternate""/>"
SCOOTER,pl,33,meta,"{""content"":""it_IT"",""property"":""og:locale:alternate""}","<meta content=""it_IT"" property=""og:locale:alternate""/>"
SCOOTER,pl,34,meta,"{""content"":""de_DE"",""property"":""og:locale:alternate""}","<meta content=""de_DE"" property=""og:locale:alternate""/>"
SCOOTER,pl,35,meta,"{""content"":""nl_NL"",""property"":""og:locale:alternate""}","<meta content=""nl_NL"" property=""og:locale:alternate""/>"
SCOOTER,pl,36,meta,"{""content"":""pt_PT"",""property"":""og:locale:alternate""}","<meta content=""pt_PT"" property=""og:locale:alternate""/>"
SCOOTER,pl,37,meta,"{""content"":""ca_ES"",""property"":""og:locale:alternate""}","<meta content=""ca_ES"" property=""og:locale:alternate""/>"
SCOOTER,pl,38,meta,"{""content"":""sv_SE"",""property"":""og:locale:alternate""}","<meta content=""sv_SE"" property=""og:locale:alternate""/>"
SCOOTER,pl,39,meta,"{""content"":""summary_large_image"",""name"":""twitter:card""}","<meta content=""summary_large_image"" name=""twitter:card""/>"
SCOOTER,pl,40,meta,"{""content"":""Wynajem skuterów w Barcelonie blisko Port Olímpic | RSB"",""name"":""twitter:title""}","<meta content=""Wynajem skuterów w Barcelonie blisko Port Olímpic | RSB"" name=""twitter:title""/>"
SCOOTER,pl,41,meta,"{""content"":""@RSBscooterbarce"",""name"":""twitter:site""}","<meta content=""@RSBscooterbarce"" name=""twitter:site""/>"
SCOOTER,pl,42,meta,"{""content"":""Wynajmij skutery 50cc i 125cc w Barcelonie naprzeciwko plaży i obok Port Olímpic. Kaski i ubezpieczenie w cenie; darmowa dostawa do hotelu przy wynajmie na 3+ dni."",""name"":""twitter:description""}","<meta content=""Wynajmij skutery 50cc i 125cc w Barcelonie naprzeciwko plaży i obok Port Olímpic. Kaski i ubezpieczenie w cenie; darmowa dostawa do hotelu przy wynajmie na 3+ dni."" name=""twitter:description""/>"
SCOOTER,pl,43,meta,"{""content"":""https://rentalscooterbarcelona.com/images/rsb-scooter-rental-barcelona-hero-group-og-v1-1200.webp"",""name"":""twitter:image""}","<meta content=""https://rentalscooterbarcelona.com/images/rsb-scooter-rental-barcelona-hero-group-og-v1-1200.webp"" name=""twitter:image""/>"
SCOOTER,pl,44,meta,"{""content"":""Wynajem skuterów w Barcelonie blisko Vila Olímpica i plaży Barceloneta"",""name"":""twitter:image:alt""}","<meta content=""Wynajem skuterów w Barcelonie blisko Vila Olímpica i plaży Barceloneta"" name=""twitter:image:alt""/>"
SCOOTER,pl,45,link,"{""href"":""https://rentalscooterbarcelona.com/favicon.ico"",""rel"":""icon"",""sizes"":""any""}","<link href=""https://rentalscooterbarcelona.com/favicon.ico"" rel=""icon"" sizes=""any""/>"
SCOOTER,pl,46,link,"{""href"":""https://rentalscooterbarcelona.com/favicon-16x16.png"",""rel"":""icon"",""sizes"":""16x16"",""type"":""image/png""}","<link href=""https://rentalscooterbarcelona.com/favicon-16x16.png"" rel=""icon"" sizes=""16x16"" type=""image/png""/>"
SCOOTER,pl,47,link,"{""href"":""https://rentalscooterbarcelona.com/favicon-32x32.png"",""rel"":""icon"",""sizes"":""32x32"",""type"":""image/png""}","<link href=""https://rentalscooterbarcelona.com/favicon-32x32.png"" rel=""icon"" sizes=""32x32"" type=""image/png""/>"
SCOOTER,pl,48,link,"{""href"":""https://rentalscooterbarcelona.com/favicon-192x192.png"",""rel"":""icon"",""sizes"":""192x192"",""type"":""image/png""}","<link href=""https://rentalscooterbarcelona.com/favicon-192x192.png"" rel=""icon"" sizes=""192x192"" type=""image/png""/>"
SCOOTER,pl,48,link,"{""href"":""https://rentalscooterbarcelona.com/favicon-512x512.png"",""rel"":""icon"",""sizes"":""512x512"",""type"":""image/png""}","<link href=""https://rentalscooterbarcelona.com/favicon-512x512.png"" rel=""icon"" sizes=""512x512"" type=""image/png""/>"
SCOOTER,pl,49,link,"{""href"":""https://rentalscooterbarcelona.com/apple-touch-icon.png"",""rel"":""apple-touch-icon""}","<link href=""https://rentalscooterbarcelona.com/apple-touch-icon.png"" rel=""apple-touch-icon""/>"
SCOOTER,pl,50,meta,"{""content"":""RSB Rental Scooter Barcelona"",""name"":""application-name""}","<meta content=""RSB Rental Scooter Barcelona"" name=""application-name""/>"
SCOOTER,pl,51,meta,"{""content"":""RSB Wynajem"",""name"":""apple-mobile-web-app-title""}","<meta content=""RSB Wynajem"" name=""apple-mobile-web-app-title""/>"
SCOOTER,pl,52,link,"{""href"":""https://fonts.googleapis.com"",""rel"":""preconnect""}","<link href=""https://fonts.googleapis.com"" rel=""preconnect""/>"
SCOOTER,pl,53,link,"{""as"":""image"",""fetchpriority"":""high"",""href"":""https://rentalscooterbarcelona.com/images/rsb-scooter-rental-barcelona-hero-group-v1-1536.webp"",""imagesizes"":""100vw"",""imagesrcset"":""https://rentalscooterbarcelona.com/images/rsb-scooter-rental-barcelona-hero-group-v1-1536.webp 1536w"",""rel"":""preload""}","<link as=""image"" fetchpriority=""high"" href=""https://rentalscooterbarcelona.com/images/rsb-scooter-rental-barcelona-hero-group-v1-1536.webp"" imagesizes=""100vw"" imagesrcset=""https://rentalscooterbarcelona.com/images/rsb-scooter-rental-barcelona-hero-group-v1-1536.webp 1536w"" rel=""preload""/>"
SCOOTER,pl,54,link,"{""crossorigin"":"""",""href"":""https://fonts.gstatic.com"",""rel"":""preconnect""}","<link crossorigin="""" href=""https://fonts.gstatic.com"" rel=""preconnect""/>"
SCOOTER,pl,55,link,"{""href"":""https://fonts.googleapis.com/css2?family=Great+Vibes&family=Space+Grotesk:wght@400;500;600;700&family=Inter:wght@400;500;600;700&display=swap"",""rel"":""stylesheet""}","<link href=""https://fonts.googleapis.com/css2?family=Great+Vibes&amp;family=Space+Grotesk:wght@400;500;600;700&amp;family=Inter:wght@400;500;600;700&amp;display=swap"" rel=""stylesheet""/>"
SCOOTER,pl,56,link,"{""href"":""https://rentalscooterbarcelona.com/styles.css?v=20260813"",""rel"":""stylesheet""}","<link href=""https://rentalscooterbarcelona.com/styles.css?v=20260813"" rel=""stylesheet""/>"
SCOOTER,pl,57,link,"{""href"":""https://rentalscooterbarcelona.com/scooter/styles41.css?v=41"",""rel"":""stylesheet""}","<link href=""https://rentalscooterbarcelona.com/scooter/styles41.css?v=41"" rel=""stylesheet""/>"
SCOOTER,pl,58,style,"{""id"":""scooter4-lcp-cls-fixes""}","<style id=""scooter4-lcp-cls-fixes"">"
SCOOTER,pl,71,script,"{""type"":""application/ld+json""}","<script type=""application/ld+json"">"
SCOOTER,pl,588,script,"{""async"":"""",""src"":""https://www.googletagmanager.com/gtag/js?id=G-S7SMLHCNGK""}","<script async="""" src=""https://www.googletagmanager.com/gtag/js?id=G-S7SMLHCNGK"">"
SCOOTER,pl,589,script,{},<script>
SCOOTER,pl,595,script,"{""data-rsb-review-entities"":"""",""type"":""application/ld+json""}","<script data-rsb-review-entities="""" type=""application/ld+json"">"
ROLLERBLADES,en,4,head,{},<head>
ROLLERBLADES,en,5,meta,"{""charset"":""utf-8""}","<meta charset=""utf-8""/>"
ROLLERBLADES,en,6,link,"{""rel"":""manifest"",""href"":""/site.webmanifest""}","<link rel=""manifest"" href=""/site.webmanifest""/>"
ROLLERBLADES,en,7,meta,"{""content"":""width=device-width, initial-scale=1"",""name"":""viewport""}","<meta content=""width=device-width, initial-scale=1"" name=""viewport""/>"
ROLLERBLADES,en,8,title,{},<title>
ROLLERBLADES,en,9,meta,"{""content"":""Rent inline skates and Rollerblades in Barcelona near Port Olímpic and Barceloneta. Kids' helmet and protective pads included, plus free luggage storage."",""name"":""description""}","<meta content=""Rent inline skates and Rollerblades in Barcelona near Port Olímpic and Barceloneta. Kids' helmet and protective pads included, plus free luggage storage."" name=""description""/>"
ROLLERBLADES,en,10,meta,"{""content"":""index,follow,max-image-preview:large"",""name"":""robots""}","<meta content=""index,follow,max-image-preview:large"" name=""robots""/>"
ROLLERBLADES,en,11,meta,"{""content"":""RSB Rental Scooter Barcelona"",""name"":""author""}","<meta content=""RSB Rental Scooter Barcelona"" name=""author""/>"
ROLLERBLADES,en,12,meta,"{""content"":""#0b1022"",""name"":""theme-color""}","<meta content=""#0b1022"" name=""theme-color""/>"
ROLLERBLADES,en,13,link,"{""href"":""https://rentalscooterbarcelona.com/rollerblades/"",""rel"":""canonical""}","<link href=""https://rentalscooterbarcelona.com/rollerblades/"" rel=""canonical""/>"
ROLLERBLADES,en,13,link,"{""href"":""https://rentalscooterbarcelona.com/rollerblades/"",""hreflang"":""x-default"",""rel"":""alternate""}","<link href=""https://rentalscooterbarcelona.com/rollerblades/"" hreflang=""x-default"" rel=""alternate""/>"
ROLLERBLADES,en,13,link,"{""href"":""https://rentalscooterbarcelona.com/rollerblades/"",""hreflang"":""en"",""rel"":""alternate""}","<link href=""https://rentalscooterbarcelona.com/rollerblades/"" hreflang=""en"" rel=""alternate""/>"
ROLLERBLADES,en,13,link,"{""href"":""https://rentalscooterbarcelona.com/es/rollerblades/"",""hreflang"":""es"",""rel"":""alternate""}","<link href=""https://rentalscooterbarcelona.com/es/rollerblades/"" hreflang=""es"" rel=""alternate""/>"
ROLLERBLADES,en,13,link,"{""href"":""https://rentalscooterbarcelona.com/fr/rollerblades/"",""hreflang"":""fr"",""rel"":""alternate""}","<link href=""https://rentalscooterbarcelona.com/fr/rollerblades/"" hreflang=""fr"" rel=""alternate""/>"
ROLLERBLADES,en,13,link,"{""href"":""https://rentalscooterbarcelona.com/it/rollerblades/"",""hreflang"":""it"",""rel"":""alternate""}","<link href=""https://rentalscooterbarcelona.com/it/rollerblades/"" hreflang=""it"" rel=""alternate""/>"
ROLLERBLADES,en,13,link,"{""href"":""https://rentalscooterbarcelona.com/de/rollerblades/"",""hreflang"":""de"",""rel"":""alternate""}","<link href=""https://rentalscooterbarcelona.com/de/rollerblades/"" hreflang=""de"" rel=""alternate""/>"
ROLLERBLADES,en,13,link,"{""href"":""https://rentalscooterbarcelona.com/nl/rollerblades/"",""hreflang"":""nl"",""rel"":""alternate""}","<link href=""https://rentalscooterbarcelona.com/nl/rollerblades/"" hreflang=""nl"" rel=""alternate""/>"
ROLLERBLADES,en,13,link,"{""href"":""https://rentalscooterbarcelona.com/pt/rollerblades/"",""hreflang"":""pt"",""rel"":""alternate""}","<link href=""https://rentalscooterbarcelona.com/pt/rollerblades/"" hreflang=""pt"" rel=""alternate""/>"
ROLLERBLADES,en,13,link,"{""href"":""https://rentalscooterbarcelona.com/cat/rollerblades/"",""hreflang"":""ca"",""rel"":""alternate""}","<link href=""https://rentalscooterbarcelona.com/cat/rollerblades/"" hreflang=""ca"" rel=""alternate""/>"
ROLLERBLADES,en,13,link,"{""href"":""https://rentalscooterbarcelona.com/sv/rollerblades/"",""hreflang"":""sv"",""rel"":""alternate""}","<link href=""https://rentalscooterbarcelona.com/sv/rollerblades/"" hreflang=""sv"" rel=""alternate""/>"
ROLLERBLADES,en,13,link,"{""href"":""https://rentalscooterbarcelona.com/pl/rollerblades/"",""hreflang"":""pl"",""rel"":""alternate""}","<link href=""https://rentalscooterbarcelona.com/pl/rollerblades/"" hreflang=""pl"" rel=""alternate""/>"
ROLLERBLADES,en,14,meta,"{""content"":""ES-CT"",""name"":""geo.region""}","<meta content=""ES-CT"" name=""geo.region""/>"
ROLLERBLADES,en,15,meta,"{""content"":""Barcelona"",""name"":""geo.placename""}","<meta content=""Barcelona"" name=""geo.placename""/>"
ROLLERBLADES,en,16,meta,"{""content"":""41.3906488;2.1984312"",""name"":""geo.position""}","<meta content=""41.3906488;2.1984312"" name=""geo.position""/>"
ROLLERBLADES,en,17,meta,"{""content"":""41.3906488, 2.1984312"",""name"":""ICBM""}","<meta content=""41.3906488, 2.1984312"" name=""ICBM""/>"
ROLLERBLADES,en,18,meta,"{""content"":""website"",""property"":""og:type""}","<meta content=""website"" property=""og:type""/>"
ROLLERBLADES,en,19,meta,"{""content"":""RSB Rental Scooter Barcelona"",""property"":""og:site_name""}","<meta content=""RSB Rental Scooter Barcelona"" property=""og:site_name""/>"
ROLLERBLADES,en,20,meta,"{""content"":""Inline Skate Rental Barcelona Near Port Olímpic | RSB"",""property"":""og:title""}","<meta content=""Inline Skate Rental Barcelona Near Port Olímpic | RSB"" property=""og:title""/>"
ROLLERBLADES,en,21,meta,"{""content"":""Rent inline skates and Rollerblades in Barcelona near Port Olímpic and Barceloneta. Kids' helmet and protective pads included, plus free luggage storage."",""property"":""og:description""}","<meta content=""Rent inline skates and Rollerblades in Barcelona near Port Olímpic and Barceloneta. Kids' helmet and protective pads included, plus free luggage storage."" property=""og:description""/>"
ROLLERBLADES,en,22,meta,"{""content"":""https://rentalscooterbarcelona.com/rollerblades/"",""property"":""og:url""}","<meta content=""https://rentalscooterbarcelona.com/rollerblades/"" property=""og:url""/>"
ROLLERBLADES,en,23,meta,"{""content"":""https://rentalscooterbarcelona.com/images/rsb-rollerblades-rental-barcelona-hero-v1-1200.webp"",""property"":""og:image""}","<meta content=""https://rentalscooterbarcelona.com/images/rsb-rollerblades-rental-barcelona-hero-v1-1200.webp"" property=""og:image""/>"
ROLLERBLADES,en,24,meta,"{""content"":""https://rentalscooterbarcelona.com/images/rsb-rollerblades-rental-barcelona-hero-v1-1200.webp"",""property"":""og:image:secure_url""}","<meta content=""https://rentalscooterbarcelona.com/images/rsb-rollerblades-rental-barcelona-hero-v1-1200.webp"" property=""og:image:secure_url""/>"
ROLLERBLADES,en,25,meta,"{""content"":""image/webp"",""property"":""og:image:type""}","<meta content=""image/webp"" property=""og:image:type""/>"
ROLLERBLADES,en,26,meta,"{""content"":""1200"",""property"":""og:image:width""}","<meta content=""1200"" property=""og:image:width""/>"
ROLLERBLADES,en,27,meta,"{""content"":""525"",""property"":""og:image:height""}","<meta content=""525"" property=""og:image:height""/>"
ROLLERBLADES,en,28,meta,"{""content"":""Inline skates rental in Barcelona near Vila Olímpica and Barceloneta Beach"",""property"":""og:image:alt""}","<meta content=""Inline skates rental in Barcelona near Vila Olímpica and Barceloneta Beach"" property=""og:image:alt""/>"
ROLLERBLADES,en,29,meta,"{""content"":""en_GB"",""property"":""og:locale""}","<meta content=""en_GB"" property=""og:locale""/>"
ROLLERBLADES,en,30,meta,"{""content"":""es_ES"",""property"":""og:locale:alternate""}","<meta content=""es_ES"" property=""og:locale:alternate""/>"
ROLLERBLADES,en,31,meta,"{""content"":""fr_FR"",""property"":""og:locale:alternate""}","<meta content=""fr_FR"" property=""og:locale:alternate""/>"
ROLLERBLADES,en,32,meta,"{""content"":""it_IT"",""property"":""og:locale:alternate""}","<meta content=""it_IT"" property=""og:locale:alternate""/>"
ROLLERBLADES,en,33,meta,"{""content"":""de_DE"",""property"":""og:locale:alternate""}","<meta content=""de_DE"" property=""og:locale:alternate""/>"
ROLLERBLADES,en,34,meta,"{""content"":""nl_NL"",""property"":""og:locale:alternate""}","<meta content=""nl_NL"" property=""og:locale:alternate""/>"
ROLLERBLADES,en,35,meta,"{""content"":""pt_PT"",""property"":""og:locale:alternate""}","<meta content=""pt_PT"" property=""og:locale:alternate""/>"
ROLLERBLADES,en,36,meta,"{""content"":""ca_ES"",""property"":""og:locale:alternate""}","<meta content=""ca_ES"" property=""og:locale:alternate""/>"
ROLLERBLADES,en,37,meta,"{""content"":""sv_SE"",""property"":""og:locale:alternate""}","<meta content=""sv_SE"" property=""og:locale:alternate""/>"
ROLLERBLADES,en,38,meta,"{""content"":""pl_PL"",""property"":""og:locale:alternate""}","<meta content=""pl_PL"" property=""og:locale:alternate""/>"
ROLLERBLADES,en,39,meta,"{""content"":""summary_large_image"",""name"":""twitter:card""}","<meta content=""summary_large_image"" name=""twitter:card""/>"
ROLLERBLADES,en,40,meta,"{""content"":""Inline Skate Rental Barcelona Near Port Olímpic | RSB"",""name"":""twitter:title""}","<meta content=""Inline Skate Rental Barcelona Near Port Olímpic | RSB"" name=""twitter:title""/>"
ROLLERBLADES,en,41,meta,"{""content"":""@RSBscooterbarce"",""name"":""twitter:site""}","<meta content=""@RSBscooterbarce"" name=""twitter:site""/>"
ROLLERBLADES,en,42,meta,"{""content"":""Rent inline skates and Rollerblades in Barcelona near Port Olímpic and Barceloneta. Kids' helmet and protective pads included, plus free luggage storage."",""name"":""twitter:description""}","<meta content=""Rent inline skates and Rollerblades in Barcelona near Port Olímpic and Barceloneta. Kids' helmet and protective pads included, plus free luggage storage."" name=""twitter:description""/>"
ROLLERBLADES,en,43,meta,"{""content"":""https://rentalscooterbarcelona.com/images/rsb-rollerblades-rental-barcelona-hero-v1-1200.webp"",""name"":""twitter:image""}","<meta content=""https://rentalscooterbarcelona.com/images/rsb-rollerblades-rental-barcelona-hero-v1-1200.webp"" name=""twitter:image""/>"
ROLLERBLADES,en,44,meta,"{""content"":""Inline skates rental in Barcelona near Vila Olímpica and Barceloneta Beach"",""name"":""twitter:image:alt""}","<meta content=""Inline skates rental in Barcelona near Vila Olímpica and Barceloneta Beach"" name=""twitter:image:alt""/>"
ROLLERBLADES,en,45,link,"{""href"":""https://rentalscooterbarcelona.com/favicon.ico"",""rel"":""icon"",""sizes"":""any""}","<link href=""https://rentalscooterbarcelona.com/favicon.ico"" rel=""icon"" sizes=""any""/>"
ROLLERBLADES,en,46,link,"{""href"":""https://rentalscooterbarcelona.com/favicon-16x16.png"",""rel"":""icon"",""sizes"":""16x16"",""type"":""image/png""}","<link href=""https://rentalscooterbarcelona.com/favicon-16x16.png"" rel=""icon"" sizes=""16x16"" type=""image/png""/>"
ROLLERBLADES,en,47,link,"{""href"":""https://rentalscooterbarcelona.com/favicon-32x32.png"",""rel"":""icon"",""sizes"":""32x32"",""type"":""image/png""}","<link href=""https://rentalscooterbarcelona.com/favicon-32x32.png"" rel=""icon"" sizes=""32x32"" type=""image/png""/>"
ROLLERBLADES,en,48,link,"{""href"":""https://rentalscooterbarcelona.com/favicon-192x192.png"",""rel"":""icon"",""sizes"":""192x192"",""type"":""image/png""}","<link href=""https://rentalscooterbarcelona.com/favicon-192x192.png"" rel=""icon"" sizes=""192x192"" type=""image/png""/>"
ROLLERBLADES,en,48,link,"{""href"":""https://rentalscooterbarcelona.com/favicon-512x512.png"",""rel"":""icon"",""sizes"":""512x512"",""type"":""image/png""}","<link href=""https://rentalscooterbarcelona.com/favicon-512x512.png"" rel=""icon"" sizes=""512x512"" type=""image/png""/>"
ROLLERBLADES,en,49,link,"{""href"":""https://rentalscooterbarcelona.com/apple-touch-icon.png"",""rel"":""apple-touch-icon""}","<link href=""https://rentalscooterbarcelona.com/apple-touch-icon.png"" rel=""apple-touch-icon""/>"
ROLLERBLADES,en,50,meta,"{""content"":""RSB Rental Scooter Barcelona"",""name"":""application-name""}","<meta content=""RSB Rental Scooter Barcelona"" name=""application-name""/>"
ROLLERBLADES,en,51,meta,"{""content"":""RSB Rental"",""name"":""apple-mobile-web-app-title""}","<meta content=""RSB Rental"" name=""apple-mobile-web-app-title""/>"
ROLLERBLADES,en,52,link,"{""href"":""https://fonts.googleapis.com"",""rel"":""preconnect""}","<link href=""https://fonts.googleapis.com"" rel=""preconnect""/>"
ROLLERBLADES,en,53,link,"{""as"":""image"",""fetchpriority"":""high"",""href"":""https://rentalscooterbarcelona.com/images/rsb-rollerblades-rental-barcelona-hero-group-beach-1600-v1.webp"",""imagesizes"":""100vw"",""imagesrcset"":""https://rentalscooterbarcelona.com/images/rsb-rollerblades-rental-barcelona-hero-group-beach-480-v1.webp 480w, https://rentalscooterbarcelona.com/images/rsb-rollerblades-rental-barcelona-hero-group-beach-800-v1.webp 800w, https://rentalscooterbarcelona.com/images/rsb-rollerblades-rental-barcelona-hero-group-beach-1600-v1.webp 1600w"",""rel"":""preload""}","<link as=""image"" fetchpriority=""high"" href=""https://rentalscooterbarcelona.com/images/rsb-rollerblades-rental-barcelona-hero-group-beach-1600-v1.webp"" imagesizes=""100vw"" imagesrcset=""https://rentalscooterbarcelona.com/images/rsb-rollerblades-rental-barcelona-hero-group-beach-480-v1.webp 480w, https://rentalscooterbarcelona.com/images/rsb-rollerblades-rental-barcelona-hero-group-beach-800-v1.webp 800w, https://rentalscooterbarcelona.com/images/rsb-rollerblades-rental-barcelona-hero-group-beach-1600-v1.webp 1600w"" rel=""preload""/>"
ROLLERBLADES,en,54,link,"{""crossorigin"":"""",""href"":""https://fonts.gstatic.com"",""rel"":""preconnect""}","<link crossorigin="""" href=""https://fonts.gstatic.com"" rel=""preconnect""/>"
ROLLERBLADES,en,55,link,"{""href"":""https://fonts.googleapis.com/css2?family=Great+Vibes&family=Space+Grotesk:wght@400;500;600;700&family=Inter:wght@400;500;600;700&display=swap"",""rel"":""stylesheet""}","<link href=""https://fonts.googleapis.com/css2?family=Great+Vibes&amp;family=Space+Grotesk:wght@400;500;600;700&amp;family=Inter:wght@400;500;600;700&amp;display=swap"" rel=""stylesheet""/>"
ROLLERBLADES,en,57,link,"{""href"":""https://rentalscooterbarcelona.com/styles.css?v=20260813"",""rel"":""stylesheet""}","<link href=""https://rentalscooterbarcelona.com/styles.css?v=20260813"" rel=""stylesheet""/>"
ROLLERBLADES,en,58,link,"{""href"":""https://rentalscooterbarcelona.com/stylesHome.css?v=20260813"",""rel"":""stylesheet""}","<link href=""https://rentalscooterbarcelona.com/stylesHome.css?v=20260813"" rel=""stylesheet""/>"
ROLLERBLADES,en,59,link,"{""href"":""https://rentalscooterbarcelona.com/scooter/styles41.css?v=41"",""rel"":""stylesheet""}","<link href=""https://rentalscooterbarcelona.com/scooter/styles41.css?v=41"" rel=""stylesheet""/>"
ROLLERBLADES,en,60,script,"{""type"":""application/ld+json""}","<script type=""application/ld+json"">"
ROLLERBLADES,en,580,script,"{""async"":"""",""src"":""https://www.googletagmanager.com/gtag/js?id=G-S7SMLHCNGK""}","<script async="""" src=""https://www.googletagmanager.com/gtag/js?id=G-S7SMLHCNGK"">"
ROLLERBLADES,en,581,script,{},<script>
ROLLERBLADES,en,587,script,"{""data-rsb-review-entities"":"""",""type"":""application/ld+json""}","<script data-rsb-review-entities="""" type=""application/ld+json"">"
ROLLERBLADES,es,4,head,{},<head>
ROLLERBLADES,es,5,meta,"{""charset"":""utf-8""}","<meta charset=""utf-8""/>"
ROLLERBLADES,es,6,link,"{""rel"":""manifest"",""href"":""/site.webmanifest""}","<link rel=""manifest"" href=""/site.webmanifest""/>"
ROLLERBLADES,es,7,meta,"{""content"":""width=device-width, initial-scale=1"",""name"":""viewport""}","<meta content=""width=device-width, initial-scale=1"" name=""viewport""/>"
ROLLERBLADES,es,8,title,{},<title>
ROLLERBLADES,es,9,meta,"{""name"":""description"",""content"":""Alquila patines en línea en Barcelona, cerca de Port Olímpic y Barceloneta. Casco infantil, protecciones y consigna gratuita incluidas en el alquiler.""}","<meta name=""description"" content=""Alquila patines en línea en Barcelona, cerca de Port Olímpic y Barceloneta. Casco infantil, protecciones y consigna gratuita incluidas en el alquiler."">"
ROLLERBLADES,es,10,meta,"{""content"":""index,follow,max-image-preview:large"",""name"":""robots""}","<meta content=""index,follow,max-image-preview:large"" name=""robots""/>"
ROLLERBLADES,es,11,meta,"{""content"":""RSB Rental Scooter Barcelona"",""name"":""author""}","<meta content=""RSB Rental Scooter Barcelona"" name=""author""/>"
ROLLERBLADES,es,12,meta,"{""content"":""#0b1022"",""name"":""theme-color""}","<meta content=""#0b1022"" name=""theme-color""/>"
ROLLERBLADES,es,13,link,"{""href"":""https://rentalscooterbarcelona.com/es/rollerblades/"",""rel"":""canonical""}","<link href=""https://rentalscooterbarcelona.com/es/rollerblades/"" rel=""canonical""/>"
ROLLERBLADES,es,13,link,"{""href"":""https://rentalscooterbarcelona.com/rollerblades/"",""hreflang"":""x-default"",""rel"":""alternate""}","<link href=""https://rentalscooterbarcelona.com/rollerblades/"" hreflang=""x-default"" rel=""alternate""/>"
ROLLERBLADES,es,13,link,"{""href"":""https://rentalscooterbarcelona.com/rollerblades/"",""hreflang"":""en"",""rel"":""alternate""}","<link href=""https://rentalscooterbarcelona.com/rollerblades/"" hreflang=""en"" rel=""alternate""/>"
ROLLERBLADES,es,13,link,"{""href"":""https://rentalscooterbarcelona.com/es/rollerblades/"",""hreflang"":""es"",""rel"":""alternate""}","<link href=""https://rentalscooterbarcelona.com/es/rollerblades/"" hreflang=""es"" rel=""alternate""/>"
ROLLERBLADES,es,13,link,"{""href"":""https://rentalscooterbarcelona.com/fr/rollerblades/"",""hreflang"":""fr"",""rel"":""alternate""}","<link href=""https://rentalscooterbarcelona.com/fr/rollerblades/"" hreflang=""fr"" rel=""alternate""/>"
ROLLERBLADES,es,13,link,"{""href"":""https://rentalscooterbarcelona.com/it/rollerblades/"",""hreflang"":""it"",""rel"":""alternate""}","<link href=""https://rentalscooterbarcelona.com/it/rollerblades/"" hreflang=""it"" rel=""alternate""/>"
ROLLERBLADES,es,13,link,"{""href"":""https://rentalscooterbarcelona.com/de/rollerblades/"",""hreflang"":""de"",""rel"":""alternate""}","<link href=""https://rentalscooterbarcelona.com/de/rollerblades/"" hreflang=""de"" rel=""alternate""/>"
ROLLERBLADES,es,13,link,"{""href"":""https://rentalscooterbarcelona.com/nl/rollerblades/"",""hreflang"":""nl"",""rel"":""alternate""}","<link href=""https://rentalscooterbarcelona.com/nl/rollerblades/"" hreflang=""nl"" rel=""alternate""/>"
ROLLERBLADES,es,13,link,"{""href"":""https://rentalscooterbarcelona.com/pt/rollerblades/"",""hreflang"":""pt"",""rel"":""alternate""}","<link href=""https://rentalscooterbarcelona.com/pt/rollerblades/"" hreflang=""pt"" rel=""alternate""/>"
ROLLERBLADES,es,13,link,"{""href"":""https://rentalscooterbarcelona.com/cat/rollerblades/"",""hreflang"":""ca"",""rel"":""alternate""}","<link href=""https://rentalscooterbarcelona.com/cat/rollerblades/"" hreflang=""ca"" rel=""alternate""/>"
ROLLERBLADES,es,13,link,"{""href"":""https://rentalscooterbarcelona.com/sv/rollerblades/"",""hreflang"":""sv"",""rel"":""alternate""}","<link href=""https://rentalscooterbarcelona.com/sv/rollerblades/"" hreflang=""sv"" rel=""alternate""/>"
ROLLERBLADES,es,13,link,"{""href"":""https://rentalscooterbarcelona.com/pl/rollerblades/"",""hreflang"":""pl"",""rel"":""alternate""}","<link href=""https://rentalscooterbarcelona.com/pl/rollerblades/"" hreflang=""pl"" rel=""alternate""/>"
ROLLERBLADES,es,14,meta,"{""content"":""ES-CT"",""name"":""geo.region""}","<meta content=""ES-CT"" name=""geo.region""/>"
ROLLERBLADES,es,15,meta,"{""content"":""Barcelona"",""name"":""geo.placename""}","<meta content=""Barcelona"" name=""geo.placename""/>"
ROLLERBLADES,es,16,meta,"{""content"":""41.3906488;2.1984312"",""name"":""geo.position""}","<meta content=""41.3906488;2.1984312"" name=""geo.position""/>"
ROLLERBLADES,es,17,meta,"{""content"":""41.3906488, 2.1984312"",""name"":""ICBM""}","<meta content=""41.3906488, 2.1984312"" name=""ICBM""/>"
ROLLERBLADES,es,18,meta,"{""content"":""website"",""property"":""og:type""}","<meta content=""website"" property=""og:type""/>"
ROLLERBLADES,es,19,meta,"{""content"":""RSB Rental Scooter Barcelona"",""property"":""og:site_name""}","<meta content=""RSB Rental Scooter Barcelona"" property=""og:site_name""/>"
ROLLERBLADES,es,20,meta,"{""property"":""og:title"",""content"":""Alquiler de patines en línea en Barcelona | Rollerblades | RSB""}","<meta property=""og:title"" content=""Alquiler de patines en línea en Barcelona | Rollerblades | RSB"">"
ROLLERBLADES,es,21,meta,"{""property"":""og:description"",""content"":""Alquila patines en línea en Barcelona, cerca de Port Olímpic y Barceloneta. Casco infantil, protecciones y consigna gratuita incluidas en el alquiler.""}","<meta property=""og:description"" content=""Alquila patines en línea en Barcelona, cerca de Port Olímpic y Barceloneta. Casco infantil, protecciones y consigna gratuita incluidas en el alquiler."">"
ROLLERBLADES,es,22,meta,"{""content"":""https://rentalscooterbarcelona.com/es/rollerblades/"",""property"":""og:url""}","<meta content=""https://rentalscooterbarcelona.com/es/rollerblades/"" property=""og:url""/>"
ROLLERBLADES,es,23,meta,"{""content"":""https://rentalscooterbarcelona.com/images/rsb-rollerblades-rental-barcelona-hero-v1-1200.webp"",""property"":""og:image""}","<meta content=""https://rentalscooterbarcelona.com/images/rsb-rollerblades-rental-barcelona-hero-v1-1200.webp"" property=""og:image""/>"
ROLLERBLADES,es,24,meta,"{""content"":""https://rentalscooterbarcelona.com/images/rsb-rollerblades-rental-barcelona-hero-v1-1200.webp"",""property"":""og:image:secure_url""}","<meta content=""https://rentalscooterbarcelona.com/images/rsb-rollerblades-rental-barcelona-hero-v1-1200.webp"" property=""og:image:secure_url""/>"
ROLLERBLADES,es,25,meta,"{""content"":""image/webp"",""property"":""og:image:type""}","<meta content=""image/webp"" property=""og:image:type""/>"
ROLLERBLADES,es,26,meta,"{""content"":""1200"",""property"":""og:image:width""}","<meta content=""1200"" property=""og:image:width""/>"
ROLLERBLADES,es,27,meta,"{""content"":""525"",""property"":""og:image:height""}","<meta content=""525"" property=""og:image:height""/>"
ROLLERBLADES,es,28,meta,"{""content"":""Alquiler de patines en línea en Barcelona cerca de Vila Olímpica y la playa de la Barceloneta"",""property"":""og:image:alt""}","<meta content=""Alquiler de patines en línea en Barcelona cerca de Vila Olímpica y la playa de la Barceloneta"" property=""og:image:alt""/>"
ROLLERBLADES,es,29,meta,"{""content"":""es_ES"",""property"":""og:locale""}","<meta content=""es_ES"" property=""og:locale""/>"
ROLLERBLADES,es,30,meta,"{""content"":""en_GB"",""property"":""og:locale:alternate""}","<meta content=""en_GB"" property=""og:locale:alternate""/>"
ROLLERBLADES,es,31,meta,"{""content"":""fr_FR"",""property"":""og:locale:alternate""}","<meta content=""fr_FR"" property=""og:locale:alternate""/>"
ROLLERBLADES,es,32,meta,"{""content"":""it_IT"",""property"":""og:locale:alternate""}","<meta content=""it_IT"" property=""og:locale:alternate""/>"
ROLLERBLADES,es,33,meta,"{""content"":""de_DE"",""property"":""og:locale:alternate""}","<meta content=""de_DE"" property=""og:locale:alternate""/>"
ROLLERBLADES,es,34,meta,"{""content"":""nl_NL"",""property"":""og:locale:alternate""}","<meta content=""nl_NL"" property=""og:locale:alternate""/>"
ROLLERBLADES,es,35,meta,"{""content"":""pt_PT"",""property"":""og:locale:alternate""}","<meta content=""pt_PT"" property=""og:locale:alternate""/>"
ROLLERBLADES,es,36,meta,"{""content"":""ca_ES"",""property"":""og:locale:alternate""}","<meta content=""ca_ES"" property=""og:locale:alternate""/>"
ROLLERBLADES,es,37,meta,"{""content"":""sv_SE"",""property"":""og:locale:alternate""}","<meta content=""sv_SE"" property=""og:locale:alternate""/>"
ROLLERBLADES,es,38,meta,"{""content"":""pl_PL"",""property"":""og:locale:alternate""}","<meta content=""pl_PL"" property=""og:locale:alternate""/>"
ROLLERBLADES,es,39,meta,"{""content"":""summary_large_image"",""name"":""twitter:card""}","<meta content=""summary_large_image"" name=""twitter:card""/>"
ROLLERBLADES,es,40,meta,"{""name"":""twitter:title"",""content"":""Alquiler de patines en línea en Barcelona | Rollerblades | RSB""}","<meta name=""twitter:title"" content=""Alquiler de patines en línea en Barcelona | Rollerblades | RSB"">"
ROLLERBLADES,es,41,meta,"{""content"":""@RSBscooterbarce"",""name"":""twitter:site""}","<meta content=""@RSBscooterbarce"" name=""twitter:site""/>"
ROLLERBLADES,es,42,meta,"{""name"":""twitter:description"",""content"":""Alquila patines en línea en Barcelona, cerca de Port Olímpic y Barceloneta. Casco infantil, protecciones y consigna gratuita incluidas en el alquiler.""}","<meta name=""twitter:description"" content=""Alquila patines en línea en Barcelona, cerca de Port Olímpic y Barceloneta. Casco infantil, protecciones y consigna gratuita incluidas en el alquiler."">"
ROLLERBLADES,es,43,meta,"{""content"":""https://rentalscooterbarcelona.com/images/rsb-rollerblades-rental-barcelona-hero-v1-1200.webp"",""name"":""twitter:image""}","<meta content=""https://rentalscooterbarcelona.com/images/rsb-rollerblades-rental-barcelona-hero-v1-1200.webp"" name=""twitter:image""/>"
ROLLERBLADES,es,44,meta,"{""content"":""Alquiler de patines en línea en Barcelona cerca de Vila Olímpica y la playa de la Barceloneta"",""name"":""twitter:image:alt""}","<meta content=""Alquiler de patines en línea en Barcelona cerca de Vila Olímpica y la playa de la Barceloneta"" name=""twitter:image:alt""/>"
ROLLERBLADES,es,45,link,"{""href"":""https://rentalscooterbarcelona.com/favicon.ico"",""rel"":""icon"",""sizes"":""any""}","<link href=""https://rentalscooterbarcelona.com/favicon.ico"" rel=""icon"" sizes=""any""/>"
ROLLERBLADES,es,46,link,"{""href"":""https://rentalscooterbarcelona.com/favicon-16x16.png"",""rel"":""icon"",""sizes"":""16x16"",""type"":""image/png""}","<link href=""https://rentalscooterbarcelona.com/favicon-16x16.png"" rel=""icon"" sizes=""16x16"" type=""image/png""/>"
ROLLERBLADES,es,47,link,"{""href"":""https://rentalscooterbarcelona.com/favicon-32x32.png"",""rel"":""icon"",""sizes"":""32x32"",""type"":""image/png""}","<link href=""https://rentalscooterbarcelona.com/favicon-32x32.png"" rel=""icon"" sizes=""32x32"" type=""image/png""/>"
ROLLERBLADES,es,48,link,"{""href"":""https://rentalscooterbarcelona.com/favicon-192x192.png"",""rel"":""icon"",""sizes"":""192x192"",""type"":""image/png""}","<link href=""https://rentalscooterbarcelona.com/favicon-192x192.png"" rel=""icon"" sizes=""192x192"" type=""image/png""/>"
ROLLERBLADES,es,48,link,"{""href"":""https://rentalscooterbarcelona.com/favicon-512x512.png"",""rel"":""icon"",""sizes"":""512x512"",""type"":""image/png""}","<link href=""https://rentalscooterbarcelona.com/favicon-512x512.png"" rel=""icon"" sizes=""512x512"" type=""image/png""/>"
ROLLERBLADES,es,49,link,"{""href"":""https://rentalscooterbarcelona.com/apple-touch-icon.png"",""rel"":""apple-touch-icon""}","<link href=""https://rentalscooterbarcelona.com/apple-touch-icon.png"" rel=""apple-touch-icon""/>"
ROLLERBLADES,es,50,meta,"{""content"":""RSB Rental Scooter Barcelona"",""name"":""application-name""}","<meta content=""RSB Rental Scooter Barcelona"" name=""application-name""/>"
ROLLERBLADES,es,51,meta,"{""content"":""RSB Rental"",""name"":""apple-mobile-web-app-title""}","<meta content=""RSB Rental"" name=""apple-mobile-web-app-title""/>"
ROLLERBLADES,es,53,link,"{""as"":""image"",""fetchpriority"":""high"",""href"":""https://rentalscooterbarcelona.com/images/rsb-rollerblades-rental-barcelona-hero-group-beach-1600-v1.webp"",""imagesizes"":""100vw"",""imagesrcset"":""https://rentalscooterbarcelona.com/images/rsb-rollerblades-rental-barcelona-hero-group-beach-480-v1.webp 480w, https://rentalscooterbarcelona.com/images/rsb-rollerblades-rental-barcelona-hero-group-beach-800-v1.webp 800w, https://rentalscooterbarcelona.com/images/rsb-rollerblades-rental-barcelona-hero-group-beach-1600-v1.webp 1600w"",""rel"":""preload""}","<link as=""image"" fetchpriority=""high"" href=""https://rentalscooterbarcelona.com/images/rsb-rollerblades-rental-barcelona-hero-group-beach-1600-v1.webp"" imagesizes=""100vw"" imagesrcset=""https://rentalscooterbarcelona.com/images/rsb-rollerblades-rental-barcelona-hero-group-beach-480-v1.webp 480w, https://rentalscooterbarcelona.com/images/rsb-rollerblades-rental-barcelona-hero-group-beach-800-v1.webp 800w, https://rentalscooterbarcelona.com/images/rsb-rollerblades-rental-barcelona-hero-group-beach-1600-v1.webp 1600w"" rel=""preload""/>"
ROLLERBLADES,es,54,link,"{""href"":""https://fonts.googleapis.com"",""rel"":""preconnect""}","<link href=""https://fonts.googleapis.com"" rel=""preconnect""/>"
ROLLERBLADES,es,54,link,"{""crossorigin"":"""",""href"":""https://fonts.gstatic.com"",""rel"":""preconnect""}","<link crossorigin="""" href=""https://fonts.gstatic.com"" rel=""preconnect""/>"
ROLLERBLADES,es,54,link,"{""href"":""https://fonts.googleapis.com/css2?family=Great+Vibes&family=Space+Grotesk:wght@400;500;600;700&family=Inter:wght@400;500;600;700&display=swap"",""rel"":""stylesheet""}","<link href=""https://fonts.googleapis.com/css2?family=Great+Vibes&amp;family=Space+Grotesk:wght@400;500;600;700&amp;family=Inter:wght@400;500;600;700&amp;display=swap"" rel=""stylesheet""/>"
ROLLERBLADES,es,54,link,"{""href"":""https://rentalscooterbarcelona.com/styles.css?v=20260813"",""rel"":""stylesheet""}","<link href=""https://rentalscooterbarcelona.com/styles.css?v=20260813"" rel=""stylesheet""/>"
ROLLERBLADES,es,55,link,"{""href"":""https://rentalscooterbarcelona.com/stylesHome.css?v=20260813"",""rel"":""stylesheet""}","<link href=""https://rentalscooterbarcelona.com/stylesHome.css?v=20260813"" rel=""stylesheet""/>"
ROLLERBLADES,es,56,link,"{""href"":""https://rentalscooterbarcelona.com/scooter/styles41.css?v=41"",""rel"":""stylesheet""}","<link href=""https://rentalscooterbarcelona.com/scooter/styles41.css?v=41"" rel=""stylesheet""/>"
ROLLERBLADES,es,57,script,"{""type"":""application/ld+json""}","<script type=""application/ld+json"">"
ROLLERBLADES,es,577,script,"{""async"":"""",""src"":""https://www.googletagmanager.com/gtag/js?id=G-S7SMLHCNGK""}","<script async="""" src=""https://www.googletagmanager.com/gtag/js?id=G-S7SMLHCNGK"">"
ROLLERBLADES,es,578,script,{},<script>
ROLLERBLADES,es,584,script,"{""data-rsb-review-entities"":"""",""type"":""application/ld+json""}","<script data-rsb-review-entities="""" type=""application/ld+json"">"
ROLLERBLADES,fr,4,head,{},<head>
ROLLERBLADES,fr,5,meta,"{""charset"":""utf-8""}","<meta charset=""utf-8""/>"
ROLLERBLADES,fr,6,link,"{""rel"":""manifest"",""href"":""/site.webmanifest""}","<link rel=""manifest"" href=""/site.webmanifest""/>"
ROLLERBLADES,fr,7,meta,"{""content"":""width=device-width, initial-scale=1"",""name"":""viewport""}","<meta content=""width=device-width, initial-scale=1"" name=""viewport""/>"
ROLLERBLADES,fr,8,title,{},<title>
ROLLERBLADES,fr,9,meta,"{""content"":""Louez des rollers en ligne à Barcelone, face à la plage et à côté du Port Olímpic. Casque pour enfant, protège-poignets, genouillères et coudières inclus."",""name"":""description""}","<meta content=""Louez des rollers en ligne à Barcelone, face à la plage et à côté du Port Olímpic. Casque pour enfant, protège-poignets, genouillères et coudières inclus."" name=""description""/>"
ROLLERBLADES,fr,10,meta,"{""content"":""index,follow,max-image-preview:large"",""name"":""robots""}","<meta content=""index,follow,max-image-preview:large"" name=""robots""/>"
ROLLERBLADES,fr,11,meta,"{""content"":""RSB Rental Scooter Barcelona"",""name"":""author""}","<meta content=""RSB Rental Scooter Barcelona"" name=""author""/>"
ROLLERBLADES,fr,12,meta,"{""content"":""#0b1022"",""name"":""theme-color""}","<meta content=""#0b1022"" name=""theme-color""/>"
ROLLERBLADES,fr,13,link,"{""href"":""https://rentalscooterbarcelona.com/fr/rollerblades/"",""rel"":""canonical""}","<link href=""https://rentalscooterbarcelona.com/fr/rollerblades/"" rel=""canonical""/>"
ROLLERBLADES,fr,13,link,"{""href"":""https://rentalscooterbarcelona.com/rollerblades/"",""hreflang"":""x-default"",""rel"":""alternate""}","<link href=""https://rentalscooterbarcelona.com/rollerblades/"" hreflang=""x-default"" rel=""alternate""/>"
ROLLERBLADES,fr,13,link,"{""href"":""https://rentalscooterbarcelona.com/rollerblades/"",""hreflang"":""en"",""rel"":""alternate""}","<link href=""https://rentalscooterbarcelona.com/rollerblades/"" hreflang=""en"" rel=""alternate""/>"
ROLLERBLADES,fr,13,link,"{""href"":""https://rentalscooterbarcelona.com/es/rollerblades/"",""hreflang"":""es"",""rel"":""alternate""}","<link href=""https://rentalscooterbarcelona.com/es/rollerblades/"" hreflang=""es"" rel=""alternate""/>"
ROLLERBLADES,fr,13,link,"{""href"":""https://rentalscooterbarcelona.com/fr/rollerblades/"",""hreflang"":""fr"",""rel"":""alternate""}","<link href=""https://rentalscooterbarcelona.com/fr/rollerblades/"" hreflang=""fr"" rel=""alternate""/>"
ROLLERBLADES,fr,13,link,"{""href"":""https://rentalscooterbarcelona.com/it/rollerblades/"",""hreflang"":""it"",""rel"":""alternate""}","<link href=""https://rentalscooterbarcelona.com/it/rollerblades/"" hreflang=""it"" rel=""alternate""/>"
ROLLERBLADES,fr,13,link,"{""href"":""https://rentalscooterbarcelona.com/de/rollerblades/"",""hreflang"":""de"",""rel"":""alternate""}","<link href=""https://rentalscooterbarcelona.com/de/rollerblades/"" hreflang=""de"" rel=""alternate""/>"
ROLLERBLADES,fr,13,link,"{""href"":""https://rentalscooterbarcelona.com/nl/rollerblades/"",""hreflang"":""nl"",""rel"":""alternate""}","<link href=""https://rentalscooterbarcelona.com/nl/rollerblades/"" hreflang=""nl"" rel=""alternate""/>"
ROLLERBLADES,fr,13,link,"{""href"":""https://rentalscooterbarcelona.com/pt/rollerblades/"",""hreflang"":""pt"",""rel"":""alternate""}","<link href=""https://rentalscooterbarcelona.com/pt/rollerblades/"" hreflang=""pt"" rel=""alternate""/>"
ROLLERBLADES,fr,13,link,"{""href"":""https://rentalscooterbarcelona.com/cat/rollerblades/"",""hreflang"":""ca"",""rel"":""alternate""}","<link href=""https://rentalscooterbarcelona.com/cat/rollerblades/"" hreflang=""ca"" rel=""alternate""/>"
ROLLERBLADES,fr,13,link,"{""href"":""https://rentalscooterbarcelona.com/sv/rollerblades/"",""hreflang"":""sv"",""rel"":""alternate""}","<link href=""https://rentalscooterbarcelona.com/sv/rollerblades/"" hreflang=""sv"" rel=""alternate""/>"
ROLLERBLADES,fr,13,link,"{""href"":""https://rentalscooterbarcelona.com/pl/rollerblades/"",""hreflang"":""pl"",""rel"":""alternate""}","<link href=""https://rentalscooterbarcelona.com/pl/rollerblades/"" hreflang=""pl"" rel=""alternate""/>"
ROLLERBLADES,fr,13,link,"{""as"":""image"",""fetchpriority"":""high"",""href"":""https://rentalscooterbarcelona.com/images/rsb-rollerblades-rental-barcelona-hero-group-beach-1600-v1.webp"",""imagesizes"":""100vw"",""imagesrcset"":""https://rentalscooterbarcelona.com/images/rsb-rollerblades-rental-barcelona-hero-group-beach-480-v1.webp 480w, https://rentalscooterbarcelona.com/images/rsb-rollerblades-rental-barcelona-hero-group-beach-800-v1.webp 800w, https://rentalscooterbarcelona.com/images/rsb-rollerblades-rental-barcelona-hero-group-beach-1600-v1.webp 1600w"",""rel"":""preload""}","<link as=""image"" fetchpriority=""high"" href=""https://rentalscooterbarcelona.com/images/rsb-rollerblades-rental-barcelona-hero-group-beach-1600-v1.webp"" imagesizes=""100vw"" imagesrcset=""https://rentalscooterbarcelona.com/images/rsb-rollerblades-rental-barcelona-hero-group-beach-480-v1.webp 480w, https://rentalscooterbarcelona.com/images/rsb-rollerblades-rental-barcelona-hero-group-beach-800-v1.webp 800w, https://rentalscooterbarcelona.com/images/rsb-rollerblades-rental-barcelona-hero-group-beach-1600-v1.webp 1600w"" rel=""preload""/>"
ROLLERBLADES,fr,14,meta,"{""content"":""ES-CT"",""name"":""geo.region""}","<meta content=""ES-CT"" name=""geo.region""/>"
ROLLERBLADES,fr,15,meta,"{""content"":""Barcelona"",""name"":""geo.placename""}","<meta content=""Barcelona"" name=""geo.placename""/>"
ROLLERBLADES,fr,16,meta,"{""content"":""41.3906488;2.1984312"",""name"":""geo.position""}","<meta content=""41.3906488;2.1984312"" name=""geo.position""/>"
ROLLERBLADES,fr,17,meta,"{""content"":""41.3906488, 2.1984312"",""name"":""ICBM""}","<meta content=""41.3906488, 2.1984312"" name=""ICBM""/>"
ROLLERBLADES,fr,18,meta,"{""content"":""website"",""property"":""og:type""}","<meta content=""website"" property=""og:type""/>"
ROLLERBLADES,fr,19,meta,"{""content"":""RSB Rental Scooter Barcelona"",""property"":""og:site_name""}","<meta content=""RSB Rental Scooter Barcelona"" property=""og:site_name""/>"
ROLLERBLADES,fr,20,meta,"{""content"":""Location de rollers en ligne à Barcelone près de Port Olímpic et de la Barceloneta | RSB"",""property"":""og:title""}","<meta content=""Location de rollers en ligne à Barcelone près de Port Olímpic et de la Barceloneta | RSB"" property=""og:title""/>"
ROLLERBLADES,fr,21,meta,"{""content"":""Louez des rollers en ligne à Barcelone, face à la plage et à côté du Port Olímpic. Casque pour enfant, protège-poignets, genouillères et coudières inclus."",""property"":""og:description""}","<meta content=""Louez des rollers en ligne à Barcelone, face à la plage et à côté du Port Olímpic. Casque pour enfant, protège-poignets, genouillères et coudières inclus."" property=""og:description""/>"
ROLLERBLADES,fr,22,meta,"{""content"":""https://rentalscooterbarcelona.com/fr/rollerblades/"",""property"":""og:url""}","<meta content=""https://rentalscooterbarcelona.com/fr/rollerblades/"" property=""og:url""/>"
ROLLERBLADES,fr,23,meta,"{""content"":""https://rentalscooterbarcelona.com/images/rsb-rollerblades-rental-barcelona-hero-v1-1200.webp"",""property"":""og:image""}","<meta content=""https://rentalscooterbarcelona.com/images/rsb-rollerblades-rental-barcelona-hero-v1-1200.webp"" property=""og:image""/>"
ROLLERBLADES,fr,24,meta,"{""content"":""https://rentalscooterbarcelona.com/images/rsb-rollerblades-rental-barcelona-hero-v1-1200.webp"",""property"":""og:image:secure_url""}","<meta content=""https://rentalscooterbarcelona.com/images/rsb-rollerblades-rental-barcelona-hero-v1-1200.webp"" property=""og:image:secure_url""/>"
ROLLERBLADES,fr,25,meta,"{""content"":""image/webp"",""property"":""og:image:type""}","<meta content=""image/webp"" property=""og:image:type""/>"
ROLLERBLADES,fr,26,meta,"{""content"":""1200"",""property"":""og:image:width""}","<meta content=""1200"" property=""og:image:width""/>"
ROLLERBLADES,fr,27,meta,"{""content"":""525"",""property"":""og:image:height""}","<meta content=""525"" property=""og:image:height""/>"
ROLLERBLADES,fr,28,meta,"{""content"":""Location de rollers en ligne à Barcelone près de Vila Olímpica et de la plage de la Barceloneta"",""property"":""og:image:alt""}","<meta content=""Location de rollers en ligne à Barcelone près de Vila Olímpica et de la plage de la Barceloneta"" property=""og:image:alt""/>"
ROLLERBLADES,fr,29,meta,"{""content"":""fr_FR"",""property"":""og:locale""}","<meta content=""fr_FR"" property=""og:locale""/>"
ROLLERBLADES,fr,29,meta,"{""content"":""en_GB"",""property"":""og:locale:alternate""}","<meta content=""en_GB"" property=""og:locale:alternate""/>"
ROLLERBLADES,fr,29,meta,"{""content"":""es_ES"",""property"":""og:locale:alternate""}","<meta content=""es_ES"" property=""og:locale:alternate""/>"
ROLLERBLADES,fr,29,meta,"{""content"":""it_IT"",""property"":""og:locale:alternate""}","<meta content=""it_IT"" property=""og:locale:alternate""/>"
ROLLERBLADES,fr,29,meta,"{""content"":""de_DE"",""property"":""og:locale:alternate""}","<meta content=""de_DE"" property=""og:locale:alternate""/>"
ROLLERBLADES,fr,29,meta,"{""content"":""nl_NL"",""property"":""og:locale:alternate""}","<meta content=""nl_NL"" property=""og:locale:alternate""/>"
ROLLERBLADES,fr,29,meta,"{""content"":""pt_PT"",""property"":""og:locale:alternate""}","<meta content=""pt_PT"" property=""og:locale:alternate""/>"
ROLLERBLADES,fr,29,meta,"{""content"":""ca_ES"",""property"":""og:locale:alternate""}","<meta content=""ca_ES"" property=""og:locale:alternate""/>"
ROLLERBLADES,fr,29,meta,"{""content"":""sv_SE"",""property"":""og:locale:alternate""}","<meta content=""sv_SE"" property=""og:locale:alternate""/>"
ROLLERBLADES,fr,30,meta,"{""content"":""pl_PL"",""property"":""og:locale:alternate""}","<meta content=""pl_PL"" property=""og:locale:alternate""/>"
ROLLERBLADES,fr,31,meta,"{""content"":""summary_large_image"",""name"":""twitter:card""}","<meta content=""summary_large_image"" name=""twitter:card""/>"
ROLLERBLADES,fr,32,meta,"{""content"":""Location de rollers en ligne à Barcelone près de Port Olímpic et de la Barceloneta | RSB"",""name"":""twitter:title""}","<meta content=""Location de rollers en ligne à Barcelone près de Port Olímpic et de la Barceloneta | RSB"" name=""twitter:title""/>"
ROLLERBLADES,fr,33,meta,"{""content"":""@RSBscooterbarce"",""name"":""twitter:site""}","<meta content=""@RSBscooterbarce"" name=""twitter:site""/>"
ROLLERBLADES,fr,34,meta,"{""content"":""Louez des rollers en ligne à Barcelone, face à la plage et à côté du Port Olímpic. Casque pour enfant, protège-poignets, genouillères et coudières inclus."",""name"":""twitter:description""}","<meta content=""Louez des rollers en ligne à Barcelone, face à la plage et à côté du Port Olímpic. Casque pour enfant, protège-poignets, genouillères et coudières inclus."" name=""twitter:description""/>"
ROLLERBLADES,fr,35,meta,"{""content"":""https://rentalscooterbarcelona.com/images/rsb-rollerblades-rental-barcelona-hero-v1-1200.webp"",""name"":""twitter:image""}","<meta content=""https://rentalscooterbarcelona.com/images/rsb-rollerblades-rental-barcelona-hero-v1-1200.webp"" name=""twitter:image""/>"
ROLLERBLADES,fr,36,meta,"{""content"":""Location de rollers en ligne à Barcelone près de Vila Olímpica et de la plage de la Barceloneta"",""name"":""twitter:image:alt""}","<meta content=""Location de rollers en ligne à Barcelone près de Vila Olímpica et de la plage de la Barceloneta"" name=""twitter:image:alt""/>"
ROLLERBLADES,fr,37,link,"{""href"":""https://rentalscooterbarcelona.com/favicon.ico"",""rel"":""icon"",""sizes"":""any""}","<link href=""https://rentalscooterbarcelona.com/favicon.ico"" rel=""icon"" sizes=""any""/>"
ROLLERBLADES,fr,38,link,"{""href"":""https://rentalscooterbarcelona.com/favicon-16x16.png"",""rel"":""icon"",""sizes"":""16x16"",""type"":""image/png""}","<link href=""https://rentalscooterbarcelona.com/favicon-16x16.png"" rel=""icon"" sizes=""16x16"" type=""image/png""/>"
ROLLERBLADES,fr,39,link,"{""href"":""https://rentalscooterbarcelona.com/favicon-32x32.png"",""rel"":""icon"",""sizes"":""32x32"",""type"":""image/png""}","<link href=""https://rentalscooterbarcelona.com/favicon-32x32.png"" rel=""icon"" sizes=""32x32"" type=""image/png""/>"
ROLLERBLADES,fr,40,link,"{""href"":""https://rentalscooterbarcelona.com/favicon-192x192.png"",""rel"":""icon"",""sizes"":""192x192"",""type"":""image/png""}","<link href=""https://rentalscooterbarcelona.com/favicon-192x192.png"" rel=""icon"" sizes=""192x192"" type=""image/png""/>"
ROLLERBLADES,fr,40,link,"{""href"":""https://rentalscooterbarcelona.com/favicon-512x512.png"",""rel"":""icon"",""sizes"":""512x512"",""type"":""image/png""}","<link href=""https://rentalscooterbarcelona.com/favicon-512x512.png"" rel=""icon"" sizes=""512x512"" type=""image/png""/>"
ROLLERBLADES,fr,41,link,"{""href"":""https://rentalscooterbarcelona.com/apple-touch-icon.png"",""rel"":""apple-touch-icon""}","<link href=""https://rentalscooterbarcelona.com/apple-touch-icon.png"" rel=""apple-touch-icon""/>"
ROLLERBLADES,fr,42,meta,"{""content"":""RSB Rental Scooter Barcelona"",""name"":""application-name""}","<meta content=""RSB Rental Scooter Barcelona"" name=""application-name""/>"
ROLLERBLADES,fr,43,meta,"{""content"":""RSB Rental"",""name"":""apple-mobile-web-app-title""}","<meta content=""RSB Rental"" name=""apple-mobile-web-app-title""/>"
ROLLERBLADES,fr,46,link,"{""href"":""https://fonts.googleapis.com"",""rel"":""preconnect""}","<link href=""https://fonts.googleapis.com"" rel=""preconnect""/>"
ROLLERBLADES,fr,46,link,"{""crossorigin"":"""",""href"":""https://fonts.gstatic.com"",""rel"":""preconnect""}","<link crossorigin="""" href=""https://fonts.gstatic.com"" rel=""preconnect""/>"
ROLLERBLADES,fr,46,link,"{""href"":""https://fonts.googleapis.com/css2?family=Great+Vibes&family=Space+Grotesk:wght@400;500;600;700&family=Inter:wght@400;500;600;700&display=swap"",""rel"":""stylesheet""}","<link href=""https://fonts.googleapis.com/css2?family=Great+Vibes&amp;family=Space+Grotesk:wght@400;500;600;700&amp;family=Inter:wght@400;500;600;700&amp;display=swap"" rel=""stylesheet""/>"
ROLLERBLADES,fr,46,link,"{""href"":""https://rentalscooterbarcelona.com/styles.css?v=20260813"",""rel"":""stylesheet""}","<link href=""https://rentalscooterbarcelona.com/styles.css?v=20260813"" rel=""stylesheet""/>"
ROLLERBLADES,fr,47,link,"{""href"":""https://rentalscooterbarcelona.com/stylesHome.css?v=20260813"",""rel"":""stylesheet""}","<link href=""https://rentalscooterbarcelona.com/stylesHome.css?v=20260813"" rel=""stylesheet""/>"
ROLLERBLADES,fr,48,link,"{""href"":""https://rentalscooterbarcelona.com/scooter/styles41.css?v=41"",""rel"":""stylesheet""}","<link href=""https://rentalscooterbarcelona.com/scooter/styles41.css?v=41"" rel=""stylesheet""/>"
ROLLERBLADES,fr,49,script,"{""type"":""application/ld+json""}","<script type=""application/ld+json"">"
ROLLERBLADES,fr,518,script,"{""async"":"""",""src"":""https://www.googletagmanager.com/gtag/js?id=G-S7SMLHCNGK""}","<script async="""" src=""https://www.googletagmanager.com/gtag/js?id=G-S7SMLHCNGK"">"
ROLLERBLADES,fr,519,script,{},<script>
ROLLERBLADES,fr,525,script,"{""data-rsb-review-entities"":"""",""type"":""application/ld+json""}","<script data-rsb-review-entities="""" type=""application/ld+json"">"
ROLLERBLADES,it,4,head,{},<head>
ROLLERBLADES,it,5,meta,"{""charset"":""utf-8""}","<meta charset=""utf-8""/>"
ROLLERBLADES,it,6,link,"{""rel"":""manifest"",""href"":""/site.webmanifest""}","<link rel=""manifest"" href=""/site.webmanifest""/>"
ROLLERBLADES,it,7,meta,"{""content"":""width=device-width, initial-scale=1"",""name"":""viewport""}","<meta content=""width=device-width, initial-scale=1"" name=""viewport""/>"
ROLLERBLADES,it,8,title,{},<title>
ROLLERBLADES,it,9,meta,"{""content"":""Noleggio pattini in linea a Barcellona vicino a Port Olímpic e Barceloneta. Polsiere incluse, deposito bagagli e consigli sui percorsi."",""name"":""description""}","<meta content=""Noleggio pattini in linea a Barcellona vicino a Port Olímpic e Barceloneta. Polsiere incluse, deposito bagagli e consigli sui percorsi."" name=""description""/>"
ROLLERBLADES,it,10,meta,"{""content"":""index,follow,max-image-preview:large"",""name"":""robots""}","<meta content=""index,follow,max-image-preview:large"" name=""robots""/>"
ROLLERBLADES,it,11,meta,"{""content"":""RSB Rental Scooter Barcelona"",""name"":""author""}","<meta content=""RSB Rental Scooter Barcelona"" name=""author""/>"
ROLLERBLADES,it,12,meta,"{""content"":""#0b1022"",""name"":""theme-color""}","<meta content=""#0b1022"" name=""theme-color""/>"
ROLLERBLADES,it,13,link,"{""href"":""https://rentalscooterbarcelona.com/it/rollerblades/"",""rel"":""canonical""}","<link href=""https://rentalscooterbarcelona.com/it/rollerblades/"" rel=""canonical""/>"
ROLLERBLADES,it,13,link,"{""href"":""https://rentalscooterbarcelona.com/rollerblades/"",""hreflang"":""x-default"",""rel"":""alternate""}","<link href=""https://rentalscooterbarcelona.com/rollerblades/"" hreflang=""x-default"" rel=""alternate""/>"
ROLLERBLADES,it,13,link,"{""href"":""https://rentalscooterbarcelona.com/rollerblades/"",""hreflang"":""en"",""rel"":""alternate""}","<link href=""https://rentalscooterbarcelona.com/rollerblades/"" hreflang=""en"" rel=""alternate""/>"
ROLLERBLADES,it,13,link,"{""href"":""https://rentalscooterbarcelona.com/es/rollerblades/"",""hreflang"":""es"",""rel"":""alternate""}","<link href=""https://rentalscooterbarcelona.com/es/rollerblades/"" hreflang=""es"" rel=""alternate""/>"
ROLLERBLADES,it,13,link,"{""href"":""https://rentalscooterbarcelona.com/fr/rollerblades/"",""hreflang"":""fr"",""rel"":""alternate""}","<link href=""https://rentalscooterbarcelona.com/fr/rollerblades/"" hreflang=""fr"" rel=""alternate""/>"
ROLLERBLADES,it,13,link,"{""href"":""https://rentalscooterbarcelona.com/it/rollerblades/"",""hreflang"":""it"",""rel"":""alternate""}","<link href=""https://rentalscooterbarcelona.com/it/rollerblades/"" hreflang=""it"" rel=""alternate""/>"
ROLLERBLADES,it,13,link,"{""href"":""https://rentalscooterbarcelona.com/de/rollerblades/"",""hreflang"":""de"",""rel"":""alternate""}","<link href=""https://rentalscooterbarcelona.com/de/rollerblades/"" hreflang=""de"" rel=""alternate""/>"
ROLLERBLADES,it,13,link,"{""href"":""https://rentalscooterbarcelona.com/nl/rollerblades/"",""hreflang"":""nl"",""rel"":""alternate""}","<link href=""https://rentalscooterbarcelona.com/nl/rollerblades/"" hreflang=""nl"" rel=""alternate""/>"
ROLLERBLADES,it,13,link,"{""href"":""https://rentalscooterbarcelona.com/pt/rollerblades/"",""hreflang"":""pt"",""rel"":""alternate""}","<link href=""https://rentalscooterbarcelona.com/pt/rollerblades/"" hreflang=""pt"" rel=""alternate""/>"
ROLLERBLADES,it,13,link,"{""href"":""https://rentalscooterbarcelona.com/cat/rollerblades/"",""hreflang"":""ca"",""rel"":""alternate""}","<link href=""https://rentalscooterbarcelona.com/cat/rollerblades/"" hreflang=""ca"" rel=""alternate""/>"
ROLLERBLADES,it,13,link,"{""href"":""https://rentalscooterbarcelona.com/sv/rollerblades/"",""hreflang"":""sv"",""rel"":""alternate""}","<link href=""https://rentalscooterbarcelona.com/sv/rollerblades/"" hreflang=""sv"" rel=""alternate""/>"
ROLLERBLADES,it,13,link,"{""href"":""https://rentalscooterbarcelona.com/pl/rollerblades/"",""hreflang"":""pl"",""rel"":""alternate""}","<link href=""https://rentalscooterbarcelona.com/pl/rollerblades/"" hreflang=""pl"" rel=""alternate""/>"
ROLLERBLADES,it,14,meta,"{""content"":""ES-CT"",""name"":""geo.region""}","<meta content=""ES-CT"" name=""geo.region""/>"
ROLLERBLADES,it,15,meta,"{""content"":""Barcelona"",""name"":""geo.placename""}","<meta content=""Barcelona"" name=""geo.placename""/>"
ROLLERBLADES,it,16,meta,"{""content"":""41.3906488;2.1984312"",""name"":""geo.position""}","<meta content=""41.3906488;2.1984312"" name=""geo.position""/>"
ROLLERBLADES,it,17,meta,"{""content"":""41.3906488, 2.1984312"",""name"":""ICBM""}","<meta content=""41.3906488, 2.1984312"" name=""ICBM""/>"
ROLLERBLADES,it,18,meta,"{""content"":""website"",""property"":""og:type""}","<meta content=""website"" property=""og:type""/>"
ROLLERBLADES,it,19,meta,"{""content"":""RSB Rental Scooter Barcelona"",""property"":""og:site_name""}","<meta content=""RSB Rental Scooter Barcelona"" property=""og:site_name""/>"
ROLLERBLADES,it,20,meta,"{""content"":""Noleggio di pattini in linea a Barcellona vicino a Port Olímpic e alla Barceloneta | RSB"",""property"":""og:title""}","<meta content=""Noleggio di pattini in linea a Barcellona vicino a Port Olímpic e alla Barceloneta | RSB"" property=""og:title""/>"
ROLLERBLADES,it,21,meta,"{""content"":""Noleggia pattini in linea a Barcellona vicino a Port Olímpic e alla spiaggia della Barceloneta. Il nostro negozio locale a Vila Olímpica offre pattini comodi per tutte le età con casco per bambini, polsiere, ginocchiere e gomitiere inclusi, ritiro facile, consigli su percorsi locali e deposito bagagli gratuito."",""property"":""og:description""}","<meta content=""Noleggia pattini in linea a Barcellona vicino a Port Olímpic e alla spiaggia della Barceloneta. Il nostro negozio locale a Vila Olímpica offre pattini comodi per tutte le età con casco per bambini, polsiere, ginocchiere e gomitiere inclusi, ritiro facile, consigli su percorsi locali e deposito bagagli gratuito."" property=""og:description""/>"
ROLLERBLADES,it,22,meta,"{""content"":""https://rentalscooterbarcelona.com/it/rollerblades/"",""property"":""og:url""}","<meta content=""https://rentalscooterbarcelona.com/it/rollerblades/"" property=""og:url""/>"
ROLLERBLADES,it,23,meta,"{""content"":""https://rentalscooterbarcelona.com/images/rsb-rollerblades-rental-barcelona-hero-v1-1200.webp"",""property"":""og:image""}","<meta content=""https://rentalscooterbarcelona.com/images/rsb-rollerblades-rental-barcelona-hero-v1-1200.webp"" property=""og:image""/>"
ROLLERBLADES,it,24,meta,"{""content"":""https://rentalscooterbarcelona.com/images/rsb-rollerblades-rental-barcelona-hero-v1-1200.webp"",""property"":""og:image:secure_url""}","<meta content=""https://rentalscooterbarcelona.com/images/rsb-rollerblades-rental-barcelona-hero-v1-1200.webp"" property=""og:image:secure_url""/>"
ROLLERBLADES,it,25,meta,"{""content"":""image/webp"",""property"":""og:image:type""}","<meta content=""image/webp"" property=""og:image:type""/>"
ROLLERBLADES,it,26,meta,"{""content"":""1200"",""property"":""og:image:width""}","<meta content=""1200"" property=""og:image:width""/>"
ROLLERBLADES,it,27,meta,"{""content"":""525"",""property"":""og:image:height""}","<meta content=""525"" property=""og:image:height""/>"
ROLLERBLADES,it,28,meta,"{""content"":""Noleggio di pattini in linea a Barcellona vicino a Vila Olímpica e alla spiaggia della Barceloneta"",""property"":""og:image:alt""}","<meta content=""Noleggio di pattini in linea a Barcellona vicino a Vila Olímpica e alla spiaggia della Barceloneta"" property=""og:image:alt""/>"
ROLLERBLADES,it,29,meta,"{""content"":""it_IT"",""property"":""og:locale""}","<meta content=""it_IT"" property=""og:locale""/>"
ROLLERBLADES,it,29,meta,"{""content"":""en_GB"",""property"":""og:locale:alternate""}","<meta content=""en_GB"" property=""og:locale:alternate""/>"
ROLLERBLADES,it,29,meta,"{""content"":""es_ES"",""property"":""og:locale:alternate""}","<meta content=""es_ES"" property=""og:locale:alternate""/>"
ROLLERBLADES,it,29,meta,"{""content"":""fr_FR"",""property"":""og:locale:alternate""}","<meta content=""fr_FR"" property=""og:locale:alternate""/>"
ROLLERBLADES,it,29,meta,"{""content"":""de_DE"",""property"":""og:locale:alternate""}","<meta content=""de_DE"" property=""og:locale:alternate""/>"
ROLLERBLADES,it,29,meta,"{""content"":""nl_NL"",""property"":""og:locale:alternate""}","<meta content=""nl_NL"" property=""og:locale:alternate""/>"
ROLLERBLADES,it,29,meta,"{""content"":""pt_PT"",""property"":""og:locale:alternate""}","<meta content=""pt_PT"" property=""og:locale:alternate""/>"
ROLLERBLADES,it,29,meta,"{""content"":""ca_ES"",""property"":""og:locale:alternate""}","<meta content=""ca_ES"" property=""og:locale:alternate""/>"
ROLLERBLADES,it,29,meta,"{""content"":""sv_SE"",""property"":""og:locale:alternate""}","<meta content=""sv_SE"" property=""og:locale:alternate""/>"
ROLLERBLADES,it,30,meta,"{""content"":""pl_PL"",""property"":""og:locale:alternate""}","<meta content=""pl_PL"" property=""og:locale:alternate""/>"
ROLLERBLADES,it,31,meta,"{""content"":""summary_large_image"",""name"":""twitter:card""}","<meta content=""summary_large_image"" name=""twitter:card""/>"
ROLLERBLADES,it,32,meta,"{""content"":""Noleggio di pattini in linea a Barcellona vicino a Port Olímpic e alla Barceloneta | RSB"",""name"":""twitter:title""}","<meta content=""Noleggio di pattini in linea a Barcellona vicino a Port Olímpic e alla Barceloneta | RSB"" name=""twitter:title""/>"
ROLLERBLADES,it,33,meta,"{""content"":""@RSBscooterbarce"",""name"":""twitter:site""}","<meta content=""@RSBscooterbarce"" name=""twitter:site""/>"
ROLLERBLADES,it,34,meta,"{""content"":""Noleggia pattini in linea a Barcellona vicino a Port Olímpic e alla spiaggia della Barceloneta. Il nostro negozio locale a Vila Olímpica offre pattini comodi per tutte le età con casco per bambini, polsiere, ginocchiere e gomitiere inclusi, ritiro facile, consigli su percorsi locali e deposito bagagli gratuito."",""name"":""twitter:description""}","<meta content=""Noleggia pattini in linea a Barcellona vicino a Port Olímpic e alla spiaggia della Barceloneta. Il nostro negozio locale a Vila Olímpica offre pattini comodi per tutte le età con casco per bambini, polsiere, ginocchiere e gomitiere inclusi, ritiro facile, consigli su percorsi locali e deposito bagagli gratuito."" name=""twitter:description""/>"
ROLLERBLADES,it,35,meta,"{""content"":""https://rentalscooterbarcelona.com/images/rsb-rollerblades-rental-barcelona-hero-v1-1200.webp"",""name"":""twitter:image""}","<meta content=""https://rentalscooterbarcelona.com/images/rsb-rollerblades-rental-barcelona-hero-v1-1200.webp"" name=""twitter:image""/>"
ROLLERBLADES,it,36,meta,"{""content"":""Noleggio di pattini in linea a Barcellona vicino a Vila Olímpica e alla spiaggia della Barceloneta"",""name"":""twitter:image:alt""}","<meta content=""Noleggio di pattini in linea a Barcellona vicino a Vila Olímpica e alla spiaggia della Barceloneta"" name=""twitter:image:alt""/>"
ROLLERBLADES,it,37,link,"{""href"":""https://rentalscooterbarcelona.com/favicon.ico"",""rel"":""icon"",""sizes"":""any""}","<link href=""https://rentalscooterbarcelona.com/favicon.ico"" rel=""icon"" sizes=""any""/>"
ROLLERBLADES,it,38,link,"{""href"":""https://rentalscooterbarcelona.com/favicon-16x16.png"",""rel"":""icon"",""sizes"":""16x16"",""type"":""image/png""}","<link href=""https://rentalscooterbarcelona.com/favicon-16x16.png"" rel=""icon"" sizes=""16x16"" type=""image/png""/>"
ROLLERBLADES,it,39,link,"{""href"":""https://rentalscooterbarcelona.com/favicon-32x32.png"",""rel"":""icon"",""sizes"":""32x32"",""type"":""image/png""}","<link href=""https://rentalscooterbarcelona.com/favicon-32x32.png"" rel=""icon"" sizes=""32x32"" type=""image/png""/>"
ROLLERBLADES,it,40,link,"{""href"":""https://rentalscooterbarcelona.com/favicon-192x192.png"",""rel"":""icon"",""sizes"":""192x192"",""type"":""image/png""}","<link href=""https://rentalscooterbarcelona.com/favicon-192x192.png"" rel=""icon"" sizes=""192x192"" type=""image/png""/>"
ROLLERBLADES,it,40,link,"{""href"":""https://rentalscooterbarcelona.com/favicon-512x512.png"",""rel"":""icon"",""sizes"":""512x512"",""type"":""image/png""}","<link href=""https://rentalscooterbarcelona.com/favicon-512x512.png"" rel=""icon"" sizes=""512x512"" type=""image/png""/>"
ROLLERBLADES,it,41,link,"{""href"":""https://rentalscooterbarcelona.com/apple-touch-icon.png"",""rel"":""apple-touch-icon""}","<link href=""https://rentalscooterbarcelona.com/apple-touch-icon.png"" rel=""apple-touch-icon""/>"
ROLLERBLADES,it,42,meta,"{""content"":""RSB Rental Scooter Barcelona"",""name"":""application-name""}","<meta content=""RSB Rental Scooter Barcelona"" name=""application-name""/>"
ROLLERBLADES,it,43,meta,"{""content"":""RSB Rental"",""name"":""apple-mobile-web-app-title""}","<meta content=""RSB Rental"" name=""apple-mobile-web-app-title""/>"
ROLLERBLADES,it,46,link,"{""href"":""https://fonts.googleapis.com"",""rel"":""preconnect""}","<link href=""https://fonts.googleapis.com"" rel=""preconnect""/>"
ROLLERBLADES,it,46,link,"{""crossorigin"":"""",""href"":""https://fonts.gstatic.com"",""rel"":""preconnect""}","<link crossorigin="""" href=""https://fonts.gstatic.com"" rel=""preconnect""/>"
ROLLERBLADES,it,46,link,"{""as"":""image"",""fetchpriority"":""high"",""href"":""https://rentalscooterbarcelona.com/images/rsb-rollerblades-rental-barcelona-hero-group-beach-1600-v1.webp"",""imagesizes"":""100vw"",""imagesrcset"":""https://rentalscooterbarcelona.com/images/rsb-rollerblades-rental-barcelona-hero-group-beach-480-v1.webp 480w, https://rentalscooterbarcelona.com/images/rsb-rollerblades-rental-barcelona-hero-group-beach-800-v1.webp 800w, https://rentalscooterbarcelona.com/images/rsb-rollerblades-rental-barcelona-hero-group-beach-1600-v1.webp 1600w"",""rel"":""preload""}","<link as=""image"" fetchpriority=""high"" href=""https://rentalscooterbarcelona.com/images/rsb-rollerblades-rental-barcelona-hero-group-beach-1600-v1.webp"" imagesizes=""100vw"" imagesrcset=""https://rentalscooterbarcelona.com/images/rsb-rollerblades-rental-barcelona-hero-group-beach-480-v1.webp 480w, https://rentalscooterbarcelona.com/images/rsb-rollerblades-rental-barcelona-hero-group-beach-800-v1.webp 800w, https://rentalscooterbarcelona.com/images/rsb-rollerblades-rental-barcelona-hero-group-beach-1600-v1.webp 1600w"" rel=""preload""/>"
ROLLERBLADES,it,46,link,"{""href"":""https://fonts.googleapis.com/css2?family=Great+Vibes&family=Space+Grotesk:wght@400;500;600;700&family=Inter:wght@400;500;600;700&display=swap"",""rel"":""stylesheet""}","<link href=""https://fonts.googleapis.com/css2?family=Great+Vibes&amp;family=Space+Grotesk:wght@400;500;600;700&amp;family=Inter:wght@400;500;600;700&amp;display=swap"" rel=""stylesheet""/>"
ROLLERBLADES,it,46,link,"{""href"":""https://rentalscooterbarcelona.com/styles.css?v=20260813"",""rel"":""stylesheet""}","<link href=""https://rentalscooterbarcelona.com/styles.css?v=20260813"" rel=""stylesheet""/>"
ROLLERBLADES,it,47,link,"{""href"":""https://rentalscooterbarcelona.com/stylesHome.css?v=20260813"",""rel"":""stylesheet""}","<link href=""https://rentalscooterbarcelona.com/stylesHome.css?v=20260813"" rel=""stylesheet""/>"
ROLLERBLADES,it,48,link,"{""href"":""https://rentalscooterbarcelona.com/scooter/styles41.css?v=41"",""rel"":""stylesheet""}","<link href=""https://rentalscooterbarcelona.com/scooter/styles41.css?v=41"" rel=""stylesheet""/>"
ROLLERBLADES,it,49,script,"{""type"":""application/ld+json""}","<script type=""application/ld+json"">"
ROLLERBLADES,it,518,script,"{""async"":"""",""src"":""https://www.googletagmanager.com/gtag/js?id=G-S7SMLHCNGK""}","<script async="""" src=""https://www.googletagmanager.com/gtag/js?id=G-S7SMLHCNGK"">"
ROLLERBLADES,it,519,script,{},<script>
ROLLERBLADES,it,525,script,"{""data-rsb-review-entities"":"""",""type"":""application/ld+json""}","<script data-rsb-review-entities="""" type=""application/ld+json"">"
ROLLERBLADES,de,4,head,{},<head>
ROLLERBLADES,de,5,meta,"{""charset"":""utf-8""}","<meta charset=""utf-8""/>"
ROLLERBLADES,de,6,link,"{""rel"":""manifest"",""href"":""/site.webmanifest""}","<link rel=""manifest"" href=""/site.webmanifest""/>"
ROLLERBLADES,de,7,meta,"{""content"":""width=device-width, initial-scale=1"",""name"":""viewport""}","<meta content=""width=device-width, initial-scale=1"" name=""viewport""/>"
ROLLERBLADES,de,8,title,{},<title>
ROLLERBLADES,de,9,meta,"{""content"":""Inlineskates mieten in Barcelona nahe Port Olímpic und Barceloneta. Handgelenkschoner inklusive, Routentipps und Gepäckaufbewahrung."",""name"":""description""}","<meta content=""Inlineskates mieten in Barcelona nahe Port Olímpic und Barceloneta. Handgelenkschoner inklusive, Routentipps und Gepäckaufbewahrung."" name=""description""/>"
ROLLERBLADES,de,10,meta,"{""content"":""index,follow,max-image-preview:large"",""name"":""robots""}","<meta content=""index,follow,max-image-preview:large"" name=""robots""/>"
ROLLERBLADES,de,11,meta,"{""content"":""RSB Rental Scooter Barcelona"",""name"":""author""}","<meta content=""RSB Rental Scooter Barcelona"" name=""author""/>"
ROLLERBLADES,de,12,meta,"{""content"":""#0b1022"",""name"":""theme-color""}","<meta content=""#0b1022"" name=""theme-color""/>"
ROLLERBLADES,de,13,link,"{""href"":""https://rentalscooterbarcelona.com/de/rollerblades/"",""rel"":""canonical""}","<link href=""https://rentalscooterbarcelona.com/de/rollerblades/"" rel=""canonical""/>"
ROLLERBLADES,de,13,link,"{""href"":""https://rentalscooterbarcelona.com/rollerblades/"",""hreflang"":""x-default"",""rel"":""alternate""}","<link href=""https://rentalscooterbarcelona.com/rollerblades/"" hreflang=""x-default"" rel=""alternate""/>"
ROLLERBLADES,de,13,link,"{""href"":""https://rentalscooterbarcelona.com/rollerblades/"",""hreflang"":""en"",""rel"":""alternate""}","<link href=""https://rentalscooterbarcelona.com/rollerblades/"" hreflang=""en"" rel=""alternate""/>"
ROLLERBLADES,de,13,link,"{""href"":""https://rentalscooterbarcelona.com/es/rollerblades/"",""hreflang"":""es"",""rel"":""alternate""}","<link href=""https://rentalscooterbarcelona.com/es/rollerblades/"" hreflang=""es"" rel=""alternate""/>"
ROLLERBLADES,de,13,link,"{""href"":""https://rentalscooterbarcelona.com/fr/rollerblades/"",""hreflang"":""fr"",""rel"":""alternate""}","<link href=""https://rentalscooterbarcelona.com/fr/rollerblades/"" hreflang=""fr"" rel=""alternate""/>"
ROLLERBLADES,de,13,link,"{""href"":""https://rentalscooterbarcelona.com/it/rollerblades/"",""hreflang"":""it"",""rel"":""alternate""}","<link href=""https://rentalscooterbarcelona.com/it/rollerblades/"" hreflang=""it"" rel=""alternate""/>"
ROLLERBLADES,de,13,link,"{""href"":""https://rentalscooterbarcelona.com/de/rollerblades/"",""hreflang"":""de"",""rel"":""alternate""}","<link href=""https://rentalscooterbarcelona.com/de/rollerblades/"" hreflang=""de"" rel=""alternate""/>"
ROLLERBLADES,de,13,link,"{""href"":""https://rentalscooterbarcelona.com/nl/rollerblades/"",""hreflang"":""nl"",""rel"":""alternate""}","<link href=""https://rentalscooterbarcelona.com/nl/rollerblades/"" hreflang=""nl"" rel=""alternate""/>"
ROLLERBLADES,de,13,link,"{""href"":""https://rentalscooterbarcelona.com/pt/rollerblades/"",""hreflang"":""pt"",""rel"":""alternate""}","<link href=""https://rentalscooterbarcelona.com/pt/rollerblades/"" hreflang=""pt"" rel=""alternate""/>"
ROLLERBLADES,de,13,link,"{""href"":""https://rentalscooterbarcelona.com/cat/rollerblades/"",""hreflang"":""ca"",""rel"":""alternate""}","<link href=""https://rentalscooterbarcelona.com/cat/rollerblades/"" hreflang=""ca"" rel=""alternate""/>"
ROLLERBLADES,de,13,link,"{""href"":""https://rentalscooterbarcelona.com/sv/rollerblades/"",""hreflang"":""sv"",""rel"":""alternate""}","<link href=""https://rentalscooterbarcelona.com/sv/rollerblades/"" hreflang=""sv"" rel=""alternate""/>"
ROLLERBLADES,de,13,link,"{""href"":""https://rentalscooterbarcelona.com/pl/rollerblades/"",""hreflang"":""pl"",""rel"":""alternate""}","<link href=""https://rentalscooterbarcelona.com/pl/rollerblades/"" hreflang=""pl"" rel=""alternate""/>"
ROLLERBLADES,de,14,meta,"{""content"":""ES-CT"",""name"":""geo.region""}","<meta content=""ES-CT"" name=""geo.region""/>"
ROLLERBLADES,de,15,meta,"{""content"":""Barcelona"",""name"":""geo.placename""}","<meta content=""Barcelona"" name=""geo.placename""/>"
ROLLERBLADES,de,16,meta,"{""content"":""41.3906488;2.1984312"",""name"":""geo.position""}","<meta content=""41.3906488;2.1984312"" name=""geo.position""/>"
ROLLERBLADES,de,17,meta,"{""content"":""41.3906488, 2.1984312"",""name"":""ICBM""}","<meta content=""41.3906488, 2.1984312"" name=""ICBM""/>"
ROLLERBLADES,de,18,meta,"{""content"":""website"",""property"":""og:type""}","<meta content=""website"" property=""og:type""/>"
ROLLERBLADES,de,18,meta,"{""content"":""de_DE"",""property"":""og:locale""}","<meta content=""de_DE"" property=""og:locale""/>"
ROLLERBLADES,de,18,meta,"{""content"":""en_GB"",""property"":""og:locale:alternate""}","<meta content=""en_GB"" property=""og:locale:alternate""/>"
ROLLERBLADES,de,18,meta,"{""content"":""es_ES"",""property"":""og:locale:alternate""}","<meta content=""es_ES"" property=""og:locale:alternate""/>"
ROLLERBLADES,de,18,meta,"{""content"":""fr_FR"",""property"":""og:locale:alternate""}","<meta content=""fr_FR"" property=""og:locale:alternate""/>"
ROLLERBLADES,de,18,meta,"{""content"":""it_IT"",""property"":""og:locale:alternate""}","<meta content=""it_IT"" property=""og:locale:alternate""/>"
ROLLERBLADES,de,18,meta,"{""content"":""nl_NL"",""property"":""og:locale:alternate""}","<meta content=""nl_NL"" property=""og:locale:alternate""/>"
ROLLERBLADES,de,18,meta,"{""content"":""pt_PT"",""property"":""og:locale:alternate""}","<meta content=""pt_PT"" property=""og:locale:alternate""/>"
ROLLERBLADES,de,18,meta,"{""content"":""ca_ES"",""property"":""og:locale:alternate""}","<meta content=""ca_ES"" property=""og:locale:alternate""/>"
ROLLERBLADES,de,18,meta,"{""content"":""sv_SE"",""property"":""og:locale:alternate""}","<meta content=""sv_SE"" property=""og:locale:alternate""/>"
ROLLERBLADES,de,19,meta,"{""content"":""pl_PL"",""property"":""og:locale:alternate""}","<meta content=""pl_PL"" property=""og:locale:alternate""/>"
ROLLERBLADES,de,20,meta,"{""content"":""RSB Rental Scooter Barcelona"",""property"":""og:site_name""}","<meta content=""RSB Rental Scooter Barcelona"" property=""og:site_name""/>"
ROLLERBLADES,de,21,meta,"{""content"":""Inlineskates mieten in Barcelona nahe Port Olímpic & Barceloneta | RSB"",""property"":""og:title""}","<meta content=""Inlineskates mieten in Barcelona nahe Port Olímpic &amp; Barceloneta | RSB"" property=""og:title""/>"
ROLLERBLADES,de,22,meta,"{""content"":""Miete Inlineskates in Barcelona nahe Port Olímpic und dem Strand von Barceloneta. Unser lokales Geschäft in Vila Olímpica bietet bequeme Skates für alle Altersgruppen mit Kinderhelm, Handgelenkschützern, Knieschützern und Ellbogenschützern inklusive, lokalen Routentipps und kostenloser Gepäckaufbewahrung."",""property"":""og:description""}","<meta content=""Miete Inlineskates in Barcelona nahe Port Olímpic und dem Strand von Barceloneta. Unser lokales Geschäft in Vila Olímpica bietet bequeme Skates für alle Altersgruppen mit Kinderhelm, Handgelenkschützern, Knieschützern und Ellbogenschützern inklusive, lokalen Routentipps und kostenloser Gepäckaufbewahrung."" property=""og:description""/>"
ROLLERBLADES,de,23,meta,"{""content"":""https://rentalscooterbarcelona.com/de/rollerblades/"",""property"":""og:url""}","<meta content=""https://rentalscooterbarcelona.com/de/rollerblades/"" property=""og:url""/>"
ROLLERBLADES,de,24,meta,"{""content"":""https://rentalscooterbarcelona.com/images/rsb-rollerblades-rental-barcelona-hero-v1-1200.webp"",""property"":""og:image""}","<meta content=""https://rentalscooterbarcelona.com/images/rsb-rollerblades-rental-barcelona-hero-v1-1200.webp"" property=""og:image""/>"
ROLLERBLADES,de,25,meta,"{""content"":""https://rentalscooterbarcelona.com/images/rsb-rollerblades-rental-barcelona-hero-v1-1200.webp"",""property"":""og:image:secure_url""}","<meta content=""https://rentalscooterbarcelona.com/images/rsb-rollerblades-rental-barcelona-hero-v1-1200.webp"" property=""og:image:secure_url""/>"
ROLLERBLADES,de,26,meta,"{""content"":""image/webp"",""property"":""og:image:type""}","<meta content=""image/webp"" property=""og:image:type""/>"
ROLLERBLADES,de,27,meta,"{""content"":""1200"",""property"":""og:image:width""}","<meta content=""1200"" property=""og:image:width""/>"
ROLLERBLADES,de,28,meta,"{""content"":""525"",""property"":""og:image:height""}","<meta content=""525"" property=""og:image:height""/>"
ROLLERBLADES,de,29,meta,"{""content"":""Inlineskates mieten in Barcelona nahe Vila Olímpica und dem Barceloneta-Strand"",""property"":""og:image:alt""}","<meta content=""Inlineskates mieten in Barcelona nahe Vila Olímpica und dem Barceloneta-Strand"" property=""og:image:alt""/>"
ROLLERBLADES,de,30,meta,"{""content"":""summary_large_image"",""name"":""twitter:card""}","<meta content=""summary_large_image"" name=""twitter:card""/>"
ROLLERBLADES,de,31,meta,"{""content"":""Inlineskates mieten in Barcelona nahe Port Olímpic & Barceloneta | RSB"",""name"":""twitter:title""}","<meta content=""Inlineskates mieten in Barcelona nahe Port Olímpic &amp; Barceloneta | RSB"" name=""twitter:title""/>"
ROLLERBLADES,de,32,meta,"{""content"":""@RSBscooterbarce"",""name"":""twitter:site""}","<meta content=""@RSBscooterbarce"" name=""twitter:site""/>"
ROLLERBLADES,de,33,meta,"{""content"":""Miete Inlineskates in Barcelona nahe Port Olímpic und dem Strand von Barceloneta. Unser lokales Geschäft in Vila Olímpica bietet bequeme Skates für alle Altersgruppen mit Kinderhelm, Handgelenkschützern, Knieschützern und Ellbogenschützern inklusive, lokalen Routentipps und kostenloser Gepäckaufbewahrung."",""name"":""twitter:description""}","<meta content=""Miete Inlineskates in Barcelona nahe Port Olímpic und dem Strand von Barceloneta. Unser lokales Geschäft in Vila Olímpica bietet bequeme Skates für alle Altersgruppen mit Kinderhelm, Handgelenkschützern, Knieschützern und Ellbogenschützern inklusive, lokalen Routentipps und kostenloser Gepäckaufbewahrung."" name=""twitter:description""/>"
ROLLERBLADES,de,34,meta,"{""content"":""https://rentalscooterbarcelona.com/images/rsb-rollerblades-rental-barcelona-hero-v1-1200.webp"",""name"":""twitter:image""}","<meta content=""https://rentalscooterbarcelona.com/images/rsb-rollerblades-rental-barcelona-hero-v1-1200.webp"" name=""twitter:image""/>"
ROLLERBLADES,de,35,meta,"{""content"":""Inlineskates mieten in Barcelona nahe Vila Olímpica und dem Barceloneta-Strand"",""name"":""twitter:image:alt""}","<meta content=""Inlineskates mieten in Barcelona nahe Vila Olímpica und dem Barceloneta-Strand"" name=""twitter:image:alt""/>"
ROLLERBLADES,de,36,link,"{""href"":""https://rentalscooterbarcelona.com/favicon.ico"",""rel"":""icon"",""sizes"":""any""}","<link href=""https://rentalscooterbarcelona.com/favicon.ico"" rel=""icon"" sizes=""any""/>"
ROLLERBLADES,de,37,link,"{""href"":""https://rentalscooterbarcelona.com/favicon-16x16.png"",""rel"":""icon"",""sizes"":""16x16"",""type"":""image/png""}","<link href=""https://rentalscooterbarcelona.com/favicon-16x16.png"" rel=""icon"" sizes=""16x16"" type=""image/png""/>"
ROLLERBLADES,de,38,link,"{""href"":""https://rentalscooterbarcelona.com/favicon-32x32.png"",""rel"":""icon"",""sizes"":""32x32"",""type"":""image/png""}","<link href=""https://rentalscooterbarcelona.com/favicon-32x32.png"" rel=""icon"" sizes=""32x32"" type=""image/png""/>"
ROLLERBLADES,de,39,link,"{""href"":""https://rentalscooterbarcelona.com/favicon-192x192.png"",""rel"":""icon"",""sizes"":""192x192"",""type"":""image/png""}","<link href=""https://rentalscooterbarcelona.com/favicon-192x192.png"" rel=""icon"" sizes=""192x192"" type=""image/png""/>"
ROLLERBLADES,de,39,link,"{""href"":""https://rentalscooterbarcelona.com/favicon-512x512.png"",""rel"":""icon"",""sizes"":""512x512"",""type"":""image/png""}","<link href=""https://rentalscooterbarcelona.com/favicon-512x512.png"" rel=""icon"" sizes=""512x512"" type=""image/png""/>"
ROLLERBLADES,de,40,link,"{""href"":""https://rentalscooterbarcelona.com/apple-touch-icon.png"",""rel"":""apple-touch-icon""}","<link href=""https://rentalscooterbarcelona.com/apple-touch-icon.png"" rel=""apple-touch-icon""/>"
ROLLERBLADES,de,41,meta,"{""content"":""RSB Rental Scooter Barcelona"",""name"":""application-name""}","<meta content=""RSB Rental Scooter Barcelona"" name=""application-name""/>"
ROLLERBLADES,de,42,meta,"{""content"":""RSB Rental"",""name"":""apple-mobile-web-app-title""}","<meta content=""RSB Rental"" name=""apple-mobile-web-app-title""/>"
ROLLERBLADES,de,44,link,"{""href"":""https://fonts.googleapis.com"",""rel"":""preconnect""}","<link href=""https://fonts.googleapis.com"" rel=""preconnect""/>"
ROLLERBLADES,de,44,link,"{""crossorigin"":"""",""href"":""https://fonts.gstatic.com"",""rel"":""preconnect""}","<link crossorigin="""" href=""https://fonts.gstatic.com"" rel=""preconnect""/>"
ROLLERBLADES,de,44,link,"{""as"":""image"",""fetchpriority"":""high"",""href"":""https://rentalscooterbarcelona.com/images/rsb-rollerblades-rental-barcelona-hero-group-beach-1600-v1.webp"",""imagesizes"":""100vw"",""imagesrcset"":""https://rentalscooterbarcelona.com/images/rsb-rollerblades-rental-barcelona-hero-group-beach-480-v1.webp 480w, https://rentalscooterbarcelona.com/images/rsb-rollerblades-rental-barcelona-hero-group-beach-800-v1.webp 800w, https://rentalscooterbarcelona.com/images/rsb-rollerblades-rental-barcelona-hero-group-beach-1600-v1.webp 1600w"",""rel"":""preload""}","<link as=""image"" fetchpriority=""high"" href=""https://rentalscooterbarcelona.com/images/rsb-rollerblades-rental-barcelona-hero-group-beach-1600-v1.webp"" imagesizes=""100vw"" imagesrcset=""https://rentalscooterbarcelona.com/images/rsb-rollerblades-rental-barcelona-hero-group-beach-480-v1.webp 480w, https://rentalscooterbarcelona.com/images/rsb-rollerblades-rental-barcelona-hero-group-beach-800-v1.webp 800w, https://rentalscooterbarcelona.com/images/rsb-rollerblades-rental-barcelona-hero-group-beach-1600-v1.webp 1600w"" rel=""preload""/>"
ROLLERBLADES,de,44,link,"{""href"":""https://fonts.googleapis.com/css2?family=Great+Vibes&family=Space+Grotesk:wght@400;500;600;700&family=Inter:wght@400;500;600;700&display=swap"",""rel"":""stylesheet""}","<link href=""https://fonts.googleapis.com/css2?family=Great+Vibes&amp;family=Space+Grotesk:wght@400;500;600;700&amp;family=Inter:wght@400;500;600;700&amp;display=swap"" rel=""stylesheet""/>"
ROLLERBLADES,de,44,link,"{""href"":""https://rentalscooterbarcelona.com/styles.css?v=20260813"",""rel"":""stylesheet""}","<link href=""https://rentalscooterbarcelona.com/styles.css?v=20260813"" rel=""stylesheet""/>"
ROLLERBLADES,de,45,link,"{""href"":""https://rentalscooterbarcelona.com/stylesHome.css?v=20260813"",""rel"":""stylesheet""}","<link href=""https://rentalscooterbarcelona.com/stylesHome.css?v=20260813"" rel=""stylesheet""/>"
ROLLERBLADES,de,46,link,"{""href"":""https://rentalscooterbarcelona.com/scooter/styles41.css?v=41"",""rel"":""stylesheet""}","<link href=""https://rentalscooterbarcelona.com/scooter/styles41.css?v=41"" rel=""stylesheet""/>"
ROLLERBLADES,de,47,script,"{""type"":""application/ld+json""}","<script type=""application/ld+json"">"
ROLLERBLADES,de,520,script,"{""async"":"""",""src"":""https://www.googletagmanager.com/gtag/js?id=G-S7SMLHCNGK""}","<script async="""" src=""https://www.googletagmanager.com/gtag/js?id=G-S7SMLHCNGK"">"
ROLLERBLADES,de,521,script,{},<script>
ROLLERBLADES,de,527,script,"{""data-rsb-review-entities"":"""",""type"":""application/ld+json""}","<script data-rsb-review-entities="""" type=""application/ld+json"">"
ROLLERBLADES,nl,4,head,{},<head>
ROLLERBLADES,nl,5,meta,"{""charset"":""utf-8""}","<meta charset=""utf-8""/>"
ROLLERBLADES,nl,6,link,"{""rel"":""manifest"",""href"":""/site.webmanifest""}","<link rel=""manifest"" href=""/site.webmanifest""/>"
ROLLERBLADES,nl,7,meta,"{""content"":""width=device-width, initial-scale=1"",""name"":""viewport""}","<meta content=""width=device-width, initial-scale=1"" name=""viewport""/>"
ROLLERBLADES,nl,8,title,{},<title>
ROLLERBLADES,nl,9,meta,"{""content"":""Inline skates huren in Barcelona bij Port Olímpic en Barceloneta. Polsbeschermers inbegrepen, bagageopslag en lokale routetips."",""name"":""description""}","<meta content=""Inline skates huren in Barcelona bij Port Olímpic en Barceloneta. Polsbeschermers inbegrepen, bagageopslag en lokale routetips."" name=""description""/>"
ROLLERBLADES,nl,10,meta,"{""content"":""index,follow,max-image-preview:large"",""name"":""robots""}","<meta content=""index,follow,max-image-preview:large"" name=""robots""/>"
ROLLERBLADES,nl,11,meta,"{""content"":""RSB Rental Scooter Barcelona"",""name"":""author""}","<meta content=""RSB Rental Scooter Barcelona"" name=""author""/>"
ROLLERBLADES,nl,12,meta,"{""content"":""#0b1022"",""name"":""theme-color""}","<meta content=""#0b1022"" name=""theme-color""/>"
ROLLERBLADES,nl,13,link,"{""href"":""https://rentalscooterbarcelona.com/nl/rollerblades/"",""rel"":""canonical""}","<link href=""https://rentalscooterbarcelona.com/nl/rollerblades/"" rel=""canonical""/>"
ROLLERBLADES,nl,13,link,"{""href"":""https://rentalscooterbarcelona.com/rollerblades/"",""hreflang"":""x-default"",""rel"":""alternate""}","<link href=""https://rentalscooterbarcelona.com/rollerblades/"" hreflang=""x-default"" rel=""alternate""/>"
ROLLERBLADES,nl,13,link,"{""href"":""https://rentalscooterbarcelona.com/rollerblades/"",""hreflang"":""en"",""rel"":""alternate""}","<link href=""https://rentalscooterbarcelona.com/rollerblades/"" hreflang=""en"" rel=""alternate""/>"
ROLLERBLADES,nl,13,link,"{""href"":""https://rentalscooterbarcelona.com/es/rollerblades/"",""hreflang"":""es"",""rel"":""alternate""}","<link href=""https://rentalscooterbarcelona.com/es/rollerblades/"" hreflang=""es"" rel=""alternate""/>"
ROLLERBLADES,nl,13,link,"{""href"":""https://rentalscooterbarcelona.com/fr/rollerblades/"",""hreflang"":""fr"",""rel"":""alternate""}","<link href=""https://rentalscooterbarcelona.com/fr/rollerblades/"" hreflang=""fr"" rel=""alternate""/>"
ROLLERBLADES,nl,13,link,"{""href"":""https://rentalscooterbarcelona.com/it/rollerblades/"",""hreflang"":""it"",""rel"":""alternate""}","<link href=""https://rentalscooterbarcelona.com/it/rollerblades/"" hreflang=""it"" rel=""alternate""/>"
ROLLERBLADES,nl,13,link,"{""href"":""https://rentalscooterbarcelona.com/de/rollerblades/"",""hreflang"":""de"",""rel"":""alternate""}","<link href=""https://rentalscooterbarcelona.com/de/rollerblades/"" hreflang=""de"" rel=""alternate""/>"
ROLLERBLADES,nl,13,link,"{""href"":""https://rentalscooterbarcelona.com/nl/rollerblades/"",""hreflang"":""nl"",""rel"":""alternate""}","<link href=""https://rentalscooterbarcelona.com/nl/rollerblades/"" hreflang=""nl"" rel=""alternate""/>"
ROLLERBLADES,nl,13,link,"{""href"":""https://rentalscooterbarcelona.com/pt/rollerblades/"",""hreflang"":""pt"",""rel"":""alternate""}","<link href=""https://rentalscooterbarcelona.com/pt/rollerblades/"" hreflang=""pt"" rel=""alternate""/>"
ROLLERBLADES,nl,13,link,"{""href"":""https://rentalscooterbarcelona.com/cat/rollerblades/"",""hreflang"":""ca"",""rel"":""alternate""}","<link href=""https://rentalscooterbarcelona.com/cat/rollerblades/"" hreflang=""ca"" rel=""alternate""/>"
ROLLERBLADES,nl,13,link,"{""href"":""https://rentalscooterbarcelona.com/sv/rollerblades/"",""hreflang"":""sv"",""rel"":""alternate""}","<link href=""https://rentalscooterbarcelona.com/sv/rollerblades/"" hreflang=""sv"" rel=""alternate""/>"
ROLLERBLADES,nl,13,link,"{""href"":""https://rentalscooterbarcelona.com/pl/rollerblades/"",""hreflang"":""pl"",""rel"":""alternate""}","<link href=""https://rentalscooterbarcelona.com/pl/rollerblades/"" hreflang=""pl"" rel=""alternate""/>"
ROLLERBLADES,nl,14,meta,"{""content"":""ES-CT"",""name"":""geo.region""}","<meta content=""ES-CT"" name=""geo.region""/>"
ROLLERBLADES,nl,15,meta,"{""content"":""Barcelona"",""name"":""geo.placename""}","<meta content=""Barcelona"" name=""geo.placename""/>"
ROLLERBLADES,nl,16,meta,"{""content"":""41.3906488;2.1984312"",""name"":""geo.position""}","<meta content=""41.3906488;2.1984312"" name=""geo.position""/>"
ROLLERBLADES,nl,17,meta,"{""content"":""41.3906488, 2.1984312"",""name"":""ICBM""}","<meta content=""41.3906488, 2.1984312"" name=""ICBM""/>"
ROLLERBLADES,nl,18,meta,"{""content"":""website"",""property"":""og:type""}","<meta content=""website"" property=""og:type""/>"
ROLLERBLADES,nl,19,meta,"{""content"":""RSB Rental Scooter Barcelona"",""property"":""og:site_name""}","<meta content=""RSB Rental Scooter Barcelona"" property=""og:site_name""/>"
ROLLERBLADES,nl,20,meta,"{""content"":""Inline skates huren in Barcelona vlak bij Port Olímpic en Barceloneta | RSB"",""property"":""og:title""}","<meta content=""Inline skates huren in Barcelona vlak bij Port Olímpic en Barceloneta | RSB"" property=""og:title""/>"
ROLLERBLADES,nl,21,meta,"{""content"":""Huur inline skates in Barcelona vlak bij Port Olímpic en het strand van Barceloneta. Onze lokale winkel in Vila Olímpica biedt comfortabele skates voor alle leeftijden met een kinderhelm, polsbeschermers, kniebeschermers en elleboogbeschermers inbegrepen, lokale routetips en gratis bagageopslag."",""property"":""og:description""}","<meta content=""Huur inline skates in Barcelona vlak bij Port Olímpic en het strand van Barceloneta. Onze lokale winkel in Vila Olímpica biedt comfortabele skates voor alle leeftijden met een kinderhelm, polsbeschermers, kniebeschermers en elleboogbeschermers inbegrepen, lokale routetips en gratis bagageopslag."" property=""og:description""/>"
ROLLERBLADES,nl,22,meta,"{""content"":""https://rentalscooterbarcelona.com/nl/rollerblades/"",""property"":""og:url""}","<meta content=""https://rentalscooterbarcelona.com/nl/rollerblades/"" property=""og:url""/>"
ROLLERBLADES,nl,23,meta,"{""content"":""https://rentalscooterbarcelona.com/images/rsb-rollerblades-rental-barcelona-hero-v1-1200.webp"",""property"":""og:image""}","<meta content=""https://rentalscooterbarcelona.com/images/rsb-rollerblades-rental-barcelona-hero-v1-1200.webp"" property=""og:image""/>"
ROLLERBLADES,nl,24,meta,"{""content"":""https://rentalscooterbarcelona.com/images/rsb-rollerblades-rental-barcelona-hero-v1-1200.webp"",""property"":""og:image:secure_url""}","<meta content=""https://rentalscooterbarcelona.com/images/rsb-rollerblades-rental-barcelona-hero-v1-1200.webp"" property=""og:image:secure_url""/>"
ROLLERBLADES,nl,25,meta,"{""content"":""image/webp"",""property"":""og:image:type""}","<meta content=""image/webp"" property=""og:image:type""/>"
ROLLERBLADES,nl,26,meta,"{""content"":""1200"",""property"":""og:image:width""}","<meta content=""1200"" property=""og:image:width""/>"
ROLLERBLADES,nl,27,meta,"{""content"":""525"",""property"":""og:image:height""}","<meta content=""525"" property=""og:image:height""/>"
ROLLERBLADES,nl,28,meta,"{""content"":""Inline skates huren in Barcelona vlak bij Vila Olímpica en Barceloneta"",""property"":""og:image:alt""}","<meta content=""Inline skates huren in Barcelona vlak bij Vila Olímpica en Barceloneta"" property=""og:image:alt""/>"
ROLLERBLADES,nl,29,meta,"{""content"":""nl_NL"",""property"":""og:locale""}","<meta content=""nl_NL"" property=""og:locale""/>"
ROLLERBLADES,nl,30,meta,"{""content"":""en_GB"",""property"":""og:locale:alternate""}","<meta content=""en_GB"" property=""og:locale:alternate""/>"
ROLLERBLADES,nl,31,meta,"{""content"":""es_ES"",""property"":""og:locale:alternate""}","<meta content=""es_ES"" property=""og:locale:alternate""/>"
ROLLERBLADES,nl,32,meta,"{""content"":""fr_FR"",""property"":""og:locale:alternate""}","<meta content=""fr_FR"" property=""og:locale:alternate""/>"
ROLLERBLADES,nl,33,meta,"{""content"":""it_IT"",""property"":""og:locale:alternate""}","<meta content=""it_IT"" property=""og:locale:alternate""/>"
ROLLERBLADES,nl,34,meta,"{""content"":""de_DE"",""property"":""og:locale:alternate""}","<meta content=""de_DE"" property=""og:locale:alternate""/>"
ROLLERBLADES,nl,35,meta,"{""content"":""pt_PT"",""property"":""og:locale:alternate""}","<meta content=""pt_PT"" property=""og:locale:alternate""/>"
ROLLERBLADES,nl,36,meta,"{""content"":""ca_ES"",""property"":""og:locale:alternate""}","<meta content=""ca_ES"" property=""og:locale:alternate""/>"
ROLLERBLADES,nl,37,meta,"{""content"":""sv_SE"",""property"":""og:locale:alternate""}","<meta content=""sv_SE"" property=""og:locale:alternate""/>"
ROLLERBLADES,nl,38,meta,"{""content"":""pl_PL"",""property"":""og:locale:alternate""}","<meta content=""pl_PL"" property=""og:locale:alternate""/>"
ROLLERBLADES,nl,39,meta,"{""content"":""summary_large_image"",""name"":""twitter:card""}","<meta content=""summary_large_image"" name=""twitter:card""/>"
ROLLERBLADES,nl,40,meta,"{""content"":""Inline skates huren in Barcelona vlak bij Port Olímpic en Barceloneta | RSB"",""name"":""twitter:title""}","<meta content=""Inline skates huren in Barcelona vlak bij Port Olímpic en Barceloneta | RSB"" name=""twitter:title""/>"
ROLLERBLADES,nl,41,meta,"{""content"":""@RSBscooterbarce"",""name"":""twitter:site""}","<meta content=""@RSBscooterbarce"" name=""twitter:site""/>"
ROLLERBLADES,nl,42,meta,"{""content"":""Huur inline skates in Barcelona vlak bij Port Olímpic en het strand van Barceloneta. Onze lokale winkel in Vila Olímpica biedt comfortabele skates voor alle leeftijden met een kinderhelm, polsbeschermers, kniebeschermers en elleboogbeschermers inbegrepen, lokale routetips en gratis bagageopslag."",""name"":""twitter:description""}","<meta content=""Huur inline skates in Barcelona vlak bij Port Olímpic en het strand van Barceloneta. Onze lokale winkel in Vila Olímpica biedt comfortabele skates voor alle leeftijden met een kinderhelm, polsbeschermers, kniebeschermers en elleboogbeschermers inbegrepen, lokale routetips en gratis bagageopslag."" name=""twitter:description""/>"
ROLLERBLADES,nl,43,meta,"{""content"":""https://rentalscooterbarcelona.com/images/rsb-rollerblades-rental-barcelona-hero-v1-1200.webp"",""name"":""twitter:image""}","<meta content=""https://rentalscooterbarcelona.com/images/rsb-rollerblades-rental-barcelona-hero-v1-1200.webp"" name=""twitter:image""/>"
ROLLERBLADES,nl,44,meta,"{""content"":""Inline skates huren in Barcelona vlak bij Vila Olímpica en Barceloneta"",""name"":""twitter:image:alt""}","<meta content=""Inline skates huren in Barcelona vlak bij Vila Olímpica en Barceloneta"" name=""twitter:image:alt""/>"
ROLLERBLADES,nl,45,link,"{""href"":""https://rentalscooterbarcelona.com/favicon.ico"",""rel"":""icon"",""sizes"":""any""}","<link href=""https://rentalscooterbarcelona.com/favicon.ico"" rel=""icon"" sizes=""any""/>"
ROLLERBLADES,nl,46,link,"{""href"":""https://rentalscooterbarcelona.com/favicon-16x16.png"",""rel"":""icon"",""sizes"":""16x16"",""type"":""image/png""}","<link href=""https://rentalscooterbarcelona.com/favicon-16x16.png"" rel=""icon"" sizes=""16x16"" type=""image/png""/>"
ROLLERBLADES,nl,47,link,"{""href"":""https://rentalscooterbarcelona.com/favicon-32x32.png"",""rel"":""icon"",""sizes"":""32x32"",""type"":""image/png""}","<link href=""https://rentalscooterbarcelona.com/favicon-32x32.png"" rel=""icon"" sizes=""32x32"" type=""image/png""/>"
ROLLERBLADES,nl,48,link,"{""href"":""https://rentalscooterbarcelona.com/favicon-192x192.png"",""rel"":""icon"",""sizes"":""192x192"",""type"":""image/png""}","<link href=""https://rentalscooterbarcelona.com/favicon-192x192.png"" rel=""icon"" sizes=""192x192"" type=""image/png""/>"
ROLLERBLADES,nl,48,link,"{""href"":""https://rentalscooterbarcelona.com/favicon-512x512.png"",""rel"":""icon"",""sizes"":""512x512"",""type"":""image/png""}","<link href=""https://rentalscooterbarcelona.com/favicon-512x512.png"" rel=""icon"" sizes=""512x512"" type=""image/png""/>"
ROLLERBLADES,nl,49,link,"{""href"":""https://rentalscooterbarcelona.com/apple-touch-icon.png"",""rel"":""apple-touch-icon""}","<link href=""https://rentalscooterbarcelona.com/apple-touch-icon.png"" rel=""apple-touch-icon""/>"
ROLLERBLADES,nl,50,meta,"{""content"":""RSB Rental Scooter Barcelona"",""name"":""application-name""}","<meta content=""RSB Rental Scooter Barcelona"" name=""application-name""/>"
ROLLERBLADES,nl,51,meta,"{""content"":""RSB Rental"",""name"":""apple-mobile-web-app-title""}","<meta content=""RSB Rental"" name=""apple-mobile-web-app-title""/>"
ROLLERBLADES,nl,52,link,"{""href"":""https://fonts.googleapis.com"",""rel"":""preconnect""}","<link href=""https://fonts.googleapis.com"" rel=""preconnect""/>"
ROLLERBLADES,nl,53,link,"{""crossorigin"":"""",""href"":""https://fonts.gstatic.com"",""rel"":""preconnect""}","<link crossorigin="""" href=""https://fonts.gstatic.com"" rel=""preconnect""/>"
ROLLERBLADES,nl,54,link,"{""href"":""https://fonts.googleapis.com/css2?family=Great+Vibes&family=Space+Grotesk:wght@400;500;600;700&family=Inter:wght@400;500;600;700&display=swap"",""rel"":""stylesheet""}","<link href=""https://fonts.googleapis.com/css2?family=Great+Vibes&amp;family=Space+Grotesk:wght@400;500;600;700&amp;family=Inter:wght@400;500;600;700&amp;display=swap"" rel=""stylesheet""/>"
ROLLERBLADES,nl,55,link,"{""as"":""image"",""fetchpriority"":""high"",""href"":""https://rentalscooterbarcelona.com/images/rsb-rollerblades-rental-barcelona-hero-group-beach-1600-v1.webp"",""imagesizes"":""100vw"",""imagesrcset"":""https://rentalscooterbarcelona.com/images/rsb-rollerblades-rental-barcelona-hero-group-beach-480-v1.webp 480w, https://rentalscooterbarcelona.com/images/rsb-rollerblades-rental-barcelona-hero-group-beach-800-v1.webp 800w, https://rentalscooterbarcelona.com/images/rsb-rollerblades-rental-barcelona-hero-group-beach-1600-v1.webp 1600w"",""rel"":""preload""}","<link as=""image"" fetchpriority=""high"" href=""https://rentalscooterbarcelona.com/images/rsb-rollerblades-rental-barcelona-hero-group-beach-1600-v1.webp"" imagesizes=""100vw"" imagesrcset=""https://rentalscooterbarcelona.com/images/rsb-rollerblades-rental-barcelona-hero-group-beach-480-v1.webp 480w, https://rentalscooterbarcelona.com/images/rsb-rollerblades-rental-barcelona-hero-group-beach-800-v1.webp 800w, https://rentalscooterbarcelona.com/images/rsb-rollerblades-rental-barcelona-hero-group-beach-1600-v1.webp 1600w"" rel=""preload""/>"
ROLLERBLADES,nl,57,link,"{""href"":""https://rentalscooterbarcelona.com/styles.css?v=20260813"",""rel"":""stylesheet""}","<link href=""https://rentalscooterbarcelona.com/styles.css?v=20260813"" rel=""stylesheet""/>"
ROLLERBLADES,nl,58,link,"{""href"":""https://rentalscooterbarcelona.com/stylesHome.css?v=20260813"",""rel"":""stylesheet""}","<link href=""https://rentalscooterbarcelona.com/stylesHome.css?v=20260813"" rel=""stylesheet""/>"
ROLLERBLADES,nl,59,link,"{""href"":""https://rentalscooterbarcelona.com/scooter/styles41.css?v=41"",""rel"":""stylesheet""}","<link href=""https://rentalscooterbarcelona.com/scooter/styles41.css?v=41"" rel=""stylesheet""/>"
ROLLERBLADES,nl,60,script,"{""type"":""application/ld+json""}","<script type=""application/ld+json"">"
ROLLERBLADES,nl,532,script,"{""async"":"""",""src"":""https://www.googletagmanager.com/gtag/js?id=G-S7SMLHCNGK""}","<script async="""" src=""https://www.googletagmanager.com/gtag/js?id=G-S7SMLHCNGK"">"
ROLLERBLADES,nl,533,script,{},<script>
ROLLERBLADES,nl,539,script,"{""data-rsb-review-entities"":"""",""type"":""application/ld+json""}","<script data-rsb-review-entities="""" type=""application/ld+json"">"
ROLLERBLADES,pt,4,head,{},<head>
ROLLERBLADES,pt,5,meta,"{""charset"":""utf-8""}","<meta charset=""utf-8""/>"
ROLLERBLADES,pt,6,link,"{""rel"":""manifest"",""href"":""/site.webmanifest""}","<link rel=""manifest"" href=""/site.webmanifest""/>"
ROLLERBLADES,pt,7,meta,"{""content"":""width=device-width, initial-scale=1"",""name"":""viewport""}","<meta content=""width=device-width, initial-scale=1"" name=""viewport""/>"
ROLLERBLADES,pt,8,title,{},<title>
ROLLERBLADES,pt,9,meta,"{""content"":""Aluguer de patins em linha em Barcelona perto de Port Olímpic e Barceloneta. Proteções de pulso, guarda de bagagem gratuita e dicas de rotas."",""name"":""description""}","<meta content=""Aluguer de patins em linha em Barcelona perto de Port Olímpic e Barceloneta. Proteções de pulso, guarda de bagagem gratuita e dicas de rotas."" name=""description""/>"
ROLLERBLADES,pt,10,meta,"{""content"":""index,follow,max-image-preview:large"",""name"":""robots""}","<meta content=""index,follow,max-image-preview:large"" name=""robots""/>"
ROLLERBLADES,pt,11,meta,"{""content"":""RSB Rental Scooter Barcelona"",""name"":""author""}","<meta content=""RSB Rental Scooter Barcelona"" name=""author""/>"
ROLLERBLADES,pt,12,meta,"{""content"":""#0b1022"",""name"":""theme-color""}","<meta content=""#0b1022"" name=""theme-color""/>"
ROLLERBLADES,pt,13,link,"{""href"":""https://rentalscooterbarcelona.com/pt/rollerblades/"",""rel"":""canonical""}","<link href=""https://rentalscooterbarcelona.com/pt/rollerblades/"" rel=""canonical""/>"
ROLLERBLADES,pt,13,link,"{""href"":""https://rentalscooterbarcelona.com/rollerblades/"",""hreflang"":""x-default"",""rel"":""alternate""}","<link href=""https://rentalscooterbarcelona.com/rollerblades/"" hreflang=""x-default"" rel=""alternate""/>"
ROLLERBLADES,pt,13,link,"{""href"":""https://rentalscooterbarcelona.com/rollerblades/"",""hreflang"":""en"",""rel"":""alternate""}","<link href=""https://rentalscooterbarcelona.com/rollerblades/"" hreflang=""en"" rel=""alternate""/>"
ROLLERBLADES,pt,13,link,"{""href"":""https://rentalscooterbarcelona.com/es/rollerblades/"",""hreflang"":""es"",""rel"":""alternate""}","<link href=""https://rentalscooterbarcelona.com/es/rollerblades/"" hreflang=""es"" rel=""alternate""/>"
ROLLERBLADES,pt,13,link,"{""href"":""https://rentalscooterbarcelona.com/fr/rollerblades/"",""hreflang"":""fr"",""rel"":""alternate""}","<link href=""https://rentalscooterbarcelona.com/fr/rollerblades/"" hreflang=""fr"" rel=""alternate""/>"
ROLLERBLADES,pt,13,link,"{""href"":""https://rentalscooterbarcelona.com/it/rollerblades/"",""hreflang"":""it"",""rel"":""alternate""}","<link href=""https://rentalscooterbarcelona.com/it/rollerblades/"" hreflang=""it"" rel=""alternate""/>"
ROLLERBLADES,pt,13,link,"{""href"":""https://rentalscooterbarcelona.com/de/rollerblades/"",""hreflang"":""de"",""rel"":""alternate""}","<link href=""https://rentalscooterbarcelona.com/de/rollerblades/"" hreflang=""de"" rel=""alternate""/>"
ROLLERBLADES,pt,13,link,"{""href"":""https://rentalscooterbarcelona.com/nl/rollerblades/"",""hreflang"":""nl"",""rel"":""alternate""}","<link href=""https://rentalscooterbarcelona.com/nl/rollerblades/"" hreflang=""nl"" rel=""alternate""/>"
ROLLERBLADES,pt,13,link,"{""href"":""https://rentalscooterbarcelona.com/pt/rollerblades/"",""hreflang"":""pt"",""rel"":""alternate""}","<link href=""https://rentalscooterbarcelona.com/pt/rollerblades/"" hreflang=""pt"" rel=""alternate""/>"
ROLLERBLADES,pt,13,link,"{""href"":""https://rentalscooterbarcelona.com/cat/rollerblades/"",""hreflang"":""ca"",""rel"":""alternate""}","<link href=""https://rentalscooterbarcelona.com/cat/rollerblades/"" hreflang=""ca"" rel=""alternate""/>"
ROLLERBLADES,pt,13,link,"{""href"":""https://rentalscooterbarcelona.com/sv/rollerblades/"",""hreflang"":""sv"",""rel"":""alternate""}","<link href=""https://rentalscooterbarcelona.com/sv/rollerblades/"" hreflang=""sv"" rel=""alternate""/>"
ROLLERBLADES,pt,13,link,"{""href"":""https://rentalscooterbarcelona.com/pl/rollerblades/"",""hreflang"":""pl"",""rel"":""alternate""}","<link href=""https://rentalscooterbarcelona.com/pl/rollerblades/"" hreflang=""pl"" rel=""alternate""/>"
ROLLERBLADES,pt,14,meta,"{""content"":""ES-CT"",""name"":""geo.region""}","<meta content=""ES-CT"" name=""geo.region""/>"
ROLLERBLADES,pt,15,meta,"{""content"":""Barcelona"",""name"":""geo.placename""}","<meta content=""Barcelona"" name=""geo.placename""/>"
ROLLERBLADES,pt,16,meta,"{""content"":""41.3906488;2.1984312"",""name"":""geo.position""}","<meta content=""41.3906488;2.1984312"" name=""geo.position""/>"
ROLLERBLADES,pt,17,meta,"{""content"":""41.3906488, 2.1984312"",""name"":""ICBM""}","<meta content=""41.3906488, 2.1984312"" name=""ICBM""/>"
ROLLERBLADES,pt,18,meta,"{""content"":""website"",""property"":""og:type""}","<meta content=""website"" property=""og:type""/>"
ROLLERBLADES,pt,19,meta,"{""content"":""RSB Rental Scooter Barcelona"",""property"":""og:site_name""}","<meta content=""RSB Rental Scooter Barcelona"" property=""og:site_name""/>"
ROLLERBLADES,pt,20,meta,"{""content"":""Aluguer de patins em linha em Barcelona perto de Port Olímpic e da Barceloneta | RSB"",""property"":""og:title""}","<meta content=""Aluguer de patins em linha em Barcelona perto de Port Olímpic e da Barceloneta | RSB"" property=""og:title""/>"
ROLLERBLADES,pt,21,meta,"{""content"":""Aluga patins em linha em Barcelona perto de Port Olímpic e da praia da Barceloneta. A nossa loja local em Vila Olímpica oferece patins confortáveis para todas as idades com capacete infantil, proteções de pulso, joelheiras e cotoveleiras incluídos, recolha fácil, conselhos de rotas locais e serviço gratuito de guarda de bagagem."",""property"":""og:description""}","<meta content=""Aluga patins em linha em Barcelona perto de Port Olímpic e da praia da Barceloneta. A nossa loja local em Vila Olímpica oferece patins confortáveis para todas as idades com capacete infantil, proteções de pulso, joelheiras e cotoveleiras incluídos, recolha fácil, conselhos de rotas locais e serviço gratuito de guarda de bagagem."" property=""og:description""/>"
ROLLERBLADES,pt,22,meta,"{""content"":""https://rentalscooterbarcelona.com/pt/rollerblades/"",""property"":""og:url""}","<meta content=""https://rentalscooterbarcelona.com/pt/rollerblades/"" property=""og:url""/>"
ROLLERBLADES,pt,23,meta,"{""content"":""https://rentalscooterbarcelona.com/images/rsb-rollerblades-rental-barcelona-hero-v1-1200.webp"",""property"":""og:image""}","<meta content=""https://rentalscooterbarcelona.com/images/rsb-rollerblades-rental-barcelona-hero-v1-1200.webp"" property=""og:image""/>"
ROLLERBLADES,pt,24,meta,"{""content"":""https://rentalscooterbarcelona.com/images/rsb-rollerblades-rental-barcelona-hero-v1-1200.webp"",""property"":""og:image:secure_url""}","<meta content=""https://rentalscooterbarcelona.com/images/rsb-rollerblades-rental-barcelona-hero-v1-1200.webp"" property=""og:image:secure_url""/>"
ROLLERBLADES,pt,25,meta,"{""content"":""image/webp"",""property"":""og:image:type""}","<meta content=""image/webp"" property=""og:image:type""/>"
ROLLERBLADES,pt,26,meta,"{""content"":""1200"",""property"":""og:image:width""}","<meta content=""1200"" property=""og:image:width""/>"
ROLLERBLADES,pt,27,meta,"{""content"":""525"",""property"":""og:image:height""}","<meta content=""525"" property=""og:image:height""/>"
ROLLERBLADES,pt,28,meta,"{""content"":""Aluguer de patins em linha em Barcelona perto de Vila Olímpica e Barceloneta"",""property"":""og:image:alt""}","<meta content=""Aluguer de patins em linha em Barcelona perto de Vila Olímpica e Barceloneta"" property=""og:image:alt""/>"
ROLLERBLADES,pt,29,meta,"{""content"":""pt_PT"",""property"":""og:locale""}","<meta content=""pt_PT"" property=""og:locale""/>"
ROLLERBLADES,pt,30,meta,"{""content"":""en_GB"",""property"":""og:locale:alternate""}","<meta content=""en_GB"" property=""og:locale:alternate""/>"
ROLLERBLADES,pt,31,meta,"{""content"":""es_ES"",""property"":""og:locale:alternate""}","<meta content=""es_ES"" property=""og:locale:alternate""/>"
ROLLERBLADES,pt,32,meta,"{""content"":""fr_FR"",""property"":""og:locale:alternate""}","<meta content=""fr_FR"" property=""og:locale:alternate""/>"
ROLLERBLADES,pt,33,meta,"{""content"":""it_IT"",""property"":""og:locale:alternate""}","<meta content=""it_IT"" property=""og:locale:alternate""/>"
ROLLERBLADES,pt,34,meta,"{""content"":""de_DE"",""property"":""og:locale:alternate""}","<meta content=""de_DE"" property=""og:locale:alternate""/>"
ROLLERBLADES,pt,35,meta,"{""content"":""nl_NL"",""property"":""og:locale:alternate""}","<meta content=""nl_NL"" property=""og:locale:alternate""/>"
ROLLERBLADES,pt,36,meta,"{""content"":""ca_ES"",""property"":""og:locale:alternate""}","<meta content=""ca_ES"" property=""og:locale:alternate""/>"
ROLLERBLADES,pt,37,meta,"{""content"":""sv_SE"",""property"":""og:locale:alternate""}","<meta content=""sv_SE"" property=""og:locale:alternate""/>"
ROLLERBLADES,pt,38,meta,"{""content"":""pl_PL"",""property"":""og:locale:alternate""}","<meta content=""pl_PL"" property=""og:locale:alternate""/>"
ROLLERBLADES,pt,39,meta,"{""content"":""summary_large_image"",""name"":""twitter:card""}","<meta content=""summary_large_image"" name=""twitter:card""/>"
ROLLERBLADES,pt,40,meta,"{""content"":""Aluguer de patins em linha em Barcelona perto de Port Olímpic e da Barceloneta | RSB"",""name"":""twitter:title""}","<meta content=""Aluguer de patins em linha em Barcelona perto de Port Olímpic e da Barceloneta | RSB"" name=""twitter:title""/>"
ROLLERBLADES,pt,41,meta,"{""content"":""@RSBscooterbarce"",""name"":""twitter:site""}","<meta content=""@RSBscooterbarce"" name=""twitter:site""/>"
ROLLERBLADES,pt,42,meta,"{""content"":""Aluga patins em linha em Barcelona perto de Port Olímpic e da praia da Barceloneta. A nossa loja local em Vila Olímpica oferece patins confortáveis para todas as idades com capacete infantil, proteções de pulso, joelheiras e cotoveleiras incluídos, recolha fácil, conselhos de rotas locais e serviço gratuito de guarda de bagagem."",""name"":""twitter:description""}","<meta content=""Aluga patins em linha em Barcelona perto de Port Olímpic e da praia da Barceloneta. A nossa loja local em Vila Olímpica oferece patins confortáveis para todas as idades com capacete infantil, proteções de pulso, joelheiras e cotoveleiras incluídos, recolha fácil, conselhos de rotas locais e serviço gratuito de guarda de bagagem."" name=""twitter:description""/>"
ROLLERBLADES,pt,43,meta,"{""content"":""https://rentalscooterbarcelona.com/images/rsb-rollerblades-rental-barcelona-hero-v1-1200.webp"",""name"":""twitter:image""}","<meta content=""https://rentalscooterbarcelona.com/images/rsb-rollerblades-rental-barcelona-hero-v1-1200.webp"" name=""twitter:image""/>"
ROLLERBLADES,pt,44,meta,"{""content"":""Aluguer de patins em linha em Barcelona perto de Vila Olímpica e Barceloneta"",""name"":""twitter:image:alt""}","<meta content=""Aluguer de patins em linha em Barcelona perto de Vila Olímpica e Barceloneta"" name=""twitter:image:alt""/>"
ROLLERBLADES,pt,45,link,"{""href"":""https://rentalscooterbarcelona.com/favicon.ico"",""rel"":""icon"",""sizes"":""any""}","<link href=""https://rentalscooterbarcelona.com/favicon.ico"" rel=""icon"" sizes=""any""/>"
ROLLERBLADES,pt,46,link,"{""href"":""https://rentalscooterbarcelona.com/favicon-16x16.png"",""rel"":""icon"",""sizes"":""16x16"",""type"":""image/png""}","<link href=""https://rentalscooterbarcelona.com/favicon-16x16.png"" rel=""icon"" sizes=""16x16"" type=""image/png""/>"
ROLLERBLADES,pt,47,link,"{""href"":""https://rentalscooterbarcelona.com/favicon-32x32.png"",""rel"":""icon"",""sizes"":""32x32"",""type"":""image/png""}","<link href=""https://rentalscooterbarcelona.com/favicon-32x32.png"" rel=""icon"" sizes=""32x32"" type=""image/png""/>"
ROLLERBLADES,pt,48,link,"{""href"":""https://rentalscooterbarcelona.com/favicon-192x192.png"",""rel"":""icon"",""sizes"":""192x192"",""type"":""image/png""}","<link href=""https://rentalscooterbarcelona.com/favicon-192x192.png"" rel=""icon"" sizes=""192x192"" type=""image/png""/>"
ROLLERBLADES,pt,48,link,"{""href"":""https://rentalscooterbarcelona.com/favicon-512x512.png"",""rel"":""icon"",""sizes"":""512x512"",""type"":""image/png""}","<link href=""https://rentalscooterbarcelona.com/favicon-512x512.png"" rel=""icon"" sizes=""512x512"" type=""image/png""/>"
ROLLERBLADES,pt,49,link,"{""href"":""https://rentalscooterbarcelona.com/apple-touch-icon.png"",""rel"":""apple-touch-icon""}","<link href=""https://rentalscooterbarcelona.com/apple-touch-icon.png"" rel=""apple-touch-icon""/>"
ROLLERBLADES,pt,50,meta,"{""content"":""RSB Rental Scooter Barcelona"",""name"":""application-name""}","<meta content=""RSB Rental Scooter Barcelona"" name=""application-name""/>"
ROLLERBLADES,pt,51,meta,"{""content"":""RSB Rental"",""name"":""apple-mobile-web-app-title""}","<meta content=""RSB Rental"" name=""apple-mobile-web-app-title""/>"
ROLLERBLADES,pt,52,link,"{""href"":""https://fonts.googleapis.com"",""rel"":""preconnect""}","<link href=""https://fonts.googleapis.com"" rel=""preconnect""/>"
ROLLERBLADES,pt,53,link,"{""crossorigin"":"""",""href"":""https://fonts.gstatic.com"",""rel"":""preconnect""}","<link crossorigin="""" href=""https://fonts.gstatic.com"" rel=""preconnect""/>"
ROLLERBLADES,pt,54,link,"{""href"":""https://fonts.googleapis.com/css2?family=Great+Vibes&family=Space+Grotesk:wght@400;500;600;700&family=Inter:wght@400;500;600;700&display=swap"",""rel"":""stylesheet""}","<link href=""https://fonts.googleapis.com/css2?family=Great+Vibes&amp;family=Space+Grotesk:wght@400;500;600;700&amp;family=Inter:wght@400;500;600;700&amp;display=swap"" rel=""stylesheet""/>"
ROLLERBLADES,pt,55,link,"{""as"":""image"",""fetchpriority"":""high"",""href"":""https://rentalscooterbarcelona.com/images/rsb-rollerblades-rental-barcelona-hero-group-beach-1600-v1.webp"",""imagesizes"":""100vw"",""imagesrcset"":""https://rentalscooterbarcelona.com/images/rsb-rollerblades-rental-barcelona-hero-group-beach-480-v1.webp 480w, https://rentalscooterbarcelona.com/images/rsb-rollerblades-rental-barcelona-hero-group-beach-800-v1.webp 800w, https://rentalscooterbarcelona.com/images/rsb-rollerblades-rental-barcelona-hero-group-beach-1600-v1.webp 1600w"",""rel"":""preload""}","<link as=""image"" fetchpriority=""high"" href=""https://rentalscooterbarcelona.com/images/rsb-rollerblades-rental-barcelona-hero-group-beach-1600-v1.webp"" imagesizes=""100vw"" imagesrcset=""https://rentalscooterbarcelona.com/images/rsb-rollerblades-rental-barcelona-hero-group-beach-480-v1.webp 480w, https://rentalscooterbarcelona.com/images/rsb-rollerblades-rental-barcelona-hero-group-beach-800-v1.webp 800w, https://rentalscooterbarcelona.com/images/rsb-rollerblades-rental-barcelona-hero-group-beach-1600-v1.webp 1600w"" rel=""preload""/>"
ROLLERBLADES,pt,57,link,"{""href"":""https://rentalscooterbarcelona.com/styles.css?v=20260813"",""rel"":""stylesheet""}","<link href=""https://rentalscooterbarcelona.com/styles.css?v=20260813"" rel=""stylesheet""/>"
ROLLERBLADES,pt,58,link,"{""href"":""https://rentalscooterbarcelona.com/stylesHome.css?v=20260813"",""rel"":""stylesheet""}","<link href=""https://rentalscooterbarcelona.com/stylesHome.css?v=20260813"" rel=""stylesheet""/>"
ROLLERBLADES,pt,59,link,"{""href"":""https://rentalscooterbarcelona.com/scooter/styles41.css?v=41"",""rel"":""stylesheet""}","<link href=""https://rentalscooterbarcelona.com/scooter/styles41.css?v=41"" rel=""stylesheet""/>"
ROLLERBLADES,pt,60,script,"{""type"":""application/ld+json""}","<script type=""application/ld+json"">"
ROLLERBLADES,pt,532,script,"{""async"":"""",""src"":""https://www.googletagmanager.com/gtag/js?id=G-S7SMLHCNGK""}","<script async="""" src=""https://www.googletagmanager.com/gtag/js?id=G-S7SMLHCNGK"">"
ROLLERBLADES,pt,533,script,{},<script>
ROLLERBLADES,pt,539,script,"{""data-rsb-review-entities"":"""",""type"":""application/ld+json""}","<script data-rsb-review-entities="""" type=""application/ld+json"">"
ROLLERBLADES,ca,4,head,{},<head>
ROLLERBLADES,ca,5,meta,"{""charset"":""utf-8""}","<meta charset=""utf-8""/>"
ROLLERBLADES,ca,6,link,"{""rel"":""manifest"",""href"":""/site.webmanifest""}","<link rel=""manifest"" href=""/site.webmanifest""/>"
ROLLERBLADES,ca,7,meta,"{""content"":""width=device-width, initial-scale=1"",""name"":""viewport""}","<meta content=""width=device-width, initial-scale=1"" name=""viewport""/>"
ROLLERBLADES,ca,8,title,{},<title>
ROLLERBLADES,ca,9,meta,"{""content"":""Lloga patins en línia a Barcelona prop de Port Olímpic i Barceloneta. Proteccions de canell incloses, rutes locals i guarda d’equipatge."",""name"":""description""}","<meta content=""Lloga patins en línia a Barcelona prop de Port Olímpic i Barceloneta. Proteccions de canell incloses, rutes locals i guarda d’equipatge."" name=""description""/>"
ROLLERBLADES,ca,10,meta,"{""content"":""index,follow,max-image-preview:large"",""name"":""robots""}","<meta content=""index,follow,max-image-preview:large"" name=""robots""/>"
ROLLERBLADES,ca,11,meta,"{""content"":""RSB Rental Scooter Barcelona"",""name"":""author""}","<meta content=""RSB Rental Scooter Barcelona"" name=""author""/>"
ROLLERBLADES,ca,12,meta,"{""content"":""#0b1022"",""name"":""theme-color""}","<meta content=""#0b1022"" name=""theme-color""/>"
ROLLERBLADES,ca,13,link,"{""href"":""https://rentalscooterbarcelona.com/cat/rollerblades/"",""rel"":""canonical""}","<link href=""https://rentalscooterbarcelona.com/cat/rollerblades/"" rel=""canonical""/>"
ROLLERBLADES,ca,13,link,"{""href"":""https://rentalscooterbarcelona.com/rollerblades/"",""hreflang"":""x-default"",""rel"":""alternate""}","<link href=""https://rentalscooterbarcelona.com/rollerblades/"" hreflang=""x-default"" rel=""alternate""/>"
ROLLERBLADES,ca,13,link,"{""href"":""https://rentalscooterbarcelona.com/rollerblades/"",""hreflang"":""en"",""rel"":""alternate""}","<link href=""https://rentalscooterbarcelona.com/rollerblades/"" hreflang=""en"" rel=""alternate""/>"
ROLLERBLADES,ca,13,link,"{""href"":""https://rentalscooterbarcelona.com/es/rollerblades/"",""hreflang"":""es"",""rel"":""alternate""}","<link href=""https://rentalscooterbarcelona.com/es/rollerblades/"" hreflang=""es"" rel=""alternate""/>"
ROLLERBLADES,ca,13,link,"{""href"":""https://rentalscooterbarcelona.com/fr/rollerblades/"",""hreflang"":""fr"",""rel"":""alternate""}","<link href=""https://rentalscooterbarcelona.com/fr/rollerblades/"" hreflang=""fr"" rel=""alternate""/>"
ROLLERBLADES,ca,13,link,"{""href"":""https://rentalscooterbarcelona.com/it/rollerblades/"",""hreflang"":""it"",""rel"":""alternate""}","<link href=""https://rentalscooterbarcelona.com/it/rollerblades/"" hreflang=""it"" rel=""alternate""/>"
ROLLERBLADES,ca,13,link,"{""href"":""https://rentalscooterbarcelona.com/de/rollerblades/"",""hreflang"":""de"",""rel"":""alternate""}","<link href=""https://rentalscooterbarcelona.com/de/rollerblades/"" hreflang=""de"" rel=""alternate""/>"
ROLLERBLADES,ca,13,link,"{""href"":""https://rentalscooterbarcelona.com/nl/rollerblades/"",""hreflang"":""nl"",""rel"":""alternate""}","<link href=""https://rentalscooterbarcelona.com/nl/rollerblades/"" hreflang=""nl"" rel=""alternate""/>"
ROLLERBLADES,ca,13,link,"{""href"":""https://rentalscooterbarcelona.com/pt/rollerblades/"",""hreflang"":""pt"",""rel"":""alternate""}","<link href=""https://rentalscooterbarcelona.com/pt/rollerblades/"" hreflang=""pt"" rel=""alternate""/>"
ROLLERBLADES,ca,13,link,"{""href"":""https://rentalscooterbarcelona.com/cat/rollerblades/"",""hreflang"":""ca"",""rel"":""alternate""}","<link href=""https://rentalscooterbarcelona.com/cat/rollerblades/"" hreflang=""ca"" rel=""alternate""/>"
ROLLERBLADES,ca,13,link,"{""href"":""https://rentalscooterbarcelona.com/sv/rollerblades/"",""hreflang"":""sv"",""rel"":""alternate""}","<link href=""https://rentalscooterbarcelona.com/sv/rollerblades/"" hreflang=""sv"" rel=""alternate""/>"
ROLLERBLADES,ca,13,link,"{""href"":""https://rentalscooterbarcelona.com/pl/rollerblades/"",""hreflang"":""pl"",""rel"":""alternate""}","<link href=""https://rentalscooterbarcelona.com/pl/rollerblades/"" hreflang=""pl"" rel=""alternate""/>"
ROLLERBLADES,ca,14,meta,"{""content"":""ES-CT"",""name"":""geo.region""}","<meta content=""ES-CT"" name=""geo.region""/>"
ROLLERBLADES,ca,15,meta,"{""content"":""Barcelona"",""name"":""geo.placename""}","<meta content=""Barcelona"" name=""geo.placename""/>"
ROLLERBLADES,ca,16,meta,"{""content"":""41.3906488;2.1984312"",""name"":""geo.position""}","<meta content=""41.3906488;2.1984312"" name=""geo.position""/>"
ROLLERBLADES,ca,17,meta,"{""content"":""41.3906488, 2.1984312"",""name"":""ICBM""}","<meta content=""41.3906488, 2.1984312"" name=""ICBM""/>"
ROLLERBLADES,ca,18,meta,"{""content"":""website"",""property"":""og:type""}","<meta content=""website"" property=""og:type""/>"
ROLLERBLADES,ca,19,meta,"{""content"":""RSB Rental Scooter Barcelona"",""property"":""og:site_name""}","<meta content=""RSB Rental Scooter Barcelona"" property=""og:site_name""/>"
ROLLERBLADES,ca,20,meta,"{""content"":""Lloguer de patins en línia a Barcelona prop de Port Olímpic i la Barceloneta | RSB"",""property"":""og:title""}","<meta content=""Lloguer de patins en línia a Barcelona prop de Port Olímpic i la Barceloneta | RSB"" property=""og:title""/>"
ROLLERBLADES,ca,21,meta,"{""content"":""Lloga patins en línia a Barcelona prop de Port Olímpic i de la platja de la Barceloneta. La nostra botiga local a Vila Olímpica ofereix patins còmodes per a totes les edats amb casc infantil, canelleres, genolleres i colzeres inclosos, recollida fàcil, consells de rutes locals, servei gratuït de guarda d’equipatge."",""property"":""og:description""}","<meta content=""Lloga patins en línia a Barcelona prop de Port Olímpic i de la platja de la Barceloneta. La nostra botiga local a Vila Olímpica ofereix patins còmodes per a totes les edats amb casc infantil, canelleres, genolleres i colzeres inclosos, recollida fàcil, consells de rutes locals, servei gratuït de guarda d’equipatge."" property=""og:description""/>"
ROLLERBLADES,ca,22,meta,"{""content"":""https://rentalscooterbarcelona.com/cat/rollerblades/"",""property"":""og:url""}","<meta content=""https://rentalscooterbarcelona.com/cat/rollerblades/"" property=""og:url""/>"
ROLLERBLADES,ca,23,meta,"{""content"":""https://rentalscooterbarcelona.com/images/rsb-rollerblades-rental-barcelona-hero-v1-1200.webp"",""property"":""og:image""}","<meta content=""https://rentalscooterbarcelona.com/images/rsb-rollerblades-rental-barcelona-hero-v1-1200.webp"" property=""og:image""/>"
ROLLERBLADES,ca,24,meta,"{""content"":""https://rentalscooterbarcelona.com/images/rsb-rollerblades-rental-barcelona-hero-v1-1200.webp"",""property"":""og:image:secure_url""}","<meta content=""https://rentalscooterbarcelona.com/images/rsb-rollerblades-rental-barcelona-hero-v1-1200.webp"" property=""og:image:secure_url""/>"
ROLLERBLADES,ca,25,meta,"{""content"":""image/webp"",""property"":""og:image:type""}","<meta content=""image/webp"" property=""og:image:type""/>"
ROLLERBLADES,ca,26,meta,"{""content"":""1200"",""property"":""og:image:width""}","<meta content=""1200"" property=""og:image:width""/>"
ROLLERBLADES,ca,27,meta,"{""content"":""525"",""property"":""og:image:height""}","<meta content=""525"" property=""og:image:height""/>"
ROLLERBLADES,ca,28,meta,"{""content"":""Lloguer de patins en línia a Barcelona a prop de Vila Olímpica i la platja de la Barceloneta"",""property"":""og:image:alt""}","<meta content=""Lloguer de patins en línia a Barcelona a prop de Vila Olímpica i la platja de la Barceloneta"" property=""og:image:alt""/>"
ROLLERBLADES,ca,29,meta,"{""content"":""ca_ES"",""property"":""og:locale""}","<meta content=""ca_ES"" property=""og:locale""/>"
ROLLERBLADES,ca,29,meta,"{""content"":""en_GB"",""property"":""og:locale:alternate""}","<meta content=""en_GB"" property=""og:locale:alternate""/>"
ROLLERBLADES,ca,29,meta,"{""content"":""es_ES"",""property"":""og:locale:alternate""}","<meta content=""es_ES"" property=""og:locale:alternate""/>"
ROLLERBLADES,ca,29,meta,"{""content"":""fr_FR"",""property"":""og:locale:alternate""}","<meta content=""fr_FR"" property=""og:locale:alternate""/>"
ROLLERBLADES,ca,29,meta,"{""content"":""it_IT"",""property"":""og:locale:alternate""}","<meta content=""it_IT"" property=""og:locale:alternate""/>"
ROLLERBLADES,ca,29,meta,"{""content"":""de_DE"",""property"":""og:locale:alternate""}","<meta content=""de_DE"" property=""og:locale:alternate""/>"
ROLLERBLADES,ca,29,meta,"{""content"":""nl_NL"",""property"":""og:locale:alternate""}","<meta content=""nl_NL"" property=""og:locale:alternate""/>"
ROLLERBLADES,ca,29,meta,"{""content"":""pt_PT"",""property"":""og:locale:alternate""}","<meta content=""pt_PT"" property=""og:locale:alternate""/>"
ROLLERBLADES,ca,29,meta,"{""content"":""sv_SE"",""property"":""og:locale:alternate""}","<meta content=""sv_SE"" property=""og:locale:alternate""/>"
ROLLERBLADES,ca,30,meta,"{""content"":""pl_PL"",""property"":""og:locale:alternate""}","<meta content=""pl_PL"" property=""og:locale:alternate""/>"
ROLLERBLADES,ca,31,meta,"{""content"":""summary_large_image"",""name"":""twitter:card""}","<meta content=""summary_large_image"" name=""twitter:card""/>"
ROLLERBLADES,ca,32,meta,"{""content"":""Lloguer de patins en línia a Barcelona prop de Port Olímpic i la Barceloneta | RSB"",""name"":""twitter:title""}","<meta content=""Lloguer de patins en línia a Barcelona prop de Port Olímpic i la Barceloneta | RSB"" name=""twitter:title""/>"
ROLLERBLADES,ca,33,meta,"{""content"":""@RSBscooterbarce"",""name"":""twitter:site""}","<meta content=""@RSBscooterbarce"" name=""twitter:site""/>"
ROLLERBLADES,ca,34,meta,"{""content"":""Lloga patins en línia a Barcelona prop de Port Olímpic i de la platja de la Barceloneta. La nostra botiga local a Vila Olímpica ofereix patins còmodes per a totes les edats amb casc infantil, canelleres, genolleres i colzeres inclosos, recollida fàcil, consells de rutes locals, servei gratuït de guarda d’equipatge."",""name"":""twitter:description""}","<meta content=""Lloga patins en línia a Barcelona prop de Port Olímpic i de la platja de la Barceloneta. La nostra botiga local a Vila Olímpica ofereix patins còmodes per a totes les edats amb casc infantil, canelleres, genolleres i colzeres inclosos, recollida fàcil, consells de rutes locals, servei gratuït de guarda d’equipatge."" name=""twitter:description""/>"
ROLLERBLADES,ca,35,meta,"{""content"":""https://rentalscooterbarcelona.com/images/rsb-rollerblades-rental-barcelona-hero-v1-1200.webp"",""name"":""twitter:image""}","<meta content=""https://rentalscooterbarcelona.com/images/rsb-rollerblades-rental-barcelona-hero-v1-1200.webp"" name=""twitter:image""/>"
ROLLERBLADES,ca,36,meta,"{""content"":""Lloguer de patins en línia a Barcelona a prop de Vila Olímpica i la platja de la Barceloneta"",""name"":""twitter:image:alt""}","<meta content=""Lloguer de patins en línia a Barcelona a prop de Vila Olímpica i la platja de la Barceloneta"" name=""twitter:image:alt""/>"
ROLLERBLADES,ca,37,link,"{""href"":""https://rentalscooterbarcelona.com/favicon.ico"",""rel"":""icon"",""sizes"":""any""}","<link href=""https://rentalscooterbarcelona.com/favicon.ico"" rel=""icon"" sizes=""any""/>"
ROLLERBLADES,ca,38,link,"{""href"":""https://rentalscooterbarcelona.com/favicon-16x16.png"",""rel"":""icon"",""sizes"":""16x16"",""type"":""image/png""}","<link href=""https://rentalscooterbarcelona.com/favicon-16x16.png"" rel=""icon"" sizes=""16x16"" type=""image/png""/>"
ROLLERBLADES,ca,39,link,"{""href"":""https://rentalscooterbarcelona.com/favicon-32x32.png"",""rel"":""icon"",""sizes"":""32x32"",""type"":""image/png""}","<link href=""https://rentalscooterbarcelona.com/favicon-32x32.png"" rel=""icon"" sizes=""32x32"" type=""image/png""/>"
ROLLERBLADES,ca,40,link,"{""href"":""https://rentalscooterbarcelona.com/favicon-192x192.png"",""rel"":""icon"",""sizes"":""192x192"",""type"":""image/png""}","<link href=""https://rentalscooterbarcelona.com/favicon-192x192.png"" rel=""icon"" sizes=""192x192"" type=""image/png""/>"
ROLLERBLADES,ca,40,link,"{""href"":""https://rentalscooterbarcelona.com/favicon-512x512.png"",""rel"":""icon"",""sizes"":""512x512"",""type"":""image/png""}","<link href=""https://rentalscooterbarcelona.com/favicon-512x512.png"" rel=""icon"" sizes=""512x512"" type=""image/png""/>"
ROLLERBLADES,ca,41,link,"{""href"":""https://rentalscooterbarcelona.com/apple-touch-icon.png"",""rel"":""apple-touch-icon""}","<link href=""https://rentalscooterbarcelona.com/apple-touch-icon.png"" rel=""apple-touch-icon""/>"
ROLLERBLADES,ca,42,meta,"{""content"":""RSB Rental Scooter Barcelona"",""name"":""application-name""}","<meta content=""RSB Rental Scooter Barcelona"" name=""application-name""/>"
ROLLERBLADES,ca,43,meta,"{""content"":""RSB Rental"",""name"":""apple-mobile-web-app-title""}","<meta content=""RSB Rental"" name=""apple-mobile-web-app-title""/>"
ROLLERBLADES,ca,46,link,"{""href"":""https://fonts.googleapis.com"",""rel"":""preconnect""}","<link href=""https://fonts.googleapis.com"" rel=""preconnect""/>"
ROLLERBLADES,ca,46,link,"{""crossorigin"":"""",""href"":""https://fonts.gstatic.com"",""rel"":""preconnect""}","<link crossorigin="""" href=""https://fonts.gstatic.com"" rel=""preconnect""/>"
ROLLERBLADES,ca,46,link,"{""as"":""image"",""fetchpriority"":""high"",""href"":""https://rentalscooterbarcelona.com/images/rsb-rollerblades-rental-barcelona-hero-group-beach-1600-v1.webp"",""imagesizes"":""100vw"",""imagesrcset"":""https://rentalscooterbarcelona.com/images/rsb-rollerblades-rental-barcelona-hero-group-beach-480-v1.webp 480w, https://rentalscooterbarcelona.com/images/rsb-rollerblades-rental-barcelona-hero-group-beach-800-v1.webp 800w, https://rentalscooterbarcelona.com/images/rsb-rollerblades-rental-barcelona-hero-group-beach-1600-v1.webp 1600w"",""rel"":""preload""}","<link as=""image"" fetchpriority=""high"" href=""https://rentalscooterbarcelona.com/images/rsb-rollerblades-rental-barcelona-hero-group-beach-1600-v1.webp"" imagesizes=""100vw"" imagesrcset=""https://rentalscooterbarcelona.com/images/rsb-rollerblades-rental-barcelona-hero-group-beach-480-v1.webp 480w, https://rentalscooterbarcelona.com/images/rsb-rollerblades-rental-barcelona-hero-group-beach-800-v1.webp 800w, https://rentalscooterbarcelona.com/images/rsb-rollerblades-rental-barcelona-hero-group-beach-1600-v1.webp 1600w"" rel=""preload""/>"
ROLLERBLADES,ca,46,link,"{""href"":""https://fonts.googleapis.com/css2?family=Great+Vibes&family=Space+Grotesk:wght@400;500;600;700&family=Inter:wght@400;500;600;700&display=swap"",""rel"":""stylesheet""}","<link href=""https://fonts.googleapis.com/css2?family=Great+Vibes&amp;family=Space+Grotesk:wght@400;500;600;700&amp;family=Inter:wght@400;500;600;700&amp;display=swap"" rel=""stylesheet""/>"
ROLLERBLADES,ca,46,link,"{""href"":""https://rentalscooterbarcelona.com/styles.css?v=20260813"",""rel"":""stylesheet""}","<link href=""https://rentalscooterbarcelona.com/styles.css?v=20260813"" rel=""stylesheet""/>"
ROLLERBLADES,ca,47,link,"{""href"":""https://rentalscooterbarcelona.com/stylesHome.css?v=20260813"",""rel"":""stylesheet""}","<link href=""https://rentalscooterbarcelona.com/stylesHome.css?v=20260813"" rel=""stylesheet""/>"
ROLLERBLADES,ca,48,link,"{""href"":""https://rentalscooterbarcelona.com/scooter/styles41.css?v=41"",""rel"":""stylesheet""}","<link href=""https://rentalscooterbarcelona.com/scooter/styles41.css?v=41"" rel=""stylesheet""/>"
ROLLERBLADES,ca,49,script,"{""type"":""application/ld+json""}","<script type=""application/ld+json"">"
ROLLERBLADES,ca,518,script,"{""async"":"""",""src"":""https://www.googletagmanager.com/gtag/js?id=G-S7SMLHCNGK""}","<script async="""" src=""https://www.googletagmanager.com/gtag/js?id=G-S7SMLHCNGK"">"
ROLLERBLADES,ca,519,script,{},<script>
ROLLERBLADES,ca,525,script,"{""data-rsb-review-entities"":"""",""type"":""application/ld+json""}","<script data-rsb-review-entities="""" type=""application/ld+json"">"
ROLLERBLADES,sv,4,head,{},<head>
ROLLERBLADES,sv,5,meta,"{""charset"":""utf-8""}","<meta charset=""utf-8""/>"
ROLLERBLADES,sv,6,link,"{""rel"":""manifest"",""href"":""/site.webmanifest""}","<link rel=""manifest"" href=""/site.webmanifest""/>"
ROLLERBLADES,sv,7,meta,"{""content"":""width=device-width, initial-scale=1"",""name"":""viewport""}","<meta content=""width=device-width, initial-scale=1"" name=""viewport""/>"
ROLLERBLADES,sv,8,title,{},<title>
ROLLERBLADES,sv,9,meta,"{""content"":""Hyra inlines i Barcelona nära Port Olímpic och Barceloneta. Handledsskydd ingår, bagageförvaring och lokala ruttips."",""name"":""description""}","<meta content=""Hyra inlines i Barcelona nära Port Olímpic och Barceloneta. Handledsskydd ingår, bagageförvaring och lokala ruttips."" name=""description""/>"
ROLLERBLADES,sv,10,meta,"{""content"":""index,follow,max-image-preview:large"",""name"":""robots""}","<meta content=""index,follow,max-image-preview:large"" name=""robots""/>"
ROLLERBLADES,sv,11,meta,"{""content"":""RSB Rental Scooter Barcelona"",""name"":""author""}","<meta content=""RSB Rental Scooter Barcelona"" name=""author""/>"
ROLLERBLADES,sv,12,meta,"{""content"":""#0b1022"",""name"":""theme-color""}","<meta content=""#0b1022"" name=""theme-color""/>"
ROLLERBLADES,sv,13,link,"{""href"":""https://rentalscooterbarcelona.com/sv/rollerblades/"",""rel"":""canonical""}","<link href=""https://rentalscooterbarcelona.com/sv/rollerblades/"" rel=""canonical""/>"
ROLLERBLADES,sv,13,link,"{""href"":""https://rentalscooterbarcelona.com/rollerblades/"",""hreflang"":""x-default"",""rel"":""alternate""}","<link href=""https://rentalscooterbarcelona.com/rollerblades/"" hreflang=""x-default"" rel=""alternate""/>"
ROLLERBLADES,sv,13,link,"{""href"":""https://rentalscooterbarcelona.com/rollerblades/"",""hreflang"":""en"",""rel"":""alternate""}","<link href=""https://rentalscooterbarcelona.com/rollerblades/"" hreflang=""en"" rel=""alternate""/>"
ROLLERBLADES,sv,13,link,"{""href"":""https://rentalscooterbarcelona.com/es/rollerblades/"",""hreflang"":""es"",""rel"":""alternate""}","<link href=""https://rentalscooterbarcelona.com/es/rollerblades/"" hreflang=""es"" rel=""alternate""/>"
ROLLERBLADES,sv,13,link,"{""href"":""https://rentalscooterbarcelona.com/fr/rollerblades/"",""hreflang"":""fr"",""rel"":""alternate""}","<link href=""https://rentalscooterbarcelona.com/fr/rollerblades/"" hreflang=""fr"" rel=""alternate""/>"
ROLLERBLADES,sv,13,link,"{""href"":""https://rentalscooterbarcelona.com/it/rollerblades/"",""hreflang"":""it"",""rel"":""alternate""}","<link href=""https://rentalscooterbarcelona.com/it/rollerblades/"" hreflang=""it"" rel=""alternate""/>"
ROLLERBLADES,sv,13,link,"{""href"":""https://rentalscooterbarcelona.com/de/rollerblades/"",""hreflang"":""de"",""rel"":""alternate""}","<link href=""https://rentalscooterbarcelona.com/de/rollerblades/"" hreflang=""de"" rel=""alternate""/>"
ROLLERBLADES,sv,13,link,"{""href"":""https://rentalscooterbarcelona.com/nl/rollerblades/"",""hreflang"":""nl"",""rel"":""alternate""}","<link href=""https://rentalscooterbarcelona.com/nl/rollerblades/"" hreflang=""nl"" rel=""alternate""/>"
ROLLERBLADES,sv,13,link,"{""href"":""https://rentalscooterbarcelona.com/pt/rollerblades/"",""hreflang"":""pt"",""rel"":""alternate""}","<link href=""https://rentalscooterbarcelona.com/pt/rollerblades/"" hreflang=""pt"" rel=""alternate""/>"
ROLLERBLADES,sv,13,link,"{""href"":""https://rentalscooterbarcelona.com/cat/rollerblades/"",""hreflang"":""ca"",""rel"":""alternate""}","<link href=""https://rentalscooterbarcelona.com/cat/rollerblades/"" hreflang=""ca"" rel=""alternate""/>"
ROLLERBLADES,sv,13,link,"{""href"":""https://rentalscooterbarcelona.com/sv/rollerblades/"",""hreflang"":""sv"",""rel"":""alternate""}","<link href=""https://rentalscooterbarcelona.com/sv/rollerblades/"" hreflang=""sv"" rel=""alternate""/>"
ROLLERBLADES,sv,13,link,"{""href"":""https://rentalscooterbarcelona.com/pl/rollerblades/"",""hreflang"":""pl"",""rel"":""alternate""}","<link href=""https://rentalscooterbarcelona.com/pl/rollerblades/"" hreflang=""pl"" rel=""alternate""/>"
ROLLERBLADES,sv,14,meta,"{""content"":""ES-CT"",""name"":""geo.region""}","<meta content=""ES-CT"" name=""geo.region""/>"
ROLLERBLADES,sv,15,meta,"{""content"":""Barcelona"",""name"":""geo.placename""}","<meta content=""Barcelona"" name=""geo.placename""/>"
ROLLERBLADES,sv,16,meta,"{""content"":""41.3906488;2.1984312"",""name"":""geo.position""}","<meta content=""41.3906488;2.1984312"" name=""geo.position""/>"
ROLLERBLADES,sv,17,meta,"{""content"":""41.3906488, 2.1984312"",""name"":""ICBM""}","<meta content=""41.3906488, 2.1984312"" name=""ICBM""/>"
ROLLERBLADES,sv,18,meta,"{""content"":""website"",""property"":""og:type""}","<meta content=""website"" property=""og:type""/>"
ROLLERBLADES,sv,19,meta,"{""content"":""RSB Rental Scooter Barcelona"",""property"":""og:site_name""}","<meta content=""RSB Rental Scooter Barcelona"" property=""og:site_name""/>"
ROLLERBLADES,sv,20,meta,"{""content"":""Inlinesuthyrning i Barcelona nära Port Olímpic och Barceloneta | RSB"",""property"":""og:title""}","<meta content=""Inlinesuthyrning i Barcelona nära Port Olímpic och Barceloneta | RSB"" property=""og:title""/>"
ROLLERBLADES,sv,21,meta,"{""content"":""Hyr inlines i Barcelona nära Port Olímpic och Barceloneta-stranden. Vår lokala butik i Vila Olímpica erbjuder bekväma inlines för alla åldrar med barnhjälm, handledsskydd, knäskydd och armbågsskydd inkluderade, lokala ruttips och gratis bagageförvaring."",""property"":""og:description""}","<meta content=""Hyr inlines i Barcelona nära Port Olímpic och Barceloneta-stranden. Vår lokala butik i Vila Olímpica erbjuder bekväma inlines för alla åldrar med barnhjälm, handledsskydd, knäskydd och armbågsskydd inkluderade, lokala ruttips och gratis bagageförvaring."" property=""og:description""/>"
ROLLERBLADES,sv,22,meta,"{""content"":""https://rentalscooterbarcelona.com/sv/rollerblades/"",""property"":""og:url""}","<meta content=""https://rentalscooterbarcelona.com/sv/rollerblades/"" property=""og:url""/>"
ROLLERBLADES,sv,23,meta,"{""content"":""https://rentalscooterbarcelona.com/images/rsb-rollerblades-rental-barcelona-hero-v1-1200.webp"",""property"":""og:image""}","<meta content=""https://rentalscooterbarcelona.com/images/rsb-rollerblades-rental-barcelona-hero-v1-1200.webp"" property=""og:image""/>"
ROLLERBLADES,sv,24,meta,"{""content"":""https://rentalscooterbarcelona.com/images/rsb-rollerblades-rental-barcelona-hero-v1-1200.webp"",""property"":""og:image:secure_url""}","<meta content=""https://rentalscooterbarcelona.com/images/rsb-rollerblades-rental-barcelona-hero-v1-1200.webp"" property=""og:image:secure_url""/>"
ROLLERBLADES,sv,25,meta,"{""content"":""image/webp"",""property"":""og:image:type""}","<meta content=""image/webp"" property=""og:image:type""/>"
ROLLERBLADES,sv,26,meta,"{""content"":""1200"",""property"":""og:image:width""}","<meta content=""1200"" property=""og:image:width""/>"
ROLLERBLADES,sv,27,meta,"{""content"":""525"",""property"":""og:image:height""}","<meta content=""525"" property=""og:image:height""/>"
ROLLERBLADES,sv,28,meta,"{""content"":""Inlinesuthyrning i Barcelona nära Vila Olímpica och Barceloneta"",""property"":""og:image:alt""}","<meta content=""Inlinesuthyrning i Barcelona nära Vila Olímpica och Barceloneta"" property=""og:image:alt""/>"
ROLLERBLADES,sv,29,meta,"{""content"":""sv_SE"",""property"":""og:locale""}","<meta content=""sv_SE"" property=""og:locale""/>"
ROLLERBLADES,sv,30,meta,"{""content"":""en_GB"",""property"":""og:locale:alternate""}","<meta content=""en_GB"" property=""og:locale:alternate""/>"
ROLLERBLADES,sv,31,meta,"{""content"":""es_ES"",""property"":""og:locale:alternate""}","<meta content=""es_ES"" property=""og:locale:alternate""/>"
ROLLERBLADES,sv,32,meta,"{""content"":""fr_FR"",""property"":""og:locale:alternate""}","<meta content=""fr_FR"" property=""og:locale:alternate""/>"
ROLLERBLADES,sv,33,meta,"{""content"":""it_IT"",""property"":""og:locale:alternate""}","<meta content=""it_IT"" property=""og:locale:alternate""/>"
ROLLERBLADES,sv,34,meta,"{""content"":""de_DE"",""property"":""og:locale:alternate""}","<meta content=""de_DE"" property=""og:locale:alternate""/>"
ROLLERBLADES,sv,35,meta,"{""content"":""nl_NL"",""property"":""og:locale:alternate""}","<meta content=""nl_NL"" property=""og:locale:alternate""/>"
ROLLERBLADES,sv,36,meta,"{""content"":""pt_PT"",""property"":""og:locale:alternate""}","<meta content=""pt_PT"" property=""og:locale:alternate""/>"
ROLLERBLADES,sv,37,meta,"{""content"":""ca_ES"",""property"":""og:locale:alternate""}","<meta content=""ca_ES"" property=""og:locale:alternate""/>"
ROLLERBLADES,sv,38,meta,"{""content"":""pl_PL"",""property"":""og:locale:alternate""}","<meta content=""pl_PL"" property=""og:locale:alternate""/>"
ROLLERBLADES,sv,39,meta,"{""content"":""summary_large_image"",""name"":""twitter:card""}","<meta content=""summary_large_image"" name=""twitter:card""/>"
ROLLERBLADES,sv,40,meta,"{""content"":""Inlinesuthyrning i Barcelona nära Port Olímpic och Barceloneta | RSB"",""name"":""twitter:title""}","<meta content=""Inlinesuthyrning i Barcelona nära Port Olímpic och Barceloneta | RSB"" name=""twitter:title""/>"
ROLLERBLADES,sv,41,meta,"{""content"":""@RSBscooterbarce"",""name"":""twitter:site""}","<meta content=""@RSBscooterbarce"" name=""twitter:site""/>"
ROLLERBLADES,sv,42,meta,"{""content"":""Hyr inlines i Barcelona nära Port Olímpic och Barceloneta-stranden. Vår lokala butik i Vila Olímpica erbjuder bekväma inlines för alla åldrar med barnhjälm, handledsskydd, knäskydd och armbågsskydd inkluderade, lokala ruttips och gratis bagageförvaring."",""name"":""twitter:description""}","<meta content=""Hyr inlines i Barcelona nära Port Olímpic och Barceloneta-stranden. Vår lokala butik i Vila Olímpica erbjuder bekväma inlines för alla åldrar med barnhjälm, handledsskydd, knäskydd och armbågsskydd inkluderade, lokala ruttips och gratis bagageförvaring."" name=""twitter:description""/>"
ROLLERBLADES,sv,43,meta,"{""content"":""https://rentalscooterbarcelona.com/images/rsb-rollerblades-rental-barcelona-hero-v1-1200.webp"",""name"":""twitter:image""}","<meta content=""https://rentalscooterbarcelona.com/images/rsb-rollerblades-rental-barcelona-hero-v1-1200.webp"" name=""twitter:image""/>"
ROLLERBLADES,sv,44,meta,"{""content"":""Inlinesuthyrning i Barcelona nära Vila Olímpica och Barceloneta"",""name"":""twitter:image:alt""}","<meta content=""Inlinesuthyrning i Barcelona nära Vila Olímpica och Barceloneta"" name=""twitter:image:alt""/>"
ROLLERBLADES,sv,45,link,"{""href"":""https://rentalscooterbarcelona.com/favicon.ico"",""rel"":""icon"",""sizes"":""any""}","<link href=""https://rentalscooterbarcelona.com/favicon.ico"" rel=""icon"" sizes=""any""/>"
ROLLERBLADES,sv,46,link,"{""href"":""https://rentalscooterbarcelona.com/favicon-16x16.png"",""rel"":""icon"",""sizes"":""16x16"",""type"":""image/png""}","<link href=""https://rentalscooterbarcelona.com/favicon-16x16.png"" rel=""icon"" sizes=""16x16"" type=""image/png""/>"
ROLLERBLADES,sv,47,link,"{""href"":""https://rentalscooterbarcelona.com/favicon-32x32.png"",""rel"":""icon"",""sizes"":""32x32"",""type"":""image/png""}","<link href=""https://rentalscooterbarcelona.com/favicon-32x32.png"" rel=""icon"" sizes=""32x32"" type=""image/png""/>"
ROLLERBLADES,sv,48,link,"{""href"":""https://rentalscooterbarcelona.com/favicon-192x192.png"",""rel"":""icon"",""sizes"":""192x192"",""type"":""image/png""}","<link href=""https://rentalscooterbarcelona.com/favicon-192x192.png"" rel=""icon"" sizes=""192x192"" type=""image/png""/>"
ROLLERBLADES,sv,48,link,"{""href"":""https://rentalscooterbarcelona.com/favicon-512x512.png"",""rel"":""icon"",""sizes"":""512x512"",""type"":""image/png""}","<link href=""https://rentalscooterbarcelona.com/favicon-512x512.png"" rel=""icon"" sizes=""512x512"" type=""image/png""/>"
ROLLERBLADES,sv,49,link,"{""href"":""https://rentalscooterbarcelona.com/apple-touch-icon.png"",""rel"":""apple-touch-icon""}","<link href=""https://rentalscooterbarcelona.com/apple-touch-icon.png"" rel=""apple-touch-icon""/>"
ROLLERBLADES,sv,50,meta,"{""content"":""RSB Rental Scooter Barcelona"",""name"":""application-name""}","<meta content=""RSB Rental Scooter Barcelona"" name=""application-name""/>"
ROLLERBLADES,sv,51,meta,"{""content"":""RSB Rental"",""name"":""apple-mobile-web-app-title""}","<meta content=""RSB Rental"" name=""apple-mobile-web-app-title""/>"
ROLLERBLADES,sv,52,link,"{""href"":""https://fonts.googleapis.com"",""rel"":""preconnect""}","<link href=""https://fonts.googleapis.com"" rel=""preconnect""/>"
ROLLERBLADES,sv,53,link,"{""crossorigin"":"""",""href"":""https://fonts.gstatic.com"",""rel"":""preconnect""}","<link crossorigin="""" href=""https://fonts.gstatic.com"" rel=""preconnect""/>"
ROLLERBLADES,sv,54,link,"{""href"":""https://fonts.googleapis.com/css2?family=Great+Vibes&family=Space+Grotesk:wght@400;500;600;700&family=Inter:wght@400;500;600;700&display=swap"",""rel"":""stylesheet""}","<link href=""https://fonts.googleapis.com/css2?family=Great+Vibes&amp;family=Space+Grotesk:wght@400;500;600;700&amp;family=Inter:wght@400;500;600;700&amp;display=swap"" rel=""stylesheet""/>"
ROLLERBLADES,sv,55,link,"{""as"":""image"",""fetchpriority"":""high"",""href"":""https://rentalscooterbarcelona.com/images/rsb-rollerblades-rental-barcelona-hero-group-beach-1600-v1.webp"",""imagesizes"":""100vw"",""imagesrcset"":""https://rentalscooterbarcelona.com/images/rsb-rollerblades-rental-barcelona-hero-group-beach-480-v1.webp 480w, https://rentalscooterbarcelona.com/images/rsb-rollerblades-rental-barcelona-hero-group-beach-800-v1.webp 800w, https://rentalscooterbarcelona.com/images/rsb-rollerblades-rental-barcelona-hero-group-beach-1600-v1.webp 1600w"",""rel"":""preload""}","<link as=""image"" fetchpriority=""high"" href=""https://rentalscooterbarcelona.com/images/rsb-rollerblades-rental-barcelona-hero-group-beach-1600-v1.webp"" imagesizes=""100vw"" imagesrcset=""https://rentalscooterbarcelona.com/images/rsb-rollerblades-rental-barcelona-hero-group-beach-480-v1.webp 480w, https://rentalscooterbarcelona.com/images/rsb-rollerblades-rental-barcelona-hero-group-beach-800-v1.webp 800w, https://rentalscooterbarcelona.com/images/rsb-rollerblades-rental-barcelona-hero-group-beach-1600-v1.webp 1600w"" rel=""preload""/>"
ROLLERBLADES,sv,57,link,"{""href"":""https://rentalscooterbarcelona.com/styles.css?v=20260813"",""rel"":""stylesheet""}","<link href=""https://rentalscooterbarcelona.com/styles.css?v=20260813"" rel=""stylesheet""/>"
ROLLERBLADES,sv,58,link,"{""href"":""https://rentalscooterbarcelona.com/stylesHome.css?v=20260813"",""rel"":""stylesheet""}","<link href=""https://rentalscooterbarcelona.com/stylesHome.css?v=20260813"" rel=""stylesheet""/>"
ROLLERBLADES,sv,59,link,"{""href"":""https://rentalscooterbarcelona.com/scooter/styles41.css?v=41"",""rel"":""stylesheet""}","<link href=""https://rentalscooterbarcelona.com/scooter/styles41.css?v=41"" rel=""stylesheet""/>"
ROLLERBLADES,sv,60,script,"{""type"":""application/ld+json""}","<script type=""application/ld+json"">"
ROLLERBLADES,sv,532,script,"{""async"":"""",""src"":""https://www.googletagmanager.com/gtag/js?id=G-S7SMLHCNGK""}","<script async="""" src=""https://www.googletagmanager.com/gtag/js?id=G-S7SMLHCNGK"">"
ROLLERBLADES,sv,533,script,{},<script>
ROLLERBLADES,sv,539,script,"{""data-rsb-review-entities"":"""",""type"":""application/ld+json""}","<script data-rsb-review-entities="""" type=""application/ld+json"">"
ROLLERBLADES,pl,4,head,{},<head>
ROLLERBLADES,pl,5,meta,"{""charset"":""utf-8""}","<meta charset=""utf-8""/>"
ROLLERBLADES,pl,6,link,"{""rel"":""manifest"",""href"":""/site.webmanifest""}","<link rel=""manifest"" href=""/site.webmanifest""/>"
ROLLERBLADES,pl,7,meta,"{""content"":""width=device-width, initial-scale=1"",""name"":""viewport""}","<meta content=""width=device-width, initial-scale=1"" name=""viewport""/>"
ROLLERBLADES,pl,8,title,{},<title>
ROLLERBLADES,pl,9,meta,"{""content"":""Wynajmij rolki w Barcelonie, naprzeciwko plaży i obok Port Olímpic. Kask dziecięcy, ochraniacze i bezpłatne przechowanie bagażu w cenie wynajmu rolek."",""name"":""description""}","<meta content=""Wynajmij rolki w Barcelonie, naprzeciwko plaży i obok Port Olímpic. Kask dziecięcy, ochraniacze i bezpłatne przechowanie bagażu w cenie wynajmu rolek."" name=""description""/>"
ROLLERBLADES,pl,10,meta,"{""content"":""index,follow,max-image-preview:large"",""name"":""robots""}","<meta content=""index,follow,max-image-preview:large"" name=""robots""/>"
ROLLERBLADES,pl,11,meta,"{""content"":""RSB Rental Scooter Barcelona"",""name"":""author""}","<meta content=""RSB Rental Scooter Barcelona"" name=""author""/>"
ROLLERBLADES,pl,12,meta,"{""content"":""#0b1022"",""name"":""theme-color""}","<meta content=""#0b1022"" name=""theme-color""/>"
ROLLERBLADES,pl,13,link,"{""href"":""https://rentalscooterbarcelona.com/pl/rollerblades/"",""rel"":""canonical""}","<link href=""https://rentalscooterbarcelona.com/pl/rollerblades/"" rel=""canonical""/>"
ROLLERBLADES,pl,13,link,"{""href"":""https://rentalscooterbarcelona.com/rollerblades/"",""hreflang"":""x-default"",""rel"":""alternate""}","<link href=""https://rentalscooterbarcelona.com/rollerblades/"" hreflang=""x-default"" rel=""alternate""/>"
ROLLERBLADES,pl,13,link,"{""href"":""https://rentalscooterbarcelona.com/rollerblades/"",""hreflang"":""en"",""rel"":""alternate""}","<link href=""https://rentalscooterbarcelona.com/rollerblades/"" hreflang=""en"" rel=""alternate""/>"
ROLLERBLADES,pl,13,link,"{""href"":""https://rentalscooterbarcelona.com/es/rollerblades/"",""hreflang"":""es"",""rel"":""alternate""}","<link href=""https://rentalscooterbarcelona.com/es/rollerblades/"" hreflang=""es"" rel=""alternate""/>"
ROLLERBLADES,pl,13,link,"{""href"":""https://rentalscooterbarcelona.com/fr/rollerblades/"",""hreflang"":""fr"",""rel"":""alternate""}","<link href=""https://rentalscooterbarcelona.com/fr/rollerblades/"" hreflang=""fr"" rel=""alternate""/>"
ROLLERBLADES,pl,13,link,"{""href"":""https://rentalscooterbarcelona.com/it/rollerblades/"",""hreflang"":""it"",""rel"":""alternate""}","<link href=""https://rentalscooterbarcelona.com/it/rollerblades/"" hreflang=""it"" rel=""alternate""/>"
ROLLERBLADES,pl,13,link,"{""href"":""https://rentalscooterbarcelona.com/de/rollerblades/"",""hreflang"":""de"",""rel"":""alternate""}","<link href=""https://rentalscooterbarcelona.com/de/rollerblades/"" hreflang=""de"" rel=""alternate""/>"
ROLLERBLADES,pl,13,link,"{""href"":""https://rentalscooterbarcelona.com/nl/rollerblades/"",""hreflang"":""nl"",""rel"":""alternate""}","<link href=""https://rentalscooterbarcelona.com/nl/rollerblades/"" hreflang=""nl"" rel=""alternate""/>"
ROLLERBLADES,pl,13,link,"{""href"":""https://rentalscooterbarcelona.com/pt/rollerblades/"",""hreflang"":""pt"",""rel"":""alternate""}","<link href=""https://rentalscooterbarcelona.com/pt/rollerblades/"" hreflang=""pt"" rel=""alternate""/>"
ROLLERBLADES,pl,13,link,"{""href"":""https://rentalscooterbarcelona.com/cat/rollerblades/"",""hreflang"":""ca"",""rel"":""alternate""}","<link href=""https://rentalscooterbarcelona.com/cat/rollerblades/"" hreflang=""ca"" rel=""alternate""/>"
ROLLERBLADES,pl,13,link,"{""href"":""https://rentalscooterbarcelona.com/sv/rollerblades/"",""hreflang"":""sv"",""rel"":""alternate""}","<link href=""https://rentalscooterbarcelona.com/sv/rollerblades/"" hreflang=""sv"" rel=""alternate""/>"
ROLLERBLADES,pl,13,link,"{""href"":""https://rentalscooterbarcelona.com/pl/rollerblades/"",""hreflang"":""pl"",""rel"":""alternate""}","<link href=""https://rentalscooterbarcelona.com/pl/rollerblades/"" hreflang=""pl"" rel=""alternate""/>"
ROLLERBLADES,pl,14,meta,"{""content"":""ES-CT"",""name"":""geo.region""}","<meta content=""ES-CT"" name=""geo.region""/>"
ROLLERBLADES,pl,15,meta,"{""content"":""Barcelona"",""name"":""geo.placename""}","<meta content=""Barcelona"" name=""geo.placename""/>"
ROLLERBLADES,pl,16,meta,"{""content"":""41.3906488;2.1984312"",""name"":""geo.position""}","<meta content=""41.3906488;2.1984312"" name=""geo.position""/>"
ROLLERBLADES,pl,17,meta,"{""content"":""41.3906488, 2.1984312"",""name"":""ICBM""}","<meta content=""41.3906488, 2.1984312"" name=""ICBM""/>"
ROLLERBLADES,pl,18,meta,"{""content"":""website"",""property"":""og:type""}","<meta content=""website"" property=""og:type""/>"
ROLLERBLADES,pl,19,meta,"{""content"":""RSB Rental Scooter Barcelona"",""property"":""og:site_name""}","<meta content=""RSB Rental Scooter Barcelona"" property=""og:site_name""/>"
ROLLERBLADES,pl,20,meta,"{""content"":""Wynajem rolek w Barcelonie blisko Port Olímpic | RSB"",""property"":""og:title""}","<meta content=""Wynajem rolek w Barcelonie blisko Port Olímpic | RSB"" property=""og:title""/>"
ROLLERBLADES,pl,21,meta,"{""content"":""Wynajmij rolki w Barcelonie, naprzeciwko plaży i obok Port Olímpic. Kask dziecięcy, ochraniacze i bezpłatne przechowanie bagażu w cenie wynajmu rolek."",""property"":""og:description""}","<meta content=""Wynajmij rolki w Barcelonie, naprzeciwko plaży i obok Port Olímpic. Kask dziecięcy, ochraniacze i bezpłatne przechowanie bagażu w cenie wynajmu rolek."" property=""og:description""/>"
ROLLERBLADES,pl,22,meta,"{""content"":""https://rentalscooterbarcelona.com/pl/rollerblades/"",""property"":""og:url""}","<meta content=""https://rentalscooterbarcelona.com/pl/rollerblades/"" property=""og:url""/>"
ROLLERBLADES,pl,23,meta,"{""content"":""https://rentalscooterbarcelona.com/images/rsb-rollerblades-rental-barcelona-hero-v1-1200.webp"",""property"":""og:image""}","<meta content=""https://rentalscooterbarcelona.com/images/rsb-rollerblades-rental-barcelona-hero-v1-1200.webp"" property=""og:image""/>"
ROLLERBLADES,pl,24,meta,"{""content"":""https://rentalscooterbarcelona.com/images/rsb-rollerblades-rental-barcelona-hero-v1-1200.webp"",""property"":""og:image:secure_url""}","<meta content=""https://rentalscooterbarcelona.com/images/rsb-rollerblades-rental-barcelona-hero-v1-1200.webp"" property=""og:image:secure_url""/>"
ROLLERBLADES,pl,25,meta,"{""content"":""image/webp"",""property"":""og:image:type""}","<meta content=""image/webp"" property=""og:image:type""/>"
ROLLERBLADES,pl,26,meta,"{""content"":""1200"",""property"":""og:image:width""}","<meta content=""1200"" property=""og:image:width""/>"
ROLLERBLADES,pl,27,meta,"{""content"":""525"",""property"":""og:image:height""}","<meta content=""525"" property=""og:image:height""/>"
ROLLERBLADES,pl,28,meta,"{""content"":""Wynajem rolek w Barcelonie blisko Vila Olímpica i plaży Barceloneta"",""property"":""og:image:alt""}","<meta content=""Wynajem rolek w Barcelonie blisko Vila Olímpica i plaży Barceloneta"" property=""og:image:alt""/>"
ROLLERBLADES,pl,29,meta,"{""content"":""pl_PL"",""property"":""og:locale""}","<meta content=""pl_PL"" property=""og:locale""/>"
ROLLERBLADES,pl,30,meta,"{""content"":""en_GB"",""property"":""og:locale:alternate""}","<meta content=""en_GB"" property=""og:locale:alternate""/>"
ROLLERBLADES,pl,31,meta,"{""content"":""es_ES"",""property"":""og:locale:alternate""}","<meta content=""es_ES"" property=""og:locale:alternate""/>"
ROLLERBLADES,pl,32,meta,"{""content"":""fr_FR"",""property"":""og:locale:alternate""}","<meta content=""fr_FR"" property=""og:locale:alternate""/>"
ROLLERBLADES,pl,33,meta,"{""content"":""it_IT"",""property"":""og:locale:alternate""}","<meta content=""it_IT"" property=""og:locale:alternate""/>"
ROLLERBLADES,pl,34,meta,"{""content"":""de_DE"",""property"":""og:locale:alternate""}","<meta content=""de_DE"" property=""og:locale:alternate""/>"
ROLLERBLADES,pl,35,meta,"{""content"":""nl_NL"",""property"":""og:locale:alternate""}","<meta content=""nl_NL"" property=""og:locale:alternate""/>"
ROLLERBLADES,pl,36,meta,"{""content"":""pt_PT"",""property"":""og:locale:alternate""}","<meta content=""pt_PT"" property=""og:locale:alternate""/>"
ROLLERBLADES,pl,37,meta,"{""content"":""ca_ES"",""property"":""og:locale:alternate""}","<meta content=""ca_ES"" property=""og:locale:alternate""/>"
ROLLERBLADES,pl,38,meta,"{""content"":""sv_SE"",""property"":""og:locale:alternate""}","<meta content=""sv_SE"" property=""og:locale:alternate""/>"
ROLLERBLADES,pl,39,meta,"{""content"":""summary_large_image"",""name"":""twitter:card""}","<meta content=""summary_large_image"" name=""twitter:card""/>"
ROLLERBLADES,pl,40,meta,"{""content"":""Wynajem rolek w Barcelonie blisko Port Olímpic | RSB"",""name"":""twitter:title""}","<meta content=""Wynajem rolek w Barcelonie blisko Port Olímpic | RSB"" name=""twitter:title""/>"
ROLLERBLADES,pl,41,meta,"{""content"":""@RSBscooterbarce"",""name"":""twitter:site""}","<meta content=""@RSBscooterbarce"" name=""twitter:site""/>"
ROLLERBLADES,pl,42,meta,"{""content"":""Wynajmij rolki w Barcelonie, naprzeciwko plaży i obok Port Olímpic. Kask dziecięcy, ochraniacze i bezpłatne przechowanie bagażu w cenie wynajmu rolek."",""name"":""twitter:description""}","<meta content=""Wynajmij rolki w Barcelonie, naprzeciwko plaży i obok Port Olímpic. Kask dziecięcy, ochraniacze i bezpłatne przechowanie bagażu w cenie wynajmu rolek."" name=""twitter:description""/>"
ROLLERBLADES,pl,43,meta,"{""content"":""https://rentalscooterbarcelona.com/images/rsb-rollerblades-rental-barcelona-hero-v1-1200.webp"",""name"":""twitter:image""}","<meta content=""https://rentalscooterbarcelona.com/images/rsb-rollerblades-rental-barcelona-hero-v1-1200.webp"" name=""twitter:image""/>"
ROLLERBLADES,pl,44,meta,"{""content"":""Wynajem rolek w Barcelonie blisko Vila Olímpica i plaży Barceloneta"",""name"":""twitter:image:alt""}","<meta content=""Wynajem rolek w Barcelonie blisko Vila Olímpica i plaży Barceloneta"" name=""twitter:image:alt""/>"
ROLLERBLADES,pl,45,link,"{""href"":""https://rentalscooterbarcelona.com/favicon.ico"",""rel"":""icon"",""sizes"":""any""}","<link href=""https://rentalscooterbarcelona.com/favicon.ico"" rel=""icon"" sizes=""any""/>"
ROLLERBLADES,pl,46,link,"{""href"":""https://rentalscooterbarcelona.com/favicon-16x16.png"",""rel"":""icon"",""sizes"":""16x16"",""type"":""image/png""}","<link href=""https://rentalscooterbarcelona.com/favicon-16x16.png"" rel=""icon"" sizes=""16x16"" type=""image/png""/>"
ROLLERBLADES,pl,47,link,"{""href"":""https://rentalscooterbarcelona.com/favicon-32x32.png"",""rel"":""icon"",""sizes"":""32x32"",""type"":""image/png""}","<link href=""https://rentalscooterbarcelona.com/favicon-32x32.png"" rel=""icon"" sizes=""32x32"" type=""image/png""/>"
ROLLERBLADES,pl,48,link,"{""href"":""https://rentalscooterbarcelona.com/favicon-192x192.png"",""rel"":""icon"",""sizes"":""192x192"",""type"":""image/png""}","<link href=""https://rentalscooterbarcelona.com/favicon-192x192.png"" rel=""icon"" sizes=""192x192"" type=""image/png""/>"
ROLLERBLADES,pl,48,link,"{""href"":""https://rentalscooterbarcelona.com/favicon-512x512.png"",""rel"":""icon"",""sizes"":""512x512"",""type"":""image/png""}","<link href=""https://rentalscooterbarcelona.com/favicon-512x512.png"" rel=""icon"" sizes=""512x512"" type=""image/png""/>"
ROLLERBLADES,pl,49,link,"{""href"":""https://rentalscooterbarcelona.com/apple-touch-icon.png"",""rel"":""apple-touch-icon""}","<link href=""https://rentalscooterbarcelona.com/apple-touch-icon.png"" rel=""apple-touch-icon""/>"
ROLLERBLADES,pl,50,meta,"{""content"":""RSB Rental Scooter Barcelona"",""name"":""application-name""}","<meta content=""RSB Rental Scooter Barcelona"" name=""application-name""/>"
ROLLERBLADES,pl,51,meta,"{""content"":""RSB Wynajem"",""name"":""apple-mobile-web-app-title""}","<meta content=""RSB Wynajem"" name=""apple-mobile-web-app-title""/>"
ROLLERBLADES,pl,52,link,"{""href"":""https://fonts.googleapis.com"",""rel"":""preconnect""}","<link href=""https://fonts.googleapis.com"" rel=""preconnect""/>"
ROLLERBLADES,pl,53,link,"{""as"":""image"",""fetchpriority"":""high"",""href"":""https://rentalscooterbarcelona.com/images/rsb-rollerblades-rental-barcelona-hero-group-beach-1600-v1.webp"",""imagesizes"":""100vw"",""imagesrcset"":""https://rentalscooterbarcelona.com/images/rsb-rollerblades-rental-barcelona-hero-group-beach-480-v1.webp 480w, https://rentalscooterbarcelona.com/images/rsb-rollerblades-rental-barcelona-hero-group-beach-800-v1.webp 800w, https://rentalscooterbarcelona.com/images/rsb-rollerblades-rental-barcelona-hero-group-beach-1600-v1.webp 1600w"",""rel"":""preload""}","<link as=""image"" fetchpriority=""high"" href=""https://rentalscooterbarcelona.com/images/rsb-rollerblades-rental-barcelona-hero-group-beach-1600-v1.webp"" imagesizes=""100vw"" imagesrcset=""https://rentalscooterbarcelona.com/images/rsb-rollerblades-rental-barcelona-hero-group-beach-480-v1.webp 480w, https://rentalscooterbarcelona.com/images/rsb-rollerblades-rental-barcelona-hero-group-beach-800-v1.webp 800w, https://rentalscooterbarcelona.com/images/rsb-rollerblades-rental-barcelona-hero-group-beach-1600-v1.webp 1600w"" rel=""preload""/>"
ROLLERBLADES,pl,54,link,"{""crossorigin"":"""",""href"":""https://fonts.gstatic.com"",""rel"":""preconnect""}","<link crossorigin="""" href=""https://fonts.gstatic.com"" rel=""preconnect""/>"
ROLLERBLADES,pl,55,link,"{""href"":""https://fonts.googleapis.com/css2?family=Great+Vibes&family=Space+Grotesk:wght@400;500;600;700&family=Inter:wght@400;500;600;700&display=swap"",""rel"":""stylesheet""}","<link href=""https://fonts.googleapis.com/css2?family=Great+Vibes&amp;family=Space+Grotesk:wght@400;500;600;700&amp;family=Inter:wght@400;500;600;700&amp;display=swap"" rel=""stylesheet""/>"
ROLLERBLADES,pl,57,link,"{""href"":""https://rentalscooterbarcelona.com/styles.css?v=20260813"",""rel"":""stylesheet""}","<link href=""https://rentalscooterbarcelona.com/styles.css?v=20260813"" rel=""stylesheet""/>"
ROLLERBLADES,pl,58,link,"{""href"":""https://rentalscooterbarcelona.com/stylesHome.css?v=20260813"",""rel"":""stylesheet""}","<link href=""https://rentalscooterbarcelona.com/stylesHome.css?v=20260813"" rel=""stylesheet""/>"
ROLLERBLADES,pl,59,link,"{""href"":""https://rentalscooterbarcelona.com/scooter/styles41.css?v=41"",""rel"":""stylesheet""}","<link href=""https://rentalscooterbarcelona.com/scooter/styles41.css?v=41"" rel=""stylesheet""/>"
ROLLERBLADES,pl,60,script,"{""type"":""application/ld+json""}","<script type=""application/ld+json"">"
ROLLERBLADES,pl,580,script,"{""async"":"""",""src"":""https://www.googletagmanager.com/gtag/js?id=G-S7SMLHCNGK""}","<script async="""" src=""https://www.googletagmanager.com/gtag/js?id=G-S7SMLHCNGK"">"
ROLLERBLADES,pl,581,script,{},<script>
ROLLERBLADES,pl,587,script,"{""data-rsb-review-entities"":"""",""type"":""application/ld+json""}","<script data-rsb-review-entities="""" type=""application/ld+json"">"
