grupo,idioma,linea,atributos_completos
HOME,en,609,"{""tag"":""img"",""line"":609,""alt"":""RSB Rental Scooter Barcelona logo"",""decoding"":""async"",""height"":""70"",""sizes"":""70px"",""src"":""https://rentalscooterbarcelona.com/images/rsb-barcelona-rental-logo-2-140-v1.webp"",""srcset"":""https://rentalscooterbarcelona.com/images/rsb-barcelona-rental-logo-2-88-v1.webp 88w, https://rentalscooterbarcelona.com/images/rsb-barcelona-rental-logo-2-140-v1.webp 140w"",""width"":""70""}"
HOME,en,692,"{""tag"":""img"",""line"":692,""alt"":""Group enjoying scooter, inline skates and bike rental near Barceloneta Beach and Vila Olímpica in Barcelona"",""class"":""zoom"",""decoding"":""async"",""fetchpriority"":""high"",""height"":""900"",""sizes"":""100vw"",""src"":""https://rentalscooterbarcelona.com/images/rsb-barcelona-rental-hero-group-beach-1600-v1.webp"",""srcset"":""https://rentalscooterbarcelona.com/images/rsb-barcelona-rental-hero-group-beach-480-v1.webp 480w, https://rentalscooterbarcelona.com/images/rsb-barcelona-rental-hero-group-beach-720-v2.webp 720w, https://rentalscooterbarcelona.com/images/rsb-barcelona-rental-hero-group-beach-800-v1.webp 800w, https://rentalscooterbarcelona.com/images/rsb-barcelona-rental-hero-group-beach-1600-v1.webp 1600w"",""width"":""1600""}"
HOME,en,756,"{""tag"":""img"",""line"":756,""alt"":""Scooter for rent at RSB in Vila Olímpica, Barcelona"",""decoding"":""async"",""height"":""936"",""loading"":""lazy"",""sizes"":""(max-width: 640px) 92vw, (max-width: 1024px) 44vw, 420px"",""src"":""https://rentalscooterbarcelona.com/images/rsb-scooter-rental-barcelona-vila-olimpica-800.webp"",""srcset"":""https://rentalscooterbarcelona.com/images/rsb-scooter-rental-barcelona-vila-olimpica-480.webp 480w, https://rentalscooterbarcelona.com/images/rsb-scooter-rental-barcelona-vila-olimpica-800.webp 800w"",""width"":""800""}"
HOME,en,787,"{""tag"":""img"",""line"":787,""alt"":""Inline skates for rent at RSB in Vila Olímpica, Barcelona"",""decoding"":""async"",""height"":""533"",""loading"":""lazy"",""sizes"":""(max-width: 640px) 92vw, (max-width: 1024px) 44vw, 420px"",""src"":""https://rentalscooterbarcelona.com/images/rsb-inline-skates-rental-barcelona-vila-olimpica-800.webp"",""srcset"":""https://rentalscooterbarcelona.com/images/rsb-inline-skates-rental-barcelona-vila-olimpica-480.webp 480w, https://rentalscooterbarcelona.com/images/rsb-inline-skates-rental-barcelona-vila-olimpica-800.webp 800w"",""width"":""800""}"
HOME,en,815,"{""tag"":""img"",""line"":815,""alt"":""City bike for rent at RSB in Vila Olímpica, Barcelona"",""decoding"":""async"",""height"":""533"",""loading"":""lazy"",""sizes"":""(max-width: 640px) 92vw, (max-width: 1024px) 44vw, 420px"",""src"":""https://rentalscooterbarcelona.com/images/rsb-bike-rental-barcelona-vila-olimpica-800.webp"",""srcset"":""https://rentalscooterbarcelona.com/images/rsb-bike-rental-barcelona-vila-olimpica-480.webp 480w, https://rentalscooterbarcelona.com/images/rsb-bike-rental-barcelona-vila-olimpica-800.webp 800w"",""width"":""800""}"
HOME,en,843,"{""tag"":""img"",""line"":843,""alt"":""Roller skates for rent at RSB in Vila Olímpica, Barcelona"",""decoding"":""async"",""height"":""533"",""loading"":""lazy"",""sizes"":""(max-width: 640px) 92vw, (max-width: 1024px) 44vw, 420px"",""src"":""https://rentalscooterbarcelona.com/images/rsb-quad-skates-rental-barcelona-vila-olimpica-800.webp"",""srcset"":""https://rentalscooterbarcelona.com/images/rsb-quad-skates-rental-barcelona-vila-olimpica-480.webp 480w, https://rentalscooterbarcelona.com/images/rsb-quad-skates-rental-barcelona-vila-olimpica-800.webp 800w"",""width"":""800""}"
HOME,en,871,"{""tag"":""img"",""line"":871,""alt"":""Skateboard for rent at RSB in Vila Olímpica, Barcelona"",""decoding"":""async"",""height"":""360"",""loading"":""lazy"",""sizes"":""(max-width: 640px) 92vw, (max-width: 1024px) 44vw, 420px"",""src"":""https://rentalscooterbarcelona.com/images/rsb-skateboard-rental-barcelona-vila-olimpica-800.webp"",""srcset"":""https://rentalscooterbarcelona.com/images/rsb-skateboard-rental-barcelona-vila-olimpica-480.webp 480w, https://rentalscooterbarcelona.com/images/rsb-skateboard-rental-barcelona-vila-olimpica-800.webp 800w"",""width"":""800""}"
HOME,en,899,"{""tag"":""img"",""line"":899,""alt"":""Longboard for rent at RSB in Vila Olímpica, Barcelona"",""decoding"":""async"",""height"":""478"",""loading"":""lazy"",""sizes"":""(max-width: 640px) 92vw, (max-width: 1024px) 44vw, 420px"",""src"":""https://rentalscooterbarcelona.com/images/rsb-longboard-rental-barcelona-vila-olimpica-800.webp"",""srcset"":""https://rentalscooterbarcelona.com/images/rsb-longboard-rental-barcelona-vila-olimpica-480.webp 480w, https://rentalscooterbarcelona.com/images/rsb-longboard-rental-barcelona-vila-olimpica-800.webp 800w"",""width"":""800""}"
HOME,en,1157,"{""tag"":""img"",""line"":1157,""alt"":""Person carrying inline skates near Vila Olímpica, Barcelona"",""height"":""600"",""loading"":""lazy"",""src"":""https://rentalscooterbarcelona.com/images/9.webp"",""width"":""800""}"
HOME,en,1158,"{""tag"":""img"",""line"":1158,""alt"":""Longboards and helmets displayed inside the RSB shop in Vila Olímpica, Barcelona"",""height"":""600"",""loading"":""lazy"",""src"":""https://rentalscooterbarcelona.com/images/skateboards-rental-barcelona.webp"",""width"":""800""}"
HOME,en,1159,"{""tag"":""img"",""line"":1159,""alt"":""125cc scooter delivery by RSB in Barcelona"",""height"":""600"",""loading"":""lazy"",""src"":""https://rentalscooterbarcelona.com/images/rsb-barcelona-rental-scooter-barcelona.webp"",""width"":""800""}"
HOME,en,1160,"{""tag"":""img"",""line"":1160,""alt"":""Customer renting inline skates at RSB in Vila Olímpica, Barcelona"",""height"":""600"",""loading"":""lazy"",""src"":""https://rentalscooterbarcelona.com/images/2.webp"",""width"":""800""}"
HOME,en,1161,"{""tag"":""img"",""line"":1161,""alt"":""Three people longboarding along the Barceloneta seafront at sunset, Barcelona"",""height"":""600"",""loading"":""lazy"",""src"":""https://rentalscooterbarcelona.com/images/rsb-barcelona-rental-rsb-villa-olimpica-del-poble-nou--rent-skateboard-barcelona-soleado-800-v1.webp"",""width"":""800""}"
HOME,en,1162,"{""tag"":""img"",""line"":1162,""alt"":""Person carrying inline skates near Vila Olímpica, Barcelona"",""height"":""600"",""loading"":""lazy"",""src"":""https://rentalscooterbarcelona.com/images/9.webp"",""width"":""800""}"
HOME,en,1163,"{""tag"":""img"",""line"":1163,""alt"":""Longboards and helmets displayed inside the RSB shop in Vila Olímpica, Barcelona"",""height"":""600"",""loading"":""lazy"",""src"":""https://rentalscooterbarcelona.com/images/skateboards-rental-barcelona.webp"",""width"":""800""}"
HOME,en,1164,"{""tag"":""img"",""line"":1164,""alt"":""125cc scooter delivery by RSB in Barcelona"",""height"":""600"",""loading"":""lazy"",""src"":""https://rentalscooterbarcelona.com/images/rsb-barcelona-rental-scooter-barcelona.webp"",""width"":""800""}"
HOME,en,1165,"{""tag"":""img"",""line"":1165,""alt"":""Customer renting inline skates at RSB in Vila Olímpica, Barcelona"",""height"":""600"",""loading"":""lazy"",""src"":""https://rentalscooterbarcelona.com/images/2.webp"",""width"":""800""}"
HOME,en,1166,"{""tag"":""img"",""line"":1166,""alt"":""Three people longboarding along the Barceloneta seafront at sunset, Barcelona"",""height"":""600"",""loading"":""lazy"",""src"":""https://rentalscooterbarcelona.com/images/rsb-barcelona-rental-rsb-villa-olimpica-del-poble-nou--rent-skateboard-barcelona-soleado-800-v1.webp"",""width"":""800""}"
HOME,en,1187,"{""tag"":""img"",""line"":1187,""alt"":""Interior of RSB Rental Scooter Barcelona shop in Vila Olímpica with inline skates, bikes and skateboards for rent"",""decoding"":""async"",""height"":""630"",""loading"":""lazy"",""sizes"":""(max-width: 768px) 92vw, 900px"",""src"":""https://rentalscooterbarcelona.com/images/rsb-barcelona-rental-shop-interior-inline-skates-bike-vila-olimpica-1200.webp"",""srcset"":""https://rentalscooterbarcelona.com/images/rsb-barcelona-rental-shop-interior-inline-skates-bike-vila-olimpica-640.webp 640w, https://rentalscooterbarcelona.com/images/rsb-barcelona-rental-shop-interior-inline-skates-bike-vila-olimpica-900.webp 900w, https://rentalscooterbarcelona.com/images/rsb-barcelona-rental-shop-interior-inline-skates-bike-vila-olimpica-1200.webp 1200w"",""style"":""width:100%;height:auto;object-fit:cover"",""width"":""1200""}"
HOME,en,1277,"{""tag"":""img"",""line"":1277,""alt"":""RSB Rental Scooter Barcelona logo"",""decoding"":""async"",""height"":""44"",""loading"":""lazy"",""sizes"":""44px"",""src"":""https://rentalscooterbarcelona.com/images/rsb-barcelona-rental-logo-2-88-v1.webp"",""srcset"":""https://rentalscooterbarcelona.com/images/rsb-barcelona-rental-logo-2-88-v1.webp 88w, https://rentalscooterbarcelona.com/images/rsb-barcelona-rental-logo-2-140-v1.webp 140w"",""width"":""44""}"
HOME,es,606,"{""tag"":""img"",""line"":606,""alt"":""Logotipo de RSB Rental Scooter Barcelona"",""decoding"":""async"",""height"":""70"",""sizes"":""70px"",""src"":""https://rentalscooterbarcelona.com/images/rsb-barcelona-rental-logo-2-140-v1.webp"",""srcset"":""https://rentalscooterbarcelona.com/images/rsb-barcelona-rental-logo-2-88-v1.webp 88w, https://rentalscooterbarcelona.com/images/rsb-barcelona-rental-logo-2-140-v1.webp 140w"",""width"":""70""}"
HOME,es,689,"{""tag"":""img"",""line"":689,""alt"":""Grupo disfrutando del alquiler de scooter, patines en línea y bicicletas cerca de la playa de la Barceloneta y Vila Olímpica en Barcelona"",""class"":""zoom"",""decoding"":""async"",""fetchpriority"":""high"",""height"":""900"",""sizes"":""100vw"",""src"":""https://rentalscooterbarcelona.com/images/rsb-barcelona-rental-hero-group-beach-1600-v1.webp"",""srcset"":""https://rentalscooterbarcelona.com/images/rsb-barcelona-rental-hero-group-beach-480-v1.webp 480w, /images/rsb-barcelona-rental-hero-group-beach-720-v2.webp 720w, https://rentalscooterbarcelona.com/images/rsb-barcelona-rental-hero-group-beach-800-v1.webp 800w, https://rentalscooterbarcelona.com/images/rsb-barcelona-rental-hero-group-beach-1600-v1.webp 1600w"",""width"":""1600""}"
HOME,es,753,"{""tag"":""img"",""line"":753,""alt"":""Scooter de alquiler en RSB en Vila Olímpica, Barcelona"",""decoding"":""async"",""height"":""936"",""loading"":""lazy"",""sizes"":""(max-width: 640px) 92vw, (max-width: 1024px) 44vw, 420px"",""src"":""https://rentalscooterbarcelona.com/images/rsb-scooter-rental-barcelona-vila-olimpica-800.webp"",""srcset"":""https://rentalscooterbarcelona.com/images/rsb-scooter-rental-barcelona-vila-olimpica-480.webp 480w, https://rentalscooterbarcelona.com/images/rsb-scooter-rental-barcelona-vila-olimpica-800.webp 800w"",""width"":""800""}"
HOME,es,784,"{""tag"":""img"",""line"":784,""alt"":""Patines en línea de alquiler en RSB en Vila Olímpica, Barcelona"",""decoding"":""async"",""height"":""533"",""loading"":""lazy"",""sizes"":""(max-width: 640px) 92vw, (max-width: 1024px) 44vw, 420px"",""src"":""https://rentalscooterbarcelona.com/images/rsb-inline-skates-rental-barcelona-vila-olimpica-800.webp"",""srcset"":""https://rentalscooterbarcelona.com/images/rsb-inline-skates-rental-barcelona-vila-olimpica-480.webp 480w, https://rentalscooterbarcelona.com/images/rsb-inline-skates-rental-barcelona-vila-olimpica-800.webp 800w"",""width"":""800""}"
HOME,es,812,"{""tag"":""img"",""line"":812,""alt"":""Bicicleta urbana de alquiler en RSB en Vila Olímpica, Barcelona"",""decoding"":""async"",""height"":""533"",""loading"":""lazy"",""sizes"":""(max-width: 640px) 92vw, (max-width: 1024px) 44vw, 420px"",""src"":""https://rentalscooterbarcelona.com/images/rsb-bike-rental-barcelona-vila-olimpica-800.webp"",""srcset"":""https://rentalscooterbarcelona.com/images/rsb-bike-rental-barcelona-vila-olimpica-480.webp 480w, https://rentalscooterbarcelona.com/images/rsb-bike-rental-barcelona-vila-olimpica-800.webp 800w"",""width"":""800""}"
HOME,es,840,"{""tag"":""img"",""line"":840,""alt"":""Patines de cuatro ruedas para alquilar en RSB en Vila Olímpica, Barcelona"",""decoding"":""async"",""height"":""533"",""loading"":""lazy"",""sizes"":""(max-width: 640px) 92vw, (max-width: 1024px) 44vw, 420px"",""src"":""https://rentalscooterbarcelona.com/images/rsb-quad-skates-rental-barcelona-vila-olimpica-800.webp"",""srcset"":""https://rentalscooterbarcelona.com/images/rsb-quad-skates-rental-barcelona-vila-olimpica-480.webp 480w, https://rentalscooterbarcelona.com/images/rsb-quad-skates-rental-barcelona-vila-olimpica-800.webp 800w"",""width"":""800""}"
HOME,es,868,"{""tag"":""img"",""line"":868,""alt"":""Skateboard de alquiler en RSB en Vila Olímpica, Barcelona"",""decoding"":""async"",""height"":""360"",""loading"":""lazy"",""sizes"":""(max-width: 640px) 92vw, (max-width: 1024px) 44vw, 420px"",""src"":""https://rentalscooterbarcelona.com/images/rsb-skateboard-rental-barcelona-vila-olimpica-800.webp"",""srcset"":""https://rentalscooterbarcelona.com/images/rsb-skateboard-rental-barcelona-vila-olimpica-480.webp 480w, https://rentalscooterbarcelona.com/images/rsb-skateboard-rental-barcelona-vila-olimpica-800.webp 800w"",""width"":""800""}"
HOME,es,896,"{""tag"":""img"",""line"":896,""alt"":""Longboard de alquiler en RSB en Vila Olímpica, Barcelona"",""decoding"":""async"",""height"":""478"",""loading"":""lazy"",""sizes"":""(max-width: 640px) 92vw, (max-width: 1024px) 44vw, 420px"",""src"":""https://rentalscooterbarcelona.com/images/rsb-longboard-rental-barcelona-vila-olimpica-800.webp"",""srcset"":""https://rentalscooterbarcelona.com/images/rsb-longboard-rental-barcelona-vila-olimpica-480.webp 480w, https://rentalscooterbarcelona.com/images/rsb-longboard-rental-barcelona-vila-olimpica-800.webp 800w"",""width"":""800""}"
HOME,es,1154,"{""tag"":""img"",""line"":1154,""alt"":""Persona llevando patines en línea en Vila Olímpica, Barcelona"",""height"":""600"",""loading"":""lazy"",""src"":""https://rentalscooterbarcelona.com/images/9.webp"",""width"":""800""}"
HOME,es,1155,"{""tag"":""img"",""line"":1155,""alt"":""Longboards y cascos expuestos dentro de la tienda RSB en Vila Olímpica, Barcelona"",""height"":""600"",""loading"":""lazy"",""src"":""https://rentalscooterbarcelona.com/images/skateboards-rental-barcelona.webp"",""width"":""800""}"
HOME,es,1156,"{""tag"":""img"",""line"":1156,""alt"":""Entrega de scooter 125cc de RSB en Barcelona"",""height"":""600"",""loading"":""lazy"",""src"":""https://rentalscooterbarcelona.com/images/rsb-barcelona-rental-scooter-barcelona.webp"",""width"":""800""}"
HOME,es,1157,"{""tag"":""img"",""line"":1157,""alt"":""Cliente alquilando patines en línea en RSB en Vila Olímpica, Barcelona"",""height"":""600"",""loading"":""lazy"",""src"":""https://rentalscooterbarcelona.com/images/2.webp"",""width"":""800""}"
HOME,es,1158,"{""tag"":""img"",""line"":1158,""alt"":""Tres personas haciendo longboard por el paseo marítimo de la Barceloneta al atardecer, Barcelona"",""height"":""600"",""loading"":""lazy"",""src"":""https://rentalscooterbarcelona.com/images/rsb-barcelona-rental-rsb-villa-olimpica-del-poble-nou--rent-skateboard-barcelona-soleado-800-v1.webp"",""width"":""800""}"
HOME,es,1159,"{""tag"":""img"",""line"":1159,""alt"":""Persona llevando patines en línea en Vila Olímpica, Barcelona"",""height"":""600"",""loading"":""lazy"",""src"":""https://rentalscooterbarcelona.com/images/9.webp"",""width"":""800""}"
HOME,es,1160,"{""tag"":""img"",""line"":1160,""alt"":""Longboards y cascos expuestos dentro de la tienda RSB en Vila Olímpica, Barcelona"",""height"":""600"",""loading"":""lazy"",""src"":""https://rentalscooterbarcelona.com/images/skateboards-rental-barcelona.webp"",""width"":""800""}"
HOME,es,1161,"{""tag"":""img"",""line"":1161,""alt"":""Entrega de scooter 125cc de RSB en Barcelona"",""height"":""600"",""loading"":""lazy"",""src"":""https://rentalscooterbarcelona.com/images/rsb-barcelona-rental-scooter-barcelona.webp"",""width"":""800""}"
HOME,es,1162,"{""tag"":""img"",""line"":1162,""alt"":""Cliente alquilando patines en línea en RSB en Vila Olímpica, Barcelona"",""height"":""600"",""loading"":""lazy"",""src"":""https://rentalscooterbarcelona.com/images/2.webp"",""width"":""800""}"
HOME,es,1163,"{""tag"":""img"",""line"":1163,""alt"":""Tres personas haciendo longboard por el paseo marítimo de la Barceloneta al atardecer, Barcelona"",""height"":""600"",""loading"":""lazy"",""src"":""https://rentalscooterbarcelona.com/images/rsb-barcelona-rental-rsb-villa-olimpica-del-poble-nou--rent-skateboard-barcelona-soleado-800-v1.webp"",""width"":""800""}"
HOME,es,1184,"{""tag"":""img"",""line"":1184,""alt"":""Interior de la tienda RSB Rental Scooter Barcelona en Vila Olímpica con patines en línea, bicicletas y skateboards de alquiler"",""decoding"":""async"",""height"":""630"",""loading"":""lazy"",""sizes"":""(max-width: 768px) 92vw, 900px"",""src"":""https://rentalscooterbarcelona.com/images/rsb-barcelona-rental-shop-interior-inline-skates-bike-vila-olimpica-1200.webp"",""srcset"":""https://rentalscooterbarcelona.com/images/rsb-barcelona-rental-shop-interior-inline-skates-bike-vila-olimpica-640.webp 640w, https://rentalscooterbarcelona.com/images/rsb-barcelona-rental-shop-interior-inline-skates-bike-vila-olimpica-900.webp 900w, https://rentalscooterbarcelona.com/images/rsb-barcelona-rental-shop-interior-inline-skates-bike-vila-olimpica-1200.webp 1200w"",""style"":""width:100%;height:auto;object-fit:cover"",""width"":""1200""}"
HOME,es,1218,"{""tag"":""img"",""line"":1218,""alt"":""Logotipo de RSB Rental Scooter Barcelona"",""decoding"":""async"",""height"":""44"",""loading"":""lazy"",""sizes"":""44px"",""src"":""https://rentalscooterbarcelona.com/images/rsb-barcelona-rental-logo-2-88-v1.webp"",""srcset"":""https://rentalscooterbarcelona.com/images/rsb-barcelona-rental-logo-2-88-v1.webp 88w, https://rentalscooterbarcelona.com/images/rsb-barcelona-rental-logo-2-140-v1.webp 140w"",""width"":""44""}"
HOME,fr,601,"{""tag"":""img"",""line"":601,""alt"":""Logo de RSB Rental Scooter Barcelona"",""decoding"":""async"",""height"":""70"",""sizes"":""70px"",""src"":""https://rentalscooterbarcelona.com/images/rsb-barcelona-rental-logo-2-140-v1.webp"",""srcset"":""https://rentalscooterbarcelona.com/images/rsb-barcelona-rental-logo-2-88-v1.webp 88w, https://rentalscooterbarcelona.com/images/rsb-barcelona-rental-logo-2-140-v1.webp 140w"",""width"":""70""}"
HOME,fr,682,"{""tag"":""img"",""line"":682,""alt"":""Groupe profitant de la location de scooter, de rollers et de vélos près de la plage de la Barceloneta et de la Vila Olímpica à Barcelone"",""class"":""zoom"",""decoding"":""async"",""fetchpriority"":""high"",""height"":""900"",""sizes"":""100vw"",""src"":""https://rentalscooterbarcelona.com/images/rsb-barcelona-rental-hero-group-beach-1600-v1.webp"",""srcset"":""https://rentalscooterbarcelona.com/images/rsb-barcelona-rental-hero-group-beach-480-v1.webp 480w, /images/rsb-barcelona-rental-hero-group-beach-720-v2.webp 720w, https://rentalscooterbarcelona.com/images/rsb-barcelona-rental-hero-group-beach-800-v1.webp 800w, https://rentalscooterbarcelona.com/images/rsb-barcelona-rental-hero-group-beach-1600-v1.webp 1600w"",""width"":""1600""}"
HOME,fr,746,"{""tag"":""img"",""line"":746,""alt"":""Scooter à louer chez RSB à Vila Olímpica, Barcelone"",""decoding"":""async"",""height"":""936"",""loading"":""lazy"",""sizes"":""(max-width: 640px) 92vw, (max-width: 1024px) 44vw, 420px"",""src"":""https://rentalscooterbarcelona.com/images/rsb-scooter-rental-barcelona-vila-olimpica-800.webp"",""srcset"":""https://rentalscooterbarcelona.com/images/rsb-scooter-rental-barcelona-vila-olimpica-480.webp 480w, https://rentalscooterbarcelona.com/images/rsb-scooter-rental-barcelona-vila-olimpica-800.webp 800w"",""width"":""800""}"
HOME,fr,777,"{""tag"":""img"",""line"":777,""alt"":""Rollers en ligne à louer chez RSB à Vila Olímpica, Barcelone"",""decoding"":""async"",""height"":""533"",""loading"":""lazy"",""sizes"":""(max-width: 640px) 92vw, (max-width: 1024px) 44vw, 420px"",""src"":""https://rentalscooterbarcelona.com/images/rsb-inline-skates-rental-barcelona-vila-olimpica-800.webp"",""srcset"":""https://rentalscooterbarcelona.com/images/rsb-inline-skates-rental-barcelona-vila-olimpica-480.webp 480w, https://rentalscooterbarcelona.com/images/rsb-inline-skates-rental-barcelona-vila-olimpica-800.webp 800w"",""width"":""800""}"
HOME,fr,805,"{""tag"":""img"",""line"":805,""alt"":""Vélo de ville à louer chez RSB à Vila Olímpica, Barcelone"",""decoding"":""async"",""height"":""533"",""loading"":""lazy"",""sizes"":""(max-width: 640px) 92vw, (max-width: 1024px) 44vw, 420px"",""src"":""https://rentalscooterbarcelona.com/images/rsb-bike-rental-barcelona-vila-olimpica-800.webp"",""srcset"":""https://rentalscooterbarcelona.com/images/rsb-bike-rental-barcelona-vila-olimpica-480.webp 480w, https://rentalscooterbarcelona.com/images/rsb-bike-rental-barcelona-vila-olimpica-800.webp 800w"",""width"":""800""}"
HOME,fr,833,"{""tag"":""img"",""line"":833,""alt"":""Rollers classiques à louer chez RSB à la Vila Olímpica, Barcelone"",""decoding"":""async"",""height"":""533"",""loading"":""lazy"",""sizes"":""(max-width: 640px) 92vw, (max-width: 1024px) 44vw, 420px"",""src"":""https://rentalscooterbarcelona.com/images/rsb-quad-skates-rental-barcelona-vila-olimpica-800.webp"",""srcset"":""https://rentalscooterbarcelona.com/images/rsb-quad-skates-rental-barcelona-vila-olimpica-480.webp 480w, https://rentalscooterbarcelona.com/images/rsb-quad-skates-rental-barcelona-vila-olimpica-800.webp 800w"",""width"":""800""}"
HOME,fr,861,"{""tag"":""img"",""line"":861,""alt"":""Skateboard à louer chez RSB à Vila Olímpica, Barcelone"",""decoding"":""async"",""height"":""360"",""loading"":""lazy"",""sizes"":""(max-width: 640px) 92vw, (max-width: 1024px) 44vw, 420px"",""src"":""https://rentalscooterbarcelona.com/images/rsb-skateboard-rental-barcelona-vila-olimpica-800.webp"",""srcset"":""https://rentalscooterbarcelona.com/images/rsb-skateboard-rental-barcelona-vila-olimpica-480.webp 480w, https://rentalscooterbarcelona.com/images/rsb-skateboard-rental-barcelona-vila-olimpica-800.webp 800w"",""width"":""800""}"
HOME,fr,889,"{""tag"":""img"",""line"":889,""alt"":""Longboard à louer chez RSB à Vila Olímpica, Barcelone"",""decoding"":""async"",""height"":""478"",""loading"":""lazy"",""sizes"":""(max-width: 640px) 92vw, (max-width: 1024px) 44vw, 420px"",""src"":""https://rentalscooterbarcelona.com/images/rsb-longboard-rental-barcelona-vila-olimpica-800.webp"",""srcset"":""https://rentalscooterbarcelona.com/images/rsb-longboard-rental-barcelona-vila-olimpica-480.webp 480w, https://rentalscooterbarcelona.com/images/rsb-longboard-rental-barcelona-vila-olimpica-800.webp 800w"",""width"":""800""}"
HOME,fr,1147,"{""tag"":""img"",""line"":1147,""alt"":""Personne portant des rollers en ligne près de Vila Olímpica, Barcelone"",""height"":""600"",""loading"":""lazy"",""src"":""https://rentalscooterbarcelona.com/images/9.webp"",""width"":""800""}"
HOME,fr,1148,"{""tag"":""img"",""line"":1148,""alt"":""Longboards et casques exposés dans la boutique RSB à Vila Olímpica, Barcelone"",""height"":""600"",""loading"":""lazy"",""src"":""https://rentalscooterbarcelona.com/images/skateboards-rental-barcelona.webp"",""width"":""800""}"
HOME,fr,1149,"{""tag"":""img"",""line"":1149,""alt"":""Livraison d’un scooter 125cc par RSB à Barcelone"",""height"":""600"",""loading"":""lazy"",""src"":""https://rentalscooterbarcelona.com/images/rsb-barcelona-rental-scooter-barcelona.webp"",""width"":""800""}"
HOME,fr,1150,"{""tag"":""img"",""line"":1150,""alt"":""Client louant des rollers en ligne chez RSB à Vila Olímpica, Barcelone"",""height"":""600"",""loading"":""lazy"",""src"":""https://rentalscooterbarcelona.com/images/2.webp"",""width"":""800""}"
HOME,fr,1151,"{""tag"":""img"",""line"":1151,""alt"":""Trois personnes en longboard sur le front de mer de la Barceloneta au coucher du soleil, Barcelone"",""height"":""600"",""loading"":""lazy"",""src"":""https://rentalscooterbarcelona.com/images/rsb-barcelona-rental-rsb-villa-olimpica-del-poble-nou--rent-skateboard-barcelona-soleado-800-v1.webp"",""width"":""800""}"
HOME,fr,1152,"{""tag"":""img"",""line"":1152,""alt"":""Personne portant des rollers en ligne près de Vila Olímpica, Barcelone"",""height"":""600"",""loading"":""lazy"",""src"":""https://rentalscooterbarcelona.com/images/9.webp"",""width"":""800""}"
HOME,fr,1153,"{""tag"":""img"",""line"":1153,""alt"":""Longboards et casques exposés dans la boutique RSB à Vila Olímpica, Barcelone"",""height"":""600"",""loading"":""lazy"",""src"":""https://rentalscooterbarcelona.com/images/skateboards-rental-barcelona.webp"",""width"":""800""}"
HOME,fr,1154,"{""tag"":""img"",""line"":1154,""alt"":""Livraison d’un scooter 125cc par RSB à Barcelone"",""height"":""600"",""loading"":""lazy"",""src"":""https://rentalscooterbarcelona.com/images/rsb-barcelona-rental-scooter-barcelona.webp"",""width"":""800""}"
HOME,fr,1155,"{""tag"":""img"",""line"":1155,""alt"":""Client louant des rollers en ligne chez RSB à Vila Olímpica, Barcelone"",""height"":""600"",""loading"":""lazy"",""src"":""https://rentalscooterbarcelona.com/images/2.webp"",""width"":""800""}"
HOME,fr,1156,"{""tag"":""img"",""line"":1156,""alt"":""Trois personnes en longboard sur le front de mer de la Barceloneta au coucher du soleil, Barcelone"",""height"":""600"",""loading"":""lazy"",""src"":""https://rentalscooterbarcelona.com/images/rsb-barcelona-rental-rsb-villa-olimpica-del-poble-nou--rent-skateboard-barcelona-soleado-800-v1.webp"",""width"":""800""}"
HOME,fr,1177,"{""tag"":""img"",""line"":1177,""alt"":""Intérieur de la boutique RSB Rental Scooter Barcelona à Vila Olímpica avec rollers en ligne, vélos et skateboards à louer"",""decoding"":""async"",""height"":""630"",""loading"":""lazy"",""sizes"":""(max-width: 768px) 92vw, 900px"",""src"":""https://rentalscooterbarcelona.com/images/rsb-barcelona-rental-shop-interior-inline-skates-bike-vila-olimpica-1200.webp"",""srcset"":""https://rentalscooterbarcelona.com/images/rsb-barcelona-rental-shop-interior-inline-skates-bike-vila-olimpica-640.webp 640w, https://rentalscooterbarcelona.com/images/rsb-barcelona-rental-shop-interior-inline-skates-bike-vila-olimpica-900.webp 900w, https://rentalscooterbarcelona.com/images/rsb-barcelona-rental-shop-interior-inline-skates-bike-vila-olimpica-1200.webp 1200w"",""style"":""width:100%;height:auto;object-fit:cover"",""width"":""1200""}"
HOME,fr,1211,"{""tag"":""img"",""line"":1211,""alt"":""Logo de RSB Rental Scooter Barcelona"",""decoding"":""async"",""height"":""44"",""loading"":""lazy"",""sizes"":""44px"",""src"":""https://rentalscooterbarcelona.com/images/rsb-barcelona-rental-logo-2-88-v1.webp"",""srcset"":""https://rentalscooterbarcelona.com/images/rsb-barcelona-rental-logo-2-88-v1.webp 88w, https://rentalscooterbarcelona.com/images/rsb-barcelona-rental-logo-2-140-v1.webp 140w"",""width"":""44""}"
HOME,it,600,"{""tag"":""img"",""line"":600,""alt"":""Logo di RSB Rental Scooter Barcelona"",""decoding"":""async"",""height"":""70"",""sizes"":""70px"",""src"":""https://rentalscooterbarcelona.com/images/rsb-barcelona-rental-logo-2-140-v1.webp"",""srcset"":""https://rentalscooterbarcelona.com/images/rsb-barcelona-rental-logo-2-88-v1.webp 88w, https://rentalscooterbarcelona.com/images/rsb-barcelona-rental-logo-2-140-v1.webp 140w"",""width"":""70""}"
HOME,it,687,"{""tag"":""img"",""line"":687,""alt"":""Gruppo che si gode il noleggio di scooter, pattini in linea e biciclette vicino alla spiaggia della Barceloneta e a Vila Olímpica, a Barcellona"",""class"":""zoom"",""decoding"":""async"",""fetchpriority"":""high"",""height"":""900"",""sizes"":""100vw"",""src"":""https://rentalscooterbarcelona.com/images/rsb-barcelona-rental-hero-group-beach-1600-v1.webp"",""srcset"":""https://rentalscooterbarcelona.com/images/rsb-barcelona-rental-hero-group-beach-480-v1.webp 480w, /images/rsb-barcelona-rental-hero-group-beach-720-v2.webp 720w, https://rentalscooterbarcelona.com/images/rsb-barcelona-rental-hero-group-beach-800-v1.webp 800w, https://rentalscooterbarcelona.com/images/rsb-barcelona-rental-hero-group-beach-1600-v1.webp 1600w"",""width"":""1600""}"
HOME,it,751,"{""tag"":""img"",""line"":751,""alt"":""Scooter a noleggio da RSB a Vila Olímpica, Barcellona"",""decoding"":""async"",""height"":""936"",""loading"":""lazy"",""sizes"":""(max-width: 640px) 92vw, (max-width: 1024px) 44vw, 420px"",""src"":""https://rentalscooterbarcelona.com/images/rsb-scooter-rental-barcelona-vila-olimpica-800.webp"",""srcset"":""https://rentalscooterbarcelona.com/images/rsb-scooter-rental-barcelona-vila-olimpica-480.webp 480w, https://rentalscooterbarcelona.com/images/rsb-scooter-rental-barcelona-vila-olimpica-800.webp 800w"",""width"":""800""}"
HOME,it,782,"{""tag"":""img"",""line"":782,""alt"":""Pattini in linea a noleggio da RSB a Vila Olímpica, Barcellona"",""decoding"":""async"",""height"":""533"",""loading"":""lazy"",""sizes"":""(max-width: 640px) 92vw, (max-width: 1024px) 44vw, 420px"",""src"":""https://rentalscooterbarcelona.com/images/rsb-inline-skates-rental-barcelona-vila-olimpica-800.webp"",""srcset"":""https://rentalscooterbarcelona.com/images/rsb-inline-skates-rental-barcelona-vila-olimpica-480.webp 480w, https://rentalscooterbarcelona.com/images/rsb-inline-skates-rental-barcelona-vila-olimpica-800.webp 800w"",""width"":""800""}"
HOME,it,810,"{""tag"":""img"",""line"":810,""alt"":""Bicicletta urbana a noleggio da RSB a Vila Olímpica, Barcellona"",""decoding"":""async"",""height"":""533"",""loading"":""lazy"",""sizes"":""(max-width: 640px) 92vw, (max-width: 1024px) 44vw, 420px"",""src"":""https://rentalscooterbarcelona.com/images/rsb-bike-rental-barcelona-vila-olimpica-800.webp"",""srcset"":""https://rentalscooterbarcelona.com/images/rsb-bike-rental-barcelona-vila-olimpica-480.webp 480w, https://rentalscooterbarcelona.com/images/rsb-bike-rental-barcelona-vila-olimpica-800.webp 800w"",""width"":""800""}"
HOME,it,838,"{""tag"":""img"",""line"":838,""alt"":""Pattini a rotelle a noleggio da RSB a Vila Olímpica, Barcellona"",""decoding"":""async"",""height"":""533"",""loading"":""lazy"",""sizes"":""(max-width: 640px) 92vw, (max-width: 1024px) 44vw, 420px"",""src"":""https://rentalscooterbarcelona.com/images/rsb-quad-skates-rental-barcelona-vila-olimpica-800.webp"",""srcset"":""https://rentalscooterbarcelona.com/images/rsb-quad-skates-rental-barcelona-vila-olimpica-480.webp 480w, https://rentalscooterbarcelona.com/images/rsb-quad-skates-rental-barcelona-vila-olimpica-800.webp 800w"",""width"":""800""}"
HOME,it,866,"{""tag"":""img"",""line"":866,""alt"":""Skateboard a noleggio da RSB a Vila Olímpica, Barcellona"",""decoding"":""async"",""height"":""360"",""loading"":""lazy"",""sizes"":""(max-width: 640px) 92vw, (max-width: 1024px) 44vw, 420px"",""src"":""https://rentalscooterbarcelona.com/images/rsb-skateboard-rental-barcelona-vila-olimpica-800.webp"",""srcset"":""https://rentalscooterbarcelona.com/images/rsb-skateboard-rental-barcelona-vila-olimpica-480.webp 480w, https://rentalscooterbarcelona.com/images/rsb-skateboard-rental-barcelona-vila-olimpica-800.webp 800w"",""width"":""800""}"
HOME,it,894,"{""tag"":""img"",""line"":894,""alt"":""Longboard a noleggio da RSB a Vila Olímpica, Barcellona"",""decoding"":""async"",""height"":""478"",""loading"":""lazy"",""sizes"":""(max-width: 640px) 92vw, (max-width: 1024px) 44vw, 420px"",""src"":""https://rentalscooterbarcelona.com/images/rsb-longboard-rental-barcelona-vila-olimpica-800.webp"",""srcset"":""https://rentalscooterbarcelona.com/images/rsb-longboard-rental-barcelona-vila-olimpica-480.webp 480w, https://rentalscooterbarcelona.com/images/rsb-longboard-rental-barcelona-vila-olimpica-800.webp 800w"",""width"":""800""}"
HOME,it,1152,"{""tag"":""img"",""line"":1152,""alt"":""Persona con pattini in linea vicino a Vila Olímpica, Barcellona"",""height"":""600"",""loading"":""lazy"",""src"":""https://rentalscooterbarcelona.com/images/9.webp"",""width"":""800""}"
HOME,it,1153,"{""tag"":""img"",""line"":1153,""alt"":""Longboard e caschi esposti all’interno del negozio RSB a Vila Olímpica, Barcellona"",""height"":""600"",""loading"":""lazy"",""src"":""https://rentalscooterbarcelona.com/images/skateboards-rental-barcelona.webp"",""width"":""800""}"
HOME,it,1154,"{""tag"":""img"",""line"":1154,""alt"":""Consegna di scooter 125cc da RSB a Barcellona"",""height"":""600"",""loading"":""lazy"",""src"":""https://rentalscooterbarcelona.com/images/rsb-barcelona-rental-scooter-barcelona.webp"",""width"":""800""}"
HOME,it,1155,"{""tag"":""img"",""line"":1155,""alt"":""Cliente che noleggia pattini in linea da RSB a Vila Olímpica, Barcellona"",""height"":""600"",""loading"":""lazy"",""src"":""https://rentalscooterbarcelona.com/images/2.webp"",""width"":""800""}"
HOME,it,1156,"{""tag"":""img"",""line"":1156,""alt"":""Tre persone in longboard sul lungomare della Barceloneta al tramonto, Barcellona"",""height"":""600"",""loading"":""lazy"",""src"":""https://rentalscooterbarcelona.com/images/rsb-barcelona-rental-rsb-villa-olimpica-del-poble-nou--rent-skateboard-barcelona-soleado-800-v1.webp"",""width"":""800""}"
HOME,it,1157,"{""tag"":""img"",""line"":1157,""alt"":""Persona con pattini in linea vicino a Vila Olímpica, Barcellona"",""height"":""600"",""loading"":""lazy"",""src"":""https://rentalscooterbarcelona.com/images/9.webp"",""width"":""800""}"
HOME,it,1158,"{""tag"":""img"",""line"":1158,""alt"":""Longboard e caschi esposti all’interno del negozio RSB a Vila Olímpica, Barcellona"",""height"":""600"",""loading"":""lazy"",""src"":""https://rentalscooterbarcelona.com/images/skateboards-rental-barcelona.webp"",""width"":""800""}"
HOME,it,1159,"{""tag"":""img"",""line"":1159,""alt"":""Consegna di scooter 125cc da RSB a Barcellona"",""height"":""600"",""loading"":""lazy"",""src"":""https://rentalscooterbarcelona.com/images/rsb-barcelona-rental-scooter-barcelona.webp"",""width"":""800""}"
HOME,it,1160,"{""tag"":""img"",""line"":1160,""alt"":""Cliente che noleggia pattini in linea da RSB a Vila Olímpica, Barcellona"",""height"":""600"",""loading"":""lazy"",""src"":""https://rentalscooterbarcelona.com/images/2.webp"",""width"":""800""}"
HOME,it,1161,"{""tag"":""img"",""line"":1161,""alt"":""Tre persone in longboard sul lungomare della Barceloneta al tramonto, Barcellona"",""height"":""600"",""loading"":""lazy"",""src"":""https://rentalscooterbarcelona.com/images/rsb-barcelona-rental-rsb-villa-olimpica-del-poble-nou--rent-skateboard-barcelona-soleado-800-v1.webp"",""width"":""800""}"
HOME,it,1182,"{""tag"":""img"",""line"":1182,""alt"":""Interno del negozio RSB Rental Scooter Barcelona a Vila Olímpica con pattini in linea, biciclette e skateboard a noleggio"",""decoding"":""async"",""height"":""630"",""loading"":""lazy"",""sizes"":""(max-width: 768px) 92vw, 900px"",""src"":""https://rentalscooterbarcelona.com/images/rsb-barcelona-rental-shop-interior-inline-skates-bike-vila-olimpica-1200.webp"",""srcset"":""https://rentalscooterbarcelona.com/images/rsb-barcelona-rental-shop-interior-inline-skates-bike-vila-olimpica-640.webp 640w, https://rentalscooterbarcelona.com/images/rsb-barcelona-rental-shop-interior-inline-skates-bike-vila-olimpica-900.webp 900w, https://rentalscooterbarcelona.com/images/rsb-barcelona-rental-shop-interior-inline-skates-bike-vila-olimpica-1200.webp 1200w"",""style"":""width:100%;height:auto;object-fit:cover"",""width"":""1200""}"
HOME,it,1216,"{""tag"":""img"",""line"":1216,""alt"":""Logo di RSB Rental Scooter Barcelona"",""decoding"":""async"",""height"":""44"",""loading"":""lazy"",""sizes"":""44px"",""src"":""https://rentalscooterbarcelona.com/images/rsb-barcelona-rental-logo-2-88-v1.webp"",""srcset"":""https://rentalscooterbarcelona.com/images/rsb-barcelona-rental-logo-2-88-v1.webp 88w, https://rentalscooterbarcelona.com/images/rsb-barcelona-rental-logo-2-140-v1.webp 140w"",""width"":""44""}"
HOME,de,598,"{""tag"":""img"",""line"":598,""alt"":""Logo von RSB Rental Scooter Barcelona"",""decoding"":""async"",""height"":""70"",""sizes"":""70px"",""src"":""https://rentalscooterbarcelona.com/images/rsb-barcelona-rental-logo-2-140-v1.webp"",""srcset"":""https://rentalscooterbarcelona.com/images/rsb-barcelona-rental-logo-2-88-v1.webp 88w, https://rentalscooterbarcelona.com/images/rsb-barcelona-rental-logo-2-140-v1.webp 140w"",""width"":""70""}"
HOME,de,679,"{""tag"":""img"",""line"":679,""alt"":""Gruppe beim Scooter-, Inlineskates- und Fahrradverleih nahe dem Strand von Barceloneta in Barcelona"",""class"":""zoom"",""decoding"":""async"",""fetchpriority"":""high"",""height"":""900"",""sizes"":""100vw"",""src"":""https://rentalscooterbarcelona.com/images/rsb-barcelona-rental-hero-group-beach-1600-v1.webp"",""srcset"":""https://rentalscooterbarcelona.com/images/rsb-barcelona-rental-hero-group-beach-480-v1.webp 480w, /images/rsb-barcelona-rental-hero-group-beach-720-v2.webp 720w, https://rentalscooterbarcelona.com/images/rsb-barcelona-rental-hero-group-beach-800-v1.webp 800w, https://rentalscooterbarcelona.com/images/rsb-barcelona-rental-hero-group-beach-1600-v1.webp 1600w"",""width"":""1600""}"
HOME,de,743,"{""tag"":""img"",""line"":743,""alt"":""Scooter zum Mieten bei RSB in Vila Olímpica, Barcelona"",""decoding"":""async"",""height"":""936"",""loading"":""lazy"",""sizes"":""(max-width: 640px) 92vw, (max-width: 1024px) 44vw, 420px"",""src"":""https://rentalscooterbarcelona.com/images/rsb-scooter-rental-barcelona-vila-olimpica-800.webp"",""srcset"":""https://rentalscooterbarcelona.com/images/rsb-scooter-rental-barcelona-vila-olimpica-480.webp 480w, https://rentalscooterbarcelona.com/images/rsb-scooter-rental-barcelona-vila-olimpica-800.webp 800w"",""width"":""800""}"
HOME,de,774,"{""tag"":""img"",""line"":774,""alt"":""Inlineskates zum Mieten bei RSB in Vila Olímpica, Barcelona"",""decoding"":""async"",""height"":""533"",""loading"":""lazy"",""sizes"":""(max-width: 640px) 92vw, (max-width: 1024px) 44vw, 420px"",""src"":""https://rentalscooterbarcelona.com/images/rsb-inline-skates-rental-barcelona-vila-olimpica-800.webp"",""srcset"":""https://rentalscooterbarcelona.com/images/rsb-inline-skates-rental-barcelona-vila-olimpica-480.webp 480w, https://rentalscooterbarcelona.com/images/rsb-inline-skates-rental-barcelona-vila-olimpica-800.webp 800w"",""width"":""800""}"
HOME,de,802,"{""tag"":""img"",""line"":802,""alt"":""Citybike zum Mieten bei RSB in Vila Olímpica, Barcelona"",""decoding"":""async"",""height"":""533"",""loading"":""lazy"",""sizes"":""(max-width: 640px) 92vw, (max-width: 1024px) 44vw, 420px"",""src"":""https://rentalscooterbarcelona.com/images/rsb-bike-rental-barcelona-vila-olimpica-800.webp"",""srcset"":""https://rentalscooterbarcelona.com/images/rsb-bike-rental-barcelona-vila-olimpica-480.webp 480w, https://rentalscooterbarcelona.com/images/rsb-bike-rental-barcelona-vila-olimpica-800.webp 800w"",""width"":""800""}"
HOME,de,830,"{""tag"":""img"",""line"":830,""alt"":""Rollschuhe zum Mieten bei RSB in Vila Olímpica, Barcelona"",""decoding"":""async"",""height"":""533"",""loading"":""lazy"",""sizes"":""(max-width: 640px) 92vw, (max-width: 1024px) 44vw, 420px"",""src"":""https://rentalscooterbarcelona.com/images/rsb-quad-skates-rental-barcelona-vila-olimpica-800.webp"",""srcset"":""https://rentalscooterbarcelona.com/images/rsb-quad-skates-rental-barcelona-vila-olimpica-480.webp 480w, https://rentalscooterbarcelona.com/images/rsb-quad-skates-rental-barcelona-vila-olimpica-800.webp 800w"",""width"":""800""}"
HOME,de,858,"{""tag"":""img"",""line"":858,""alt"":""Skateboard zum Mieten bei RSB in Vila Olímpica, Barcelona"",""decoding"":""async"",""height"":""360"",""loading"":""lazy"",""sizes"":""(max-width: 640px) 92vw, (max-width: 1024px) 44vw, 420px"",""src"":""https://rentalscooterbarcelona.com/images/rsb-skateboard-rental-barcelona-vila-olimpica-800.webp"",""srcset"":""https://rentalscooterbarcelona.com/images/rsb-skateboard-rental-barcelona-vila-olimpica-480.webp 480w, https://rentalscooterbarcelona.com/images/rsb-skateboard-rental-barcelona-vila-olimpica-800.webp 800w"",""width"":""800""}"
HOME,de,886,"{""tag"":""img"",""line"":886,""alt"":""Longboard zum Mieten bei RSB in Vila Olímpica, Barcelona"",""decoding"":""async"",""height"":""478"",""loading"":""lazy"",""sizes"":""(max-width: 640px) 92vw, (max-width: 1024px) 44vw, 420px"",""src"":""https://rentalscooterbarcelona.com/images/rsb-longboard-rental-barcelona-vila-olimpica-800.webp"",""srcset"":""https://rentalscooterbarcelona.com/images/rsb-longboard-rental-barcelona-vila-olimpica-480.webp 480w, https://rentalscooterbarcelona.com/images/rsb-longboard-rental-barcelona-vila-olimpica-800.webp 800w"",""width"":""800""}"
HOME,de,1146,"{""tag"":""img"",""line"":1146,""alt"":""Person trägt Inlineskates in der Nähe von Vila Olímpica, Barcelona"",""height"":""600"",""loading"":""lazy"",""src"":""https://rentalscooterbarcelona.com/images/9.webp"",""width"":""800""}"
HOME,de,1147,"{""tag"":""img"",""line"":1147,""alt"":""Longboards und Helme im RSB-Shop in Vila Olímpica, Barcelona"",""height"":""600"",""loading"":""lazy"",""src"":""https://rentalscooterbarcelona.com/images/skateboards-rental-barcelona.webp"",""width"":""800""}"
HOME,de,1148,"{""tag"":""img"",""line"":1148,""alt"":""125cc-Scooterzustellung durch RSB in Barcelona"",""height"":""600"",""loading"":""lazy"",""src"":""https://rentalscooterbarcelona.com/images/rsb-barcelona-rental-scooter-barcelona.webp"",""width"":""800""}"
HOME,de,1149,"{""tag"":""img"",""line"":1149,""alt"":""Kunde mietet Inlineskates bei RSB in Vila Olímpica, Barcelona"",""height"":""600"",""loading"":""lazy"",""src"":""https://rentalscooterbarcelona.com/images/2.webp"",""width"":""800""}"
HOME,de,1150,"{""tag"":""img"",""line"":1150,""alt"":""Drei Personen fahren bei Sonnenuntergang Longboard an der Strandpromenade von Barceloneta, Barcelona"",""height"":""600"",""loading"":""lazy"",""src"":""https://rentalscooterbarcelona.com/images/rsb-barcelona-rental-rsb-villa-olimpica-del-poble-nou--rent-skateboard-barcelona-soleado-800-v1.webp"",""width"":""800""}"
HOME,de,1151,"{""tag"":""img"",""line"":1151,""alt"":""Person trägt Inlineskates in der Nähe von Vila Olímpica, Barcelona"",""height"":""600"",""loading"":""lazy"",""src"":""https://rentalscooterbarcelona.com/images/9.webp"",""width"":""800""}"
HOME,de,1152,"{""tag"":""img"",""line"":1152,""alt"":""Longboards und Helme im RSB-Shop in Vila Olímpica, Barcelona"",""height"":""600"",""loading"":""lazy"",""src"":""https://rentalscooterbarcelona.com/images/skateboards-rental-barcelona.webp"",""width"":""800""}"
HOME,de,1153,"{""tag"":""img"",""line"":1153,""alt"":""125cc-Scooterzustellung durch RSB in Barcelona"",""height"":""600"",""loading"":""lazy"",""src"":""https://rentalscooterbarcelona.com/images/rsb-barcelona-rental-scooter-barcelona.webp"",""width"":""800""}"
HOME,de,1154,"{""tag"":""img"",""line"":1154,""alt"":""Kunde mietet Inlineskates bei RSB in Vila Olímpica, Barcelona"",""height"":""600"",""loading"":""lazy"",""src"":""https://rentalscooterbarcelona.com/images/2.webp"",""width"":""800""}"
HOME,de,1155,"{""tag"":""img"",""line"":1155,""alt"":""Drei Personen fahren bei Sonnenuntergang Longboard an der Strandpromenade von Barceloneta, Barcelona"",""height"":""600"",""loading"":""lazy"",""src"":""https://rentalscooterbarcelona.com/images/rsb-barcelona-rental-rsb-villa-olimpica-del-poble-nou--rent-skateboard-barcelona-soleado-800-v1.webp"",""width"":""800""}"
HOME,de,1176,"{""tag"":""img"",""line"":1176,""alt"":""Innenbereich des RSB Rental Scooter Barcelona Shops in Vila Olímpica mit Inlineskates, Fahrrädern und Skateboards zur Miete"",""decoding"":""async"",""height"":""630"",""loading"":""lazy"",""sizes"":""(max-width: 768px) 92vw, 900px"",""src"":""https://rentalscooterbarcelona.com/images/rsb-barcelona-rental-shop-interior-inline-skates-bike-vila-olimpica-1200.webp"",""srcset"":""https://rentalscooterbarcelona.com/images/rsb-barcelona-rental-shop-interior-inline-skates-bike-vila-olimpica-640.webp 640w, https://rentalscooterbarcelona.com/images/rsb-barcelona-rental-shop-interior-inline-skates-bike-vila-olimpica-900.webp 900w, https://rentalscooterbarcelona.com/images/rsb-barcelona-rental-shop-interior-inline-skates-bike-vila-olimpica-1200.webp 1200w"",""style"":""width:100%;height:auto;object-fit:cover"",""width"":""1200""}"
HOME,de,1225,"{""tag"":""img"",""line"":1225,""alt"":""Logo von RSB Rental Scooter Barcelona"",""decoding"":""async"",""height"":""44"",""loading"":""lazy"",""sizes"":""44px"",""src"":""https://rentalscooterbarcelona.com/images/rsb-barcelona-rental-logo-2-88-v1.webp"",""srcset"":""https://rentalscooterbarcelona.com/images/rsb-barcelona-rental-logo-2-88-v1.webp 88w, https://rentalscooterbarcelona.com/images/rsb-barcelona-rental-logo-2-140-v1.webp 140w"",""width"":""44""}"
HOME,nl,612,"{""tag"":""img"",""line"":612,""alt"":""Logo van RSB Rental Scooter Barcelona"",""decoding"":""async"",""height"":""70"",""sizes"":""70px"",""src"":""https://rentalscooterbarcelona.com/images/rsb-barcelona-rental-logo-2-140-v1.webp"",""srcset"":""https://rentalscooterbarcelona.com/images/rsb-barcelona-rental-logo-2-88-v1.webp 88w, https://rentalscooterbarcelona.com/images/rsb-barcelona-rental-logo-2-140-v1.webp 140w"",""width"":""70""}"
HOME,nl,693,"{""tag"":""img"",""line"":693,""alt"":""Groep die geniet van scooterverhuur, inline skates en fietsen bij het strand van Barceloneta en Vila Olímpica in Barcelona"",""class"":""zoom"",""decoding"":""async"",""fetchpriority"":""high"",""height"":""900"",""sizes"":""100vw"",""src"":""https://rentalscooterbarcelona.com/images/rsb-barcelona-rental-hero-group-beach-1600-v1.webp"",""srcset"":""https://rentalscooterbarcelona.com/images/rsb-barcelona-rental-hero-group-beach-480-v1.webp 480w, /images/rsb-barcelona-rental-hero-group-beach-720-v2.webp 720w, https://rentalscooterbarcelona.com/images/rsb-barcelona-rental-hero-group-beach-800-v1.webp 800w, https://rentalscooterbarcelona.com/images/rsb-barcelona-rental-hero-group-beach-1600-v1.webp 1600w"",""width"":""1600""}"
HOME,nl,757,"{""tag"":""img"",""line"":757,""alt"":""Scooter te huur bij RSB in Vila Olímpica, Barcelona"",""decoding"":""async"",""height"":""936"",""loading"":""lazy"",""sizes"":""(max-width: 640px) 92vw, (max-width: 1024px) 44vw, 420px"",""src"":""https://rentalscooterbarcelona.com/images/rsb-scooter-rental-barcelona-vila-olimpica-800.webp"",""srcset"":""https://rentalscooterbarcelona.com/images/rsb-scooter-rental-barcelona-vila-olimpica-480.webp 480w, https://rentalscooterbarcelona.com/images/rsb-scooter-rental-barcelona-vila-olimpica-800.webp 800w"",""width"":""800""}"
HOME,nl,788,"{""tag"":""img"",""line"":788,""alt"":""Inline skates te huur bij RSB in Vila Olímpica, Barcelona"",""decoding"":""async"",""height"":""533"",""loading"":""lazy"",""sizes"":""(max-width: 640px) 92vw, (max-width: 1024px) 44vw, 420px"",""src"":""https://rentalscooterbarcelona.com/images/rsb-inline-skates-rental-barcelona-vila-olimpica-800.webp"",""srcset"":""https://rentalscooterbarcelona.com/images/rsb-inline-skates-rental-barcelona-vila-olimpica-480.webp 480w, https://rentalscooterbarcelona.com/images/rsb-inline-skates-rental-barcelona-vila-olimpica-800.webp 800w"",""width"":""800""}"
HOME,nl,816,"{""tag"":""img"",""line"":816,""alt"":""Stadsfiets te huur bij RSB in Vila Olímpica, Barcelona"",""decoding"":""async"",""height"":""533"",""loading"":""lazy"",""sizes"":""(max-width: 640px) 92vw, (max-width: 1024px) 44vw, 420px"",""src"":""https://rentalscooterbarcelona.com/images/rsb-bike-rental-barcelona-vila-olimpica-800.webp"",""srcset"":""https://rentalscooterbarcelona.com/images/rsb-bike-rental-barcelona-vila-olimpica-480.webp 480w, https://rentalscooterbarcelona.com/images/rsb-bike-rental-barcelona-vila-olimpica-800.webp 800w"",""width"":""800""}"
HOME,nl,844,"{""tag"":""img"",""line"":844,""alt"":""Rolschaatsen te huur bij RSB in Vila Olímpica, Barcelona"",""decoding"":""async"",""height"":""533"",""loading"":""lazy"",""sizes"":""(max-width: 640px) 92vw, (max-width: 1024px) 44vw, 420px"",""src"":""https://rentalscooterbarcelona.com/images/rsb-quad-skates-rental-barcelona-vila-olimpica-800.webp"",""srcset"":""https://rentalscooterbarcelona.com/images/rsb-quad-skates-rental-barcelona-vila-olimpica-480.webp 480w, https://rentalscooterbarcelona.com/images/rsb-quad-skates-rental-barcelona-vila-olimpica-800.webp 800w"",""width"":""800""}"
HOME,nl,872,"{""tag"":""img"",""line"":872,""alt"":""Skateboard te huur bij RSB in Vila Olímpica, Barcelona"",""decoding"":""async"",""height"":""360"",""loading"":""lazy"",""sizes"":""(max-width: 640px) 92vw, (max-width: 1024px) 44vw, 420px"",""src"":""https://rentalscooterbarcelona.com/images/rsb-skateboard-rental-barcelona-vila-olimpica-800.webp"",""srcset"":""https://rentalscooterbarcelona.com/images/rsb-skateboard-rental-barcelona-vila-olimpica-480.webp 480w, https://rentalscooterbarcelona.com/images/rsb-skateboard-rental-barcelona-vila-olimpica-800.webp 800w"",""width"":""800""}"
HOME,nl,900,"{""tag"":""img"",""line"":900,""alt"":""Longboard te huur bij RSB in Vila Olímpica, Barcelona"",""decoding"":""async"",""height"":""478"",""loading"":""lazy"",""sizes"":""(max-width: 640px) 92vw, (max-width: 1024px) 44vw, 420px"",""src"":""https://rentalscooterbarcelona.com/images/rsb-longboard-rental-barcelona-vila-olimpica-800.webp"",""srcset"":""https://rentalscooterbarcelona.com/images/rsb-longboard-rental-barcelona-vila-olimpica-480.webp 480w, https://rentalscooterbarcelona.com/images/rsb-longboard-rental-barcelona-vila-olimpica-800.webp 800w"",""width"":""800""}"
HOME,nl,1160,"{""tag"":""img"",""line"":1160,""alt"":""Persoon met inline skates vlak bij Vila Olímpica, Barcelona"",""height"":""600"",""loading"":""lazy"",""src"":""https://rentalscooterbarcelona.com/images/9.webp"",""width"":""800""}"
HOME,nl,1161,"{""tag"":""img"",""line"":1161,""alt"":""Longboards en helmen in de RSB-winkel in Vila Olímpica, Barcelona"",""height"":""600"",""loading"":""lazy"",""src"":""https://rentalscooterbarcelona.com/images/skateboards-rental-barcelona.webp"",""width"":""800""}"
HOME,nl,1162,"{""tag"":""img"",""line"":1162,""alt"":""Bezorging van een 125cc-scooter door RSB in Barcelona"",""height"":""600"",""loading"":""lazy"",""src"":""https://rentalscooterbarcelona.com/images/rsb-barcelona-rental-scooter-barcelona.webp"",""width"":""800""}"
HOME,nl,1163,"{""tag"":""img"",""line"":1163,""alt"":""Klant die inline skates huurt bij RSB in Vila Olímpica, Barcelona"",""height"":""600"",""loading"":""lazy"",""src"":""https://rentalscooterbarcelona.com/images/2.webp"",""width"":""800""}"
HOME,nl,1164,"{""tag"":""img"",""line"":1164,""alt"":""Drie personen op longboards langs de boulevard van Barceloneta bij zonsondergang, Barcelona"",""height"":""600"",""loading"":""lazy"",""src"":""https://rentalscooterbarcelona.com/images/rsb-barcelona-rental-rsb-villa-olimpica-del-poble-nou--rent-skateboard-barcelona-soleado-800-v1.webp"",""width"":""800""}"
HOME,nl,1165,"{""tag"":""img"",""line"":1165,""alt"":""Persoon met inline skates vlak bij Vila Olímpica, Barcelona"",""height"":""600"",""loading"":""lazy"",""src"":""https://rentalscooterbarcelona.com/images/9.webp"",""width"":""800""}"
HOME,nl,1166,"{""tag"":""img"",""line"":1166,""alt"":""Longboards en helmen in de RSB-winkel in Vila Olímpica, Barcelona"",""height"":""600"",""loading"":""lazy"",""src"":""https://rentalscooterbarcelona.com/images/skateboards-rental-barcelona.webp"",""width"":""800""}"
HOME,nl,1167,"{""tag"":""img"",""line"":1167,""alt"":""Bezorging van een 125cc-scooter door RSB in Barcelona"",""height"":""600"",""loading"":""lazy"",""src"":""https://rentalscooterbarcelona.com/images/rsb-barcelona-rental-scooter-barcelona.webp"",""width"":""800""}"
HOME,nl,1168,"{""tag"":""img"",""line"":1168,""alt"":""Klant die inline skates huurt bij RSB in Vila Olímpica, Barcelona"",""height"":""600"",""loading"":""lazy"",""src"":""https://rentalscooterbarcelona.com/images/2.webp"",""width"":""800""}"
HOME,nl,1169,"{""tag"":""img"",""line"":1169,""alt"":""Drie personen op longboards langs de boulevard van Barceloneta bij zonsondergang, Barcelona"",""height"":""600"",""loading"":""lazy"",""src"":""https://rentalscooterbarcelona.com/images/rsb-barcelona-rental-rsb-villa-olimpica-del-poble-nou--rent-skateboard-barcelona-soleado-800-v1.webp"",""width"":""800""}"
HOME,nl,1190,"{""tag"":""img"",""line"":1190,""alt"":""Interieur van de winkel van RSB Rental Scooter Barcelona in Vila Olímpica met inline skates, fietsen en skateboards te huur"",""decoding"":""async"",""height"":""630"",""loading"":""lazy"",""sizes"":""(max-width: 768px) 92vw, 900px"",""src"":""https://rentalscooterbarcelona.com/images/rsb-barcelona-rental-shop-interior-inline-skates-bike-vila-olimpica-1200.webp"",""srcset"":""https://rentalscooterbarcelona.com/images/rsb-barcelona-rental-shop-interior-inline-skates-bike-vila-olimpica-640.webp 640w, https://rentalscooterbarcelona.com/images/rsb-barcelona-rental-shop-interior-inline-skates-bike-vila-olimpica-900.webp 900w, https://rentalscooterbarcelona.com/images/rsb-barcelona-rental-shop-interior-inline-skates-bike-vila-olimpica-1200.webp 1200w"",""style"":""width:100%;height:auto;object-fit:cover"",""width"":""1200""}"
HOME,nl,1239,"{""tag"":""img"",""line"":1239,""alt"":""Logo van RSB Rental Scooter Barcelona"",""decoding"":""async"",""height"":""44"",""loading"":""lazy"",""sizes"":""44px"",""src"":""https://rentalscooterbarcelona.com/images/rsb-barcelona-rental-logo-2-88-v1.webp"",""srcset"":""https://rentalscooterbarcelona.com/images/rsb-barcelona-rental-logo-2-88-v1.webp 88w, https://rentalscooterbarcelona.com/images/rsb-barcelona-rental-logo-2-140-v1.webp 140w"",""width"":""44""}"
HOME,pt,612,"{""tag"":""img"",""line"":612,""alt"":""Logótipo da RSB Rental Scooter Barcelona"",""decoding"":""async"",""height"":""70"",""sizes"":""70px"",""src"":""https://rentalscooterbarcelona.com/images/rsb-barcelona-rental-logo-2-140-v1.webp"",""srcset"":""https://rentalscooterbarcelona.com/images/rsb-barcelona-rental-logo-2-88-v1.webp 88w, https://rentalscooterbarcelona.com/images/rsb-barcelona-rental-logo-2-140-v1.webp 140w"",""width"":""70""}"
HOME,pt,699,"{""tag"":""img"",""line"":699,""alt"":""Grupo a aproveitar o aluguer de scooter, patins em linha e bicicletas perto da praia da Barceloneta e de Vila Olímpica em Barcelona"",""class"":""zoom"",""decoding"":""async"",""fetchpriority"":""high"",""height"":""900"",""sizes"":""100vw"",""src"":""https://rentalscooterbarcelona.com/images/rsb-barcelona-rental-hero-group-beach-1600-v1.webp"",""srcset"":""https://rentalscooterbarcelona.com/images/rsb-barcelona-rental-hero-group-beach-480-v1.webp 480w, /images/rsb-barcelona-rental-hero-group-beach-720-v2.webp 720w, https://rentalscooterbarcelona.com/images/rsb-barcelona-rental-hero-group-beach-800-v1.webp 800w, https://rentalscooterbarcelona.com/images/rsb-barcelona-rental-hero-group-beach-1600-v1.webp 1600w"",""width"":""1600""}"
HOME,pt,763,"{""tag"":""img"",""line"":763,""alt"":""Scooter para alugar na RSB em Vila Olímpica, Barcelona"",""decoding"":""async"",""height"":""936"",""loading"":""lazy"",""sizes"":""(max-width: 640px) 92vw, (max-width: 1024px) 44vw, 420px"",""src"":""https://rentalscooterbarcelona.com/images/rsb-scooter-rental-barcelona-vila-olimpica-800.webp"",""srcset"":""https://rentalscooterbarcelona.com/images/rsb-scooter-rental-barcelona-vila-olimpica-480.webp 480w, https://rentalscooterbarcelona.com/images/rsb-scooter-rental-barcelona-vila-olimpica-800.webp 800w"",""width"":""800""}"
HOME,pt,794,"{""tag"":""img"",""line"":794,""alt"":""Patins em linha para alugar na RSB em Vila Olímpica, Barcelona"",""decoding"":""async"",""height"":""533"",""loading"":""lazy"",""sizes"":""(max-width: 640px) 92vw, (max-width: 1024px) 44vw, 420px"",""src"":""https://rentalscooterbarcelona.com/images/rsb-inline-skates-rental-barcelona-vila-olimpica-800.webp"",""srcset"":""https://rentalscooterbarcelona.com/images/rsb-inline-skates-rental-barcelona-vila-olimpica-480.webp 480w, https://rentalscooterbarcelona.com/images/rsb-inline-skates-rental-barcelona-vila-olimpica-800.webp 800w"",""width"":""800""}"
HOME,pt,822,"{""tag"":""img"",""line"":822,""alt"":""Bicicleta urbana para alugar na RSB em Vila Olímpica, Barcelona"",""decoding"":""async"",""height"":""533"",""loading"":""lazy"",""sizes"":""(max-width: 640px) 92vw, (max-width: 1024px) 44vw, 420px"",""src"":""https://rentalscooterbarcelona.com/images/rsb-bike-rental-barcelona-vila-olimpica-800.webp"",""srcset"":""https://rentalscooterbarcelona.com/images/rsb-bike-rental-barcelona-vila-olimpica-480.webp 480w, https://rentalscooterbarcelona.com/images/rsb-bike-rental-barcelona-vila-olimpica-800.webp 800w"",""width"":""800""}"
HOME,pt,850,"{""tag"":""img"",""line"":850,""alt"":""Patins de 4 rodas para alugar na RSB em Vila Olímpica, Barcelona"",""decoding"":""async"",""height"":""533"",""loading"":""lazy"",""sizes"":""(max-width: 640px) 92vw, (max-width: 1024px) 44vw, 420px"",""src"":""https://rentalscooterbarcelona.com/images/rsb-quad-skates-rental-barcelona-vila-olimpica-800.webp"",""srcset"":""https://rentalscooterbarcelona.com/images/rsb-quad-skates-rental-barcelona-vila-olimpica-480.webp 480w, https://rentalscooterbarcelona.com/images/rsb-quad-skates-rental-barcelona-vila-olimpica-800.webp 800w"",""width"":""800""}"
HOME,pt,878,"{""tag"":""img"",""line"":878,""alt"":""Skateboard para alugar na RSB em Vila Olímpica, Barcelona"",""decoding"":""async"",""height"":""360"",""loading"":""lazy"",""sizes"":""(max-width: 640px) 92vw, (max-width: 1024px) 44vw, 420px"",""src"":""https://rentalscooterbarcelona.com/images/rsb-skateboard-rental-barcelona-vila-olimpica-800.webp"",""srcset"":""https://rentalscooterbarcelona.com/images/rsb-skateboard-rental-barcelona-vila-olimpica-480.webp 480w, https://rentalscooterbarcelona.com/images/rsb-skateboard-rental-barcelona-vila-olimpica-800.webp 800w"",""width"":""800""}"
HOME,pt,906,"{""tag"":""img"",""line"":906,""alt"":""Longboard para alugar na RSB em Vila Olímpica, Barcelona"",""decoding"":""async"",""height"":""478"",""loading"":""lazy"",""sizes"":""(max-width: 640px) 92vw, (max-width: 1024px) 44vw, 420px"",""src"":""https://rentalscooterbarcelona.com/images/rsb-longboard-rental-barcelona-vila-olimpica-800.webp"",""srcset"":""https://rentalscooterbarcelona.com/images/rsb-longboard-rental-barcelona-vila-olimpica-480.webp 480w, https://rentalscooterbarcelona.com/images/rsb-longboard-rental-barcelona-vila-olimpica-800.webp 800w"",""width"":""800""}"
HOME,pt,1165,"{""tag"":""img"",""line"":1165,""alt"":""Pessoa a transportar patins em linha perto de Vila Olímpica, Barcelona"",""height"":""600"",""loading"":""lazy"",""src"":""https://rentalscooterbarcelona.com/images/9.webp"",""width"":""800""}"
HOME,pt,1166,"{""tag"":""img"",""line"":1166,""alt"":""Longboards e capacetes expostos na loja da RSB em Vila Olímpica, Barcelona"",""height"":""600"",""loading"":""lazy"",""src"":""https://rentalscooterbarcelona.com/images/skateboards-rental-barcelona.webp"",""width"":""800""}"
HOME,pt,1167,"{""tag"":""img"",""line"":1167,""alt"":""Entrega de scooter 125cc pela RSB em Barcelona"",""height"":""600"",""loading"":""lazy"",""src"":""https://rentalscooterbarcelona.com/images/rsb-barcelona-rental-scooter-barcelona.webp"",""width"":""800""}"
HOME,pt,1168,"{""tag"":""img"",""line"":1168,""alt"":""Cliente a alugar patins em linha na RSB em Vila Olímpica, Barcelona"",""height"":""600"",""loading"":""lazy"",""src"":""https://rentalscooterbarcelona.com/images/2.webp"",""width"":""800""}"
HOME,pt,1169,"{""tag"":""img"",""line"":1169,""alt"":""Três pessoas a andar de longboard ao pôr do sol no passeio marítimo da Barceloneta, Barcelona"",""height"":""600"",""loading"":""lazy"",""src"":""https://rentalscooterbarcelona.com/images/rsb-barcelona-rental-rsb-villa-olimpica-del-poble-nou--rent-skateboard-barcelona-soleado-800-v1.webp"",""width"":""800""}"
HOME,pt,1170,"{""tag"":""img"",""line"":1170,""alt"":""Pessoa a transportar patins em linha perto de Vila Olímpica, Barcelona"",""height"":""600"",""loading"":""lazy"",""src"":""https://rentalscooterbarcelona.com/images/9.webp"",""width"":""800""}"
HOME,pt,1171,"{""tag"":""img"",""line"":1171,""alt"":""Longboards e capacetes expostos na loja da RSB em Vila Olímpica, Barcelona"",""height"":""600"",""loading"":""lazy"",""src"":""https://rentalscooterbarcelona.com/images/skateboards-rental-barcelona.webp"",""width"":""800""}"
HOME,pt,1172,"{""tag"":""img"",""line"":1172,""alt"":""Entrega de scooter 125cc pela RSB em Barcelona"",""height"":""600"",""loading"":""lazy"",""src"":""https://rentalscooterbarcelona.com/images/rsb-barcelona-rental-scooter-barcelona.webp"",""width"":""800""}"
HOME,pt,1173,"{""tag"":""img"",""line"":1173,""alt"":""Cliente a alugar patins em linha na RSB em Vila Olímpica, Barcelona"",""height"":""600"",""loading"":""lazy"",""src"":""https://rentalscooterbarcelona.com/images/2.webp"",""width"":""800""}"
HOME,pt,1174,"{""tag"":""img"",""line"":1174,""alt"":""Três pessoas a andar de longboard ao pôr do sol no passeio marítimo da Barceloneta, Barcelona"",""height"":""600"",""loading"":""lazy"",""src"":""https://rentalscooterbarcelona.com/images/rsb-barcelona-rental-rsb-villa-olimpica-del-poble-nou--rent-skateboard-barcelona-soleado-800-v1.webp"",""width"":""800""}"
HOME,pt,1195,"{""tag"":""img"",""line"":1195,""alt"":""Interior da loja RSB Rental Scooter Barcelona na Vila Olímpica com patins em linha, bicicletas e skateboards para aluguer"",""decoding"":""async"",""height"":""630"",""loading"":""lazy"",""sizes"":""(max-width: 768px) 92vw, 900px"",""src"":""https://rentalscooterbarcelona.com/images/rsb-barcelona-rental-shop-interior-inline-skates-bike-vila-olimpica-1200.webp"",""srcset"":""https://rentalscooterbarcelona.com/images/rsb-barcelona-rental-shop-interior-inline-skates-bike-vila-olimpica-640.webp 640w, https://rentalscooterbarcelona.com/images/rsb-barcelona-rental-shop-interior-inline-skates-bike-vila-olimpica-900.webp 900w, https://rentalscooterbarcelona.com/images/rsb-barcelona-rental-shop-interior-inline-skates-bike-vila-olimpica-1200.webp 1200w"",""style"":""width:100%;height:auto;object-fit:cover"",""width"":""1200""}"
HOME,pt,1244,"{""tag"":""img"",""line"":1244,""alt"":""Logótipo da RSB Rental Scooter Barcelona"",""decoding"":""async"",""height"":""44"",""loading"":""lazy"",""sizes"":""44px"",""src"":""https://rentalscooterbarcelona.com/images/rsb-barcelona-rental-logo-2-88-v1.webp"",""srcset"":""https://rentalscooterbarcelona.com/images/rsb-barcelona-rental-logo-2-88-v1.webp 88w, https://rentalscooterbarcelona.com/images/rsb-barcelona-rental-logo-2-140-v1.webp 140w"",""width"":""44""}"
HOME,ca,600,"{""tag"":""img"",""line"":600,""alt"":""Logotip de RSB Rental Scooter Barcelona"",""decoding"":""async"",""height"":""70"",""sizes"":""70px"",""src"":""https://rentalscooterbarcelona.com/images/rsb-barcelona-rental-logo-2-140-v1.webp"",""srcset"":""https://rentalscooterbarcelona.com/images/rsb-barcelona-rental-logo-2-88-v1.webp 88w, https://rentalscooterbarcelona.com/images/rsb-barcelona-rental-logo-2-140-v1.webp 140w"",""width"":""70""}"
HOME,ca,687,"{""tag"":""img"",""line"":687,""alt"":""Grup gaudint del lloguer de scooter, patins en línia i bicicletes a prop de la platja de la Barceloneta i de Vila Olímpica a Barcelona"",""class"":""zoom"",""decoding"":""async"",""fetchpriority"":""high"",""height"":""900"",""sizes"":""100vw"",""src"":""https://rentalscooterbarcelona.com/images/rsb-barcelona-rental-hero-group-beach-1600-v1.webp"",""srcset"":""https://rentalscooterbarcelona.com/images/rsb-barcelona-rental-hero-group-beach-480-v1.webp 480w, /images/rsb-barcelona-rental-hero-group-beach-720-v2.webp 720w, https://rentalscooterbarcelona.com/images/rsb-barcelona-rental-hero-group-beach-800-v1.webp 800w, https://rentalscooterbarcelona.com/images/rsb-barcelona-rental-hero-group-beach-1600-v1.webp 1600w"",""width"":""1600""}"
HOME,ca,751,"{""tag"":""img"",""line"":751,""alt"":""Scooter de lloguer a RSB a Vila Olímpica, Barcelona"",""decoding"":""async"",""height"":""936"",""loading"":""lazy"",""sizes"":""(max-width: 640px) 92vw, (max-width: 1024px) 44vw, 420px"",""src"":""https://rentalscooterbarcelona.com/images/rsb-scooter-rental-barcelona-vila-olimpica-800.webp"",""srcset"":""https://rentalscooterbarcelona.com/images/rsb-scooter-rental-barcelona-vila-olimpica-480.webp 480w, https://rentalscooterbarcelona.com/images/rsb-scooter-rental-barcelona-vila-olimpica-800.webp 800w"",""width"":""800""}"
HOME,ca,782,"{""tag"":""img"",""line"":782,""alt"":""Patins en línia de lloguer a RSB a Vila Olímpica, Barcelona"",""decoding"":""async"",""height"":""533"",""loading"":""lazy"",""sizes"":""(max-width: 640px) 92vw, (max-width: 1024px) 44vw, 420px"",""src"":""https://rentalscooterbarcelona.com/images/rsb-inline-skates-rental-barcelona-vila-olimpica-800.webp"",""srcset"":""https://rentalscooterbarcelona.com/images/rsb-inline-skates-rental-barcelona-vila-olimpica-480.webp 480w, https://rentalscooterbarcelona.com/images/rsb-inline-skates-rental-barcelona-vila-olimpica-800.webp 800w"",""width"":""800""}"
HOME,ca,810,"{""tag"":""img"",""line"":810,""alt"":""Bicicleta urbana de lloguer a RSB a Vila Olímpica, Barcelona"",""decoding"":""async"",""height"":""533"",""loading"":""lazy"",""sizes"":""(max-width: 640px) 92vw, (max-width: 1024px) 44vw, 420px"",""src"":""https://rentalscooterbarcelona.com/images/rsb-bike-rental-barcelona-vila-olimpica-800.webp"",""srcset"":""https://rentalscooterbarcelona.com/images/rsb-bike-rental-barcelona-vila-olimpica-480.webp 480w, https://rentalscooterbarcelona.com/images/rsb-bike-rental-barcelona-vila-olimpica-800.webp 800w"",""width"":""800""}"
HOME,ca,838,"{""tag"":""img"",""line"":838,""alt"":""Patins de 4 rodes per llogar a RSB a Vila Olímpica, Barcelona"",""decoding"":""async"",""height"":""533"",""loading"":""lazy"",""sizes"":""(max-width: 640px) 92vw, (max-width: 1024px) 44vw, 420px"",""src"":""https://rentalscooterbarcelona.com/images/rsb-quad-skates-rental-barcelona-vila-olimpica-800.webp"",""srcset"":""https://rentalscooterbarcelona.com/images/rsb-quad-skates-rental-barcelona-vila-olimpica-480.webp 480w, https://rentalscooterbarcelona.com/images/rsb-quad-skates-rental-barcelona-vila-olimpica-800.webp 800w"",""width"":""800""}"
HOME,ca,866,"{""tag"":""img"",""line"":866,""alt"":""Skateboard de lloguer a RSB a Vila Olímpica, Barcelona"",""decoding"":""async"",""height"":""360"",""loading"":""lazy"",""sizes"":""(max-width: 640px) 92vw, (max-width: 1024px) 44vw, 420px"",""src"":""https://rentalscooterbarcelona.com/images/rsb-skateboard-rental-barcelona-vila-olimpica-800.webp"",""srcset"":""https://rentalscooterbarcelona.com/images/rsb-skateboard-rental-barcelona-vila-olimpica-480.webp 480w, https://rentalscooterbarcelona.com/images/rsb-skateboard-rental-barcelona-vila-olimpica-800.webp 800w"",""width"":""800""}"
HOME,ca,894,"{""tag"":""img"",""line"":894,""alt"":""Longboard de lloguer a RSB a Vila Olímpica, Barcelona"",""decoding"":""async"",""height"":""478"",""loading"":""lazy"",""sizes"":""(max-width: 640px) 92vw, (max-width: 1024px) 44vw, 420px"",""src"":""https://rentalscooterbarcelona.com/images/rsb-longboard-rental-barcelona-vila-olimpica-800.webp"",""srcset"":""https://rentalscooterbarcelona.com/images/rsb-longboard-rental-barcelona-vila-olimpica-480.webp 480w, https://rentalscooterbarcelona.com/images/rsb-longboard-rental-barcelona-vila-olimpica-800.webp 800w"",""width"":""800""}"
HOME,ca,1152,"{""tag"":""img"",""line"":1152,""alt"":""Persona portant patins en línia a prop de Vila Olímpica, Barcelona"",""height"":""600"",""loading"":""lazy"",""src"":""https://rentalscooterbarcelona.com/images/9.webp"",""width"":""800""}"
HOME,ca,1153,"{""tag"":""img"",""line"":1153,""alt"":""Longboards i cascos exposats dins de la botiga RSB a Vila Olímpica, Barcelona"",""height"":""600"",""loading"":""lazy"",""src"":""https://rentalscooterbarcelona.com/images/skateboards-rental-barcelona.webp"",""width"":""800""}"
HOME,ca,1154,"{""tag"":""img"",""line"":1154,""alt"":""Entrega de scooter 125cc de RSB a Barcelona"",""height"":""600"",""loading"":""lazy"",""src"":""https://rentalscooterbarcelona.com/images/rsb-barcelona-rental-scooter-barcelona.webp"",""width"":""800""}"
HOME,ca,1155,"{""tag"":""img"",""line"":1155,""alt"":""Client llogant patins en línia a RSB a Vila Olímpica, Barcelona"",""height"":""600"",""loading"":""lazy"",""src"":""https://rentalscooterbarcelona.com/images/2.webp"",""width"":""800""}"
HOME,ca,1156,"{""tag"":""img"",""line"":1156,""alt"":""Tres persones fent longboard pel passeig marítim de la Barceloneta al capvespre, Barcelona"",""height"":""600"",""loading"":""lazy"",""src"":""https://rentalscooterbarcelona.com/images/rsb-barcelona-rental-rsb-villa-olimpica-del-poble-nou--rent-skateboard-barcelona-soleado-800-v1.webp"",""width"":""800""}"
HOME,ca,1157,"{""tag"":""img"",""line"":1157,""alt"":""Persona portant patins en línia a prop de Vila Olímpica, Barcelona"",""height"":""600"",""loading"":""lazy"",""src"":""https://rentalscooterbarcelona.com/images/9.webp"",""width"":""800""}"
HOME,ca,1158,"{""tag"":""img"",""line"":1158,""alt"":""Longboards i cascos exposats dins de la botiga RSB a Vila Olímpica, Barcelona"",""height"":""600"",""loading"":""lazy"",""src"":""https://rentalscooterbarcelona.com/images/skateboards-rental-barcelona.webp"",""width"":""800""}"
HOME,ca,1159,"{""tag"":""img"",""line"":1159,""alt"":""Entrega de scooter 125cc de RSB a Barcelona"",""height"":""600"",""loading"":""lazy"",""src"":""https://rentalscooterbarcelona.com/images/rsb-barcelona-rental-scooter-barcelona.webp"",""width"":""800""}"
HOME,ca,1160,"{""tag"":""img"",""line"":1160,""alt"":""Client llogant patins en línia a RSB a Vila Olímpica, Barcelona"",""height"":""600"",""loading"":""lazy"",""src"":""https://rentalscooterbarcelona.com/images/2.webp"",""width"":""800""}"
HOME,ca,1161,"{""tag"":""img"",""line"":1161,""alt"":""Tres persones fent longboard pel passeig marítim de la Barceloneta al capvespre, Barcelona"",""height"":""600"",""loading"":""lazy"",""src"":""https://rentalscooterbarcelona.com/images/rsb-barcelona-rental-rsb-villa-olimpica-del-poble-nou--rent-skateboard-barcelona-soleado-800-v1.webp"",""width"":""800""}"
HOME,ca,1182,"{""tag"":""img"",""line"":1182,""alt"":""Interior de la botiga RSB Rental Scooter Barcelona a Vila Olímpica amb patins en línia, bicicletes i skateboards de lloguer"",""decoding"":""async"",""height"":""630"",""loading"":""lazy"",""sizes"":""(max-width: 768px) 92vw, 900px"",""src"":""https://rentalscooterbarcelona.com/images/rsb-barcelona-rental-shop-interior-inline-skates-bike-vila-olimpica-1200.webp"",""srcset"":""https://rentalscooterbarcelona.com/images/rsb-barcelona-rental-shop-interior-inline-skates-bike-vila-olimpica-640.webp 640w, https://rentalscooterbarcelona.com/images/rsb-barcelona-rental-shop-interior-inline-skates-bike-vila-olimpica-900.webp 900w, https://rentalscooterbarcelona.com/images/rsb-barcelona-rental-shop-interior-inline-skates-bike-vila-olimpica-1200.webp 1200w"",""style"":""width:100%;height:auto;object-fit:cover"",""width"":""1200""}"
HOME,ca,1228,"{""tag"":""img"",""line"":1228,""alt"":""Logotip de RSB Rental Scooter Barcelona"",""decoding"":""async"",""height"":""44"",""loading"":""lazy"",""sizes"":""44px"",""src"":""https://rentalscooterbarcelona.com/images/rsb-barcelona-rental-logo-2-88-v1.webp"",""srcset"":""https://rentalscooterbarcelona.com/images/rsb-barcelona-rental-logo-2-88-v1.webp 88w, https://rentalscooterbarcelona.com/images/rsb-barcelona-rental-logo-2-140-v1.webp 140w"",""width"":""44""}"
HOME,sv,612,"{""tag"":""img"",""line"":612,""alt"":""RSB Rental Scooter Barcelona-logotyp"",""decoding"":""async"",""height"":""70"",""sizes"":""70px"",""src"":""https://rentalscooterbarcelona.com/images/rsb-barcelona-rental-logo-2-140-v1.webp"",""srcset"":""https://rentalscooterbarcelona.com/images/rsb-barcelona-rental-logo-2-88-v1.webp 88w, https://rentalscooterbarcelona.com/images/rsb-barcelona-rental-logo-2-140-v1.webp 140w"",""width"":""70""}"
HOME,sv,695,"{""tag"":""img"",""line"":695,""alt"":""Grupp som njuter av scooteruthyrning, inlines och cyklar nära Barceloneta-stranden och Vila Olímpica i Barcelona"",""class"":""zoom"",""decoding"":""async"",""fetchpriority"":""high"",""height"":""900"",""sizes"":""100vw"",""src"":""https://rentalscooterbarcelona.com/images/rsb-barcelona-rental-hero-group-beach-1600-v1.webp"",""srcset"":""https://rentalscooterbarcelona.com/images/rsb-barcelona-rental-hero-group-beach-480-v1.webp 480w, /images/rsb-barcelona-rental-hero-group-beach-720-v2.webp 720w, https://rentalscooterbarcelona.com/images/rsb-barcelona-rental-hero-group-beach-800-v1.webp 800w, https://rentalscooterbarcelona.com/images/rsb-barcelona-rental-hero-group-beach-1600-v1.webp 1600w"",""width"":""1600""}"
HOME,sv,759,"{""tag"":""img"",""line"":759,""alt"":""Scooter att hyra hos RSB i Vila Olímpica, Barcelona"",""decoding"":""async"",""height"":""936"",""loading"":""lazy"",""sizes"":""(max-width: 640px) 92vw, (max-width: 1024px) 44vw, 420px"",""src"":""https://rentalscooterbarcelona.com/images/rsb-scooter-rental-barcelona-vila-olimpica-800.webp"",""srcset"":""https://rentalscooterbarcelona.com/images/rsb-scooter-rental-barcelona-vila-olimpica-480.webp 480w, https://rentalscooterbarcelona.com/images/rsb-scooter-rental-barcelona-vila-olimpica-800.webp 800w"",""width"":""800""}"
HOME,sv,790,"{""tag"":""img"",""line"":790,""alt"":""Inlines att hyra hos RSB i Vila Olímpica, Barcelona"",""decoding"":""async"",""height"":""533"",""loading"":""lazy"",""sizes"":""(max-width: 640px) 92vw, (max-width: 1024px) 44vw, 420px"",""src"":""https://rentalscooterbarcelona.com/images/rsb-inline-skates-rental-barcelona-vila-olimpica-800.webp"",""srcset"":""https://rentalscooterbarcelona.com/images/rsb-inline-skates-rental-barcelona-vila-olimpica-480.webp 480w, https://rentalscooterbarcelona.com/images/rsb-inline-skates-rental-barcelona-vila-olimpica-800.webp 800w"",""width"":""800""}"
HOME,sv,818,"{""tag"":""img"",""line"":818,""alt"":""Stadscykel att hyra hos RSB i Vila Olímpica, Barcelona"",""decoding"":""async"",""height"":""533"",""loading"":""lazy"",""sizes"":""(max-width: 640px) 92vw, (max-width: 1024px) 44vw, 420px"",""src"":""https://rentalscooterbarcelona.com/images/rsb-bike-rental-barcelona-vila-olimpica-800.webp"",""srcset"":""https://rentalscooterbarcelona.com/images/rsb-bike-rental-barcelona-vila-olimpica-480.webp 480w, https://rentalscooterbarcelona.com/images/rsb-bike-rental-barcelona-vila-olimpica-800.webp 800w"",""width"":""800""}"
HOME,sv,846,"{""tag"":""img"",""line"":846,""alt"":""Rullskridskor att hyra hos RSB i Vila Olímpica, Barcelona"",""decoding"":""async"",""height"":""533"",""loading"":""lazy"",""sizes"":""(max-width: 640px) 92vw, (max-width: 1024px) 44vw, 420px"",""src"":""https://rentalscooterbarcelona.com/images/rsb-quad-skates-rental-barcelona-vila-olimpica-800.webp"",""srcset"":""https://rentalscooterbarcelona.com/images/rsb-quad-skates-rental-barcelona-vila-olimpica-480.webp 480w, https://rentalscooterbarcelona.com/images/rsb-quad-skates-rental-barcelona-vila-olimpica-800.webp 800w"",""width"":""800""}"
HOME,sv,874,"{""tag"":""img"",""line"":874,""alt"":""Skateboard att hyra hos RSB i Vila Olímpica, Barcelona"",""decoding"":""async"",""height"":""360"",""loading"":""lazy"",""sizes"":""(max-width: 640px) 92vw, (max-width: 1024px) 44vw, 420px"",""src"":""https://rentalscooterbarcelona.com/images/rsb-skateboard-rental-barcelona-vila-olimpica-800.webp"",""srcset"":""https://rentalscooterbarcelona.com/images/rsb-skateboard-rental-barcelona-vila-olimpica-480.webp 480w, https://rentalscooterbarcelona.com/images/rsb-skateboard-rental-barcelona-vila-olimpica-800.webp 800w"",""width"":""800""}"
HOME,sv,902,"{""tag"":""img"",""line"":902,""alt"":""Longboard att hyra hos RSB i Vila Olímpica, Barcelona"",""decoding"":""async"",""height"":""478"",""loading"":""lazy"",""sizes"":""(max-width: 640px) 92vw, (max-width: 1024px) 44vw, 420px"",""src"":""https://rentalscooterbarcelona.com/images/rsb-longboard-rental-barcelona-vila-olimpica-800.webp"",""srcset"":""https://rentalscooterbarcelona.com/images/rsb-longboard-rental-barcelona-vila-olimpica-480.webp 480w, https://rentalscooterbarcelona.com/images/rsb-longboard-rental-barcelona-vila-olimpica-800.webp 800w"",""width"":""800""}"
HOME,sv,1162,"{""tag"":""img"",""line"":1162,""alt"":""Person som bär inlines nära Vila Olímpica i Barcelona"",""height"":""600"",""loading"":""lazy"",""src"":""https://rentalscooterbarcelona.com/images/9.webp"",""width"":""800""}"
HOME,sv,1163,"{""tag"":""img"",""line"":1163,""alt"":""Longboards och hjälmar inne i RSB-butiken i Vila Olímpica, Barcelona"",""height"":""600"",""loading"":""lazy"",""src"":""https://rentalscooterbarcelona.com/images/skateboards-rental-barcelona.webp"",""width"":""800""}"
HOME,sv,1164,"{""tag"":""img"",""line"":1164,""alt"":""Leverans av 125cc-scooter av RSB i Barcelona"",""height"":""600"",""loading"":""lazy"",""src"":""https://rentalscooterbarcelona.com/images/rsb-barcelona-rental-scooter-barcelona.webp"",""width"":""800""}"
HOME,sv,1165,"{""tag"":""img"",""line"":1165,""alt"":""Kund som hyr inlines hos RSB i Vila Olímpica, Barcelona"",""height"":""600"",""loading"":""lazy"",""src"":""https://rentalscooterbarcelona.com/images/2.webp"",""width"":""800""}"
HOME,sv,1166,"{""tag"":""img"",""line"":1166,""alt"":""Tre personer på longboard längs Barcelonetas strandpromenad i solnedgången, Barcelona"",""height"":""600"",""loading"":""lazy"",""src"":""https://rentalscooterbarcelona.com/images/rsb-barcelona-rental-rsb-villa-olimpica-del-poble-nou--rent-skateboard-barcelona-soleado-800-v1.webp"",""width"":""800""}"
HOME,sv,1167,"{""tag"":""img"",""line"":1167,""alt"":""Person som bär inlines nära Vila Olímpica i Barcelona"",""height"":""600"",""loading"":""lazy"",""src"":""https://rentalscooterbarcelona.com/images/9.webp"",""width"":""800""}"
HOME,sv,1168,"{""tag"":""img"",""line"":1168,""alt"":""Longboards och hjälmar inne i RSB-butiken i Vila Olímpica, Barcelona"",""height"":""600"",""loading"":""lazy"",""src"":""https://rentalscooterbarcelona.com/images/skateboards-rental-barcelona.webp"",""width"":""800""}"
HOME,sv,1169,"{""tag"":""img"",""line"":1169,""alt"":""Leverans av 125cc-scooter av RSB i Barcelona"",""height"":""600"",""loading"":""lazy"",""src"":""https://rentalscooterbarcelona.com/images/rsb-barcelona-rental-scooter-barcelona.webp"",""width"":""800""}"
HOME,sv,1170,"{""tag"":""img"",""line"":1170,""alt"":""Kund som hyr inlines hos RSB i Vila Olímpica, Barcelona"",""height"":""600"",""loading"":""lazy"",""src"":""https://rentalscooterbarcelona.com/images/2.webp"",""width"":""800""}"
HOME,sv,1171,"{""tag"":""img"",""line"":1171,""alt"":""Tre personer på longboard längs Barcelonetas strandpromenad i solnedgången, Barcelona"",""height"":""600"",""loading"":""lazy"",""src"":""https://rentalscooterbarcelona.com/images/rsb-barcelona-rental-rsb-villa-olimpica-del-poble-nou--rent-skateboard-barcelona-soleado-800-v1.webp"",""width"":""800""}"
HOME,sv,1192,"{""tag"":""img"",""line"":1192,""alt"":""Interiör i RSB Rental Scooter Barcelonas butik i Vila Olímpica med inlines, cyklar och skateboards för uthyrning"",""decoding"":""async"",""height"":""630"",""loading"":""lazy"",""sizes"":""(max-width: 768px) 92vw, 900px"",""src"":""https://rentalscooterbarcelona.com/images/rsb-barcelona-rental-shop-interior-inline-skates-bike-vila-olimpica-1200.webp"",""srcset"":""https://rentalscooterbarcelona.com/images/rsb-barcelona-rental-shop-interior-inline-skates-bike-vila-olimpica-640.webp 640w, https://rentalscooterbarcelona.com/images/rsb-barcelona-rental-shop-interior-inline-skates-bike-vila-olimpica-900.webp 900w, https://rentalscooterbarcelona.com/images/rsb-barcelona-rental-shop-interior-inline-skates-bike-vila-olimpica-1200.webp 1200w"",""style"":""width:100%;height:auto;object-fit:cover"",""width"":""1200""}"
HOME,sv,1238,"{""tag"":""img"",""line"":1238,""alt"":""RSB Rental Scooter Barcelona-logotyp"",""decoding"":""async"",""height"":""44"",""loading"":""lazy"",""sizes"":""44px"",""src"":""https://rentalscooterbarcelona.com/images/rsb-barcelona-rental-logo-2-88-v1.webp"",""srcset"":""https://rentalscooterbarcelona.com/images/rsb-barcelona-rental-logo-2-88-v1.webp 88w, https://rentalscooterbarcelona.com/images/rsb-barcelona-rental-logo-2-140-v1.webp 140w"",""width"":""44""}"
HOME,pl,600,"{""tag"":""img"",""line"":600,""alt"":""Logo RSB Rental Scooter Barcelona"",""decoding"":""async"",""height"":""70"",""sizes"":""70px"",""src"":""https://rentalscooterbarcelona.com/images/rsb-barcelona-rental-logo-2-140-v1.webp"",""srcset"":""https://rentalscooterbarcelona.com/images/rsb-barcelona-rental-logo-2-88-v1.webp 88w, https://rentalscooterbarcelona.com/images/rsb-barcelona-rental-logo-2-140-v1.webp 140w"",""width"":""70""}"
HOME,pl,683,"{""tag"":""img"",""line"":683,""alt"":""Grupa korzystająca z wynajmu skutera, rolek i roweru przy plaży Barceloneta i Vila Olímpica w Barcelonie"",""class"":""zoom"",""decoding"":""async"",""fetchpriority"":""high"",""height"":""900"",""sizes"":""100vw"",""src"":""https://rentalscooterbarcelona.com/images/rsb-barcelona-rental-hero-group-beach-1600-v1.webp"",""srcset"":""https://rentalscooterbarcelona.com/images/rsb-barcelona-rental-hero-group-beach-480-v1.webp 480w, /images/rsb-barcelona-rental-hero-group-beach-720-v2.webp 720w, https://rentalscooterbarcelona.com/images/rsb-barcelona-rental-hero-group-beach-800-v1.webp 800w, https://rentalscooterbarcelona.com/images/rsb-barcelona-rental-hero-group-beach-1600-v1.webp 1600w"",""width"":""1600""}"
HOME,pl,747,"{""tag"":""img"",""line"":747,""alt"":""Skuter do wynajęcia w RSB w Vila Olímpica, Barcelona"",""decoding"":""async"",""height"":""936"",""loading"":""lazy"",""sizes"":""(max-width: 640px) 92vw, (max-width: 1024px) 44vw, 420px"",""src"":""https://rentalscooterbarcelona.com/images/rsb-scooter-rental-barcelona-vila-olimpica-800.webp"",""srcset"":""https://rentalscooterbarcelona.com/images/rsb-scooter-rental-barcelona-vila-olimpica-480.webp 480w, https://rentalscooterbarcelona.com/images/rsb-scooter-rental-barcelona-vila-olimpica-800.webp 800w"",""width"":""800""}"
HOME,pl,778,"{""tag"":""img"",""line"":778,""alt"":""Rolki do wynajęcia w RSB w Vila Olímpica, Barcelona"",""decoding"":""async"",""height"":""533"",""loading"":""lazy"",""sizes"":""(max-width: 640px) 92vw, (max-width: 1024px) 44vw, 420px"",""src"":""https://rentalscooterbarcelona.com/images/rsb-inline-skates-rental-barcelona-vila-olimpica-800.webp"",""srcset"":""https://rentalscooterbarcelona.com/images/rsb-inline-skates-rental-barcelona-vila-olimpica-480.webp 480w, https://rentalscooterbarcelona.com/images/rsb-inline-skates-rental-barcelona-vila-olimpica-800.webp 800w"",""width"":""800""}"
HOME,pl,806,"{""tag"":""img"",""line"":806,""alt"":""Rower miejski do wynajęcia w RSB w Vila Olímpica, Barcelona"",""decoding"":""async"",""height"":""533"",""loading"":""lazy"",""sizes"":""(max-width: 640px) 92vw, (max-width: 1024px) 44vw, 420px"",""src"":""https://rentalscooterbarcelona.com/images/rsb-bike-rental-barcelona-vila-olimpica-800.webp"",""srcset"":""https://rentalscooterbarcelona.com/images/rsb-bike-rental-barcelona-vila-olimpica-480.webp 480w, https://rentalscooterbarcelona.com/images/rsb-bike-rental-barcelona-vila-olimpica-800.webp 800w"",""width"":""800""}"
HOME,pl,834,"{""tag"":""img"",""line"":834,""alt"":""Wrotki do wynajęcia w RSB w Vila Olímpica, Barcelona"",""decoding"":""async"",""height"":""533"",""loading"":""lazy"",""sizes"":""(max-width: 640px) 92vw, (max-width: 1024px) 44vw, 420px"",""src"":""https://rentalscooterbarcelona.com/images/rsb-quad-skates-rental-barcelona-vila-olimpica-800.webp"",""srcset"":""https://rentalscooterbarcelona.com/images/rsb-quad-skates-rental-barcelona-vila-olimpica-480.webp 480w, https://rentalscooterbarcelona.com/images/rsb-quad-skates-rental-barcelona-vila-olimpica-800.webp 800w"",""width"":""800""}"
HOME,pl,862,"{""tag"":""img"",""line"":862,""alt"":""Deskorolka do wynajęcia w RSB w Vila Olímpica, Barcelona"",""decoding"":""async"",""height"":""360"",""loading"":""lazy"",""sizes"":""(max-width: 640px) 92vw, (max-width: 1024px) 44vw, 420px"",""src"":""https://rentalscooterbarcelona.com/images/rsb-skateboard-rental-barcelona-vila-olimpica-800.webp"",""srcset"":""https://rentalscooterbarcelona.com/images/rsb-skateboard-rental-barcelona-vila-olimpica-480.webp 480w, https://rentalscooterbarcelona.com/images/rsb-skateboard-rental-barcelona-vila-olimpica-800.webp 800w"",""width"":""800""}"
HOME,pl,890,"{""tag"":""img"",""line"":890,""alt"":""Longboard do wynajęcia w RSB w Vila Olímpica, Barcelona"",""decoding"":""async"",""height"":""478"",""loading"":""lazy"",""sizes"":""(max-width: 640px) 92vw, (max-width: 1024px) 44vw, 420px"",""src"":""https://rentalscooterbarcelona.com/images/rsb-longboard-rental-barcelona-vila-olimpica-800.webp"",""srcset"":""https://rentalscooterbarcelona.com/images/rsb-longboard-rental-barcelona-vila-olimpica-480.webp 480w, https://rentalscooterbarcelona.com/images/rsb-longboard-rental-barcelona-vila-olimpica-800.webp 800w"",""width"":""800""}"
HOME,pl,1150,"{""tag"":""img"",""line"":1150,""alt"":""Osoba niosąca rolki blisko Vila Olímpica w Barcelonie"",""height"":""600"",""loading"":""lazy"",""src"":""https://rentalscooterbarcelona.com/images/9.webp"",""width"":""800""}"
HOME,pl,1151,"{""tag"":""img"",""line"":1151,""alt"":""Longboardy i kaski pokazane w wypożyczalni RSB w Vila Olímpica w Barcelonie"",""height"":""600"",""loading"":""lazy"",""src"":""https://rentalscooterbarcelona.com/images/skateboards-rental-barcelona.webp"",""width"":""800""}"
HOME,pl,1152,"{""tag"":""img"",""line"":1152,""alt"":""Dostawa skutera 125cc przez RSB w Barcelonie"",""height"":""600"",""loading"":""lazy"",""src"":""https://rentalscooterbarcelona.com/images/rsb-barcelona-rental-scooter-barcelona.webp"",""width"":""800""}"
HOME,pl,1153,"{""tag"":""img"",""line"":1153,""alt"":""Klient wypożyczający rolki w RSB w Vila Olímpica w Barcelonie"",""height"":""600"",""loading"":""lazy"",""src"":""https://rentalscooterbarcelona.com/images/2.webp"",""width"":""800""}"
HOME,pl,1154,"{""tag"":""img"",""line"":1154,""alt"":""Trzy osoby jadące na longboardach wzdłuż wybrzeża Barceloneta o zachodzie słońca w Barcelonie"",""height"":""600"",""loading"":""lazy"",""src"":""https://rentalscooterbarcelona.com/images/rsb-barcelona-rental-rsb-villa-olimpica-del-poble-nou--rent-skateboard-barcelona-soleado-800-v1.webp"",""width"":""800""}"
HOME,pl,1155,"{""tag"":""img"",""line"":1155,""alt"":""Osoba niosąca rolki blisko Vila Olímpica w Barcelonie"",""height"":""600"",""loading"":""lazy"",""src"":""https://rentalscooterbarcelona.com/images/9.webp"",""width"":""800""}"
HOME,pl,1156,"{""tag"":""img"",""line"":1156,""alt"":""Longboardy i kaski pokazane w wypożyczalni RSB w Vila Olímpica w Barcelonie"",""height"":""600"",""loading"":""lazy"",""src"":""https://rentalscooterbarcelona.com/images/skateboards-rental-barcelona.webp"",""width"":""800""}"
HOME,pl,1157,"{""tag"":""img"",""line"":1157,""alt"":""Dostawa skutera 125cc przez RSB w Barcelonie"",""height"":""600"",""loading"":""lazy"",""src"":""https://rentalscooterbarcelona.com/images/rsb-barcelona-rental-scooter-barcelona.webp"",""width"":""800""}"
HOME,pl,1158,"{""tag"":""img"",""line"":1158,""alt"":""Klient wypożyczający rolki w RSB w Vila Olímpica w Barcelonie"",""height"":""600"",""loading"":""lazy"",""src"":""https://rentalscooterbarcelona.com/images/2.webp"",""width"":""800""}"
HOME,pl,1159,"{""tag"":""img"",""line"":1159,""alt"":""Trzy osoby jadące na longboardach wzdłuż wybrzeża Barceloneta o zachodzie słońca w Barcelonie"",""height"":""600"",""loading"":""lazy"",""src"":""https://rentalscooterbarcelona.com/images/rsb-barcelona-rental-rsb-villa-olimpica-del-poble-nou--rent-skateboard-barcelona-soleado-800-v1.webp"",""width"":""800""}"
HOME,pl,1180,"{""tag"":""img"",""line"":1180,""alt"":""Wnętrze wypożyczalni RSB Rental Scooter Barcelona w Vila Olímpica z rolkami, rowerami i deskorolkami do wynajęcia"",""decoding"":""async"",""height"":""630"",""loading"":""lazy"",""sizes"":""(max-width: 768px) 92vw, 900px"",""src"":""https://rentalscooterbarcelona.com/images/rsb-barcelona-rental-shop-interior-inline-skates-bike-vila-olimpica-1200.webp"",""srcset"":""https://rentalscooterbarcelona.com/images/rsb-barcelona-rental-shop-interior-inline-skates-bike-vila-olimpica-640.webp 640w, https://rentalscooterbarcelona.com/images/rsb-barcelona-rental-shop-interior-inline-skates-bike-vila-olimpica-900.webp 900w, https://rentalscooterbarcelona.com/images/rsb-barcelona-rental-shop-interior-inline-skates-bike-vila-olimpica-1200.webp 1200w"",""style"":""width:100%;height:auto;object-fit:cover"",""width"":""1200""}"
HOME,pl,1226,"{""tag"":""img"",""line"":1226,""alt"":""Logo RSB Rental Scooter Barcelona"",""decoding"":""async"",""height"":""44"",""loading"":""lazy"",""sizes"":""44px"",""src"":""https://rentalscooterbarcelona.com/images/rsb-barcelona-rental-logo-2-88-v1.webp"",""srcset"":""https://rentalscooterbarcelona.com/images/rsb-barcelona-rental-logo-2-88-v1.webp 88w, https://rentalscooterbarcelona.com/images/rsb-barcelona-rental-logo-2-140-v1.webp 140w"",""width"":""44""}"
PRICES,en,1265,"{""tag"":""img"",""line"":1265,""alt"":""RSB Rental Scooter Barcelona logo"",""decoding"":""async"",""height"":""70"",""sizes"":""70px"",""src"":""https://rentalscooterbarcelona.com/images/rsb-barcelona-rental-logo-2-140-v1.webp"",""srcset"":""https://rentalscooterbarcelona.com/images/rsb-barcelona-rental-logo-2-88-v1.webp 88w, https://rentalscooterbarcelona.com/images/rsb-barcelona-rental-logo-2-140-v1.webp 140w"",""width"":""70""}"
PRICES,en,1347,"{""tag"":""img"",""line"":1347,""alt"":""Group enjoying scooter, bike, inline skates and skateboard and longboard rental on Barceloneta Beach in Barcelona"",""class"":""hero-photo zoom"",""decoding"":""async"",""fetchpriority"":""high"",""height"":""449"",""loading"":""eager"",""sizes"":""100vw"",""src"":""https://rentalscooterbarcelona.com/images/rsb-barcelona-rental-hero-group-beach-800-v1.webp"",""srcset"":""https://rentalscooterbarcelona.com/images/rsb-barcelona-rental-hero-group-beach-480-v1.webp 480w, https://rentalscooterbarcelona.com/images/rsb-barcelona-rental-hero-group-beach-800-v1.webp 800w, https://rentalscooterbarcelona.com/images/rsb-barcelona-rental-hero-group-beach-1600-v1.webp 1600w"",""width"":""800""}"
PRICES,en,1410,"{""tag"":""img"",""line"":1410,""alt"":""Scooter rental in Barcelona near Port Olímpic and Vila Olímpica"",""class"":""service-photo-scooter"",""decoding"":""async"",""height"":""533"",""loading"":""lazy"",""sizes"":""(max-width: 1024px) 96vw, 860px"",""src"":""https://rentalscooterbarcelona.com/images/rsb-scooter-rental-barcelona-vila-olimpica-800.webp"",""width"":""800""}"
PRICES,en,1420,"{""tag"":""img"",""line"":1420,""alt"":""Inline skates rental in Barcelona on the beachfront near Vila Olímpica"",""class"":""service-photo-inline"",""decoding"":""async"",""height"":""533"",""loading"":""lazy"",""sizes"":""(max-width: 1024px) 96vw, 860px"",""src"":""https://rentalscooterbarcelona.com/images/rsb-inline-skates-family-barcelona-beach-800-v1.webp"",""srcset"":""https://rentalscooterbarcelona.com/images/rsb-inline-skates-family-barcelona-beach-480-v1.webp 480w, https://rentalscooterbarcelona.com/images/rsb-inline-skates-family-barcelona-beach-800-v1.webp 800w"",""width"":""800""}"
PRICES,en,1430,"{""tag"":""img"",""line"":1430,""alt"":""City bike rental in Vila Olímpica, Barcelona"",""class"":""service-photo-bike"",""decoding"":""async"",""height"":""533"",""loading"":""lazy"",""sizes"":""(max-width: 1024px) 96vw, 860px"",""src"":""https://rentalscooterbarcelona.com/images/rsb-bike-rental-barcelona-vila-olimpica-800.webp"",""width"":""800""}"
PRICES,en,1439,"{""tag"":""img"",""line"":1439,""alt"":""Classic roller skate rental in Barcelona near Port Olímpic and Barceloneta"",""class"":""service-photo-quad"",""decoding"":""async"",""height"":""711"",""loading"":""lazy"",""sizes"":""(max-width: 1024px) 96vw, 860px"",""src"":""https://rentalscooterbarcelona.com/images/rsb-roller-skates-rental-barcelona-port-olimpic-480-v1.webp"",""srcset"":""https://rentalscooterbarcelona.com/images/rsb-roller-skates-rental-barcelona-port-olimpic-480-v1.webp 480w, https://rentalscooterbarcelona.com/images/rsb-roller-skates-rental-barcelona-port-olimpic-800-v1.webp 800w"",""width"":""800""}"
PRICES,en,1449,"{""tag"":""img"",""line"":1449,""alt"":""Skateboard and longboard rental in Barcelona near Port Olímpic"",""class"":""service-photo-board"",""decoding"":""async"",""height"":""533"",""loading"":""lazy"",""sizes"":""(max-width: 1024px) 96vw, 860px"",""src"":""https://rentalscooterbarcelona.com/images/rsb-skateboard-rental-barcelona-vila-olimpica-800.webp"",""width"":""800""}"
PRICES,en,1461,"{""tag"":""img"",""line"":1461,""alt"":""RSB Rental Scooter Barcelona shop in Vila Olímpica near Port Olímpic and Barceloneta"",""decoding"":""async"",""height"":""800"",""loading"":""lazy"",""sizes"":""(max-width: 640px) 92vw, (max-width: 1024px) 86vw, 980px"",""src"":""https://rentalscooterbarcelona.com/images/rsb-barcelona-rental-shop-interior-inline-skates-bike-vila-olimpica-640.webp"",""srcset"":""https://rentalscooterbarcelona.com/images/rsb-barcelona-rental-shop-interior-inline-skates-bike-vila-olimpica-640.webp 640w, https://rentalscooterbarcelona.com/images/rsb-barcelona-rental-shop-interior-inline-skates-bike-vila-olimpica-1200.webp 1200w"",""width"":""1200""}"
PRICES,en,1499,"{""tag"":""img"",""line"":1499,""alt"":""RSB bike rental shop in Vila Olímpica, Barcelona"",""decoding"":""async"",""height"":""675"",""loading"":""lazy"",""sizes"":""(max-width: 1024px) 96vw, 860px"",""src"":""https://rentalscooterbarcelona.com/images/rsb-bike-rental-shop-olympic-village-barcelona.webp"",""width"":""1200""}"
PRICES,en,1577,"{""tag"":""img"",""line"":1577,""alt"":""Scooter, bike, inline skates and skateboard and longboard rental near Barceloneta Beach in Barcelona"",""decoding"":""async"",""height"":""899"",""loading"":""lazy"",""sizes"":""(max-width: 768px) 94vw, 980px"",""src"":""https://rentalscooterbarcelona.com/images/rsb-barcelona-rental-hero-group-beach-800-v1.webp"",""srcset"":""https://rentalscooterbarcelona.com/images/rsb-barcelona-rental-hero-group-beach-480-v1.webp 480w, https://rentalscooterbarcelona.com/images/rsb-barcelona-rental-hero-group-beach-800-v1.webp 800w, https://rentalscooterbarcelona.com/images/rsb-barcelona-rental-hero-group-beach-1600-v1.webp 1600w"",""width"":""1600""}"
PRICES,en,1619,"{""tag"":""img"",""line"":1619,""alt"":""RSB Rental Scooter Barcelona logo"",""decoding"":""async"",""height"":""44"",""loading"":""lazy"",""sizes"":""44px"",""src"":""https://rentalscooterbarcelona.com/images/rsb-barcelona-rental-logo-2-88-v1.webp"",""srcset"":""https://rentalscooterbarcelona.com/images/rsb-barcelona-rental-logo-2-88-v1.webp 88w, https://rentalscooterbarcelona.com/images/rsb-barcelona-rental-logo-2-140-v1.webp 140w"",""width"":""44""}"
PRICES,es,1262,"{""tag"":""img"",""line"":1262,""alt"":""Logo de RSB Rental Scooter Barcelona"",""decoding"":""async"",""height"":""70"",""sizes"":""70px"",""src"":""https://rentalscooterbarcelona.com/images/rsb-barcelona-rental-logo-2-140-v1.webp"",""srcset"":""https://rentalscooterbarcelona.com/images/rsb-barcelona-rental-logo-2-88-v1.webp 88w, https://rentalscooterbarcelona.com/images/rsb-barcelona-rental-logo-2-140-v1.webp 140w"",""width"":""70""}"
PRICES,es,1344,"{""tag"":""img"",""line"":1344,""alt"":""Grupo disfrutando del alquiler de scooter, bicicleta, patines en línea, skateboard y longboard en la playa de la Barceloneta en Barcelona"",""class"":""hero-photo zoom"",""decoding"":""async"",""fetchpriority"":""high"",""height"":""449"",""loading"":""eager"",""sizes"":""100vw"",""src"":""https://rentalscooterbarcelona.com/images/rsb-barcelona-rental-hero-group-beach-800-v1.webp"",""srcset"":""https://rentalscooterbarcelona.com/images/rsb-barcelona-rental-hero-group-beach-480-v1.webp 480w, https://rentalscooterbarcelona.com/images/rsb-barcelona-rental-hero-group-beach-800-v1.webp 800w, https://rentalscooterbarcelona.com/images/rsb-barcelona-rental-hero-group-beach-1600-v1.webp 1600w"",""width"":""800""}"
PRICES,es,1405,"{""tag"":""img"",""line"":1405,""alt"":""Alquiler de scooter en Barcelona cerca de Port Olímpic y Vila Olímpica"",""class"":""service-photo-scooter"",""decoding"":""async"",""height"":""533"",""loading"":""lazy"",""sizes"":""(max-width: 1024px) 96vw, 860px"",""src"":""https://rentalscooterbarcelona.com/images/rsb-scooter-rental-barcelona-vila-olimpica-800.webp"",""width"":""800""}"
PRICES,es,1415,"{""tag"":""img"",""line"":1415,""alt"":""Alquiler de patines en línea en Barcelona en primera línea de playa cerca de Vila Olímpica"",""class"":""service-photo-inline"",""decoding"":""async"",""height"":""533"",""loading"":""lazy"",""sizes"":""(max-width: 1024px) 96vw, 860px"",""src"":""https://rentalscooterbarcelona.com/images/rsb-inline-skates-family-barcelona-beach-800-v1.webp"",""srcset"":""https://rentalscooterbarcelona.com/images/rsb-inline-skates-family-barcelona-beach-480-v1.webp 480w, https://rentalscooterbarcelona.com/images/rsb-inline-skates-family-barcelona-beach-800-v1.webp 800w"",""width"":""800""}"
PRICES,es,1425,"{""tag"":""img"",""line"":1425,""alt"":""Alquiler de bicicletas urbanas en Vila Olímpica, Barcelona"",""class"":""service-photo-bike"",""decoding"":""async"",""height"":""533"",""loading"":""lazy"",""sizes"":""(max-width: 1024px) 96vw, 860px"",""src"":""https://rentalscooterbarcelona.com/images/rsb-bike-rental-barcelona-vila-olimpica-800.webp"",""width"":""800""}"
PRICES,es,1434,"{""tag"":""img"",""line"":1434,""alt"":""Alquiler de patines de cuatro ruedas clásicos en Barcelona cerca de Port Olímpic y la Barceloneta"",""class"":""service-photo-quad"",""decoding"":""async"",""height"":""711"",""loading"":""lazy"",""sizes"":""(max-width: 1024px) 96vw, 860px"",""src"":""https://rentalscooterbarcelona.com/images/rsb-roller-skates-rental-barcelona-port-olimpic-480-v1.webp"",""srcset"":""https://rentalscooterbarcelona.com/images/rsb-roller-skates-rental-barcelona-port-olimpic-480-v1.webp 480w, https://rentalscooterbarcelona.com/images/rsb-roller-skates-rental-barcelona-port-olimpic-800-v1.webp 800w"",""width"":""800""}"
PRICES,es,1444,"{""tag"":""img"",""line"":1444,""alt"":""Alquiler de skateboard y longboard en Barcelona cerca de Port Olímpic"",""class"":""service-photo-board"",""decoding"":""async"",""height"":""533"",""loading"":""lazy"",""sizes"":""(max-width: 1024px) 96vw, 860px"",""src"":""https://rentalscooterbarcelona.com/images/rsb-skateboard-rental-barcelona-vila-olimpica-800.webp"",""width"":""800""}"
PRICES,es,1456,"{""tag"":""img"",""line"":1456,""alt"":""Tienda RSB Rental Scooter Barcelona en Vila Olímpica, cerca de Port Olímpic y la Barceloneta"",""decoding"":""async"",""height"":""800"",""loading"":""lazy"",""sizes"":""(max-width: 640px) 92vw, (max-width: 1024px) 86vw, 980px"",""src"":""https://rentalscooterbarcelona.com/images/rsb-barcelona-rental-shop-interior-inline-skates-bike-vila-olimpica-640.webp"",""srcset"":""https://rentalscooterbarcelona.com/images/rsb-barcelona-rental-shop-interior-inline-skates-bike-vila-olimpica-640.webp 640w, https://rentalscooterbarcelona.com/images/rsb-barcelona-rental-shop-interior-inline-skates-bike-vila-olimpica-1200.webp 1200w"",""width"":""1200""}"
PRICES,es,1494,"{""tag"":""img"",""line"":1494,""alt"":""Tienda RSB de alquiler de bicicletas en Vila Olímpica, Barcelona"",""decoding"":""async"",""height"":""675"",""loading"":""lazy"",""sizes"":""(max-width: 1024px) 96vw, 860px"",""src"":""https://rentalscooterbarcelona.com/images/rsb-bike-rental-shop-olympic-village-barcelona.webp"",""width"":""1200""}"
PRICES,es,1572,"{""tag"":""img"",""line"":1572,""alt"":""Alquiler de scooter, bicicleta, patines en línea, skateboard y longboard cerca de la playa de la Barceloneta en Barcelona"",""decoding"":""async"",""height"":""899"",""loading"":""lazy"",""sizes"":""(max-width: 768px) 94vw, 980px"",""src"":""https://rentalscooterbarcelona.com/images/rsb-barcelona-rental-hero-group-beach-800-v1.webp"",""srcset"":""https://rentalscooterbarcelona.com/images/rsb-barcelona-rental-hero-group-beach-480-v1.webp 480w, https://rentalscooterbarcelona.com/images/rsb-barcelona-rental-hero-group-beach-800-v1.webp 800w, https://rentalscooterbarcelona.com/images/rsb-barcelona-rental-hero-group-beach-1600-v1.webp 1600w"",""width"":""1600""}"
PRICES,es,1599,"{""tag"":""img"",""line"":1599,""alt"":""Logotipo de RSB Rental Scooter Barcelona"",""decoding"":""async"",""height"":""44"",""loading"":""lazy"",""sizes"":""44px"",""src"":""https://rentalscooterbarcelona.com/images/rsb-barcelona-rental-logo-2-88-v1.webp"",""srcset"":""https://rentalscooterbarcelona.com/images/rsb-barcelona-rental-logo-2-88-v1.webp 88w, https://rentalscooterbarcelona.com/images/rsb-barcelona-rental-logo-2-140-v1.webp 140w"",""width"":""44""}"
PRICES,fr,1255,"{""tag"":""img"",""line"":1255,""alt"":""Logo de RSB Rental Scooter Barcelona"",""decoding"":""async"",""height"":""70"",""sizes"":""70px"",""src"":""https://rentalscooterbarcelona.com/images/rsb-barcelona-rental-logo-2-140-v1.webp"",""srcset"":""https://rentalscooterbarcelona.com/images/rsb-barcelona-rental-logo-2-88-v1.webp 88w, https://rentalscooterbarcelona.com/images/rsb-barcelona-rental-logo-2-140-v1.webp 140w"",""width"":""70""}"
PRICES,fr,1335,"{""tag"":""img"",""line"":1335,""alt"":""Groupe profitant de la location de scooter, rollers en ligne, vélos, skateboard et longboard sur la plage de la Barceloneta à Barcelone"",""class"":""hero-photo zoom"",""decoding"":""async"",""fetchpriority"":""high"",""height"":""449"",""loading"":""eager"",""sizes"":""100vw"",""src"":""https://rentalscooterbarcelona.com/images/rsb-barcelona-rental-hero-group-beach-800-v1.webp"",""srcset"":""https://rentalscooterbarcelona.com/images/rsb-barcelona-rental-hero-group-beach-480-v1.webp 480w, https://rentalscooterbarcelona.com/images/rsb-barcelona-rental-hero-group-beach-800-v1.webp 800w, https://rentalscooterbarcelona.com/images/rsb-barcelona-rental-hero-group-beach-1600-v1.webp 1600w"",""width"":""800""}"
PRICES,fr,1390,"{""tag"":""img"",""line"":1390,""alt"":""Location de scooter à Barcelone près de Port Olímpic et de Vila Olímpica"",""class"":""service-photo-scooter"",""decoding"":""async"",""height"":""533"",""loading"":""lazy"",""sizes"":""(max-width: 1024px) 96vw, 860px"",""src"":""https://rentalscooterbarcelona.com/images/rsb-scooter-rental-barcelona-vila-olimpica-800.webp"",""width"":""800""}"
PRICES,fr,1400,"{""tag"":""img"",""line"":1400,""alt"":""Location de rollers en ligne à Barcelone en front de mer près de Vila Olímpica"",""class"":""service-photo-inline"",""decoding"":""async"",""height"":""533"",""loading"":""lazy"",""sizes"":""(max-width: 1024px) 96vw, 860px"",""src"":""https://rentalscooterbarcelona.com/images/rsb-inline-skates-family-barcelona-beach-800-v1.webp"",""srcset"":""https://rentalscooterbarcelona.com/images/rsb-inline-skates-family-barcelona-beach-480-v1.webp 480w, https://rentalscooterbarcelona.com/images/rsb-inline-skates-family-barcelona-beach-800-v1.webp 800w"",""width"":""800""}"
PRICES,fr,1410,"{""tag"":""img"",""line"":1410,""alt"":""Location de vélos urbains à Vila Olímpica, Barcelone"",""class"":""service-photo-bike"",""decoding"":""async"",""height"":""533"",""loading"":""lazy"",""sizes"":""(max-width: 1024px) 96vw, 860px"",""src"":""https://rentalscooterbarcelona.com/images/rsb-bike-rental-barcelona-vila-olimpica-800.webp"",""width"":""800""}"
PRICES,fr,1419,"{""tag"":""img"",""line"":1419,""alt"":""Location de rollers classiques à Barcelone près de Port Olímpic et de la Barceloneta"",""class"":""service-photo-quad"",""decoding"":""async"",""height"":""711"",""loading"":""lazy"",""sizes"":""(max-width: 1024px) 96vw, 860px"",""src"":""https://rentalscooterbarcelona.com/images/rsb-roller-skates-rental-barcelona-port-olimpic-480-v1.webp"",""srcset"":""https://rentalscooterbarcelona.com/images/rsb-roller-skates-rental-barcelona-port-olimpic-480-v1.webp 480w, https://rentalscooterbarcelona.com/images/rsb-roller-skates-rental-barcelona-port-olimpic-800-v1.webp 800w"",""width"":""800""}"
PRICES,fr,1429,"{""tag"":""img"",""line"":1429,""alt"":""Location de skateboard et longboard à Barcelone près de Port Olímpic"",""class"":""service-photo-board"",""decoding"":""async"",""height"":""533"",""loading"":""lazy"",""sizes"":""(max-width: 1024px) 96vw, 860px"",""src"":""https://rentalscooterbarcelona.com/images/rsb-skateboard-rental-barcelona-vila-olimpica-800.webp"",""width"":""800""}"
PRICES,fr,1441,"{""tag"":""img"",""line"":1441,""alt"":""Boutique RSB Rental Scooter Barcelona à Vila Olímpica près de Port Olímpic et de la Barceloneta"",""decoding"":""async"",""height"":""800"",""loading"":""lazy"",""sizes"":""(max-width: 640px) 92vw, (max-width: 1024px) 86vw, 980px"",""src"":""https://rentalscooterbarcelona.com/images/rsb-barcelona-rental-shop-interior-inline-skates-bike-vila-olimpica-640.webp"",""srcset"":""https://rentalscooterbarcelona.com/images/rsb-barcelona-rental-shop-interior-inline-skates-bike-vila-olimpica-640.webp 640w, https://rentalscooterbarcelona.com/images/rsb-barcelona-rental-shop-interior-inline-skates-bike-vila-olimpica-1200.webp 1200w"",""width"":""1200""}"
PRICES,fr,1479,"{""tag"":""img"",""line"":1479,""alt"":""Boutique de location de vélos RSB à Vila Olímpica, Barcelone"",""decoding"":""async"",""height"":""675"",""loading"":""lazy"",""sizes"":""(max-width: 1024px) 96vw, 860px"",""src"":""https://rentalscooterbarcelona.com/images/rsb-bike-rental-shop-olympic-village-barcelona.webp"",""width"":""1200""}"
PRICES,fr,1557,"{""tag"":""img"",""line"":1557,""alt"":""Location de scooter, vélos, rollers en ligne, skateboard et longboard près de la plage de la Barceloneta à Barcelone"",""decoding"":""async"",""height"":""899"",""loading"":""lazy"",""sizes"":""(max-width: 768px) 94vw, 980px"",""src"":""https://rentalscooterbarcelona.com/images/rsb-barcelona-rental-hero-group-beach-800-v1.webp"",""srcset"":""https://rentalscooterbarcelona.com/images/rsb-barcelona-rental-hero-group-beach-480-v1.webp 480w, https://rentalscooterbarcelona.com/images/rsb-barcelona-rental-hero-group-beach-800-v1.webp 800w, https://rentalscooterbarcelona.com/images/rsb-barcelona-rental-hero-group-beach-1600-v1.webp 1600w"",""width"":""1600""}"
PRICES,fr,1584,"{""tag"":""img"",""line"":1584,""alt"":""Logo de RSB Rental Scooter Barcelona"",""decoding"":""async"",""height"":""44"",""loading"":""lazy"",""sizes"":""44px"",""src"":""https://rentalscooterbarcelona.com/images/rsb-barcelona-rental-logo-2-88-v1.webp"",""srcset"":""https://rentalscooterbarcelona.com/images/rsb-barcelona-rental-logo-2-88-v1.webp 88w, https://rentalscooterbarcelona.com/images/rsb-barcelona-rental-logo-2-140-v1.webp 140w"",""width"":""44""}"
PRICES,it,1254,"{""tag"":""img"",""line"":1254,""alt"":""Logo di RSB Rental Scooter Barcelona"",""decoding"":""async"",""height"":""70"",""sizes"":""70px"",""src"":""https://rentalscooterbarcelona.com/images/rsb-barcelona-rental-logo-2-140-v1.webp"",""srcset"":""https://rentalscooterbarcelona.com/images/rsb-barcelona-rental-logo-2-88-v1.webp 88w, https://rentalscooterbarcelona.com/images/rsb-barcelona-rental-logo-2-140-v1.webp 140w"",""width"":""70""}"
PRICES,it,1340,"{""tag"":""img"",""line"":1340,""alt"":""Gruppo che si gode il noleggio di scooter, biciclette, pattini in linea, skateboard e longboard sulla spiaggia della Barceloneta a Barcellona"",""class"":""hero-photo zoom"",""decoding"":""async"",""fetchpriority"":""high"",""height"":""449"",""loading"":""eager"",""sizes"":""100vw"",""src"":""https://rentalscooterbarcelona.com/images/rsb-barcelona-rental-hero-group-beach-800-v1.webp"",""srcset"":""https://rentalscooterbarcelona.com/images/rsb-barcelona-rental-hero-group-beach-480-v1.webp 480w, https://rentalscooterbarcelona.com/images/rsb-barcelona-rental-hero-group-beach-800-v1.webp 800w, https://rentalscooterbarcelona.com/images/rsb-barcelona-rental-hero-group-beach-1600-v1.webp 1600w"",""width"":""800""}"
PRICES,it,1395,"{""tag"":""img"",""line"":1395,""alt"":""Noleggio scooter a Barcellona vicino a Port Olímpic e Vila Olímpica"",""class"":""service-photo-scooter"",""decoding"":""async"",""height"":""533"",""loading"":""lazy"",""sizes"":""(max-width: 1024px) 96vw, 860px"",""src"":""https://rentalscooterbarcelona.com/images/rsb-scooter-rental-barcelona-vila-olimpica-800.webp"",""width"":""800""}"
PRICES,it,1405,"{""tag"":""img"",""line"":1405,""alt"":""Noleggio pattini in linea a Barcellona sul lungomare vicino a Vila Olímpica"",""class"":""service-photo-inline"",""decoding"":""async"",""height"":""533"",""loading"":""lazy"",""sizes"":""(max-width: 1024px) 96vw, 860px"",""src"":""https://rentalscooterbarcelona.com/images/rsb-inline-skates-family-barcelona-beach-800-v1.webp"",""srcset"":""https://rentalscooterbarcelona.com/images/rsb-inline-skates-family-barcelona-beach-480-v1.webp 480w, https://rentalscooterbarcelona.com/images/rsb-inline-skates-family-barcelona-beach-800-v1.webp 800w"",""width"":""800""}"
PRICES,it,1415,"{""tag"":""img"",""line"":1415,""alt"":""Noleggio di city bike a Vila Olímpica, Barcellona"",""class"":""service-photo-bike"",""decoding"":""async"",""height"":""533"",""loading"":""lazy"",""sizes"":""(max-width: 1024px) 96vw, 860px"",""src"":""https://rentalscooterbarcelona.com/images/rsb-bike-rental-barcelona-vila-olimpica-800.webp"",""width"":""800""}"
PRICES,it,1424,"{""tag"":""img"",""line"":1424,""alt"":""Noleggio pattini a rotelle a Barcellona vicino a Port Olímpic e alla Barceloneta"",""class"":""service-photo-quad"",""decoding"":""async"",""height"":""711"",""loading"":""lazy"",""sizes"":""(max-width: 1024px) 96vw, 860px"",""src"":""https://rentalscooterbarcelona.com/images/rsb-roller-skates-rental-barcelona-port-olimpic-480-v1.webp"",""srcset"":""https://rentalscooterbarcelona.com/images/rsb-roller-skates-rental-barcelona-port-olimpic-480-v1.webp 480w, https://rentalscooterbarcelona.com/images/rsb-roller-skates-rental-barcelona-port-olimpic-800-v1.webp 800w"",""width"":""800""}"
PRICES,it,1434,"{""tag"":""img"",""line"":1434,""alt"":""Noleggio skateboard e longboard a Barcellona vicino a Port Olímpic"",""class"":""service-photo-board"",""decoding"":""async"",""height"":""533"",""loading"":""lazy"",""sizes"":""(max-width: 1024px) 96vw, 860px"",""src"":""https://rentalscooterbarcelona.com/images/rsb-skateboard-rental-barcelona-vila-olimpica-800.webp"",""width"":""800""}"
PRICES,it,1446,"{""tag"":""img"",""line"":1446,""alt"":""Negozio RSB Rental Scooter Barcelona a Vila Olímpica vicino a Port Olímpic e alla Barceloneta"",""decoding"":""async"",""height"":""800"",""loading"":""lazy"",""sizes"":""(max-width: 640px) 92vw, (max-width: 1024px) 86vw, 980px"",""src"":""https://rentalscooterbarcelona.com/images/rsb-barcelona-rental-shop-interior-inline-skates-bike-vila-olimpica-640.webp"",""srcset"":""https://rentalscooterbarcelona.com/images/rsb-barcelona-rental-shop-interior-inline-skates-bike-vila-olimpica-640.webp 640w, https://rentalscooterbarcelona.com/images/rsb-barcelona-rental-shop-interior-inline-skates-bike-vila-olimpica-1200.webp 1200w"",""width"":""1200""}"
PRICES,it,1484,"{""tag"":""img"",""line"":1484,""alt"":""Negozio di noleggio biciclette RSB a Vila Olímpica, Barcellona"",""decoding"":""async"",""height"":""675"",""loading"":""lazy"",""sizes"":""(max-width: 1024px) 96vw, 860px"",""src"":""https://rentalscooterbarcelona.com/images/rsb-bike-rental-shop-olympic-village-barcelona.webp"",""width"":""1200""}"
PRICES,it,1562,"{""tag"":""img"",""line"":1562,""alt"":""Noleggio di scooter, biciclette, pattini in linea, skateboard e longboard vicino alla spiaggia della Barceloneta a Barcellona"",""decoding"":""async"",""height"":""899"",""loading"":""lazy"",""sizes"":""(max-width: 768px) 94vw, 980px"",""src"":""https://rentalscooterbarcelona.com/images/rsb-barcelona-rental-hero-group-beach-800-v1.webp"",""srcset"":""https://rentalscooterbarcelona.com/images/rsb-barcelona-rental-hero-group-beach-480-v1.webp 480w, https://rentalscooterbarcelona.com/images/rsb-barcelona-rental-hero-group-beach-800-v1.webp 800w, https://rentalscooterbarcelona.com/images/rsb-barcelona-rental-hero-group-beach-1600-v1.webp 1600w"",""width"":""1600""}"
PRICES,it,1589,"{""tag"":""img"",""line"":1589,""alt"":""Logo di RSB Rental Scooter Barcelona"",""decoding"":""async"",""height"":""44"",""loading"":""lazy"",""sizes"":""44px"",""src"":""https://rentalscooterbarcelona.com/images/rsb-barcelona-rental-logo-2-88-v1.webp"",""srcset"":""https://rentalscooterbarcelona.com/images/rsb-barcelona-rental-logo-2-88-v1.webp 88w, https://rentalscooterbarcelona.com/images/rsb-barcelona-rental-logo-2-140-v1.webp 140w"",""width"":""44""}"
PRICES,de,1253,"{""tag"":""img"",""line"":1253,""alt"":""Logo von RSB Rental Scooter Barcelona"",""decoding"":""async"",""height"":""70"",""sizes"":""70px"",""src"":""https://rentalscooterbarcelona.com/images/rsb-barcelona-rental-logo-2-140-v1.webp"",""srcset"":""https://rentalscooterbarcelona.com/images/rsb-barcelona-rental-logo-2-88-v1.webp 88w, https://rentalscooterbarcelona.com/images/rsb-barcelona-rental-logo-2-140-v1.webp 140w"",""width"":""70""}"
PRICES,de,1333,"{""tag"":""img"",""line"":1333,""alt"":""Gruppe mit Scooter-, Fahrrad-, Inlineskates-, Skateboard- und Longboard-Verleih am Strand der Barceloneta in Barcelona"",""class"":""hero-photo zoom"",""decoding"":""async"",""fetchpriority"":""high"",""height"":""449"",""loading"":""eager"",""sizes"":""100vw"",""src"":""https://rentalscooterbarcelona.com/images/rsb-barcelona-rental-hero-group-beach-800-v1.webp"",""srcset"":""https://rentalscooterbarcelona.com/images/rsb-barcelona-rental-hero-group-beach-480-v1.webp 480w, https://rentalscooterbarcelona.com/images/rsb-barcelona-rental-hero-group-beach-800-v1.webp 800w, https://rentalscooterbarcelona.com/images/rsb-barcelona-rental-hero-group-beach-1600-v1.webp 1600w"",""width"":""800""}"
PRICES,de,1388,"{""tag"":""img"",""line"":1388,""alt"":""Scooterverleih in Barcelona nahe Port Olímpic und Vila Olímpica"",""class"":""service-photo-scooter"",""decoding"":""async"",""height"":""533"",""loading"":""lazy"",""sizes"":""(max-width: 1024px) 96vw, 860px"",""src"":""https://rentalscooterbarcelona.com/images/rsb-scooter-rental-barcelona-vila-olimpica-800.webp"",""width"":""800""}"
PRICES,de,1398,"{""tag"":""img"",""line"":1398,""alt"":""Inlineskates-Verleih in Barcelona an der Strandpromenade nahe Vila Olímpica"",""class"":""service-photo-inline"",""decoding"":""async"",""height"":""533"",""loading"":""lazy"",""sizes"":""(max-width: 1024px) 96vw, 860px"",""src"":""https://rentalscooterbarcelona.com/images/rsb-inline-skates-family-barcelona-beach-800-v1.webp"",""srcset"":""https://rentalscooterbarcelona.com/images/rsb-inline-skates-family-barcelona-beach-480-v1.webp 480w, https://rentalscooterbarcelona.com/images/rsb-inline-skates-family-barcelona-beach-800-v1.webp 800w"",""width"":""800""}"
PRICES,de,1408,"{""tag"":""img"",""line"":1408,""alt"":""Citybike-Verleih in Vila Olímpica, Barcelona"",""class"":""service-photo-bike"",""decoding"":""async"",""height"":""533"",""loading"":""lazy"",""sizes"":""(max-width: 1024px) 96vw, 860px"",""src"":""https://rentalscooterbarcelona.com/images/rsb-bike-rental-barcelona-vila-olimpica-800.webp"",""width"":""800""}"
PRICES,de,1417,"{""tag"":""img"",""line"":1417,""alt"":""Rollschuhverleih in Barcelona nahe Port Olímpic und Barceloneta"",""class"":""service-photo-quad"",""decoding"":""async"",""height"":""711"",""loading"":""lazy"",""sizes"":""(max-width: 1024px) 96vw, 860px"",""src"":""https://rentalscooterbarcelona.com/images/rsb-roller-skates-rental-barcelona-port-olimpic-480-v1.webp"",""srcset"":""https://rentalscooterbarcelona.com/images/rsb-roller-skates-rental-barcelona-port-olimpic-480-v1.webp 480w, https://rentalscooterbarcelona.com/images/rsb-roller-skates-rental-barcelona-port-olimpic-800-v1.webp 800w"",""width"":""800""}"
PRICES,de,1427,"{""tag"":""img"",""line"":1427,""alt"":""Skateboard- und Longboard-Verleih in Barcelona nahe Port Olímpic"",""class"":""service-photo-board"",""decoding"":""async"",""height"":""533"",""loading"":""lazy"",""sizes"":""(max-width: 1024px) 96vw, 860px"",""src"":""https://rentalscooterbarcelona.com/images/rsb-skateboard-rental-barcelona-vila-olimpica-800.webp"",""width"":""800""}"
PRICES,de,1439,"{""tag"":""img"",""line"":1439,""alt"":""RSB Rental Scooter Barcelona Shop in Vila Olímpica nahe Port Olímpic und Barceloneta"",""decoding"":""async"",""height"":""800"",""loading"":""lazy"",""sizes"":""(max-width: 640px) 92vw, (max-width: 1024px) 86vw, 980px"",""src"":""https://rentalscooterbarcelona.com/images/rsb-barcelona-rental-shop-interior-inline-skates-bike-vila-olimpica-640.webp"",""srcset"":""https://rentalscooterbarcelona.com/images/rsb-barcelona-rental-shop-interior-inline-skates-bike-vila-olimpica-640.webp 640w, https://rentalscooterbarcelona.com/images/rsb-barcelona-rental-shop-interior-inline-skates-bike-vila-olimpica-1200.webp 1200w"",""width"":""1200""}"
PRICES,de,1477,"{""tag"":""img"",""line"":1477,""alt"":""RSB Fahrradverleih in Vila Olímpica, Barcelona"",""decoding"":""async"",""height"":""675"",""loading"":""lazy"",""sizes"":""(max-width: 1024px) 96vw, 860px"",""src"":""https://rentalscooterbarcelona.com/images/rsb-bike-rental-shop-olympic-village-barcelona.webp"",""width"":""1200""}"
PRICES,de,1567,"{""tag"":""img"",""line"":1567,""alt"":""Scooter-, Fahrrad-, Inlineskates-, Skateboard- und Longboard-Verleih nahe dem Strand der Barceloneta in Barcelona"",""decoding"":""async"",""height"":""899"",""loading"":""lazy"",""sizes"":""(max-width: 768px) 94vw, 980px"",""src"":""https://rentalscooterbarcelona.com/images/rsb-barcelona-rental-hero-group-beach-800-v1.webp"",""srcset"":""https://rentalscooterbarcelona.com/images/rsb-barcelona-rental-hero-group-beach-480-v1.webp 480w, https://rentalscooterbarcelona.com/images/rsb-barcelona-rental-hero-group-beach-800-v1.webp 800w, https://rentalscooterbarcelona.com/images/rsb-barcelona-rental-hero-group-beach-1600-v1.webp 1600w"",""width"":""1600""}"
PRICES,de,1608,"{""tag"":""img"",""line"":1608,""alt"":""Logo von RSB Rental Scooter Barcelona"",""decoding"":""async"",""height"":""44"",""loading"":""lazy"",""sizes"":""44px"",""src"":""https://rentalscooterbarcelona.com/images/rsb-barcelona-rental-logo-2-88-v1.webp"",""srcset"":""https://rentalscooterbarcelona.com/images/rsb-barcelona-rental-logo-2-88-v1.webp 88w, https://rentalscooterbarcelona.com/images/rsb-barcelona-rental-logo-2-140-v1.webp 140w"",""width"":""44""}"
PRICES,nl,1265,"{""tag"":""img"",""line"":1265,""alt"":""Logo van RSB Rental Scooter Barcelona"",""decoding"":""async"",""height"":""70"",""sizes"":""70px"",""src"":""https://rentalscooterbarcelona.com/images/rsb-barcelona-rental-logo-2-140-v1.webp"",""srcset"":""https://rentalscooterbarcelona.com/images/rsb-barcelona-rental-logo-2-88-v1.webp 88w, https://rentalscooterbarcelona.com/images/rsb-barcelona-rental-logo-2-140-v1.webp 140w"",""width"":""70""}"
PRICES,nl,1345,"{""tag"":""img"",""line"":1345,""alt"":""Groep die geniet van scooter-, fiets-, inline skates-, skateboard- en longboardverhuur op het strand van Barceloneta in Barcelona"",""class"":""hero-photo zoom"",""decoding"":""async"",""fetchpriority"":""high"",""height"":""449"",""loading"":""eager"",""sizes"":""100vw"",""src"":""https://rentalscooterbarcelona.com/images/rsb-barcelona-rental-hero-group-beach-800-v1.webp"",""srcset"":""https://rentalscooterbarcelona.com/images/rsb-barcelona-rental-hero-group-beach-480-v1.webp 480w, https://rentalscooterbarcelona.com/images/rsb-barcelona-rental-hero-group-beach-800-v1.webp 800w, https://rentalscooterbarcelona.com/images/rsb-barcelona-rental-hero-group-beach-1600-v1.webp 1600w"",""width"":""800""}"
PRICES,nl,1400,"{""tag"":""img"",""line"":1400,""alt"":""Scooterverhuur in Barcelona vlak bij Port Olímpic en Vila Olímpica"",""class"":""service-photo-scooter"",""decoding"":""async"",""height"":""533"",""loading"":""lazy"",""sizes"":""(max-width: 1024px) 96vw, 860px"",""src"":""https://rentalscooterbarcelona.com/images/rsb-scooter-rental-barcelona-vila-olimpica-800.webp"",""width"":""800""}"
PRICES,nl,1410,"{""tag"":""img"",""line"":1410,""alt"":""Inline skates verhuur in Barcelona aan de boulevard bij Vila Olímpica"",""class"":""service-photo-inline"",""decoding"":""async"",""height"":""533"",""loading"":""lazy"",""sizes"":""(max-width: 1024px) 96vw, 860px"",""src"":""https://rentalscooterbarcelona.com/images/rsb-inline-skates-family-barcelona-beach-800-v1.webp"",""srcset"":""https://rentalscooterbarcelona.com/images/rsb-inline-skates-family-barcelona-beach-480-v1.webp 480w, https://rentalscooterbarcelona.com/images/rsb-inline-skates-family-barcelona-beach-800-v1.webp 800w"",""width"":""800""}"
PRICES,nl,1420,"{""tag"":""img"",""line"":1420,""alt"":""Stadsfietsverhuur in Vila Olímpica, Barcelona"",""class"":""service-photo-bike"",""decoding"":""async"",""height"":""533"",""loading"":""lazy"",""sizes"":""(max-width: 1024px) 96vw, 860px"",""src"":""https://rentalscooterbarcelona.com/images/rsb-bike-rental-barcelona-vila-olimpica-800.webp"",""width"":""800""}"
PRICES,nl,1429,"{""tag"":""img"",""line"":1429,""alt"":""Klassieke rolschaatsenverhuur in Barcelona bij Port Olímpic en Barceloneta"",""class"":""service-photo-quad"",""decoding"":""async"",""height"":""711"",""loading"":""lazy"",""sizes"":""(max-width: 1024px) 96vw, 860px"",""src"":""https://rentalscooterbarcelona.com/images/rsb-roller-skates-rental-barcelona-port-olimpic-480-v1.webp"",""srcset"":""https://rentalscooterbarcelona.com/images/rsb-roller-skates-rental-barcelona-port-olimpic-480-v1.webp 480w, https://rentalscooterbarcelona.com/images/rsb-roller-skates-rental-barcelona-port-olimpic-800-v1.webp 800w"",""width"":""800""}"
PRICES,nl,1439,"{""tag"":""img"",""line"":1439,""alt"":""Skateboard- en longboardverhuur in Barcelona vlak bij Port Olímpic"",""class"":""service-photo-board"",""decoding"":""async"",""height"":""533"",""loading"":""lazy"",""sizes"":""(max-width: 1024px) 96vw, 860px"",""src"":""https://rentalscooterbarcelona.com/images/rsb-skateboard-rental-barcelona-vila-olimpica-800.webp"",""width"":""800""}"
PRICES,nl,1451,"{""tag"":""img"",""line"":1451,""alt"":""RSB Rental Scooter Barcelona winkel in Vila Olímpica vlak bij Port Olímpic en Barceloneta"",""decoding"":""async"",""height"":""800"",""loading"":""lazy"",""sizes"":""(max-width: 640px) 92vw, (max-width: 1024px) 86vw, 980px"",""src"":""https://rentalscooterbarcelona.com/images/rsb-barcelona-rental-shop-interior-inline-skates-bike-vila-olimpica-640.webp"",""srcset"":""https://rentalscooterbarcelona.com/images/rsb-barcelona-rental-shop-interior-inline-skates-bike-vila-olimpica-640.webp 640w, https://rentalscooterbarcelona.com/images/rsb-barcelona-rental-shop-interior-inline-skates-bike-vila-olimpica-1200.webp 1200w"",""width"":""1200""}"
PRICES,nl,1489,"{""tag"":""img"",""line"":1489,""alt"":""RSB fietsverhuurwinkel in Vila Olímpica, Barcelona"",""decoding"":""async"",""height"":""675"",""loading"":""lazy"",""sizes"":""(max-width: 1024px) 96vw, 860px"",""src"":""https://rentalscooterbarcelona.com/images/rsb-bike-rental-shop-olympic-village-barcelona.webp"",""width"":""1200""}"
PRICES,nl,1579,"{""tag"":""img"",""line"":1579,""alt"":""Scooter-, fiets-, inline skates-, skateboard- en longboardverhuur nabij het strand van Barceloneta in Barcelona"",""decoding"":""async"",""height"":""899"",""loading"":""lazy"",""sizes"":""(max-width: 768px) 94vw, 980px"",""src"":""https://rentalscooterbarcelona.com/images/rsb-barcelona-rental-hero-group-beach-800-v1.webp"",""srcset"":""https://rentalscooterbarcelona.com/images/rsb-barcelona-rental-hero-group-beach-480-v1.webp 480w, https://rentalscooterbarcelona.com/images/rsb-barcelona-rental-hero-group-beach-800-v1.webp 800w, https://rentalscooterbarcelona.com/images/rsb-barcelona-rental-hero-group-beach-1600-v1.webp 1600w"",""width"":""1600""}"
PRICES,nl,1620,"{""tag"":""img"",""line"":1620,""alt"":""Logo van RSB Rental Scooter Barcelona"",""decoding"":""async"",""height"":""44"",""loading"":""lazy"",""sizes"":""44px"",""src"":""https://rentalscooterbarcelona.com/images/rsb-barcelona-rental-logo-2-88-v1.webp"",""srcset"":""https://rentalscooterbarcelona.com/images/rsb-barcelona-rental-logo-2-88-v1.webp 88w, https://rentalscooterbarcelona.com/images/rsb-barcelona-rental-logo-2-140-v1.webp 140w"",""width"":""44""}"
PRICES,pt,1265,"{""tag"":""img"",""line"":1265,""alt"":""Logótipo da RSB Rental Scooter Barcelona"",""decoding"":""async"",""height"":""70"",""sizes"":""70px"",""src"":""https://rentalscooterbarcelona.com/images/rsb-barcelona-rental-logo-2-140-v1.webp"",""srcset"":""https://rentalscooterbarcelona.com/images/rsb-barcelona-rental-logo-2-88-v1.webp 88w, https://rentalscooterbarcelona.com/images/rsb-barcelona-rental-logo-2-140-v1.webp 140w"",""width"":""70""}"
PRICES,pt,1351,"{""tag"":""img"",""line"":1351,""alt"":""Grupo a aproveitar o aluguer de scooter, bicicleta, patins em linha, skateboard e longboard na praia da Barceloneta, em Barcelona"",""class"":""hero-photo zoom"",""decoding"":""async"",""fetchpriority"":""high"",""height"":""449"",""loading"":""eager"",""sizes"":""100vw"",""src"":""https://rentalscooterbarcelona.com/images/rsb-barcelona-rental-hero-group-beach-800-v1.webp"",""srcset"":""https://rentalscooterbarcelona.com/images/rsb-barcelona-rental-hero-group-beach-480-v1.webp 480w, https://rentalscooterbarcelona.com/images/rsb-barcelona-rental-hero-group-beach-800-v1.webp 800w, https://rentalscooterbarcelona.com/images/rsb-barcelona-rental-hero-group-beach-1600-v1.webp 1600w"",""width"":""800""}"
PRICES,pt,1406,"{""tag"":""img"",""line"":1406,""alt"":""Aluguer de scooter em Barcelona perto de Port Olímpic e Vila Olímpica"",""class"":""service-photo-scooter"",""decoding"":""async"",""height"":""533"",""loading"":""lazy"",""sizes"":""(max-width: 1024px) 96vw, 860px"",""src"":""https://rentalscooterbarcelona.com/images/rsb-scooter-rental-barcelona-vila-olimpica-800.webp"",""width"":""800""}"
PRICES,pt,1416,"{""tag"":""img"",""line"":1416,""alt"":""Aluguer de patins em linha em Barcelona na marginal perto de Vila Olímpica"",""class"":""service-photo-inline"",""decoding"":""async"",""height"":""533"",""loading"":""lazy"",""sizes"":""(max-width: 1024px) 96vw, 860px"",""src"":""https://rentalscooterbarcelona.com/images/rsb-inline-skates-family-barcelona-beach-800-v1.webp"",""srcset"":""https://rentalscooterbarcelona.com/images/rsb-inline-skates-family-barcelona-beach-480-v1.webp 480w, https://rentalscooterbarcelona.com/images/rsb-inline-skates-family-barcelona-beach-800-v1.webp 800w"",""width"":""800""}"
PRICES,pt,1426,"{""tag"":""img"",""line"":1426,""alt"":""Aluguer de bicicletas urbanas em Vila Olímpica, Barcelona"",""class"":""service-photo-bike"",""decoding"":""async"",""height"":""533"",""loading"":""lazy"",""sizes"":""(max-width: 1024px) 96vw, 860px"",""src"":""https://rentalscooterbarcelona.com/images/rsb-bike-rental-barcelona-vila-olimpica-800.webp"",""width"":""800""}"
PRICES,pt,1435,"{""tag"":""img"",""line"":1435,""alt"":""Aluguer de patins de 4 rodas em Barcelona perto de Port Olímpic e da Barceloneta"",""class"":""service-photo-quad"",""decoding"":""async"",""height"":""711"",""loading"":""lazy"",""sizes"":""(max-width: 1024px) 96vw, 860px"",""src"":""https://rentalscooterbarcelona.com/images/rsb-roller-skates-rental-barcelona-port-olimpic-480-v1.webp"",""srcset"":""https://rentalscooterbarcelona.com/images/rsb-roller-skates-rental-barcelona-port-olimpic-480-v1.webp 480w, https://rentalscooterbarcelona.com/images/rsb-roller-skates-rental-barcelona-port-olimpic-800-v1.webp 800w"",""width"":""800""}"
PRICES,pt,1445,"{""tag"":""img"",""line"":1445,""alt"":""Aluguer de skateboard e longboard em Barcelona perto de Port Olímpic"",""class"":""service-photo-board"",""decoding"":""async"",""height"":""533"",""loading"":""lazy"",""sizes"":""(max-width: 1024px) 96vw, 860px"",""src"":""https://rentalscooterbarcelona.com/images/rsb-skateboard-rental-barcelona-vila-olimpica-800.webp"",""width"":""800""}"
PRICES,pt,1457,"{""tag"":""img"",""line"":1457,""alt"":""Loja RSB Rental Scooter Barcelona em Vila Olímpica perto de Port Olímpic e da Barceloneta"",""decoding"":""async"",""height"":""800"",""loading"":""lazy"",""sizes"":""(max-width: 640px) 92vw, (max-width: 1024px) 86vw, 980px"",""src"":""https://rentalscooterbarcelona.com/images/rsb-barcelona-rental-shop-interior-inline-skates-bike-vila-olimpica-640.webp"",""srcset"":""https://rentalscooterbarcelona.com/images/rsb-barcelona-rental-shop-interior-inline-skates-bike-vila-olimpica-640.webp 640w, https://rentalscooterbarcelona.com/images/rsb-barcelona-rental-shop-interior-inline-skates-bike-vila-olimpica-1200.webp 1200w"",""width"":""1200""}"
PRICES,pt,1495,"{""tag"":""img"",""line"":1495,""alt"":""Loja de aluguer de bicicletas RSB em Vila Olímpica, Barcelona"",""decoding"":""async"",""height"":""675"",""loading"":""lazy"",""sizes"":""(max-width: 1024px) 96vw, 860px"",""src"":""https://rentalscooterbarcelona.com/images/rsb-bike-rental-shop-olympic-village-barcelona.webp"",""width"":""1200""}"
PRICES,pt,1573,"{""tag"":""img"",""line"":1573,""alt"":""Aluguer de scooter, bicicleta, patins em linha, skateboard e longboard perto da praia da Barceloneta em Barcelona"",""decoding"":""async"",""height"":""899"",""loading"":""lazy"",""sizes"":""(max-width: 768px) 94vw, 980px"",""src"":""https://rentalscooterbarcelona.com/images/rsb-barcelona-rental-hero-group-beach-800-v1.webp"",""srcset"":""https://rentalscooterbarcelona.com/images/rsb-barcelona-rental-hero-group-beach-480-v1.webp 480w, https://rentalscooterbarcelona.com/images/rsb-barcelona-rental-hero-group-beach-800-v1.webp 800w, https://rentalscooterbarcelona.com/images/rsb-barcelona-rental-hero-group-beach-1600-v1.webp 1600w"",""width"":""1600""}"
PRICES,pt,1614,"{""tag"":""img"",""line"":1614,""alt"":""Logótipo da RSB Rental Scooter Barcelona"",""decoding"":""async"",""height"":""44"",""loading"":""lazy"",""sizes"":""44px"",""src"":""https://rentalscooterbarcelona.com/images/rsb-barcelona-rental-logo-2-88-v1.webp"",""srcset"":""https://rentalscooterbarcelona.com/images/rsb-barcelona-rental-logo-2-88-v1.webp 88w, https://rentalscooterbarcelona.com/images/rsb-barcelona-rental-logo-2-140-v1.webp 140w"",""width"":""44""}"
PRICES,ca,1254,"{""tag"":""img"",""line"":1254,""alt"":""Logotip de RSB Rental Scooter Barcelona"",""decoding"":""async"",""height"":""70"",""sizes"":""70px"",""src"":""https://rentalscooterbarcelona.com/images/rsb-barcelona-rental-logo-2-140-v1.webp"",""srcset"":""https://rentalscooterbarcelona.com/images/rsb-barcelona-rental-logo-2-88-v1.webp 88w, https://rentalscooterbarcelona.com/images/rsb-barcelona-rental-logo-2-140-v1.webp 140w"",""width"":""70""}"
PRICES,ca,1340,"{""tag"":""img"",""line"":1340,""alt"":""Grup gaudint del lloguer de scooter, bicicleta, patins en línia, skateboard i longboard a la platja de la Barceloneta a Barcelona"",""class"":""hero-photo zoom"",""decoding"":""async"",""fetchpriority"":""high"",""height"":""449"",""loading"":""eager"",""sizes"":""100vw"",""src"":""https://rentalscooterbarcelona.com/images/rsb-barcelona-rental-hero-group-beach-800-v1.webp"",""srcset"":""https://rentalscooterbarcelona.com/images/rsb-barcelona-rental-hero-group-beach-480-v1.webp 480w, https://rentalscooterbarcelona.com/images/rsb-barcelona-rental-hero-group-beach-800-v1.webp 800w, https://rentalscooterbarcelona.com/images/rsb-barcelona-rental-hero-group-beach-1600-v1.webp 1600w"",""width"":""800""}"
PRICES,ca,1395,"{""tag"":""img"",""line"":1395,""alt"":""Lloguer de scooter a Barcelona a prop de Port Olímpic i Vila Olímpica"",""class"":""service-photo-scooter"",""decoding"":""async"",""height"":""533"",""loading"":""lazy"",""sizes"":""(max-width: 1024px) 96vw, 860px"",""src"":""https://rentalscooterbarcelona.com/images/rsb-scooter-rental-barcelona-vila-olimpica-800.webp"",""width"":""800""}"
PRICES,ca,1405,"{""tag"":""img"",""line"":1405,""alt"":""Lloguer de patins en línia a Barcelona davant del mar, a prop de Vila Olímpica"",""class"":""service-photo-inline"",""decoding"":""async"",""height"":""533"",""loading"":""lazy"",""sizes"":""(max-width: 1024px) 96vw, 860px"",""src"":""https://rentalscooterbarcelona.com/images/rsb-inline-skates-family-barcelona-beach-800-v1.webp"",""srcset"":""https://rentalscooterbarcelona.com/images/rsb-inline-skates-family-barcelona-beach-480-v1.webp 480w, https://rentalscooterbarcelona.com/images/rsb-inline-skates-family-barcelona-beach-800-v1.webp 800w"",""width"":""800""}"
PRICES,ca,1415,"{""tag"":""img"",""line"":1415,""alt"":""Lloguer de bicicleta urbana a Vila Olímpica, Barcelona"",""class"":""service-photo-bike"",""decoding"":""async"",""height"":""533"",""loading"":""lazy"",""sizes"":""(max-width: 1024px) 96vw, 860px"",""src"":""https://rentalscooterbarcelona.com/images/rsb-bike-rental-barcelona-vila-olimpica-800.webp"",""width"":""800""}"
PRICES,ca,1424,"{""tag"":""img"",""line"":1424,""alt"":""Lloguer de patins clàssics a Barcelona a prop de Port Olímpic i la Barceloneta"",""class"":""service-photo-quad"",""decoding"":""async"",""height"":""711"",""loading"":""lazy"",""sizes"":""(max-width: 1024px) 96vw, 860px"",""src"":""https://rentalscooterbarcelona.com/images/rsb-roller-skates-rental-barcelona-port-olimpic-480-v1.webp"",""srcset"":""https://rentalscooterbarcelona.com/images/rsb-roller-skates-rental-barcelona-port-olimpic-480-v1.webp 480w, https://rentalscooterbarcelona.com/images/rsb-roller-skates-rental-barcelona-port-olimpic-800-v1.webp 800w"",""width"":""800""}"
PRICES,ca,1434,"{""tag"":""img"",""line"":1434,""alt"":""Lloguer de skateboard i longboard a Barcelona a prop de Port Olímpic"",""class"":""service-photo-board"",""decoding"":""async"",""height"":""533"",""loading"":""lazy"",""sizes"":""(max-width: 1024px) 96vw, 860px"",""src"":""https://rentalscooterbarcelona.com/images/rsb-skateboard-rental-barcelona-vila-olimpica-800.webp"",""width"":""800""}"
PRICES,ca,1446,"{""tag"":""img"",""line"":1446,""alt"":""Botiga RSB Rental Scooter Barcelona a Vila Olímpica a prop de Port Olímpic i la Barceloneta"",""decoding"":""async"",""height"":""800"",""loading"":""lazy"",""sizes"":""(max-width: 640px) 92vw, (max-width: 1024px) 86vw, 980px"",""src"":""https://rentalscooterbarcelona.com/images/rsb-barcelona-rental-shop-interior-inline-skates-bike-vila-olimpica-640.webp"",""srcset"":""https://rentalscooterbarcelona.com/images/rsb-barcelona-rental-shop-interior-inline-skates-bike-vila-olimpica-640.webp 640w, https://rentalscooterbarcelona.com/images/rsb-barcelona-rental-shop-interior-inline-skates-bike-vila-olimpica-1200.webp 1200w"",""width"":""1200""}"
PRICES,ca,1484,"{""tag"":""img"",""line"":1484,""alt"":""Botiga de lloguer de bicicletes RSB a Vila Olímpica, Barcelona"",""decoding"":""async"",""height"":""675"",""loading"":""lazy"",""sizes"":""(max-width: 1024px) 96vw, 860px"",""src"":""https://rentalscooterbarcelona.com/images/rsb-bike-rental-shop-olympic-village-barcelona.webp"",""width"":""1200""}"
PRICES,ca,1562,"{""tag"":""img"",""line"":1562,""alt"":""Lloguer de scooter, bicicleta, patins en línia, skateboard i longboard a prop de la platja de la Barceloneta a Barcelona"",""decoding"":""async"",""height"":""899"",""loading"":""lazy"",""sizes"":""(max-width: 768px) 94vw, 980px"",""src"":""https://rentalscooterbarcelona.com/images/rsb-barcelona-rental-hero-group-beach-800-v1.webp"",""srcset"":""https://rentalscooterbarcelona.com/images/rsb-barcelona-rental-hero-group-beach-480-v1.webp 480w, https://rentalscooterbarcelona.com/images/rsb-barcelona-rental-hero-group-beach-800-v1.webp 800w, https://rentalscooterbarcelona.com/images/rsb-barcelona-rental-hero-group-beach-1600-v1.webp 1600w"",""width"":""1600""}"
PRICES,ca,1601,"{""tag"":""img"",""line"":1601,""alt"":""Logotip de RSB Rental Scooter Barcelona"",""decoding"":""async"",""height"":""44"",""loading"":""lazy"",""sizes"":""44px"",""src"":""https://rentalscooterbarcelona.com/images/rsb-barcelona-rental-logo-2-88-v1.webp"",""srcset"":""https://rentalscooterbarcelona.com/images/rsb-barcelona-rental-logo-2-88-v1.webp 88w, https://rentalscooterbarcelona.com/images/rsb-barcelona-rental-logo-2-140-v1.webp 140w"",""width"":""44""}"
PRICES,sv,1265,"{""tag"":""img"",""line"":1265,""alt"":""RSB Rental Scooter Barcelona-logotyp"",""decoding"":""async"",""height"":""70"",""sizes"":""70px"",""src"":""https://rentalscooterbarcelona.com/images/rsb-barcelona-rental-logo-2-140-v1.webp"",""srcset"":""https://rentalscooterbarcelona.com/images/rsb-barcelona-rental-logo-2-88-v1.webp 88w, https://rentalscooterbarcelona.com/images/rsb-barcelona-rental-logo-2-140-v1.webp 140w"",""width"":""70""}"
PRICES,sv,1347,"{""tag"":""img"",""line"":1347,""alt"":""Grupp som njuter av scooteruthyrning, cyklar, inlines, skateboard och longboard på Barceloneta-stranden i Barcelona"",""class"":""hero-photo zoom"",""decoding"":""async"",""fetchpriority"":""high"",""height"":""449"",""loading"":""eager"",""sizes"":""100vw"",""src"":""https://rentalscooterbarcelona.com/images/rsb-barcelona-rental-hero-group-beach-800-v1.webp"",""srcset"":""https://rentalscooterbarcelona.com/images/rsb-barcelona-rental-hero-group-beach-480-v1.webp 480w, https://rentalscooterbarcelona.com/images/rsb-barcelona-rental-hero-group-beach-800-v1.webp 800w, https://rentalscooterbarcelona.com/images/rsb-barcelona-rental-hero-group-beach-1600-v1.webp 1600w"",""width"":""800""}"
PRICES,sv,1402,"{""tag"":""img"",""line"":1402,""alt"":""Scooteruthyrning i Barcelona nära Port Olímpic och Vila Olímpica"",""class"":""service-photo-scooter"",""decoding"":""async"",""height"":""533"",""loading"":""lazy"",""sizes"":""(max-width: 1024px) 96vw, 860px"",""src"":""https://rentalscooterbarcelona.com/images/rsb-scooter-rental-barcelona-vila-olimpica-800.webp"",""width"":""800""}"
PRICES,sv,1412,"{""tag"":""img"",""line"":1412,""alt"":""Uthyrning av inlines i Barcelona på strandpromenaden nära Vila Olímpica"",""class"":""service-photo-inline"",""decoding"":""async"",""height"":""533"",""loading"":""lazy"",""sizes"":""(max-width: 1024px) 96vw, 860px"",""src"":""https://rentalscooterbarcelona.com/images/rsb-inline-skates-family-barcelona-beach-800-v1.webp"",""srcset"":""https://rentalscooterbarcelona.com/images/rsb-inline-skates-family-barcelona-beach-480-v1.webp 480w, https://rentalscooterbarcelona.com/images/rsb-inline-skates-family-barcelona-beach-800-v1.webp 800w"",""width"":""800""}"
PRICES,sv,1422,"{""tag"":""img"",""line"":1422,""alt"":""Uthyrning av stadscykel i Vila Olímpica, Barcelona"",""class"":""service-photo-bike"",""decoding"":""async"",""height"":""533"",""loading"":""lazy"",""sizes"":""(max-width: 1024px) 96vw, 860px"",""src"":""https://rentalscooterbarcelona.com/images/rsb-bike-rental-barcelona-vila-olimpica-800.webp"",""width"":""800""}"
PRICES,sv,1431,"{""tag"":""img"",""line"":1431,""alt"":""Uthyrning av klassiska rullskridskor i Barcelona nära Port Olímpic och Barceloneta"",""class"":""service-photo-quad"",""decoding"":""async"",""height"":""711"",""loading"":""lazy"",""sizes"":""(max-width: 1024px) 96vw, 860px"",""src"":""https://rentalscooterbarcelona.com/images/rsb-roller-skates-rental-barcelona-port-olimpic-480-v1.webp"",""srcset"":""https://rentalscooterbarcelona.com/images/rsb-roller-skates-rental-barcelona-port-olimpic-480-v1.webp 480w, https://rentalscooterbarcelona.com/images/rsb-roller-skates-rental-barcelona-port-olimpic-800-v1.webp 800w"",""width"":""800""}"
PRICES,sv,1441,"{""tag"":""img"",""line"":1441,""alt"":""Skateboard- och longboarduthyrning i Barcelona nära Port Olímpic"",""class"":""service-photo-board"",""decoding"":""async"",""height"":""533"",""loading"":""lazy"",""sizes"":""(max-width: 1024px) 96vw, 860px"",""src"":""https://rentalscooterbarcelona.com/images/rsb-skateboard-rental-barcelona-vila-olimpica-800.webp"",""width"":""800""}"
PRICES,sv,1453,"{""tag"":""img"",""line"":1453,""alt"":""RSB Rental Scooter Barcelona-butik i Vila Olímpica nära Port Olímpic och Barceloneta"",""decoding"":""async"",""height"":""800"",""loading"":""lazy"",""sizes"":""(max-width: 640px) 92vw, (max-width: 1024px) 86vw, 980px"",""src"":""https://rentalscooterbarcelona.com/images/rsb-barcelona-rental-shop-interior-inline-skates-bike-vila-olimpica-640.webp"",""srcset"":""https://rentalscooterbarcelona.com/images/rsb-barcelona-rental-shop-interior-inline-skates-bike-vila-olimpica-640.webp 640w, https://rentalscooterbarcelona.com/images/rsb-barcelona-rental-shop-interior-inline-skates-bike-vila-olimpica-1200.webp 1200w"",""width"":""1200""}"
PRICES,sv,1491,"{""tag"":""img"",""line"":1491,""alt"":""RSB cykeluthyrningsbutik i Vila Olímpica, Barcelona"",""decoding"":""async"",""height"":""675"",""loading"":""lazy"",""sizes"":""(max-width: 1024px) 96vw, 860px"",""src"":""https://rentalscooterbarcelona.com/images/rsb-bike-rental-shop-olympic-village-barcelona.webp"",""width"":""1200""}"
PRICES,sv,1569,"{""tag"":""img"",""line"":1569,""alt"":""Scooter-, cykel-, inlines-, skateboard- och longboarduthyrning nära Barceloneta-stranden i Barcelona"",""decoding"":""async"",""height"":""899"",""loading"":""lazy"",""sizes"":""(max-width: 768px) 94vw, 980px"",""src"":""https://rentalscooterbarcelona.com/images/rsb-barcelona-rental-hero-group-beach-800-v1.webp"",""srcset"":""https://rentalscooterbarcelona.com/images/rsb-barcelona-rental-hero-group-beach-480-v1.webp 480w, https://rentalscooterbarcelona.com/images/rsb-barcelona-rental-hero-group-beach-800-v1.webp 800w, https://rentalscooterbarcelona.com/images/rsb-barcelona-rental-hero-group-beach-1600-v1.webp 1600w"",""width"":""1600""}"
PRICES,sv,1608,"{""tag"":""img"",""line"":1608,""alt"":""RSB Rental Scooter Barcelona-logotyp"",""decoding"":""async"",""height"":""44"",""loading"":""lazy"",""sizes"":""44px"",""src"":""https://rentalscooterbarcelona.com/images/rsb-barcelona-rental-logo-2-88-v1.webp"",""srcset"":""https://rentalscooterbarcelona.com/images/rsb-barcelona-rental-logo-2-88-v1.webp 88w, https://rentalscooterbarcelona.com/images/rsb-barcelona-rental-logo-2-140-v1.webp 140w"",""width"":""44""}"
PRICES,pl,1265,"{""tag"":""img"",""line"":1265,""alt"":""Logo RSB Rental Scooter Barcelona"",""decoding"":""async"",""height"":""70"",""sizes"":""70px"",""src"":""https://rentalscooterbarcelona.com/images/rsb-barcelona-rental-logo-2-140-v1.webp"",""srcset"":""https://rentalscooterbarcelona.com/images/rsb-barcelona-rental-logo-2-88-v1.webp 88w, https://rentalscooterbarcelona.com/images/rsb-barcelona-rental-logo-2-140-v1.webp 140w"",""width"":""70""}"
PRICES,pl,1347,"{""tag"":""img"",""line"":1347,""alt"":""Grupa korzystająca ze skutera, roweru, rolek, deskorolki i longboardu przy plaży Barceloneta w Barcelonie"",""class"":""hero-photo zoom"",""decoding"":""async"",""fetchpriority"":""high"",""height"":""449"",""loading"":""eager"",""sizes"":""100vw"",""src"":""https://rentalscooterbarcelona.com/images/rsb-barcelona-rental-hero-group-beach-800-v1.webp"",""srcset"":""https://rentalscooterbarcelona.com/images/rsb-barcelona-rental-hero-group-beach-480-v1.webp 480w, https://rentalscooterbarcelona.com/images/rsb-barcelona-rental-hero-group-beach-800-v1.webp 800w, https://rentalscooterbarcelona.com/images/rsb-barcelona-rental-hero-group-beach-1600-v1.webp 1600w"",""width"":""800""}"
PRICES,pl,1408,"{""tag"":""img"",""line"":1408,""alt"":""Wynajem skuterów w Barcelonie blisko Port Olímpic i Vila Olímpica"",""class"":""service-photo-scooter"",""decoding"":""async"",""height"":""533"",""loading"":""lazy"",""sizes"":""(max-width: 1024px) 96vw, 860px"",""src"":""https://rentalscooterbarcelona.com/images/rsb-scooter-rental-barcelona-vila-olimpica-800.webp"",""width"":""800""}"
PRICES,pl,1418,"{""tag"":""img"",""line"":1418,""alt"":""Wynajem rolek w Barcelonie przy plaży blisko Vila Olímpica"",""class"":""service-photo-inline"",""decoding"":""async"",""height"":""533"",""loading"":""lazy"",""sizes"":""(max-width: 1024px) 96vw, 860px"",""src"":""https://rentalscooterbarcelona.com/images/rsb-inline-skates-family-barcelona-beach-800-v1.webp"",""srcset"":""https://rentalscooterbarcelona.com/images/rsb-inline-skates-family-barcelona-beach-480-v1.webp 480w, https://rentalscooterbarcelona.com/images/rsb-inline-skates-family-barcelona-beach-800-v1.webp 800w"",""width"":""800""}"
PRICES,pl,1428,"{""tag"":""img"",""line"":1428,""alt"":""Wynajem rowerów miejskich w Vila Olímpica, Barcelona"",""class"":""service-photo-bike"",""decoding"":""async"",""height"":""533"",""loading"":""lazy"",""sizes"":""(max-width: 1024px) 96vw, 860px"",""src"":""https://rentalscooterbarcelona.com/images/rsb-bike-rental-barcelona-vila-olimpica-800.webp"",""width"":""800""}"
PRICES,pl,1437,"{""tag"":""img"",""line"":1437,""alt"":""Klasyczny wynajem wrotek w Barcelonie naprzeciwko plaży i obok Port Olímpic"",""class"":""service-photo-quad"",""decoding"":""async"",""height"":""711"",""loading"":""lazy"",""sizes"":""(max-width: 1024px) 96vw, 860px"",""src"":""https://rentalscooterbarcelona.com/images/rsb-roller-skates-rental-barcelona-port-olimpic-480-v1.webp"",""srcset"":""https://rentalscooterbarcelona.com/images/rsb-roller-skates-rental-barcelona-port-olimpic-480-v1.webp 480w, https://rentalscooterbarcelona.com/images/rsb-roller-skates-rental-barcelona-port-olimpic-800-v1.webp 800w"",""width"":""800""}"
PRICES,pl,1447,"{""tag"":""img"",""line"":1447,""alt"":""Deskorolka i wynajem longboardu w Barcelonie blisko Port Olímpic"",""class"":""service-photo-board"",""decoding"":""async"",""height"":""533"",""loading"":""lazy"",""sizes"":""(max-width: 1024px) 96vw, 860px"",""src"":""https://rentalscooterbarcelona.com/images/rsb-skateboard-rental-barcelona-vila-olimpica-800.webp"",""width"":""800""}"
PRICES,pl,1459,"{""tag"":""img"",""line"":1459,""alt"":""Wypożyczalnia RSB Rental Scooter Barcelona w Vila Olímpica naprzeciwko plaży i obok Port Olímpic"",""decoding"":""async"",""height"":""800"",""loading"":""lazy"",""sizes"":""(max-width: 640px) 92vw, (max-width: 1024px) 86vw, 980px"",""src"":""https://rentalscooterbarcelona.com/images/rsb-barcelona-rental-shop-interior-inline-skates-bike-vila-olimpica-640.webp"",""srcset"":""https://rentalscooterbarcelona.com/images/rsb-barcelona-rental-shop-interior-inline-skates-bike-vila-olimpica-640.webp 640w, https://rentalscooterbarcelona.com/images/rsb-barcelona-rental-shop-interior-inline-skates-bike-vila-olimpica-1200.webp 1200w"",""width"":""1200""}"
PRICES,pl,1497,"{""tag"":""img"",""line"":1497,""alt"":""RSB wynajem rowerów wypożyczalnia w Vila Olímpica, Barcelona"",""decoding"":""async"",""height"":""675"",""loading"":""lazy"",""sizes"":""(max-width: 1024px) 96vw, 860px"",""src"":""https://rentalscooterbarcelona.com/images/rsb-bike-rental-shop-olympic-village-barcelona.webp"",""width"":""1200""}"
PRICES,pl,1575,"{""tag"":""img"",""line"":1575,""alt"":""Skuter, rower, rolki i deskorolka i wynajem longboardu blisko plaży Barceloneta w Barcelonie"",""decoding"":""async"",""height"":""899"",""loading"":""lazy"",""sizes"":""(max-width: 768px) 94vw, 980px"",""src"":""https://rentalscooterbarcelona.com/images/rsb-barcelona-rental-hero-group-beach-800-v1.webp"",""srcset"":""https://rentalscooterbarcelona.com/images/rsb-barcelona-rental-hero-group-beach-480-v1.webp 480w, https://rentalscooterbarcelona.com/images/rsb-barcelona-rental-hero-group-beach-800-v1.webp 800w, https://rentalscooterbarcelona.com/images/rsb-barcelona-rental-hero-group-beach-1600-v1.webp 1600w"",""width"":""1600""}"
PRICES,pl,1614,"{""tag"":""img"",""line"":1614,""alt"":""Logo RSB Rental Scooter Barcelona"",""decoding"":""async"",""height"":""44"",""loading"":""lazy"",""sizes"":""44px"",""src"":""https://rentalscooterbarcelona.com/images/rsb-barcelona-rental-logo-2-88-v1.webp"",""srcset"":""https://rentalscooterbarcelona.com/images/rsb-barcelona-rental-logo-2-88-v1.webp 88w, https://rentalscooterbarcelona.com/images/rsb-barcelona-rental-logo-2-140-v1.webp 140w"",""width"":""44""}"
SCOOTER,en,818,"{""tag"":""img"",""line"":818,""alt"":""RSB Rental Scooter Barcelona logo"",""decoding"":""async"",""height"":""70"",""sizes"":""70px"",""src"":""https://rentalscooterbarcelona.com/images/rsb-barcelona-rental-logo-2-140-v1.webp"",""srcset"":""https://rentalscooterbarcelona.com/images/rsb-barcelona-rental-logo-2-88-v1.webp 88w, https://rentalscooterbarcelona.com/images/rsb-barcelona-rental-logo-2-140-v1.webp 140w"",""width"":""70""}"
SCOOTER,en,888,"{""tag"":""img"",""line"":888,""alt"":""Scooter rental in Barcelona near Vila Olímpica and Barceloneta Beach"",""class"":""service-hero__bg-photo"",""decoding"":""async"",""fetchpriority"":""high"",""height"":""864"",""loading"":""eager"",""sizes"":""100vw"",""src"":""https://rentalscooterbarcelona.com/images/rsb-scooter-rental-barcelona-hero-group-v1-1536.webp"",""width"":""1536""}"
SCOOTER,en,959,"{""tag"":""img"",""line"":959,""alt"":""Extra helmet included with scooter rental in Barcelona"",""decoding"":""async"",""height"":""60"",""loading"":""lazy"",""src"":""https://rentalscooterbarcelona.com/images/rsb-scooter-rental-extra-helmet-barcelona-v1.webp"",""width"":""180""}"
SCOOTER,en,960,"{""tag"":""img"",""line"":960,""alt"":""Security lock included with scooter rental in Barcelona"",""decoding"":""async"",""height"":""72"",""loading"":""lazy"",""src"":""https://rentalscooterbarcelona.com/images/rsb-scooter-rental-security-lock-barcelona-v1.webp"",""width"":""103""}"
SCOOTER,en,961,"{""tag"":""img"",""line"":961,""alt"":""Top box included with scooter rental in Barcelona"",""decoding"":""async"",""height"":""72"",""loading"":""lazy"",""src"":""https://rentalscooterbarcelona.com/images/rsb-scooter-rental-top-box-barcelona-v1.webp"",""width"":""137""}"
SCOOTER,en,1003,"{""tag"":""img"",""line"":1003,""alt"":""White scooter near the seafront in Barcelona"",""decoding"":""async"",""height"":""675"",""loading"":""lazy"",""sizes"":""(max-width: 960px) 100vw, 46vw"",""src"":""https://rentalscooterbarcelona.com/images/rsb-scooter-rental-barcelona-seafront-v1-1200.webp"",""srcset"":""https://rentalscooterbarcelona.com/images/rsb-scooter-rental-barcelona-seafront-v1-800.webp 800w, https://rentalscooterbarcelona.com/images/rsb-scooter-rental-barcelona-seafront-v1-1200.webp 1200w"",""width"":""1200""}"
SCOOTER,en,1088,"{""tag"":""img"",""line"":1088,""alt"":""RSB rental shop in Vila Olímpica Barcelona near Barceloneta Beach"",""decoding"":""async"",""height"":""675"",""loading"":""lazy"",""sizes"":""(max-width: 960px) 100vw, 46vw"",""src"":""https://rentalscooterbarcelona.com/images/rsb-rental-scooter-barcelona-shop-vila-olimpica.webp"",""srcset"":""https://rentalscooterbarcelona.com/images/rsb-rental-scooter-barcelona-shop-vila-olimpica.webp 1200w"",""width"":""1200""}"
SCOOTER,en,1236,"{""tag"":""img"",""line"":1236,""alt"":""RSB Rental Scooter Barcelona logo"",""decoding"":""async"",""height"":""44"",""loading"":""lazy"",""sizes"":""44px"",""src"":""https://rentalscooterbarcelona.com/images/rsb-barcelona-rental-logo-2-88-v1.webp"",""srcset"":""https://rentalscooterbarcelona.com/images/rsb-barcelona-rental-logo-2-88-v1.webp 88w, https://rentalscooterbarcelona.com/images/rsb-barcelona-rental-logo-2-140-v1.webp 140w"",""width"":""44""}"
SCOOTER,es,818,"{""tag"":""img"",""line"":818,""alt"":""Logotipo de RSB Rental Scooter Barcelona"",""decoding"":""async"",""height"":""70"",""sizes"":""70px"",""src"":""https://rentalscooterbarcelona.com/images/rsb-barcelona-rental-logo-2-140-v1.webp"",""srcset"":""https://rentalscooterbarcelona.com/images/rsb-barcelona-rental-logo-2-88-v1.webp 88w, https://rentalscooterbarcelona.com/images/rsb-barcelona-rental-logo-2-140-v1.webp 140w"",""width"":""70""}"
SCOOTER,es,888,"{""tag"":""img"",""line"":888,""alt"":""Alquiler de scooter en Barcelona cerca de Vila Olímpica y la playa de la Barceloneta"",""class"":""service-hero__bg-photo"",""decoding"":""async"",""fetchpriority"":""high"",""height"":""864"",""loading"":""eager"",""sizes"":""100vw"",""src"":""https://rentalscooterbarcelona.com/images/rsb-scooter-rental-barcelona-hero-group-v1-1536.webp"",""width"":""1536""}"
SCOOTER,es,959,"{""tag"":""img"",""line"":959,""alt"":""Casco extra incluido con el alquiler de scooter en Barcelona"",""decoding"":""async"",""height"":""60"",""loading"":""lazy"",""src"":""https://rentalscooterbarcelona.com/images/rsb-scooter-rental-extra-helmet-barcelona-v1.webp"",""width"":""180""}"
SCOOTER,es,960,"{""tag"":""img"",""line"":960,""alt"":""Candado de seguridad incluido con el alquiler de scooter en Barcelona"",""decoding"":""async"",""height"":""72"",""loading"":""lazy"",""src"":""https://rentalscooterbarcelona.com/images/rsb-scooter-rental-security-lock-barcelona-v1.webp"",""width"":""103""}"
SCOOTER,es,961,"{""tag"":""img"",""line"":961,""alt"":""Baúl incluido con el alquiler de scooter en Barcelona"",""decoding"":""async"",""height"":""72"",""loading"":""lazy"",""src"":""https://rentalscooterbarcelona.com/images/rsb-scooter-rental-top-box-barcelona-v1.webp"",""width"":""137""}"
SCOOTER,es,1003,"{""tag"":""img"",""line"":1003,""alt"":""Scooter blanco junto al paseo marítimo en Barcelona"",""decoding"":""async"",""height"":""675"",""loading"":""lazy"",""sizes"":""(max-width: 960px) 100vw, 46vw"",""src"":""https://rentalscooterbarcelona.com/images/rsb-scooter-rental-barcelona-seafront-v1-1200.webp"",""srcset"":""https://rentalscooterbarcelona.com/images/rsb-scooter-rental-barcelona-seafront-v1-800.webp 800w, https://rentalscooterbarcelona.com/images/rsb-scooter-rental-barcelona-seafront-v1-1200.webp 1200w"",""width"":""1200""}"
SCOOTER,es,1046,"{""tag"":""img"",""line"":1046,""alt"":""Tienda RSB en Vila Olímpica, Barcelona, cerca de la playa de la Barceloneta"",""decoding"":""async"",""height"":""675"",""loading"":""lazy"",""sizes"":""(max-width: 960px) 100vw, 46vw"",""src"":""https://rentalscooterbarcelona.com/images/rsb-rental-scooter-barcelona-shop-vila-olimpica.webp"",""srcset"":""https://rentalscooterbarcelona.com/images/rsb-rental-scooter-barcelona-shop-vila-olimpica.webp 1200w"",""width"":""1200""}"
SCOOTER,es,1194,"{""tag"":""img"",""line"":1194,""alt"":""Logotipo de RSB Rental Scooter Barcelona"",""decoding"":""async"",""height"":""44"",""loading"":""lazy"",""sizes"":""44px"",""src"":""https://rentalscooterbarcelona.com/images/rsb-barcelona-rental-logo-2-88-v1.webp"",""srcset"":""https://rentalscooterbarcelona.com/images/rsb-barcelona-rental-logo-2-88-v1.webp 88w, https://rentalscooterbarcelona.com/images/rsb-barcelona-rental-logo-2-140-v1.webp 140w"",""width"":""44""}"
SCOOTER,fr,713,"{""tag"":""img"",""line"":713,""alt"":""Logo de RSB Rental Scooter Barcelona"",""decoding"":""async"",""height"":""70"",""sizes"":""70px"",""src"":""https://rentalscooterbarcelona.com/images/rsb-barcelona-rental-logo-2-140-v1.webp"",""srcset"":""https://rentalscooterbarcelona.com/images/rsb-barcelona-rental-logo-2-88-v1.webp 88w, https://rentalscooterbarcelona.com/images/rsb-barcelona-rental-logo-2-140-v1.webp 140w"",""width"":""70""}"
SCOOTER,fr,781,"{""tag"":""img"",""line"":781,""alt"":""Location de scooter à Barcelone près de Vila Olímpica et de la plage de la Barceloneta"",""class"":""service-hero__bg-photo"",""decoding"":""async"",""fetchpriority"":""high"",""height"":""864"",""loading"":""eager"",""sizes"":""100vw"",""src"":""https://rentalscooterbarcelona.com/images/rsb-scooter-rental-barcelona-hero-group-v1-1536.webp"",""width"":""1536""}"
SCOOTER,fr,852,"{""tag"":""img"",""line"":852,""alt"":""Casque supplémentaire inclus avec la location de scooter à Barcelone"",""decoding"":""async"",""height"":""60"",""loading"":""lazy"",""src"":""https://rentalscooterbarcelona.com/images/rsb-scooter-rental-extra-helmet-barcelona-v1.webp"",""width"":""180""}"
SCOOTER,fr,853,"{""tag"":""img"",""line"":853,""alt"":""Antivol inclus avec la location de scooter à Barcelone"",""decoding"":""async"",""height"":""72"",""loading"":""lazy"",""src"":""https://rentalscooterbarcelona.com/images/rsb-scooter-rental-security-lock-barcelona-v1.webp"",""width"":""103""}"
SCOOTER,fr,854,"{""tag"":""img"",""line"":854,""alt"":""Top case inclus avec la location de scooter à Barcelone"",""decoding"":""async"",""height"":""72"",""loading"":""lazy"",""src"":""https://rentalscooterbarcelona.com/images/rsb-scooter-rental-top-box-barcelona-v1.webp"",""width"":""137""}"
SCOOTER,fr,896,"{""tag"":""img"",""line"":896,""alt"":""Scooter blanc sur la promenade du front de mer à Barcelone"",""decoding"":""async"",""height"":""675"",""loading"":""lazy"",""sizes"":""(max-width: 960px) 100vw, 46vw"",""src"":""https://rentalscooterbarcelona.com/images/rsb-scooter-rental-barcelona-seafront-v1-1200.webp"",""srcset"":""https://rentalscooterbarcelona.com/images/rsb-scooter-rental-barcelona-seafront-v1-800.webp 800w, https://rentalscooterbarcelona.com/images/rsb-scooter-rental-barcelona-seafront-v1-1200.webp 1200w"",""width"":""1200""}"
SCOOTER,fr,939,"{""tag"":""img"",""line"":939,""alt"":""Boutique RSB à Vila Olímpica, Barcelone, près de la plage de la Barceloneta"",""decoding"":""async"",""height"":""675"",""loading"":""lazy"",""sizes"":""(max-width: 960px) 100vw, 46vw"",""src"":""https://rentalscooterbarcelona.com/images/rsb-rental-scooter-barcelona-shop-vila-olimpica.webp"",""srcset"":""https://rentalscooterbarcelona.com/images/rsb-rental-scooter-barcelona-shop-vila-olimpica.webp 1200w"",""width"":""1200""}"
SCOOTER,fr,1087,"{""tag"":""img"",""line"":1087,""alt"":""Logo de RSB Rental Scooter Barcelona"",""decoding"":""async"",""height"":""44"",""loading"":""lazy"",""sizes"":""44px"",""src"":""https://rentalscooterbarcelona.com/images/rsb-barcelona-rental-logo-2-88-v1.webp"",""srcset"":""https://rentalscooterbarcelona.com/images/rsb-barcelona-rental-logo-2-88-v1.webp 88w, https://rentalscooterbarcelona.com/images/rsb-barcelona-rental-logo-2-140-v1.webp 140w"",""width"":""44""}"
SCOOTER,it,712,"{""tag"":""img"",""line"":712,""alt"":""Logo di RSB Rental Scooter Barcelona"",""decoding"":""async"",""height"":""70"",""sizes"":""70px"",""src"":""https://rentalscooterbarcelona.com/images/rsb-barcelona-rental-logo-2-140-v1.webp"",""srcset"":""https://rentalscooterbarcelona.com/images/rsb-barcelona-rental-logo-2-88-v1.webp 88w, https://rentalscooterbarcelona.com/images/rsb-barcelona-rental-logo-2-140-v1.webp 140w"",""width"":""70""}"
SCOOTER,it,786,"{""tag"":""img"",""line"":786,""alt"":""Noleggio scooter a Barcellona vicino a Vila Olímpica e alla spiaggia della Barceloneta"",""class"":""service-hero__bg-photo"",""decoding"":""async"",""fetchpriority"":""high"",""height"":""864"",""loading"":""eager"",""sizes"":""100vw"",""src"":""https://rentalscooterbarcelona.com/images/rsb-scooter-rental-barcelona-hero-group-v1-1536.webp"",""width"":""1536""}"
SCOOTER,it,857,"{""tag"":""img"",""line"":857,""alt"":""Casco extra incluso con il noleggio scooter a Barcellona"",""decoding"":""async"",""height"":""60"",""loading"":""lazy"",""src"":""https://rentalscooterbarcelona.com/images/rsb-scooter-rental-extra-helmet-barcelona-v1.webp"",""width"":""180""}"
SCOOTER,it,858,"{""tag"":""img"",""line"":858,""alt"":""Lucchetto di sicurezza incluso con il noleggio scooter a Barcellona"",""decoding"":""async"",""height"":""72"",""loading"":""lazy"",""src"":""https://rentalscooterbarcelona.com/images/rsb-scooter-rental-security-lock-barcelona-v1.webp"",""width"":""103""}"
SCOOTER,it,859,"{""tag"":""img"",""line"":859,""alt"":""Top box incluso con il noleggio scooter a Barcellona"",""decoding"":""async"",""height"":""72"",""loading"":""lazy"",""src"":""https://rentalscooterbarcelona.com/images/rsb-scooter-rental-top-box-barcelona-v1.webp"",""width"":""137""}"
SCOOTER,it,901,"{""tag"":""img"",""line"":901,""alt"":""Scooter bianco sul lungomare di Barcellona"",""decoding"":""async"",""height"":""675"",""loading"":""lazy"",""sizes"":""(max-width: 960px) 100vw, 46vw"",""src"":""https://rentalscooterbarcelona.com/images/rsb-scooter-rental-barcelona-seafront-v1-1200.webp"",""srcset"":""https://rentalscooterbarcelona.com/images/rsb-scooter-rental-barcelona-seafront-v1-800.webp 800w, https://rentalscooterbarcelona.com/images/rsb-scooter-rental-barcelona-seafront-v1-1200.webp 1200w"",""width"":""1200""}"
SCOOTER,it,944,"{""tag"":""img"",""line"":944,""alt"":""Negozio RSB a Vila Olímpica, Barcellona, vicino alla spiaggia della Barceloneta"",""decoding"":""async"",""height"":""675"",""loading"":""lazy"",""sizes"":""(max-width: 960px) 100vw, 46vw"",""src"":""https://rentalscooterbarcelona.com/images/rsb-rental-scooter-barcelona-shop-vila-olimpica.webp"",""srcset"":""https://rentalscooterbarcelona.com/images/rsb-rental-scooter-barcelona-shop-vila-olimpica.webp 1200w"",""width"":""1200""}"
SCOOTER,it,1092,"{""tag"":""img"",""line"":1092,""alt"":""Logo di RSB Rental Scooter Barcelona"",""decoding"":""async"",""height"":""44"",""loading"":""lazy"",""sizes"":""44px"",""src"":""https://rentalscooterbarcelona.com/images/rsb-barcelona-rental-logo-2-88-v1.webp"",""srcset"":""https://rentalscooterbarcelona.com/images/rsb-barcelona-rental-logo-2-88-v1.webp 88w, https://rentalscooterbarcelona.com/images/rsb-barcelona-rental-logo-2-140-v1.webp 140w"",""width"":""44""}"
SCOOTER,de,759,"{""tag"":""img"",""line"":759,""alt"":""Logo von RSB Rental Scooter Barcelona"",""decoding"":""async"",""height"":""70"",""sizes"":""70px"",""src"":""https://rentalscooterbarcelona.com/images/rsb-barcelona-rental-logo-2-140-v1.webp"",""srcset"":""https://rentalscooterbarcelona.com/images/rsb-barcelona-rental-logo-2-88-v1.webp 88w, https://rentalscooterbarcelona.com/images/rsb-barcelona-rental-logo-2-140-v1.webp 140w"",""width"":""70""}"
SCOOTER,de,827,"{""tag"":""img"",""line"":827,""alt"":""Scooter mieten in Barcelona nahe Vila Olímpica und dem Strand von Barceloneta"",""class"":""service-hero__bg-photo"",""decoding"":""async"",""fetchpriority"":""high"",""height"":""864"",""loading"":""eager"",""sizes"":""100vw"",""src"":""https://rentalscooterbarcelona.com/images/rsb-scooter-rental-barcelona-hero-group-v1-1536.webp"",""width"":""1536""}"
SCOOTER,de,899,"{""tag"":""img"",""line"":899,""alt"":""Zusatzhelm inklusive bei der Scooter-Miete in Barcelona"",""decoding"":""async"",""height"":""60"",""loading"":""lazy"",""src"":""https://rentalscooterbarcelona.com/images/rsb-scooter-rental-extra-helmet-barcelona-v1.webp"",""width"":""180""}"
SCOOTER,de,900,"{""tag"":""img"",""line"":900,""alt"":""Sicherheitsschloss inklusive bei der Scooter-Miete in Barcelona"",""decoding"":""async"",""height"":""72"",""loading"":""lazy"",""src"":""https://rentalscooterbarcelona.com/images/rsb-scooter-rental-security-lock-barcelona-v1.webp"",""width"":""103""}"
SCOOTER,de,901,"{""tag"":""img"",""line"":901,""alt"":""Topcase inklusive bei der Scooter-Miete in Barcelona"",""decoding"":""async"",""height"":""72"",""loading"":""lazy"",""src"":""https://rentalscooterbarcelona.com/images/rsb-scooter-rental-top-box-barcelona-v1.webp"",""width"":""137""}"
SCOOTER,de,944,"{""tag"":""img"",""line"":944,""alt"":""Weißer Scooter an der Strandpromenade in Barcelona"",""decoding"":""async"",""height"":""675"",""loading"":""lazy"",""sizes"":""(max-width: 960px) 100vw, 46vw"",""src"":""https://rentalscooterbarcelona.com/images/rsb-scooter-rental-barcelona-seafront-v1-1200.webp"",""srcset"":""https://rentalscooterbarcelona.com/images/rsb-scooter-rental-barcelona-seafront-v1-800.webp 800w, https://rentalscooterbarcelona.com/images/rsb-scooter-rental-barcelona-seafront-v1-1200.webp 1200w"",""width"":""1200""}"
SCOOTER,de,1028,"{""tag"":""img"",""line"":1028,""alt"":""RSB-Geschäft in Vila Olímpica, Barcelona, nahe dem Strand von Barceloneta"",""decoding"":""async"",""height"":""675"",""loading"":""lazy"",""sizes"":""(max-width: 960px) 100vw, 46vw"",""src"":""https://rentalscooterbarcelona.com/images/rsb-rental-scooter-barcelona-shop-vila-olimpica.webp"",""srcset"":""https://rentalscooterbarcelona.com/images/rsb-rental-scooter-barcelona-shop-vila-olimpica.webp 1200w"",""width"":""1200""}"
SCOOTER,de,1199,"{""tag"":""img"",""line"":1199,""alt"":""Logo von RSB Rental Scooter Barcelona"",""decoding"":""async"",""height"":""44"",""loading"":""lazy"",""sizes"":""44px"",""src"":""https://rentalscooterbarcelona.com/images/rsb-barcelona-rental-logo-2-88-v1.webp"",""srcset"":""https://rentalscooterbarcelona.com/images/rsb-barcelona-rental-logo-2-88-v1.webp 88w, https://rentalscooterbarcelona.com/images/rsb-barcelona-rental-logo-2-140-v1.webp 140w"",""width"":""44""}"
SCOOTER,nl,768,"{""tag"":""img"",""line"":768,""alt"":""Logo van RSB Rental Scooter Barcelona"",""decoding"":""async"",""height"":""70"",""sizes"":""70px"",""src"":""https://rentalscooterbarcelona.com/images/rsb-barcelona-rental-logo-2-140-v1.webp"",""srcset"":""https://rentalscooterbarcelona.com/images/rsb-barcelona-rental-logo-2-88-v1.webp 88w, https://rentalscooterbarcelona.com/images/rsb-barcelona-rental-logo-2-140-v1.webp 140w"",""width"":""70""}"
SCOOTER,nl,836,"{""tag"":""img"",""line"":836,""alt"":""Scooter huren in Barcelona vlak bij Vila Olímpica en het strand van Barceloneta"",""class"":""service-hero__bg-photo"",""decoding"":""async"",""fetchpriority"":""high"",""height"":""864"",""loading"":""eager"",""sizes"":""100vw"",""src"":""https://rentalscooterbarcelona.com/images/rsb-scooter-rental-barcelona-hero-group-v1-1536.webp"",""width"":""1536""}"
SCOOTER,nl,908,"{""tag"":""img"",""line"":908,""alt"":""Extra helm inbegrepen bij scooterverhuur in Barcelona"",""decoding"":""async"",""height"":""60"",""loading"":""lazy"",""src"":""https://rentalscooterbarcelona.com/images/rsb-scooter-rental-extra-helmet-barcelona-v1.webp"",""width"":""180""}"
SCOOTER,nl,909,"{""tag"":""img"",""line"":909,""alt"":""Veiligheidsslot inbegrepen bij scooterverhuur in Barcelona"",""decoding"":""async"",""height"":""72"",""loading"":""lazy"",""src"":""https://rentalscooterbarcelona.com/images/rsb-scooter-rental-security-lock-barcelona-v1.webp"",""width"":""103""}"
SCOOTER,nl,910,"{""tag"":""img"",""line"":910,""alt"":""Topkoffer inbegrepen bij scooterverhuur in Barcelona"",""decoding"":""async"",""height"":""72"",""loading"":""lazy"",""src"":""https://rentalscooterbarcelona.com/images/rsb-scooter-rental-top-box-barcelona-v1.webp"",""width"":""137""}"
SCOOTER,nl,953,"{""tag"":""img"",""line"":953,""alt"":""Witte scooter aan de boulevard in Barcelona"",""decoding"":""async"",""height"":""675"",""loading"":""lazy"",""sizes"":""(max-width: 960px) 100vw, 46vw"",""src"":""https://rentalscooterbarcelona.com/images/rsb-scooter-rental-barcelona-seafront-v1-1200.webp"",""srcset"":""https://rentalscooterbarcelona.com/images/rsb-scooter-rental-barcelona-seafront-v1-800.webp 800w, https://rentalscooterbarcelona.com/images/rsb-scooter-rental-barcelona-seafront-v1-1200.webp 1200w"",""width"":""1200""}"
SCOOTER,nl,1037,"{""tag"":""img"",""line"":1037,""alt"":""RSB-winkel in Vila Olímpica, Barcelona, vlak bij het strand van Barceloneta"",""decoding"":""async"",""height"":""675"",""loading"":""lazy"",""sizes"":""(max-width: 960px) 100vw, 46vw"",""src"":""https://rentalscooterbarcelona.com/images/rsb-rental-scooter-barcelona-shop-vila-olimpica.webp"",""srcset"":""https://rentalscooterbarcelona.com/images/rsb-rental-scooter-barcelona-shop-vila-olimpica.webp 1200w"",""width"":""1200""}"
SCOOTER,nl,1208,"{""tag"":""img"",""line"":1208,""alt"":""Logo van RSB Rental Scooter Barcelona"",""decoding"":""async"",""height"":""44"",""loading"":""lazy"",""sizes"":""44px"",""src"":""https://rentalscooterbarcelona.com/images/rsb-barcelona-rental-logo-2-88-v1.webp"",""srcset"":""https://rentalscooterbarcelona.com/images/rsb-barcelona-rental-logo-2-88-v1.webp 88w, https://rentalscooterbarcelona.com/images/rsb-barcelona-rental-logo-2-140-v1.webp 140w"",""width"":""44""}"
SCOOTER,pt,737,"{""tag"":""img"",""line"":737,""alt"":""Logótipo da RSB Rental Scooter Barcelona"",""decoding"":""async"",""height"":""70"",""sizes"":""70px"",""src"":""https://rentalscooterbarcelona.com/images/rsb-barcelona-rental-logo-2-140-v1.webp"",""srcset"":""https://rentalscooterbarcelona.com/images/rsb-barcelona-rental-logo-2-88-v1.webp 88w, https://rentalscooterbarcelona.com/images/rsb-barcelona-rental-logo-2-140-v1.webp 140w"",""width"":""70""}"
SCOOTER,pt,811,"{""tag"":""img"",""line"":811,""alt"":""Aluguer de scooter em Barcelona perto de Vila Olímpica e da praia da Barceloneta"",""class"":""service-hero__bg-photo"",""decoding"":""async"",""fetchpriority"":""high"",""height"":""864"",""loading"":""eager"",""sizes"":""100vw"",""src"":""https://rentalscooterbarcelona.com/images/rsb-scooter-rental-barcelona-hero-group-v1-1536.webp"",""width"":""1536""}"
SCOOTER,pt,883,"{""tag"":""img"",""line"":883,""alt"":""Capacete extra incluído no aluguer de scooter em Barcelona"",""decoding"":""async"",""height"":""60"",""loading"":""lazy"",""src"":""https://rentalscooterbarcelona.com/images/rsb-scooter-rental-extra-helmet-barcelona-v1.webp"",""width"":""180""}"
SCOOTER,pt,884,"{""tag"":""img"",""line"":884,""alt"":""Cadeado de segurança incluído no aluguer de scooter em Barcelona"",""decoding"":""async"",""height"":""72"",""loading"":""lazy"",""src"":""https://rentalscooterbarcelona.com/images/rsb-scooter-rental-security-lock-barcelona-v1.webp"",""width"":""103""}"
SCOOTER,pt,885,"{""tag"":""img"",""line"":885,""alt"":""Top box incluída no aluguer de scooter em Barcelona"",""decoding"":""async"",""height"":""72"",""loading"":""lazy"",""src"":""https://rentalscooterbarcelona.com/images/rsb-scooter-rental-top-box-barcelona-v1.webp"",""width"":""137""}"
SCOOTER,pt,927,"{""tag"":""img"",""line"":927,""alt"":""Scooter branco junto ao passeio marítimo em Barcelona"",""decoding"":""async"",""height"":""675"",""loading"":""lazy"",""sizes"":""(max-width: 960px) 100vw, 46vw"",""src"":""https://rentalscooterbarcelona.com/images/rsb-scooter-rental-barcelona-seafront-v1-1200.webp"",""srcset"":""https://rentalscooterbarcelona.com/images/rsb-scooter-rental-barcelona-seafront-v1-800.webp 800w, https://rentalscooterbarcelona.com/images/rsb-scooter-rental-barcelona-seafront-v1-1200.webp 1200w"",""width"":""1200""}"
SCOOTER,pt,1011,"{""tag"":""img"",""line"":1011,""alt"":""Loja RSB em Vila Olímpica, Barcelona, perto da praia da Barceloneta"",""decoding"":""async"",""height"":""675"",""loading"":""lazy"",""sizes"":""(max-width: 960px) 100vw, 46vw"",""src"":""https://rentalscooterbarcelona.com/images/rsb-rental-scooter-barcelona-shop-vila-olimpica.webp"",""srcset"":""https://rentalscooterbarcelona.com/images/rsb-rental-scooter-barcelona-shop-vila-olimpica.webp 1200w"",""width"":""1200""}"
SCOOTER,pt,1163,"{""tag"":""img"",""line"":1163,""alt"":""Logótipo da RSB Rental Scooter Barcelona"",""decoding"":""async"",""height"":""44"",""loading"":""lazy"",""sizes"":""44px"",""src"":""https://rentalscooterbarcelona.com/images/rsb-barcelona-rental-logo-2-88-v1.webp"",""srcset"":""https://rentalscooterbarcelona.com/images/rsb-barcelona-rental-logo-2-88-v1.webp 88w, https://rentalscooterbarcelona.com/images/rsb-barcelona-rental-logo-2-140-v1.webp 140w"",""width"":""44""}"
SCOOTER,ca,712,"{""tag"":""img"",""line"":712,""alt"":""Logotip de RSB Rental Scooter Barcelona"",""decoding"":""async"",""height"":""70"",""sizes"":""70px"",""src"":""https://rentalscooterbarcelona.com/images/rsb-barcelona-rental-logo-2-140-v1.webp"",""srcset"":""https://rentalscooterbarcelona.com/images/rsb-barcelona-rental-logo-2-88-v1.webp 88w, https://rentalscooterbarcelona.com/images/rsb-barcelona-rental-logo-2-140-v1.webp 140w"",""width"":""70""}"
SCOOTER,ca,786,"{""tag"":""img"",""line"":786,""alt"":""Lloguer de scooter a Barcelona a prop de Vila Olímpica i de la platja de la Barceloneta"",""class"":""service-hero__bg-photo"",""decoding"":""async"",""fetchpriority"":""high"",""height"":""864"",""loading"":""eager"",""sizes"":""100vw"",""src"":""https://rentalscooterbarcelona.com/images/rsb-scooter-rental-barcelona-hero-group-v1-1536.webp"",""width"":""1536""}"
SCOOTER,ca,858,"{""tag"":""img"",""line"":858,""alt"":""Casc extra inclòs amb el lloguer de scooter a Barcelona"",""decoding"":""async"",""height"":""60"",""loading"":""lazy"",""src"":""https://rentalscooterbarcelona.com/images/rsb-scooter-rental-extra-helmet-barcelona-v1.webp"",""width"":""180""}"
SCOOTER,ca,859,"{""tag"":""img"",""line"":859,""alt"":""Cadenat de seguretat inclòs amb el lloguer de scooter a Barcelona"",""decoding"":""async"",""height"":""72"",""loading"":""lazy"",""src"":""https://rentalscooterbarcelona.com/images/rsb-scooter-rental-security-lock-barcelona-v1.webp"",""width"":""103""}"
SCOOTER,ca,860,"{""tag"":""img"",""line"":860,""alt"":""Top box inclosa amb el lloguer de scooter a Barcelona"",""decoding"":""async"",""height"":""72"",""loading"":""lazy"",""src"":""https://rentalscooterbarcelona.com/images/rsb-scooter-rental-top-box-barcelona-v1.webp"",""width"":""137""}"
SCOOTER,ca,903,"{""tag"":""img"",""line"":903,""alt"":""Scooter blanc al costat del passeig marítim de Barcelona"",""decoding"":""async"",""height"":""675"",""loading"":""lazy"",""sizes"":""(max-width: 960px) 100vw, 46vw"",""src"":""https://rentalscooterbarcelona.com/images/rsb-scooter-rental-barcelona-seafront-v1-1200.webp"",""srcset"":""https://rentalscooterbarcelona.com/images/rsb-scooter-rental-barcelona-seafront-v1-800.webp 800w, https://rentalscooterbarcelona.com/images/rsb-scooter-rental-barcelona-seafront-v1-1200.webp 1200w"",""width"":""1200""}"
SCOOTER,ca,987,"{""tag"":""img"",""line"":987,""alt"":""Botiga RSB a Vila Olímpica, Barcelona, a prop de la platja de la Barceloneta"",""decoding"":""async"",""height"":""675"",""loading"":""lazy"",""sizes"":""(max-width: 960px) 100vw, 46vw"",""src"":""https://rentalscooterbarcelona.com/images/rsb-rental-scooter-barcelona-shop-vila-olimpica.webp"",""srcset"":""https://rentalscooterbarcelona.com/images/rsb-rental-scooter-barcelona-shop-vila-olimpica.webp 1200w"",""width"":""1200""}"
SCOOTER,ca,1135,"{""tag"":""img"",""line"":1135,""alt"":""Logotip de RSB Rental Scooter Barcelona"",""decoding"":""async"",""height"":""44"",""loading"":""lazy"",""sizes"":""44px"",""src"":""https://rentalscooterbarcelona.com/images/rsb-barcelona-rental-logo-2-88-v1.webp"",""srcset"":""https://rentalscooterbarcelona.com/images/rsb-barcelona-rental-logo-2-88-v1.webp 88w, https://rentalscooterbarcelona.com/images/rsb-barcelona-rental-logo-2-140-v1.webp 140w"",""width"":""44""}"
SCOOTER,sv,729,"{""tag"":""img"",""line"":729,""alt"":""RSB Rental Scooter Barcelona-logotyp"",""decoding"":""async"",""height"":""70"",""sizes"":""70px"",""src"":""https://rentalscooterbarcelona.com/images/rsb-barcelona-rental-logo-2-140-v1.webp"",""srcset"":""https://rentalscooterbarcelona.com/images/rsb-barcelona-rental-logo-2-88-v1.webp 88w, https://rentalscooterbarcelona.com/images/rsb-barcelona-rental-logo-2-140-v1.webp 140w"",""width"":""70""}"
SCOOTER,sv,799,"{""tag"":""img"",""line"":799,""alt"":""Scooteruthyrning i Barcelona nära Vila Olímpica och Barcelonetas strand"",""class"":""service-hero__bg-photo"",""decoding"":""async"",""fetchpriority"":""high"",""height"":""864"",""loading"":""eager"",""sizes"":""100vw"",""src"":""https://rentalscooterbarcelona.com/images/rsb-scooter-rental-barcelona-hero-group-v1-1536.webp"",""width"":""1536""}"
SCOOTER,sv,871,"{""tag"":""img"",""line"":871,""alt"":""Extra hjälm ingår vid scooteruthyrning i Barcelona"",""decoding"":""async"",""height"":""60"",""loading"":""lazy"",""src"":""https://rentalscooterbarcelona.com/images/rsb-scooter-rental-extra-helmet-barcelona-v1.webp"",""width"":""180""}"
SCOOTER,sv,872,"{""tag"":""img"",""line"":872,""alt"":""Säkerhetslås ingår vid scooteruthyrning i Barcelona"",""decoding"":""async"",""height"":""72"",""loading"":""lazy"",""src"":""https://rentalscooterbarcelona.com/images/rsb-scooter-rental-security-lock-barcelona-v1.webp"",""width"":""103""}"
SCOOTER,sv,873,"{""tag"":""img"",""line"":873,""alt"":""Toppbox ingår vid scooteruthyrning i Barcelona"",""decoding"":""async"",""height"":""72"",""loading"":""lazy"",""src"":""https://rentalscooterbarcelona.com/images/rsb-scooter-rental-top-box-barcelona-v1.webp"",""width"":""137""}"
SCOOTER,sv,916,"{""tag"":""img"",""line"":916,""alt"":""Vit scooter vid strandpromenaden i Barcelona"",""decoding"":""async"",""height"":""675"",""loading"":""lazy"",""sizes"":""(max-width: 960px) 100vw, 46vw"",""src"":""https://rentalscooterbarcelona.com/images/rsb-scooter-rental-barcelona-seafront-v1-1200.webp"",""srcset"":""https://rentalscooterbarcelona.com/images/rsb-scooter-rental-barcelona-seafront-v1-800.webp 800w, https://rentalscooterbarcelona.com/images/rsb-scooter-rental-barcelona-seafront-v1-1200.webp 1200w"",""width"":""1200""}"
SCOOTER,sv,1000,"{""tag"":""img"",""line"":1000,""alt"":""RSB-butik i Vila Olímpica, Barcelona, nära stranden Barceloneta"",""decoding"":""async"",""height"":""675"",""loading"":""lazy"",""sizes"":""(max-width: 960px) 100vw, 46vw"",""src"":""https://rentalscooterbarcelona.com/images/rsb-rental-scooter-barcelona-shop-vila-olimpica.webp"",""srcset"":""https://rentalscooterbarcelona.com/images/rsb-rental-scooter-barcelona-shop-vila-olimpica.webp 1200w"",""width"":""1200""}"
SCOOTER,sv,1149,"{""tag"":""img"",""line"":1149,""alt"":""RSB Rental Scooter Barcelona-logotyp"",""decoding"":""async"",""height"":""44"",""loading"":""lazy"",""sizes"":""44px"",""src"":""https://rentalscooterbarcelona.com/images/rsb-barcelona-rental-logo-2-88-v1.webp"",""srcset"":""https://rentalscooterbarcelona.com/images/rsb-barcelona-rental-logo-2-88-v1.webp 88w, https://rentalscooterbarcelona.com/images/rsb-barcelona-rental-logo-2-140-v1.webp 140w"",""width"":""44""}"
SCOOTER,pl,785,"{""tag"":""img"",""line"":785,""alt"":""Logo RSB Rental Scooter Barcelona"",""decoding"":""async"",""height"":""70"",""sizes"":""70px"",""src"":""https://rentalscooterbarcelona.com/images/rsb-barcelona-rental-logo-2-140-v1.webp"",""srcset"":""https://rentalscooterbarcelona.com/images/rsb-barcelona-rental-logo-2-88-v1.webp 88w, https://rentalscooterbarcelona.com/images/rsb-barcelona-rental-logo-2-140-v1.webp 140w"",""width"":""70""}"
SCOOTER,pl,855,"{""tag"":""img"",""line"":855,""alt"":""Wynajem skuterów w Barcelonie blisko Vila Olímpica i plaża Barceloneta"",""class"":""service-hero__bg-photo"",""decoding"":""async"",""fetchpriority"":""high"",""height"":""864"",""loading"":""eager"",""sizes"":""100vw"",""src"":""https://rentalscooterbarcelona.com/images/rsb-scooter-rental-barcelona-hero-group-v1-1536.webp"",""width"":""1536""}"
SCOOTER,pl,927,"{""tag"":""img"",""line"":927,""alt"":""Dodatkowy kask w cenie wynajmu skutera w Barcelonie"",""decoding"":""async"",""height"":""60"",""loading"":""lazy"",""src"":""https://rentalscooterbarcelona.com/images/rsb-scooter-rental-extra-helmet-barcelona-v1.webp"",""width"":""180""}"
SCOOTER,pl,928,"{""tag"":""img"",""line"":928,""alt"":""Zapięcie zabezpieczające w cenie wynajmu skutera w Barcelonie"",""decoding"":""async"",""height"":""72"",""loading"":""lazy"",""src"":""https://rentalscooterbarcelona.com/images/rsb-scooter-rental-security-lock-barcelona-v1.webp"",""width"":""103""}"
SCOOTER,pl,929,"{""tag"":""img"",""line"":929,""alt"":""Kufer w cenie wynajmu skutera w Barcelonie"",""decoding"":""async"",""height"":""72"",""loading"":""lazy"",""src"":""https://rentalscooterbarcelona.com/images/rsb-scooter-rental-top-box-barcelona-v1.webp"",""width"":""137""}"
SCOOTER,pl,972,"{""tag"":""img"",""line"":972,""alt"":""Biały skuter w pobliżu nadmorskiej promenady w Barcelonie"",""decoding"":""async"",""height"":""675"",""loading"":""lazy"",""sizes"":""(max-width: 960px) 100vw, 46vw"",""src"":""https://rentalscooterbarcelona.com/images/rsb-scooter-rental-barcelona-seafront-v1-1200.webp"",""srcset"":""https://rentalscooterbarcelona.com/images/rsb-scooter-rental-barcelona-seafront-v1-800.webp 800w, https://rentalscooterbarcelona.com/images/rsb-scooter-rental-barcelona-seafront-v1-1200.webp 1200w"",""width"":""1200""}"
SCOOTER,pl,1054,"{""tag"":""img"",""line"":1054,""alt"":""RSB wynajem wypożyczalnia w Vila Olímpica Barcelona blisko plaży Barceloneta"",""decoding"":""async"",""height"":""675"",""loading"":""lazy"",""sizes"":""(max-width: 960px) 100vw, 46vw"",""src"":""https://rentalscooterbarcelona.com/images/rsb-rental-scooter-barcelona-shop-vila-olimpica.webp"",""srcset"":""https://rentalscooterbarcelona.com/images/rsb-rental-scooter-barcelona-shop-vila-olimpica.webp 1200w"",""width"":""1200""}"
SCOOTER,pl,1203,"{""tag"":""img"",""line"":1203,""alt"":""Logo RSB Rental Scooter Barcelona"",""decoding"":""async"",""height"":""44"",""loading"":""lazy"",""sizes"":""44px"",""src"":""https://rentalscooterbarcelona.com/images/rsb-barcelona-rental-logo-2-88-v1.webp"",""srcset"":""https://rentalscooterbarcelona.com/images/rsb-barcelona-rental-logo-2-88-v1.webp 88w, https://rentalscooterbarcelona.com/images/rsb-barcelona-rental-logo-2-140-v1.webp 140w"",""width"":""44""}"
ROLLERBLADES,en,714,"{""tag"":""img"",""line"":714,""alt"":""RSB Rental Scooter Barcelona logo"",""decoding"":""async"",""height"":""70"",""sizes"":""70px"",""src"":""https://rentalscooterbarcelona.com/images/rsb-barcelona-rental-logo-2-140-v1.webp"",""srcset"":""https://rentalscooterbarcelona.com/images/rsb-barcelona-rental-logo-2-88-v1.webp 88w, https://rentalscooterbarcelona.com/images/rsb-barcelona-rental-logo-2-140-v1.webp 140w"",""width"":""70""}"
ROLLERBLADES,en,786,"{""tag"":""img"",""line"":786,""alt"":""Group enjoying inline skates and rollerblades rental near Barceloneta Beach and Vila Olímpica in Barcelona"",""class"":""zoom"",""decoding"":""async"",""fetchpriority"":""high"",""height"":""900"",""sizes"":""100vw"",""src"":""https://rentalscooterbarcelona.com/images/rsb-rollerblades-rental-barcelona-hero-group-beach-1600-v1.webp"",""srcset"":""https://rentalscooterbarcelona.com/images/rsb-rollerblades-rental-barcelona-hero-group-beach-480-v1.webp 480w, https://rentalscooterbarcelona.com/images/rsb-rollerblades-rental-barcelona-hero-group-beach-800-v1.webp 800w, https://rentalscooterbarcelona.com/images/rsb-rollerblades-rental-barcelona-hero-group-beach-1600-v1.webp 1600w"",""width"":""1600""}"
ROLLERBLADES,en,939,"{""tag"":""img"",""line"":939,""alt"":""Inline skates and rollerblades near Barceloneta Beach in Barcelona"",""decoding"":""async"",""height"":""900"",""loading"":""lazy"",""sizes"":""(max-width: 960px) 100vw, 46vw"",""src"":""https://rentalscooterbarcelona.com/images/rsb-rollerblades-rental-barcelona-hero-group-beach-1600-v1.webp"",""srcset"":""https://rentalscooterbarcelona.com/images/rsb-rollerblades-rental-barcelona-hero-group-beach-800-v1.webp 800w, https://rentalscooterbarcelona.com/images/rsb-rollerblades-rental-barcelona-hero-group-beach-1600-v1.webp 1600w"",""width"":""1600""}"
ROLLERBLADES,en,1034,"{""tag"":""img"",""line"":1034,""alt"":""RSB rental shop in Vila Olímpica Barcelona near Barceloneta Beach"",""decoding"":""async"",""height"":""675"",""loading"":""lazy"",""sizes"":""(max-width: 960px) 100vw, 46vw"",""src"":""https://rentalscooterbarcelona.com/images/rsb-bike-rental-shop-olympic-village-barcelona.webp"",""srcset"":""https://rentalscooterbarcelona.com/images/rsb-bike-rental-shop-olympic-village-barcelona.webp 1200w"",""width"":""1200""}"
ROLLERBLADES,en,1184,"{""tag"":""img"",""line"":1184,""alt"":""RSB Rental Scooter Barcelona logo"",""decoding"":""async"",""height"":""44"",""loading"":""lazy"",""sizes"":""44px"",""src"":""https://rentalscooterbarcelona.com/images/rsb-barcelona-rental-logo-2-88-v1.webp"",""srcset"":""https://rentalscooterbarcelona.com/images/rsb-barcelona-rental-logo-2-88-v1.webp 88w, https://rentalscooterbarcelona.com/images/rsb-barcelona-rental-logo-2-140-v1.webp 140w"",""width"":""44""}"
ROLLERBLADES,es,711,"{""tag"":""img"",""line"":711,""alt"":""Logotipo de RSB Rental Scooter Barcelona"",""decoding"":""async"",""height"":""70"",""sizes"":""70px"",""src"":""https://rentalscooterbarcelona.com/images/rsb-barcelona-rental-logo-2-140-v1.webp"",""srcset"":""https://rentalscooterbarcelona.com/images/rsb-barcelona-rental-logo-2-88-v1.webp 88w, https://rentalscooterbarcelona.com/images/rsb-barcelona-rental-logo-2-140-v1.webp 140w"",""width"":""70""}"
ROLLERBLADES,es,783,"{""tag"":""img"",""line"":783,""alt"":""Grupo disfrutando del alquiler de patines en línea en Barcelona, cerca de la playa de la Barceloneta y Vila Olímpica"",""class"":""zoom"",""decoding"":""async"",""fetchpriority"":""high"",""height"":""900"",""sizes"":""100vw"",""src"":""https://rentalscooterbarcelona.com/images/rsb-rollerblades-rental-barcelona-hero-group-beach-1600-v1.webp"",""srcset"":""https://rentalscooterbarcelona.com/images/rsb-rollerblades-rental-barcelona-hero-group-beach-480-v1.webp 480w, https://rentalscooterbarcelona.com/images/rsb-rollerblades-rental-barcelona-hero-group-beach-800-v1.webp 800w, https://rentalscooterbarcelona.com/images/rsb-rollerblades-rental-barcelona-hero-group-beach-1600-v1.webp 1600w"",""width"":""1600""}"
ROLLERBLADES,es,936,"{""tag"":""img"",""line"":936,""alt"":""Patines en línea cerca de la playa de la Barceloneta en Barcelona"",""decoding"":""async"",""height"":""900"",""loading"":""lazy"",""sizes"":""(max-width: 960px) 100vw, 46vw"",""src"":""https://rentalscooterbarcelona.com/images/rsb-rollerblades-rental-barcelona-hero-group-beach-1600-v1.webp"",""srcset"":""https://rentalscooterbarcelona.com/images/rsb-rollerblades-rental-barcelona-hero-group-beach-800-v1.webp 800w, https://rentalscooterbarcelona.com/images/rsb-rollerblades-rental-barcelona-hero-group-beach-1600-v1.webp 1600w"",""width"":""1600""}"
ROLLERBLADES,es,996,"{""tag"":""img"",""line"":996,""alt"":""Tienda de alquiler RSB en Vila Olímpica, Barcelona, cerca de la playa de la Barceloneta"",""decoding"":""async"",""height"":""675"",""loading"":""lazy"",""sizes"":""(max-width: 960px) 100vw, 46vw"",""src"":""https://rentalscooterbarcelona.com/images/rsb-bike-rental-shop-olympic-village-barcelona.webp"",""srcset"":""https://rentalscooterbarcelona.com/images/rsb-bike-rental-shop-olympic-village-barcelona.webp 1200w"",""width"":""1200""}"
ROLLERBLADES,es,1146,"{""tag"":""img"",""line"":1146,""alt"":""Logotipo de RSB Rental Scooter Barcelona"",""decoding"":""async"",""height"":""44"",""loading"":""lazy"",""sizes"":""44px"",""src"":""https://rentalscooterbarcelona.com/images/rsb-barcelona-rental-logo-2-88-v1.webp"",""srcset"":""https://rentalscooterbarcelona.com/images/rsb-barcelona-rental-logo-2-88-v1.webp 88w, https://rentalscooterbarcelona.com/images/rsb-barcelona-rental-logo-2-140-v1.webp 140w"",""width"":""44""}"
ROLLERBLADES,fr,652,"{""tag"":""img"",""line"":652,""alt"":""Logo de RSB Rental Scooter Barcelona"",""decoding"":""async"",""height"":""70"",""sizes"":""70px"",""src"":""https://rentalscooterbarcelona.com/images/rsb-barcelona-rental-logo-2-140-v1.webp"",""srcset"":""https://rentalscooterbarcelona.com/images/rsb-barcelona-rental-logo-2-88-v1.webp 88w, https://rentalscooterbarcelona.com/images/rsb-barcelona-rental-logo-2-140-v1.webp 140w"",""width"":""70""}"
ROLLERBLADES,fr,722,"{""tag"":""img"",""line"":722,""alt"":""Groupe profitant de la location de rollers en ligne à Barcelone, près de la plage de la Barceloneta et de Vila Olímpica"",""class"":""zoom"",""decoding"":""async"",""fetchpriority"":""high"",""height"":""900"",""sizes"":""100vw"",""src"":""https://rentalscooterbarcelona.com/images/rsb-rollerblades-rental-barcelona-hero-group-beach-1600-v1.webp"",""srcset"":""https://rentalscooterbarcelona.com/images/rsb-rollerblades-rental-barcelona-hero-group-beach-480-v1.webp 480w, https://rentalscooterbarcelona.com/images/rsb-rollerblades-rental-barcelona-hero-group-beach-800-v1.webp 800w, https://rentalscooterbarcelona.com/images/rsb-rollerblades-rental-barcelona-hero-group-beach-1600-v1.webp 1600w"",""width"":""1600""}"
ROLLERBLADES,fr,875,"{""tag"":""img"",""line"":875,""alt"":""Rollers en ligne près de la plage de la Barceloneta à Barcelone"",""decoding"":""async"",""height"":""900"",""loading"":""lazy"",""sizes"":""(max-width: 960px) 100vw, 46vw"",""src"":""https://rentalscooterbarcelona.com/images/rsb-rollerblades-rental-barcelona-hero-group-beach-1600-v1.webp"",""srcset"":""https://rentalscooterbarcelona.com/images/rsb-rollerblades-rental-barcelona-hero-group-beach-800-v1.webp 800w, https://rentalscooterbarcelona.com/images/rsb-rollerblades-rental-barcelona-hero-group-beach-1600-v1.webp 1600w"",""width"":""1600""}"
ROLLERBLADES,fr,935,"{""tag"":""img"",""line"":935,""alt"":""Boutique RSB à Vila Olímpica, Barcelone, près de la plage de la Barceloneta"",""decoding"":""async"",""height"":""675"",""loading"":""lazy"",""sizes"":""(max-width: 960px) 100vw, 46vw"",""src"":""https://rentalscooterbarcelona.com/images/rsb-bike-rental-shop-olympic-village-barcelona.webp"",""srcset"":""https://rentalscooterbarcelona.com/images/rsb-bike-rental-shop-olympic-village-barcelona.webp 1200w"",""width"":""1200""}"
ROLLERBLADES,fr,1085,"{""tag"":""img"",""line"":1085,""alt"":""Logo de RSB Rental Scooter Barcelona"",""decoding"":""async"",""height"":""44"",""loading"":""lazy"",""sizes"":""44px"",""src"":""https://rentalscooterbarcelona.com/images/rsb-barcelona-rental-logo-2-88-v1.webp"",""srcset"":""https://rentalscooterbarcelona.com/images/rsb-barcelona-rental-logo-2-88-v1.webp 88w, https://rentalscooterbarcelona.com/images/rsb-barcelona-rental-logo-2-140-v1.webp 140w"",""width"":""44""}"
ROLLERBLADES,it,652,"{""tag"":""img"",""line"":652,""alt"":""Logo di RSB Rental Scooter Barcelona"",""decoding"":""async"",""height"":""70"",""sizes"":""70px"",""src"":""https://rentalscooterbarcelona.com/images/rsb-barcelona-rental-logo-2-140-v1.webp"",""srcset"":""https://rentalscooterbarcelona.com/images/rsb-barcelona-rental-logo-2-88-v1.webp 88w, https://rentalscooterbarcelona.com/images/rsb-barcelona-rental-logo-2-140-v1.webp 140w"",""width"":""70""}"
ROLLERBLADES,it,728,"{""tag"":""img"",""line"":728,""alt"":""Gruppo che si gode il noleggio di pattini in linea a Barcellona, vicino alla spiaggia della Barceloneta e a Vila Olímpica"",""class"":""zoom"",""decoding"":""async"",""fetchpriority"":""high"",""height"":""900"",""sizes"":""100vw"",""src"":""https://rentalscooterbarcelona.com/images/rsb-rollerblades-rental-barcelona-hero-group-beach-1600-v1.webp"",""srcset"":""https://rentalscooterbarcelona.com/images/rsb-rollerblades-rental-barcelona-hero-group-beach-480-v1.webp 480w, https://rentalscooterbarcelona.com/images/rsb-rollerblades-rental-barcelona-hero-group-beach-800-v1.webp 800w, https://rentalscooterbarcelona.com/images/rsb-rollerblades-rental-barcelona-hero-group-beach-1600-v1.webp 1600w"",""width"":""1600""}"
ROLLERBLADES,it,881,"{""tag"":""img"",""line"":881,""alt"":""Pattini in linea vicino alla spiaggia della Barceloneta a Barcellona"",""decoding"":""async"",""height"":""900"",""loading"":""lazy"",""sizes"":""(max-width: 960px) 100vw, 46vw"",""src"":""https://rentalscooterbarcelona.com/images/rsb-rollerblades-rental-barcelona-hero-group-beach-1600-v1.webp"",""srcset"":""https://rentalscooterbarcelona.com/images/rsb-rollerblades-rental-barcelona-hero-group-beach-800-v1.webp 800w, https://rentalscooterbarcelona.com/images/rsb-rollerblades-rental-barcelona-hero-group-beach-1600-v1.webp 1600w"",""width"":""1600""}"
ROLLERBLADES,it,941,"{""tag"":""img"",""line"":941,""alt"":""Negozio RSB a Vila Olímpica, Barcellona, vicino alla spiaggia della Barceloneta"",""decoding"":""async"",""height"":""675"",""loading"":""lazy"",""sizes"":""(max-width: 960px) 100vw, 46vw"",""src"":""https://rentalscooterbarcelona.com/images/rsb-bike-rental-shop-olympic-village-barcelona.webp"",""srcset"":""https://rentalscooterbarcelona.com/images/rsb-bike-rental-shop-olympic-village-barcelona.webp 1200w"",""width"":""1200""}"
ROLLERBLADES,it,1091,"{""tag"":""img"",""line"":1091,""alt"":""Logo di RSB Rental Scooter Barcelona"",""decoding"":""async"",""height"":""44"",""loading"":""lazy"",""sizes"":""44px"",""src"":""https://rentalscooterbarcelona.com/images/rsb-barcelona-rental-logo-2-88-v1.webp"",""srcset"":""https://rentalscooterbarcelona.com/images/rsb-barcelona-rental-logo-2-88-v1.webp 88w, https://rentalscooterbarcelona.com/images/rsb-barcelona-rental-logo-2-140-v1.webp 140w"",""width"":""44""}"
ROLLERBLADES,de,654,"{""tag"":""img"",""line"":654,""alt"":""Logo von RSB Rental Scooter Barcelona"",""decoding"":""async"",""height"":""70"",""sizes"":""70px"",""src"":""https://rentalscooterbarcelona.com/images/rsb-barcelona-rental-logo-2-140-v1.webp"",""srcset"":""https://rentalscooterbarcelona.com/images/rsb-barcelona-rental-logo-2-88-v1.webp 88w, https://rentalscooterbarcelona.com/images/rsb-barcelona-rental-logo-2-140-v1.webp 140w"",""width"":""70""}"
ROLLERBLADES,de,724,"{""tag"":""img"",""line"":724,""alt"":""Gruppe beim Inlineskates-Mieten in Barcelona, nahe dem Strand von Barceloneta und Vila Olímpica"",""class"":""zoom"",""decoding"":""async"",""fetchpriority"":""high"",""height"":""900"",""sizes"":""100vw"",""src"":""https://rentalscooterbarcelona.com/images/rsb-rollerblades-rental-barcelona-hero-group-beach-1600-v1.webp"",""srcset"":""https://rentalscooterbarcelona.com/images/rsb-rollerblades-rental-barcelona-hero-group-beach-480-v1.webp 480w, https://rentalscooterbarcelona.com/images/rsb-rollerblades-rental-barcelona-hero-group-beach-800-v1.webp 800w, https://rentalscooterbarcelona.com/images/rsb-rollerblades-rental-barcelona-hero-group-beach-1600-v1.webp 1600w"",""width"":""1600""}"
ROLLERBLADES,de,878,"{""tag"":""img"",""line"":878,""alt"":""Inlineskates nahe dem Strand von Barceloneta in Barcelona"",""decoding"":""async"",""height"":""900"",""loading"":""lazy"",""sizes"":""(max-width: 960px) 100vw, 46vw"",""src"":""https://rentalscooterbarcelona.com/images/rsb-rollerblades-rental-barcelona-hero-group-beach-1600-v1.webp"",""srcset"":""https://rentalscooterbarcelona.com/images/rsb-rollerblades-rental-barcelona-hero-group-beach-800-v1.webp 800w, https://rentalscooterbarcelona.com/images/rsb-rollerblades-rental-barcelona-hero-group-beach-1600-v1.webp 1600w"",""width"":""1600""}"
ROLLERBLADES,de,972,"{""tag"":""img"",""line"":972,""alt"":""RSB-Verleihgeschäft in Vila Olímpica, Barcelona, nahe dem Strand von Barceloneta"",""decoding"":""async"",""height"":""675"",""loading"":""lazy"",""sizes"":""(max-width: 960px) 100vw, 46vw"",""src"":""https://rentalscooterbarcelona.com/images/rsb-bike-rental-shop-olympic-village-barcelona.webp"",""srcset"":""https://rentalscooterbarcelona.com/images/rsb-bike-rental-shop-olympic-village-barcelona.webp 1200w"",""width"":""1200""}"
ROLLERBLADES,de,1139,"{""tag"":""img"",""line"":1139,""alt"":""Logo von RSB Rental Scooter Barcelona"",""decoding"":""async"",""height"":""44"",""loading"":""lazy"",""sizes"":""44px"",""src"":""https://rentalscooterbarcelona.com/images/rsb-barcelona-rental-logo-2-88-v1.webp"",""srcset"":""https://rentalscooterbarcelona.com/images/rsb-barcelona-rental-logo-2-88-v1.webp 88w, https://rentalscooterbarcelona.com/images/rsb-barcelona-rental-logo-2-140-v1.webp 140w"",""width"":""44""}"
ROLLERBLADES,nl,666,"{""tag"":""img"",""line"":666,""alt"":""Logo van RSB Rental Scooter Barcelona"",""decoding"":""async"",""height"":""70"",""sizes"":""70px"",""src"":""https://rentalscooterbarcelona.com/images/rsb-barcelona-rental-logo-2-140-v1.webp"",""srcset"":""https://rentalscooterbarcelona.com/images/rsb-barcelona-rental-logo-2-88-v1.webp 88w, https://rentalscooterbarcelona.com/images/rsb-barcelona-rental-logo-2-140-v1.webp 140w"",""width"":""70""}"
ROLLERBLADES,nl,736,"{""tag"":""img"",""line"":736,""alt"":""Groep geniet van het huren van inline skates in Barcelona, vlak bij het strand van Barceloneta en Vila Olímpica"",""class"":""zoom"",""decoding"":""async"",""fetchpriority"":""high"",""height"":""900"",""sizes"":""100vw"",""src"":""https://rentalscooterbarcelona.com/images/rsb-rollerblades-rental-barcelona-hero-group-beach-1600-v1.webp"",""srcset"":""https://rentalscooterbarcelona.com/images/rsb-rollerblades-rental-barcelona-hero-group-beach-480-v1.webp 480w, https://rentalscooterbarcelona.com/images/rsb-rollerblades-rental-barcelona-hero-group-beach-800-v1.webp 800w, https://rentalscooterbarcelona.com/images/rsb-rollerblades-rental-barcelona-hero-group-beach-1600-v1.webp 1600w"",""width"":""1600""}"
ROLLERBLADES,nl,890,"{""tag"":""img"",""line"":890,""alt"":""Inline skates vlak bij het strand van Barceloneta in Barcelona"",""decoding"":""async"",""height"":""900"",""loading"":""lazy"",""sizes"":""(max-width: 960px) 100vw, 46vw"",""src"":""https://rentalscooterbarcelona.com/images/rsb-rollerblades-rental-barcelona-hero-group-beach-1600-v1.webp"",""srcset"":""https://rentalscooterbarcelona.com/images/rsb-rollerblades-rental-barcelona-hero-group-beach-800-v1.webp 800w, https://rentalscooterbarcelona.com/images/rsb-rollerblades-rental-barcelona-hero-group-beach-1600-v1.webp 1600w"",""width"":""1600""}"
ROLLERBLADES,nl,984,"{""tag"":""img"",""line"":984,""alt"":""RSB-verhuurwinkel in Vila Olímpica, Barcelona, vlak bij het strand van Barceloneta"",""decoding"":""async"",""height"":""675"",""loading"":""lazy"",""sizes"":""(max-width: 960px) 100vw, 46vw"",""src"":""https://rentalscooterbarcelona.com/images/rsb-bike-rental-shop-olympic-village-barcelona.webp"",""srcset"":""https://rentalscooterbarcelona.com/images/rsb-bike-rental-shop-olympic-village-barcelona.webp 1200w"",""width"":""1200""}"
ROLLERBLADES,nl,1151,"{""tag"":""img"",""line"":1151,""alt"":""Logo van RSB Rental Scooter Barcelona"",""decoding"":""async"",""height"":""44"",""loading"":""lazy"",""sizes"":""44px"",""src"":""https://rentalscooterbarcelona.com/images/rsb-barcelona-rental-logo-2-88-v1.webp"",""srcset"":""https://rentalscooterbarcelona.com/images/rsb-barcelona-rental-logo-2-88-v1.webp 88w, https://rentalscooterbarcelona.com/images/rsb-barcelona-rental-logo-2-140-v1.webp 140w"",""width"":""44""}"
ROLLERBLADES,pt,666,"{""tag"":""img"",""line"":666,""alt"":""Logótipo da RSB Rental Scooter Barcelona"",""decoding"":""async"",""height"":""70"",""sizes"":""70px"",""src"":""https://rentalscooterbarcelona.com/images/rsb-barcelona-rental-logo-2-140-v1.webp"",""srcset"":""https://rentalscooterbarcelona.com/images/rsb-barcelona-rental-logo-2-88-v1.webp 88w, https://rentalscooterbarcelona.com/images/rsb-barcelona-rental-logo-2-140-v1.webp 140w"",""width"":""70""}"
ROLLERBLADES,pt,742,"{""tag"":""img"",""line"":742,""alt"":""Grupo a desfrutar do aluguer de patins em linha em Barcelona, perto da praia da Barceloneta e de Vila Olímpica"",""class"":""zoom"",""decoding"":""async"",""fetchpriority"":""high"",""height"":""900"",""sizes"":""100vw"",""src"":""https://rentalscooterbarcelona.com/images/rsb-rollerblades-rental-barcelona-hero-group-beach-1600-v1.webp"",""srcset"":""https://rentalscooterbarcelona.com/images/rsb-rollerblades-rental-barcelona-hero-group-beach-480-v1.webp 480w, https://rentalscooterbarcelona.com/images/rsb-rollerblades-rental-barcelona-hero-group-beach-800-v1.webp 800w, https://rentalscooterbarcelona.com/images/rsb-rollerblades-rental-barcelona-hero-group-beach-1600-v1.webp 1600w"",""width"":""1600""}"
ROLLERBLADES,pt,895,"{""tag"":""img"",""line"":895,""alt"":""Patins em linha perto da praia da Barceloneta em Barcelona"",""decoding"":""async"",""height"":""900"",""loading"":""lazy"",""sizes"":""(max-width: 960px) 100vw, 46vw"",""src"":""https://rentalscooterbarcelona.com/images/rsb-rollerblades-rental-barcelona-hero-group-beach-1600-v1.webp"",""srcset"":""https://rentalscooterbarcelona.com/images/rsb-rollerblades-rental-barcelona-hero-group-beach-800-v1.webp 800w, https://rentalscooterbarcelona.com/images/rsb-rollerblades-rental-barcelona-hero-group-beach-1600-v1.webp 1600w"",""width"":""1600""}"
ROLLERBLADES,pt,989,"{""tag"":""img"",""line"":989,""alt"":""Loja RSB em Vila Olímpica, Barcelona, perto da praia da Barceloneta"",""decoding"":""async"",""height"":""675"",""loading"":""lazy"",""sizes"":""(max-width: 960px) 100vw, 46vw"",""src"":""https://rentalscooterbarcelona.com/images/rsb-bike-rental-shop-olympic-village-barcelona.webp"",""srcset"":""https://rentalscooterbarcelona.com/images/rsb-bike-rental-shop-olympic-village-barcelona.webp 1200w"",""width"":""1200""}"
ROLLERBLADES,pt,1139,"{""tag"":""img"",""line"":1139,""alt"":""Logótipo da RSB Rental Scooter Barcelona"",""decoding"":""async"",""height"":""44"",""loading"":""lazy"",""sizes"":""44px"",""src"":""https://rentalscooterbarcelona.com/images/rsb-barcelona-rental-logo-2-88-v1.webp"",""srcset"":""https://rentalscooterbarcelona.com/images/rsb-barcelona-rental-logo-2-88-v1.webp 88w, https://rentalscooterbarcelona.com/images/rsb-barcelona-rental-logo-2-140-v1.webp 140w"",""width"":""44""}"
ROLLERBLADES,ca,652,"{""tag"":""img"",""line"":652,""alt"":""Logotip de RSB Rental Scooter Barcelona"",""decoding"":""async"",""height"":""70"",""sizes"":""70px"",""src"":""https://rentalscooterbarcelona.com/images/rsb-barcelona-rental-logo-2-140-v1.webp"",""srcset"":""https://rentalscooterbarcelona.com/images/rsb-barcelona-rental-logo-2-88-v1.webp 88w, https://rentalscooterbarcelona.com/images/rsb-barcelona-rental-logo-2-140-v1.webp 140w"",""width"":""70""}"
ROLLERBLADES,ca,728,"{""tag"":""img"",""line"":728,""alt"":""Grup gaudint del lloguer de patins en línia a Barcelona, a prop de la platja de la Barceloneta i de Vila Olímpica"",""class"":""zoom"",""decoding"":""async"",""fetchpriority"":""high"",""height"":""900"",""sizes"":""100vw"",""src"":""https://rentalscooterbarcelona.com/images/rsb-rollerblades-rental-barcelona-hero-group-beach-1600-v1.webp"",""srcset"":""https://rentalscooterbarcelona.com/images/rsb-rollerblades-rental-barcelona-hero-group-beach-480-v1.webp 480w, https://rentalscooterbarcelona.com/images/rsb-rollerblades-rental-barcelona-hero-group-beach-800-v1.webp 800w, https://rentalscooterbarcelona.com/images/rsb-rollerblades-rental-barcelona-hero-group-beach-1600-v1.webp 1600w"",""width"":""1600""}"
ROLLERBLADES,ca,882,"{""tag"":""img"",""line"":882,""alt"":""Patins en línia a prop de la platja de la Barceloneta a Barcelona"",""decoding"":""async"",""height"":""900"",""loading"":""lazy"",""sizes"":""(max-width: 960px) 100vw, 46vw"",""src"":""https://rentalscooterbarcelona.com/images/rsb-rollerblades-rental-barcelona-hero-group-beach-1600-v1.webp"",""srcset"":""https://rentalscooterbarcelona.com/images/rsb-rollerblades-rental-barcelona-hero-group-beach-800-v1.webp 800w, https://rentalscooterbarcelona.com/images/rsb-rollerblades-rental-barcelona-hero-group-beach-1600-v1.webp 1600w"",""width"":""1600""}"
ROLLERBLADES,ca,976,"{""tag"":""img"",""line"":976,""alt"":""Botiga RSB a Vila Olímpica, Barcelona, a prop de la platja de la Barceloneta"",""decoding"":""async"",""height"":""675"",""loading"":""lazy"",""sizes"":""(max-width: 960px) 100vw, 46vw"",""src"":""https://rentalscooterbarcelona.com/images/rsb-bike-rental-shop-olympic-village-barcelona.webp"",""srcset"":""https://rentalscooterbarcelona.com/images/rsb-bike-rental-shop-olympic-village-barcelona.webp 1200w"",""width"":""1200""}"
ROLLERBLADES,ca,1126,"{""tag"":""img"",""line"":1126,""alt"":""Logotip de RSB Rental Scooter Barcelona"",""decoding"":""async"",""height"":""44"",""loading"":""lazy"",""sizes"":""44px"",""src"":""https://rentalscooterbarcelona.com/images/rsb-barcelona-rental-logo-2-88-v1.webp"",""srcset"":""https://rentalscooterbarcelona.com/images/rsb-barcelona-rental-logo-2-88-v1.webp 88w, https://rentalscooterbarcelona.com/images/rsb-barcelona-rental-logo-2-140-v1.webp 140w"",""width"":""44""}"
ROLLERBLADES,sv,666,"{""tag"":""img"",""line"":666,""alt"":""RSB Rental Scooter Barcelona-logotyp"",""decoding"":""async"",""height"":""70"",""sizes"":""70px"",""src"":""https://rentalscooterbarcelona.com/images/rsb-barcelona-rental-logo-2-140-v1.webp"",""srcset"":""https://rentalscooterbarcelona.com/images/rsb-barcelona-rental-logo-2-88-v1.webp 88w, https://rentalscooterbarcelona.com/images/rsb-barcelona-rental-logo-2-140-v1.webp 140w"",""width"":""70""}"
ROLLERBLADES,sv,738,"{""tag"":""img"",""line"":738,""alt"":""Grupp som njuter av att hyra inlines i Barcelona, nära Barceloneta-stranden och Vila Olímpica"",""class"":""zoom"",""decoding"":""async"",""fetchpriority"":""high"",""height"":""900"",""sizes"":""100vw"",""src"":""https://rentalscooterbarcelona.com/images/rsb-rollerblades-rental-barcelona-hero-group-beach-1600-v1.webp"",""srcset"":""https://rentalscooterbarcelona.com/images/rsb-rollerblades-rental-barcelona-hero-group-beach-480-v1.webp 480w, https://rentalscooterbarcelona.com/images/rsb-rollerblades-rental-barcelona-hero-group-beach-800-v1.webp 800w, https://rentalscooterbarcelona.com/images/rsb-rollerblades-rental-barcelona-hero-group-beach-1600-v1.webp 1600w"",""width"":""1600""}"
ROLLERBLADES,sv,892,"{""tag"":""img"",""line"":892,""alt"":""Inlines nära Barceloneta-stranden i Barcelona"",""decoding"":""async"",""height"":""900"",""loading"":""lazy"",""sizes"":""(max-width: 960px) 100vw, 46vw"",""src"":""https://rentalscooterbarcelona.com/images/rsb-rollerblades-rental-barcelona-hero-group-beach-1600-v1.webp"",""srcset"":""https://rentalscooterbarcelona.com/images/rsb-rollerblades-rental-barcelona-hero-group-beach-800-v1.webp 800w, https://rentalscooterbarcelona.com/images/rsb-rollerblades-rental-barcelona-hero-group-beach-1600-v1.webp 1600w"",""width"":""1600""}"
ROLLERBLADES,sv,986,"{""tag"":""img"",""line"":986,""alt"":""RSB:s butik i Vila Olímpica, Barcelona, nära Barceloneta-stranden"",""decoding"":""async"",""height"":""675"",""loading"":""lazy"",""sizes"":""(max-width: 960px) 100vw, 46vw"",""src"":""https://rentalscooterbarcelona.com/images/rsb-bike-rental-shop-olympic-village-barcelona.webp"",""srcset"":""https://rentalscooterbarcelona.com/images/rsb-bike-rental-shop-olympic-village-barcelona.webp 1200w"",""width"":""1200""}"
ROLLERBLADES,sv,1137,"{""tag"":""img"",""line"":1137,""alt"":""RSB Rental Scooter Barcelona-logotyp"",""decoding"":""async"",""height"":""44"",""loading"":""lazy"",""sizes"":""44px"",""src"":""https://rentalscooterbarcelona.com/images/rsb-barcelona-rental-logo-2-88-v1.webp"",""srcset"":""https://rentalscooterbarcelona.com/images/rsb-barcelona-rental-logo-2-88-v1.webp 88w, https://rentalscooterbarcelona.com/images/rsb-barcelona-rental-logo-2-140-v1.webp 140w"",""width"":""44""}"
ROLLERBLADES,pl,714,"{""tag"":""img"",""line"":714,""alt"":""Logo RSB Rental Scooter Barcelona"",""decoding"":""async"",""height"":""70"",""sizes"":""70px"",""src"":""https://rentalscooterbarcelona.com/images/rsb-barcelona-rental-logo-2-140-v1.webp"",""srcset"":""https://rentalscooterbarcelona.com/images/rsb-barcelona-rental-logo-2-88-v1.webp 88w, https://rentalscooterbarcelona.com/images/rsb-barcelona-rental-logo-2-140-v1.webp 140w"",""width"":""70""}"
ROLLERBLADES,pl,786,"{""tag"":""img"",""line"":786,""alt"":""Grupa jeżdżąca na wypożyczonych rolkach przy plaży Barceloneta i Vila Olímpica w Barcelonie"",""class"":""zoom"",""decoding"":""async"",""fetchpriority"":""high"",""height"":""900"",""sizes"":""100vw"",""src"":""https://rentalscooterbarcelona.com/images/rsb-rollerblades-rental-barcelona-hero-group-beach-1600-v1.webp"",""srcset"":""https://rentalscooterbarcelona.com/images/rsb-rollerblades-rental-barcelona-hero-group-beach-480-v1.webp 480w, https://rentalscooterbarcelona.com/images/rsb-rollerblades-rental-barcelona-hero-group-beach-800-v1.webp 800w, https://rentalscooterbarcelona.com/images/rsb-rollerblades-rental-barcelona-hero-group-beach-1600-v1.webp 1600w"",""width"":""1600""}"
ROLLERBLADES,pl,940,"{""tag"":""img"",""line"":940,""alt"":""Rolki blisko plaży Barceloneta w Barcelonie"",""decoding"":""async"",""height"":""900"",""loading"":""lazy"",""sizes"":""(max-width: 960px) 100vw, 46vw"",""src"":""https://rentalscooterbarcelona.com/images/rsb-rollerblades-rental-barcelona-hero-group-beach-1600-v1.webp"",""srcset"":""https://rentalscooterbarcelona.com/images/rsb-rollerblades-rental-barcelona-hero-group-beach-800-v1.webp 800w, https://rentalscooterbarcelona.com/images/rsb-rollerblades-rental-barcelona-hero-group-beach-1600-v1.webp 1600w"",""width"":""1600""}"
ROLLERBLADES,pl,1032,"{""tag"":""img"",""line"":1032,""alt"":""RSB wynajem wypożyczalnia w Vila Olímpica Barcelona blisko plaży Barceloneta"",""decoding"":""async"",""height"":""675"",""loading"":""lazy"",""sizes"":""(max-width: 960px) 100vw, 46vw"",""src"":""https://rentalscooterbarcelona.com/images/rsb-bike-rental-shop-olympic-village-barcelona.webp"",""srcset"":""https://rentalscooterbarcelona.com/images/rsb-bike-rental-shop-olympic-village-barcelona.webp 1200w"",""width"":""1200""}"
ROLLERBLADES,pl,1183,"{""tag"":""img"",""line"":1183,""alt"":""Logo RSB Rental Scooter Barcelona"",""decoding"":""async"",""height"":""44"",""loading"":""lazy"",""sizes"":""44px"",""src"":""https://rentalscooterbarcelona.com/images/rsb-barcelona-rental-logo-2-88-v1.webp"",""srcset"":""https://rentalscooterbarcelona.com/images/rsb-barcelona-rental-logo-2-88-v1.webp 88w, https://rentalscooterbarcelona.com/images/rsb-barcelona-rental-logo-2-140-v1.webp 140w"",""width"":""44""}"
