grupo,idioma,LocalBusiness_completo
HOME,en,"{""@type"":""LocalBusiness"",""@id"":""https://rentalscooterbarcelona.com/#business"",""name"":""RSB Rental Scooter Barcelona"",""alternateName"":""RSB"",""url"":""https://rentalscooterbarcelona.com/"",""description"":""Local rental shop in Vila Olímpica del Poblenou, Barcelona, offering scooter, inline skate, bike, roller skates, skateboard and longboard rentals near Barceloneta and Port Olímpic."",""image"":[""https://rentalscooterbarcelona.com/images/rsb-rental-scooter-barcelona-shop-vila-olimpica.webp"",""https://rentalscooterbarcelona.com/images/rsb-barcelona-rental-shop-interior-inline-skates-bike-vila-olimpica-1200.webp""],""logo"":""https://rentalscooterbarcelona.com/images/rsb-barcelona-rental-logo-2-140-v1.webp"",""telephone"":""+34 640 559 468"",""email"":""info@rentalscooterbarcelona.com"",""priceRange"":""€4–€115"",""paymentAccepted"":""Credit Card, Debit Card, PayPal"",""currenciesAccepted"":""EUR"",""address"":{""@type"":""PostalAddress"",""streetAddress"":""Carrer de Salvador Espriu, 63"",""addressLocality"":""Barcelona"",""addressRegion"":""Catalonia"",""postalCode"":""08005"",""addressCountry"":""ES""},""geo"":{""@type"":""GeoCoordinates"",""latitude"":41.3906488,""longitude"":2.1984312},""hasMap"":""https://www.google.com/maps?cid=912877649802486634"",""areaServed"":[{""@type"":""City"",""name"":""Barcelona""},{""@type"":""Place"",""name"":""Vila Olímpica del Poblenou""},{""@type"":""Place"",""name"":""Port Olímpic""},{""@type"":""Place"",""name"":""Barceloneta Beach""}],""openingHoursSpecification"":[{""@type"":""OpeningHoursSpecification"",""dayOfWeek"":[""Monday"",""Tuesday"",""Wednesday"",""Thursday"",""Friday"",""Saturday"",""Sunday""],""opens"":""10:30"",""closes"":""13:30""},{""@type"":""OpeningHoursSpecification"",""dayOfWeek"":[""Monday"",""Tuesday"",""Wednesday"",""Thursday"",""Friday"",""Saturday"",""Sunday""],""opens"":""16:30"",""closes"":""20:00""}],""contactPoint"":[{""@type"":""ContactPoint"",""telephone"":""+34 640 559 468"",""email"":""info@rentalscooterbarcelona.com"",""contactType"":""customer service"",""areaServed"":""ES"",""availableLanguage"":[""en"",""es"",""ca"",""fr"",""it"",""de"",""nl"",""pt"",""sv"",""pl""]},{""@type"":""ContactPoint"",""telephone"":""+34 640 559 468"",""email"":""info@rentalscooterbarcelona.com"",""contactType"":""booking"",""areaServed"":""ES"",""availableLanguage"":[""en"",""es"",""ca"",""fr"",""it"",""de"",""nl"",""pt"",""sv"",""pl""]}],""sameAs"":[""https://www.facebook.com/rentalscooterbarcelona"",""https://www.instagram.com/rentalscooterbarcelona/"",""https://x.com/RSBscooterbarce"",""https://es.pinterest.com/rsbscooter/"",""https://www.tripadvisor.es/Attraction_Review-g187497-d7708978-Reviews-Rental_Scooter_Barcelona-Barcelona_Catalonia.html"",""https://www.google.com/maps?cid=912877649802486634"",""https://maps.apple.com/place?place-id=IA5C7938C1925731A&address=Carrer+de+Salvador+Espriu%2C+63%2C+08005+Barcelona%2C+Espa%C3%B1a&coordinate=41.3906488%2C2.1984312&name=Rental+Scooter&_provider=9902"",""https://www.bing.com/maps/search?style=r&q=RSB+Rental+Scooter+Barcelona%2C+Calle+de+Salvador+Espriu+63%2C+08005+Barcelona%2C+Catalu%C3%B1a%2C+Espa%C3%B1a&ss=id.local_ypid%3A%22YND84466019C726C1%22""],""brand"":{""@id"":""https://rentalscooterbarcelona.com/#organization""}}"
HOME,en,"{""@type"":""LocalBusiness"",""@id"":""https://rentalscooterbarcelona.com/#business"",""sameAs"":[""https://www.google.com/maps?cid=912877649802486634"",""https://www.bing.com/maps/search?style=r&q=RSB+Rental+Scooter+Barcelona%2C+Calle+de+Salvador+Espriu+63%2C+08005+Barcelona%2C+Catalu%C3%B1a%2C+Espa%C3%B1a&ss=id.local_ypid%3A%22YND84466019C726C1%22""],""aggregateRating"":{""@type"":""AggregateRating"",""ratingValue"":""4.6"",""reviewCount"":226,""bestRating"":5,""worstRating"":1},""review"":[{""@id"":""https://rentalscooterbarcelona.com/#google-review-1""},{""@id"":""https://rentalscooterbarcelona.com/#google-review-2""},{""@id"":""https://rentalscooterbarcelona.com/#google-review-3""}]}"
HOME,es,"{""@type"":""LocalBusiness"",""@id"":""https://rentalscooterbarcelona.com/#business"",""name"":""RSB Rental Scooter Barcelona"",""alternateName"":""RSB"",""url"":""https://rentalscooterbarcelona.com/"",""description"":""Tienda local de alquiler en Vila Olímpica del Poblenou, Barcelona, especializada en alquiler de scooters, patines en línea, bicicletas, patines de 4 ruedas, skateboards y longboards, cerca de la Barceloneta y Port Olímpic. Ofrecemos entrega gratuita del scooter en el hotel para alquileres de 3 días o más, y puedes dejar tus pertenencias en nuestra tienda supervisada durante el alquiler."",""image"":[""https://rentalscooterbarcelona.com/images/rsb-barcelona-rental-hero-group-beach-1600-v1.webp"",""https://rentalscooterbarcelona.com/images/rsb-rental-scooter-barcelona-shop-vila-olimpica.webp""],""logo"":""https://rentalscooterbarcelona.com/images/rsb-barcelona-rental-logo-2-140-v1.webp"",""telephone"":""+34 640 559 468"",""email"":""info@rentalscooterbarcelona.com"",""priceRange"":""€4–€115"",""paymentAccepted"":""Tarjeta de crédito, tarjeta de débito, PayPal"",""currenciesAccepted"":""EUR"",""address"":{""@type"":""PostalAddress"",""streetAddress"":""Carrer de Salvador Espriu, 63"",""addressLocality"":""Barcelona"",""addressRegion"":""Catalonia"",""postalCode"":""08005"",""addressCountry"":""ES""},""geo"":{""@type"":""GeoCoordinates"",""latitude"":41.3906488,""longitude"":2.1984312},""hasMap"":""https://www.google.com/maps?cid=912877649802486634"",""areaServed"":[{""@type"":""City"",""name"":""Barcelona""},{""@type"":""Place"",""name"":""Vila Olímpica del Poblenou""},{""@type"":""Place"",""name"":""Port Olímpic""},{""@type"":""Place"",""name"":""Barceloneta Beach""}],""openingHoursSpecification"":[{""@type"":""OpeningHoursSpecification"",""dayOfWeek"":[""Monday"",""Tuesday"",""Wednesday"",""Thursday"",""Friday"",""Saturday"",""Sunday""],""opens"":""10:30"",""closes"":""13:30""},{""@type"":""OpeningHoursSpecification"",""dayOfWeek"":[""Monday"",""Tuesday"",""Wednesday"",""Thursday"",""Friday"",""Saturday"",""Sunday""],""opens"":""16:30"",""closes"":""20:00""}],""contactPoint"":[{""@type"":""ContactPoint"",""telephone"":""+34 640 559 468"",""email"":""info@rentalscooterbarcelona.com"",""contactType"":""customer service"",""areaServed"":""ES"",""availableLanguage"":[""en"",""es"",""ca"",""fr"",""it"",""de"",""nl"",""pt"",""sv"",""pl""]},{""@type"":""ContactPoint"",""telephone"":""+34 640 559 468"",""email"":""info@rentalscooterbarcelona.com"",""contactType"":""booking"",""areaServed"":""ES"",""availableLanguage"":[""en"",""es"",""ca"",""fr"",""it"",""de"",""nl"",""pt"",""sv"",""pl""]}],""sameAs"":[""https://www.facebook.com/rentalscooterbarcelona"",""https://www.instagram.com/rentalscooterbarcelona/"",""https://x.com/RSBscooterbarce"",""https://es.pinterest.com/rsbscooter/"",""https://www.tripadvisor.es/Attraction_Review-g187497-d7708978-Reviews-Rental_Scooter_Barcelona-Barcelona_Catalonia.html"",""https://www.google.com/maps?cid=912877649802486634"",""https://maps.apple.com/place?place-id=IA5C7938C1925731A&address=Carrer+de+Salvador+Espriu%2C+63%2C+08005+Barcelona%2C+Espa%C3%B1a&coordinate=41.3906488%2C2.1984312&name=Rental+Scooter&_provider=9902"",""https://www.bing.com/maps/search?style=r&q=RSB+Rental+Scooter+Barcelona%2C+Calle+de+Salvador+Espriu+63%2C+08005+Barcelona%2C+Catalu%C3%B1a%2C+Espa%C3%B1a&ss=id.local_ypid%3A%22YND84466019C726C1%22""],""brand"":{""@id"":""https://rentalscooterbarcelona.com/#organization""}}"
HOME,es,"{""@type"":""LocalBusiness"",""@id"":""https://rentalscooterbarcelona.com/#business"",""sameAs"":[""https://www.google.com/maps?cid=912877649802486634"",""https://www.bing.com/maps/search?style=r&q=RSB+Rental+Scooter+Barcelona%2C+Calle+de+Salvador+Espriu+63%2C+08005+Barcelona%2C+Catalu%C3%B1a%2C+Espa%C3%B1a&ss=id.local_ypid%3A%22YND84466019C726C1%22""],""aggregateRating"":{""@type"":""AggregateRating"",""ratingValue"":""4.6"",""reviewCount"":226,""bestRating"":5,""worstRating"":1},""review"":[{""@id"":""https://rentalscooterbarcelona.com/es/#google-review-1""},{""@id"":""https://rentalscooterbarcelona.com/es/#google-review-2""},{""@id"":""https://rentalscooterbarcelona.com/es/#google-review-3""}]}"
HOME,fr,"{""@type"":""LocalBusiness"",""@id"":""https://rentalscooterbarcelona.com/#business"",""name"":""RSB Rental Scooter Barcelona"",""alternateName"":""RSB"",""url"":""https://rentalscooterbarcelona.com/"",""description"":""Boutique locale de location à Vila Olímpica del Poblenou, Barcelone, spécialisée dans la location de scooter, rollers, vélos, rollers classiques, skateboards et longboards, près de la Barceloneta et de Port Olímpic. Livraison gratuite du scooter à l’hôtel pour les locations de 3 jours ou plus, avec possibilité de laisser vos affaires dans notre boutique surveillée pendant la location."",""image"":[""https://rentalscooterbarcelona.com/images/rsb-barcelona-rental-hero-group-beach-1600-v1.webp"",""https://rentalscooterbarcelona.com/images/rsb-rental-scooter-barcelona-shop-vila-olimpica.webp""],""logo"":""https://rentalscooterbarcelona.com/images/rsb-barcelona-rental-logo-2-140-v1.webp"",""telephone"":""+34 640 559 468"",""email"":""info@rentalscooterbarcelona.com"",""priceRange"":""€4–€115"",""paymentAccepted"":""Carte de crédit, carte de débit, PayPal"",""currenciesAccepted"":""EUR"",""address"":{""@type"":""PostalAddress"",""streetAddress"":""Carrer de Salvador Espriu, 63"",""addressLocality"":""Barcelona"",""addressRegion"":""Catalonia"",""postalCode"":""08005"",""addressCountry"":""ES""},""geo"":{""@type"":""GeoCoordinates"",""latitude"":41.3906488,""longitude"":2.1984312},""hasMap"":""https://www.google.com/maps?cid=912877649802486634"",""areaServed"":[{""@type"":""City"",""name"":""Barcelona""},{""@type"":""Place"",""name"":""Vila Olímpica del Poblenou""},{""@type"":""Place"",""name"":""Port Olímpic""},{""@type"":""Place"",""name"":""Barceloneta Beach""}],""openingHoursSpecification"":[{""@type"":""OpeningHoursSpecification"",""dayOfWeek"":[""Monday"",""Tuesday"",""Wednesday"",""Thursday"",""Friday"",""Saturday"",""Sunday""],""opens"":""10:30"",""closes"":""13:30""},{""@type"":""OpeningHoursSpecification"",""dayOfWeek"":[""Monday"",""Tuesday"",""Wednesday"",""Thursday"",""Friday"",""Saturday"",""Sunday""],""opens"":""16:30"",""closes"":""20:00""}],""contactPoint"":[{""@type"":""ContactPoint"",""telephone"":""+34 640 559 468"",""contactType"":""service client"",""email"":""info@rentalscooterbarcelona.com"",""areaServed"":""ES"",""availableLanguage"":[""en"",""es"",""ca"",""fr"",""it"",""de"",""nl"",""pt"",""sv"",""pl""]},{""@type"":""ContactPoint"",""telephone"":""+34 640 559 468"",""contactType"":""réservation"",""email"":""info@rentalscooterbarcelona.com"",""areaServed"":""ES"",""availableLanguage"":[""en"",""es"",""ca"",""fr"",""it"",""de"",""nl"",""pt"",""sv"",""pl""]}],""sameAs"":[""https://www.facebook.com/rentalscooterbarcelona"",""https://www.instagram.com/rentalscooterbarcelona/"",""https://x.com/RSBscooterbarce"",""https://es.pinterest.com/rsbscooter/"",""https://www.tripadvisor.es/Attraction_Review-g187497-d7708978-Reviews-Rental_Scooter_Barcelona-Barcelona_Catalonia.html"",""https://www.google.com/maps?cid=912877649802486634"",""https://maps.apple.com/place?place-id=IA5C7938C1925731A&address=Carrer+de+Salvador+Espriu%2C+63%2C+08005+Barcelona%2C+Espa%C3%B1a&coordinate=41.3906488%2C2.1984312&name=Rental+Scooter&_provider=9902"",""https://www.bing.com/maps/search?style=r&q=RSB+Rental+Scooter+Barcelona%2C+Calle+de+Salvador+Espriu+63%2C+08005+Barcelona%2C+Catalu%C3%B1a%2C+Espa%C3%B1a&ss=id.local_ypid%3A%22YND84466019C726C1%22""],""brand"":{""@id"":""https://rentalscooterbarcelona.com/#organization""}}"
HOME,fr,"{""@type"":""LocalBusiness"",""@id"":""https://rentalscooterbarcelona.com/#business"",""sameAs"":[""https://www.google.com/maps?cid=912877649802486634"",""https://www.bing.com/maps/search?style=r&q=RSB+Rental+Scooter+Barcelona%2C+Calle+de+Salvador+Espriu+63%2C+08005+Barcelona%2C+Catalu%C3%B1a%2C+Espa%C3%B1a&ss=id.local_ypid%3A%22YND84466019C726C1%22""],""aggregateRating"":{""@type"":""AggregateRating"",""ratingValue"":""4.6"",""reviewCount"":226,""bestRating"":5,""worstRating"":1},""review"":[{""@id"":""https://rentalscooterbarcelona.com/fr/#google-review-1""},{""@id"":""https://rentalscooterbarcelona.com/fr/#google-review-2""},{""@id"":""https://rentalscooterbarcelona.com/fr/#google-review-3""}]}"
HOME,it,"{""@type"":""LocalBusiness"",""@id"":""https://rentalscooterbarcelona.com/#business"",""name"":""RSB Rental Scooter Barcelona"",""alternateName"":""RSB"",""url"":""https://rentalscooterbarcelona.com/"",""description"":""Negozio locale di noleggio a Vila Olímpica del Poblenou, Barcellona, specializzato nel noleggio di scooter, pattini in linea, biciclette, pattini a rotelle, skateboard e longboard, vicino alla Barceloneta e a Port Olímpic. Offriamo consegna gratuita dello scooter in hotel per noleggi di 3 giorni o più e puoi lasciare i tuoi effetti personali nel nostro negozio sorvegliato durante il noleggio."",""image"":[""https://rentalscooterbarcelona.com/images/rsb-barcelona-rental-hero-group-beach-1600-v1.webp"",""https://rentalscooterbarcelona.com/images/rsb-rental-scooter-barcelona-shop-vila-olimpica.webp""],""logo"":""https://rentalscooterbarcelona.com/images/rsb-barcelona-rental-logo-2-140-v1.webp"",""telephone"":""+34 640 559 468"",""email"":""info@rentalscooterbarcelona.com"",""priceRange"":""€4–€115"",""paymentAccepted"":""Carta di credito, carta di debito, PayPal"",""currenciesAccepted"":""EUR"",""address"":{""@type"":""PostalAddress"",""streetAddress"":""Carrer de Salvador Espriu, 63"",""addressLocality"":""Barcelona"",""addressRegion"":""Catalonia"",""postalCode"":""08005"",""addressCountry"":""ES""},""geo"":{""@type"":""GeoCoordinates"",""latitude"":41.3906488,""longitude"":2.1984312},""hasMap"":""https://www.google.com/maps?cid=912877649802486634"",""areaServed"":[{""@type"":""City"",""name"":""Barcelona""},{""@type"":""Place"",""name"":""Vila Olímpica del Poblenou""},{""@type"":""Place"",""name"":""Port Olímpic""},{""@type"":""Place"",""name"":""Barceloneta Beach""}],""openingHoursSpecification"":[{""@type"":""OpeningHoursSpecification"",""dayOfWeek"":[""Monday"",""Tuesday"",""Wednesday"",""Thursday"",""Friday"",""Saturday"",""Sunday""],""opens"":""10:30"",""closes"":""13:30""},{""@type"":""OpeningHoursSpecification"",""dayOfWeek"":[""Monday"",""Tuesday"",""Wednesday"",""Thursday"",""Friday"",""Saturday"",""Sunday""],""opens"":""16:30"",""closes"":""20:00""}],""contactPoint"":[{""@type"":""ContactPoint"",""telephone"":""+34 640 559 468"",""contactType"":""servizio clienti"",""email"":""info@rentalscooterbarcelona.com"",""areaServed"":""ES"",""availableLanguage"":[""en"",""es"",""ca"",""fr"",""it"",""de"",""nl"",""pt"",""sv"",""pl""]},{""@type"":""ContactPoint"",""telephone"":""+34 640 559 468"",""contactType"":""prenotazione"",""email"":""info@rentalscooterbarcelona.com"",""areaServed"":""ES"",""availableLanguage"":[""en"",""es"",""ca"",""fr"",""it"",""de"",""nl"",""pt"",""sv"",""pl""]}],""sameAs"":[""https://www.facebook.com/rentalscooterbarcelona"",""https://www.instagram.com/rentalscooterbarcelona/"",""https://x.com/RSBscooterbarce"",""https://es.pinterest.com/rsbscooter/"",""https://www.tripadvisor.es/Attraction_Review-g187497-d7708978-Reviews-Rental_Scooter_Barcelona-Barcelona_Catalonia.html"",""https://www.google.com/maps?cid=912877649802486634"",""https://maps.apple.com/place?place-id=IA5C7938C1925731A&address=Carrer+de+Salvador+Espriu%2C+63%2C+08005+Barcelona%2C+Espa%C3%B1a&coordinate=41.3906488%2C2.1984312&name=Rental+Scooter&_provider=9902"",""https://www.bing.com/maps/search?style=r&q=RSB+Rental+Scooter+Barcelona%2C+Calle+de+Salvador+Espriu+63%2C+08005+Barcelona%2C+Catalu%C3%B1a%2C+Espa%C3%B1a&ss=id.local_ypid%3A%22YND84466019C726C1%22""],""brand"":{""@id"":""https://rentalscooterbarcelona.com/#organization""}}"
HOME,it,"{""@type"":""LocalBusiness"",""@id"":""https://rentalscooterbarcelona.com/#business"",""sameAs"":[""https://www.google.com/maps?cid=912877649802486634"",""https://www.bing.com/maps/search?style=r&q=RSB+Rental+Scooter+Barcelona%2C+Calle+de+Salvador+Espriu+63%2C+08005+Barcelona%2C+Catalu%C3%B1a%2C+Espa%C3%B1a&ss=id.local_ypid%3A%22YND84466019C726C1%22""],""aggregateRating"":{""@type"":""AggregateRating"",""ratingValue"":""4.6"",""reviewCount"":226,""bestRating"":5,""worstRating"":1},""review"":[{""@id"":""https://rentalscooterbarcelona.com/it/#google-review-1""},{""@id"":""https://rentalscooterbarcelona.com/it/#google-review-2""},{""@id"":""https://rentalscooterbarcelona.com/it/#google-review-3""}]}"
HOME,de,"{""@type"":""LocalBusiness"",""@id"":""https://rentalscooterbarcelona.com/#business"",""name"":""RSB Rental Scooter Barcelona"",""alternateName"":""RSB"",""url"":""https://rentalscooterbarcelona.com/"",""description"":""Lokaler Verleihshop in Vila Olímpica del Poblenou, Barcelona, spezialisiert auf Scooter, Inlineskates, Fahrräder, Rollschuhe, Skateboards und Longboards, direkt gegenüber dem Strand und neben dem Port Olímpic. Kostenlose Hotelzustellung des Scooters bei Anmietungen ab 3 Tagen, und persönliche Gegenstände können während der Miete in unserem beaufsichtigten Shop bleiben."",""image"":[""https://rentalscooterbarcelona.com/images/rsb-barcelona-rental-hero-group-beach-1600-v1.webp"",""https://rentalscooterbarcelona.com/images/rsb-rental-scooter-barcelona-shop-vila-olimpica.webp""],""logo"":""https://rentalscooterbarcelona.com/images/rsb-barcelona-rental-logo-2-140-v1.webp"",""telephone"":""+34 640 559 468"",""email"":""info@rentalscooterbarcelona.com"",""priceRange"":""€4–€115"",""paymentAccepted"":""Kreditkarte, Debitkarte, PayPal"",""currenciesAccepted"":""EUR"",""address"":{""@type"":""PostalAddress"",""streetAddress"":""Carrer de Salvador Espriu, 63"",""addressLocality"":""Barcelona"",""addressRegion"":""Catalonia"",""postalCode"":""08005"",""addressCountry"":""ES""},""geo"":{""@type"":""GeoCoordinates"",""latitude"":41.3906488,""longitude"":2.1984312},""hasMap"":""https://www.google.com/maps?cid=912877649802486634"",""areaServed"":[{""@type"":""City"",""name"":""Barcelona""},{""@type"":""Place"",""name"":""Vila Olímpica del Poblenou""},{""@type"":""Place"",""name"":""Port Olímpic""},{""@type"":""Place"",""name"":""Strand von Barceloneta""}],""openingHoursSpecification"":[{""@type"":""OpeningHoursSpecification"",""dayOfWeek"":[""Monday"",""Tuesday"",""Wednesday"",""Thursday"",""Friday"",""Saturday"",""Sunday""],""opens"":""10:30"",""closes"":""13:30""},{""@type"":""OpeningHoursSpecification"",""dayOfWeek"":[""Monday"",""Tuesday"",""Wednesday"",""Thursday"",""Friday"",""Saturday"",""Sunday""],""opens"":""16:30"",""closes"":""20:00""}],""contactPoint"":[{""@type"":""ContactPoint"",""telephone"":""+34 640 559 468"",""contactType"":""Kundenservice"",""email"":""info@rentalscooterbarcelona.com"",""areaServed"":""ES"",""availableLanguage"":[""en"",""es"",""ca"",""fr"",""it"",""de"",""nl"",""pt"",""sv"",""pl""]},{""@type"":""ContactPoint"",""telephone"":""+34 640 559 468"",""contactType"":""Buchung"",""email"":""info@rentalscooterbarcelona.com"",""areaServed"":""ES"",""availableLanguage"":[""en"",""es"",""ca"",""fr"",""it"",""de"",""nl"",""pt"",""sv"",""pl""]}],""sameAs"":[""https://www.facebook.com/rentalscooterbarcelona"",""https://www.instagram.com/rentalscooterbarcelona/"",""https://x.com/RSBscooterbarce"",""https://es.pinterest.com/rsbscooter/"",""https://www.tripadvisor.es/Attraction_Review-g187497-d7708978-Reviews-Rental_Scooter_Barcelona-Barcelona_Catalonia.html"",""https://www.google.com/maps?cid=912877649802486634"",""https://maps.apple.com/place?place-id=IA5C7938C1925731A&address=Carrer+de+Salvador+Espriu%2C+63%2C+08005+Barcelona%2C+Espa%C3%B1a&coordinate=41.3906488%2C2.1984312&name=Rental+Scooter&_provider=9902"",""https://www.bing.com/maps/search?style=r&q=RSB+Rental+Scooter+Barcelona%2C+Calle+de+Salvador+Espriu+63%2C+08005+Barcelona%2C+Catalu%C3%B1a%2C+Espa%C3%B1a&ss=id.local_ypid%3A%22YND84466019C726C1%22""],""brand"":{""@id"":""https://rentalscooterbarcelona.com/#organization""}}"
HOME,de,"{""@type"":""LocalBusiness"",""@id"":""https://rentalscooterbarcelona.com/#business"",""sameAs"":[""https://www.google.com/maps?cid=912877649802486634"",""https://www.bing.com/maps/search?style=r&q=RSB+Rental+Scooter+Barcelona%2C+Calle+de+Salvador+Espriu+63%2C+08005+Barcelona%2C+Catalu%C3%B1a%2C+Espa%C3%B1a&ss=id.local_ypid%3A%22YND84466019C726C1%22""],""aggregateRating"":{""@type"":""AggregateRating"",""ratingValue"":""4.6"",""reviewCount"":226,""bestRating"":5,""worstRating"":1},""review"":[{""@id"":""https://rentalscooterbarcelona.com/de/#google-review-1""},{""@id"":""https://rentalscooterbarcelona.com/de/#google-review-2""},{""@id"":""https://rentalscooterbarcelona.com/de/#google-review-3""}]}"
HOME,nl,"{""@type"":""LocalBusiness"",""@id"":""https://rentalscooterbarcelona.com/#business"",""name"":""RSB Rental Scooter Barcelona"",""alternateName"":""RSB"",""url"":""https://rentalscooterbarcelona.com/"",""description"":""Lokale verhuurwinkel in Vila Olímpica del Poblenou, Barcelona, gespecialiseerd in scooters, inline skates, fietsen, rolschaatsen, skateboards en longboards, vlak bij Barceloneta en Port Olímpic. Gratis scooterbezorging bij het hotel voor huurperiodes van 3 dagen of langer, en je kunt je spullen tijdens de huur in onze bewaakte winkel achterlaten."",""image"":[""https://rentalscooterbarcelona.com/images/rsb-barcelona-rental-hero-group-beach-1600-v1.webp"",""https://rentalscooterbarcelona.com/images/rsb-rental-scooter-barcelona-shop-vila-olimpica.webp""],""logo"":""https://rentalscooterbarcelona.com/images/rsb-barcelona-rental-logo-2-140-v1.webp"",""telephone"":""+34 640 559 468"",""email"":""info@rentalscooterbarcelona.com"",""priceRange"":""€4–€115"",""paymentAccepted"":""Creditcard, betaalkaart, PayPal"",""currenciesAccepted"":""EUR"",""address"":{""@type"":""PostalAddress"",""streetAddress"":""Carrer de Salvador Espriu, 63"",""addressLocality"":""Barcelona"",""addressRegion"":""Catalonia"",""postalCode"":""08005"",""addressCountry"":""ES""},""geo"":{""@type"":""GeoCoordinates"",""latitude"":41.3906488,""longitude"":2.1984312},""hasMap"":""https://www.google.com/maps?cid=912877649802486634"",""areaServed"":[{""@type"":""City"",""name"":""Barcelona""},{""@type"":""Place"",""name"":""Vila Olímpica del Poblenou""},{""@type"":""Place"",""name"":""Port Olímpic""},{""@type"":""Place"",""name"":""Barceloneta Beach""}],""openingHoursSpecification"":[{""@type"":""OpeningHoursSpecification"",""dayOfWeek"":[""Monday"",""Tuesday"",""Wednesday"",""Thursday"",""Friday"",""Saturday"",""Sunday""],""opens"":""10:30"",""closes"":""13:30""},{""@type"":""OpeningHoursSpecification"",""dayOfWeek"":[""Monday"",""Tuesday"",""Wednesday"",""Thursday"",""Friday"",""Saturday"",""Sunday""],""opens"":""16:30"",""closes"":""20:00""}],""contactPoint"":[{""@type"":""ContactPoint"",""telephone"":""+34 640 559 468"",""contactType"":""klantenservice"",""email"":""info@rentalscooterbarcelona.com"",""areaServed"":""ES"",""availableLanguage"":[""en"",""es"",""ca"",""fr"",""it"",""de"",""nl"",""pt"",""sv"",""pl""]},{""@type"":""ContactPoint"",""telephone"":""+34 640 559 468"",""contactType"":""boeking"",""email"":""info@rentalscooterbarcelona.com"",""areaServed"":""ES"",""availableLanguage"":[""en"",""es"",""ca"",""fr"",""it"",""de"",""nl"",""pt"",""sv"",""pl""]}],""sameAs"":[""https://www.facebook.com/rentalscooterbarcelona"",""https://www.instagram.com/rentalscooterbarcelona/"",""https://x.com/RSBscooterbarce"",""https://es.pinterest.com/rsbscooter/"",""https://www.tripadvisor.es/Attraction_Review-g187497-d7708978-Reviews-Rental_Scooter_Barcelona-Barcelona_Catalonia.html"",""https://www.google.com/maps?cid=912877649802486634"",""https://maps.apple.com/place?place-id=IA5C7938C1925731A&address=Carrer+de+Salvador+Espriu%2C+63%2C+08005+Barcelona%2C+Espa%C3%B1a&coordinate=41.3906488%2C2.1984312&name=Rental+Scooter&_provider=9902"",""https://www.bing.com/maps/search?style=r&q=RSB+Rental+Scooter+Barcelona%2C+Calle+de+Salvador+Espriu+63%2C+08005+Barcelona%2C+Catalu%C3%B1a%2C+Espa%C3%B1a&ss=id.local_ypid%3A%22YND84466019C726C1%22""],""brand"":{""@id"":""https://rentalscooterbarcelona.com/#organization""}}"
HOME,nl,"{""@type"":""LocalBusiness"",""@id"":""https://rentalscooterbarcelona.com/#business"",""sameAs"":[""https://www.google.com/maps?cid=912877649802486634"",""https://www.bing.com/maps/search?style=r&q=RSB+Rental+Scooter+Barcelona%2C+Calle+de+Salvador+Espriu+63%2C+08005+Barcelona%2C+Catalu%C3%B1a%2C+Espa%C3%B1a&ss=id.local_ypid%3A%22YND84466019C726C1%22""],""aggregateRating"":{""@type"":""AggregateRating"",""ratingValue"":""4.6"",""reviewCount"":226,""bestRating"":5,""worstRating"":1},""review"":[{""@id"":""https://rentalscooterbarcelona.com/nl/#google-review-1""},{""@id"":""https://rentalscooterbarcelona.com/nl/#google-review-2""},{""@id"":""https://rentalscooterbarcelona.com/nl/#google-review-3""}]}"
HOME,pt,"{""@type"":""LocalBusiness"",""@id"":""https://rentalscooterbarcelona.com/#business"",""name"":""RSB Rental Scooter Barcelona"",""alternateName"":""RSB"",""url"":""https://rentalscooterbarcelona.com/"",""description"":""Loja local de aluguer em Vila Olímpica del Poblenou, Barcelona, especializada em scooters, patins em linha, bicicletas, patins de 4 rodas, skateboards e longboards, perto da Barceloneta e de Port Olímpic. Oferecemos entrega gratuita do scooter no hotel para alugueres de 3 dias ou mais e podes deixar os teus pertences na nossa loja supervisionada durante o aluguer."",""image"":[""https://rentalscooterbarcelona.com/images/rsb-barcelona-rental-hero-group-beach-1600-v1.webp"",""https://rentalscooterbarcelona.com/images/rsb-rental-scooter-barcelona-shop-vila-olimpica.webp""],""logo"":""https://rentalscooterbarcelona.com/images/rsb-barcelona-rental-logo-2-140-v1.webp"",""telephone"":""+34 640 559 468"",""email"":""info@rentalscooterbarcelona.com"",""priceRange"":""€4–€115"",""paymentAccepted"":""Cartão de crédito, cartão de débito, PayPal"",""currenciesAccepted"":""EUR"",""address"":{""@type"":""PostalAddress"",""streetAddress"":""Carrer de Salvador Espriu, 63"",""addressLocality"":""Barcelona"",""addressRegion"":""Catalonia"",""postalCode"":""08005"",""addressCountry"":""ES""},""geo"":{""@type"":""GeoCoordinates"",""latitude"":41.3906488,""longitude"":2.1984312},""hasMap"":""https://www.google.com/maps?cid=912877649802486634"",""areaServed"":[{""@type"":""City"",""name"":""Barcelona""},{""@type"":""Place"",""name"":""Vila Olímpica del Poblenou""},{""@type"":""Place"",""name"":""Port Olímpic""},{""@type"":""Place"",""name"":""Barceloneta Beach""}],""openingHoursSpecification"":[{""@type"":""OpeningHoursSpecification"",""dayOfWeek"":[""Monday"",""Tuesday"",""Wednesday"",""Thursday"",""Friday"",""Saturday"",""Sunday""],""opens"":""10:30"",""closes"":""13:30""},{""@type"":""OpeningHoursSpecification"",""dayOfWeek"":[""Monday"",""Tuesday"",""Wednesday"",""Thursday"",""Friday"",""Saturday"",""Sunday""],""opens"":""16:30"",""closes"":""20:00""}],""contactPoint"":[{""@type"":""ContactPoint"",""telephone"":""+34 640 559 468"",""contactType"":""apoio ao cliente"",""email"":""info@rentalscooterbarcelona.com"",""areaServed"":""ES"",""availableLanguage"":[""en"",""es"",""ca"",""fr"",""it"",""de"",""nl"",""pt"",""sv"",""pl""]},{""@type"":""ContactPoint"",""telephone"":""+34 640 559 468"",""contactType"":""reservas"",""email"":""info@rentalscooterbarcelona.com"",""areaServed"":""ES"",""availableLanguage"":[""en"",""es"",""ca"",""fr"",""it"",""de"",""nl"",""pt"",""sv"",""pl""]}],""sameAs"":[""https://www.facebook.com/rentalscooterbarcelona"",""https://www.instagram.com/rentalscooterbarcelona/"",""https://x.com/RSBscooterbarce"",""https://es.pinterest.com/rsbscooter/"",""https://www.tripadvisor.es/Attraction_Review-g187497-d7708978-Reviews-Rental_Scooter_Barcelona-Barcelona_Catalonia.html"",""https://www.google.com/maps?cid=912877649802486634"",""https://maps.apple.com/place?place-id=IA5C7938C1925731A&address=Carrer+de+Salvador+Espriu%2C+63%2C+08005+Barcelona%2C+Espa%C3%B1a&coordinate=41.3906488%2C2.1984312&name=Rental+Scooter&_provider=9902"",""https://www.bing.com/maps/search?style=r&q=RSB+Rental+Scooter+Barcelona%2C+Calle+de+Salvador+Espriu+63%2C+08005+Barcelona%2C+Catalu%C3%B1a%2C+Espa%C3%B1a&ss=id.local_ypid%3A%22YND84466019C726C1%22""],""brand"":{""@id"":""https://rentalscooterbarcelona.com/#organization""}}"
HOME,pt,"{""@type"":""LocalBusiness"",""@id"":""https://rentalscooterbarcelona.com/#business"",""sameAs"":[""https://www.google.com/maps?cid=912877649802486634"",""https://www.bing.com/maps/search?style=r&q=RSB+Rental+Scooter+Barcelona%2C+Calle+de+Salvador+Espriu+63%2C+08005+Barcelona%2C+Catalu%C3%B1a%2C+Espa%C3%B1a&ss=id.local_ypid%3A%22YND84466019C726C1%22""],""aggregateRating"":{""@type"":""AggregateRating"",""ratingValue"":""4.6"",""reviewCount"":226,""bestRating"":5,""worstRating"":1},""review"":[{""@id"":""https://rentalscooterbarcelona.com/pt/#google-review-1""},{""@id"":""https://rentalscooterbarcelona.com/pt/#google-review-2""},{""@id"":""https://rentalscooterbarcelona.com/pt/#google-review-3""}]}"
HOME,ca,"{""@type"":""LocalBusiness"",""@id"":""https://rentalscooterbarcelona.com/#business"",""name"":""RSB Rental Scooter Barcelona"",""alternateName"":""RSB"",""url"":""https://rentalscooterbarcelona.com/"",""description"":""Botiga local de lloguer a Vila Olímpica del Poblenou, Barcelona, especialitzada en scooters, patins en línia, bicicletes, patins de quatre rodes, skateboards i longboards, a prop de la Barceloneta i de Port Olímpic. Oferim lliurament gratuït del scooter a l’hotel per a lloguers de 3 dies o més, i pots deixar les teves pertinences a la nostra botiga supervisada durant el lloguer."",""image"":[""https://rentalscooterbarcelona.com/images/rsb-barcelona-rental-hero-group-beach-1600-v1.webp"",""https://rentalscooterbarcelona.com/images/rsb-rental-scooter-barcelona-shop-vila-olimpica.webp""],""logo"":""https://rentalscooterbarcelona.com/images/rsb-barcelona-rental-logo-2-140-v1.webp"",""telephone"":""+34 640 559 468"",""email"":""info@rentalscooterbarcelona.com"",""priceRange"":""€4–€115"",""paymentAccepted"":""Targeta de crèdit, targeta de dèbit, PayPal"",""currenciesAccepted"":""EUR"",""address"":{""@type"":""PostalAddress"",""streetAddress"":""Carrer de Salvador Espriu, 63"",""addressLocality"":""Barcelona"",""addressRegion"":""Catalonia"",""postalCode"":""08005"",""addressCountry"":""ES""},""geo"":{""@type"":""GeoCoordinates"",""latitude"":41.3906488,""longitude"":2.1984312},""hasMap"":""https://www.google.com/maps?cid=912877649802486634"",""areaServed"":[{""@type"":""City"",""name"":""Barcelona""},{""@type"":""Place"",""name"":""Vila Olímpica del Poblenou""},{""@type"":""Place"",""name"":""Port Olímpic""},{""@type"":""Place"",""name"":""Barceloneta Beach""}],""openingHoursSpecification"":[{""@type"":""OpeningHoursSpecification"",""dayOfWeek"":[""Monday"",""Tuesday"",""Wednesday"",""Thursday"",""Friday"",""Saturday"",""Sunday""],""opens"":""10:30"",""closes"":""13:30""},{""@type"":""OpeningHoursSpecification"",""dayOfWeek"":[""Monday"",""Tuesday"",""Wednesday"",""Thursday"",""Friday"",""Saturday"",""Sunday""],""opens"":""16:30"",""closes"":""20:00""}],""contactPoint"":[{""@type"":""ContactPoint"",""telephone"":""+34 640 559 468"",""contactType"":""atenció al client"",""email"":""info@rentalscooterbarcelona.com"",""areaServed"":""ES"",""availableLanguage"":[""en"",""es"",""ca"",""fr"",""it"",""de"",""nl"",""pt"",""sv"",""pl""]},{""@type"":""ContactPoint"",""telephone"":""+34 640 559 468"",""contactType"":""reserves"",""email"":""info@rentalscooterbarcelona.com"",""areaServed"":""ES"",""availableLanguage"":[""en"",""es"",""ca"",""fr"",""it"",""de"",""nl"",""pt"",""sv"",""pl""]}],""sameAs"":[""https://www.facebook.com/rentalscooterbarcelona"",""https://www.instagram.com/rentalscooterbarcelona/"",""https://x.com/RSBscooterbarce"",""https://es.pinterest.com/rsbscooter/"",""https://www.tripadvisor.es/Attraction_Review-g187497-d7708978-Reviews-Rental_Scooter_Barcelona-Barcelona_Catalonia.html"",""https://www.google.com/maps?cid=912877649802486634"",""https://maps.apple.com/place?place-id=IA5C7938C1925731A&address=Carrer+de+Salvador+Espriu%2C+63%2C+08005+Barcelona%2C+Espa%C3%B1a&coordinate=41.3906488%2C2.1984312&name=Rental+Scooter&_provider=9902"",""https://www.bing.com/maps/search?style=r&q=RSB+Rental+Scooter+Barcelona%2C+Calle+de+Salvador+Espriu+63%2C+08005+Barcelona%2C+Catalu%C3%B1a%2C+Espa%C3%B1a&ss=id.local_ypid%3A%22YND84466019C726C1%22""],""brand"":{""@id"":""https://rentalscooterbarcelona.com/#organization""}}"
HOME,ca,"{""@type"":""LocalBusiness"",""@id"":""https://rentalscooterbarcelona.com/#business"",""sameAs"":[""https://www.google.com/maps?cid=912877649802486634"",""https://www.bing.com/maps/search?style=r&q=RSB+Rental+Scooter+Barcelona%2C+Calle+de+Salvador+Espriu+63%2C+08005+Barcelona%2C+Catalu%C3%B1a%2C+Espa%C3%B1a&ss=id.local_ypid%3A%22YND84466019C726C1%22""],""aggregateRating"":{""@type"":""AggregateRating"",""ratingValue"":""4.6"",""reviewCount"":226,""bestRating"":5,""worstRating"":1},""review"":[{""@id"":""https://rentalscooterbarcelona.com/cat/#google-review-1""},{""@id"":""https://rentalscooterbarcelona.com/cat/#google-review-2""},{""@id"":""https://rentalscooterbarcelona.com/cat/#google-review-3""}]}"
HOME,sv,"{""@type"":""LocalBusiness"",""@id"":""https://rentalscooterbarcelona.com/#business"",""name"":""RSB Rental Scooter Barcelona"",""alternateName"":""RSB"",""url"":""https://rentalscooterbarcelona.com/"",""description"":""Lokal uthyrningsbutik i Vila Olímpica del Poblenou, Barcelona, specialiserad på scootrar, inlines, cyklar, rullskridskor, skateboards och longboards, nära Barceloneta och Port Olímpic. Vi erbjuder gratis scooterleverans till hotellet vid hyror på 3 dagar eller mer, och du kan lämna dina tillhörigheter i vår övervakade butik under hyrtiden."",""image"":[""https://rentalscooterbarcelona.com/images/rsb-barcelona-rental-hero-group-beach-1600-v1.webp"",""https://rentalscooterbarcelona.com/images/rsb-rental-scooter-barcelona-shop-vila-olimpica.webp""],""logo"":""https://rentalscooterbarcelona.com/images/rsb-barcelona-rental-logo-2-140-v1.webp"",""telephone"":""+34 640 559 468"",""email"":""info@rentalscooterbarcelona.com"",""priceRange"":""€4–€115"",""paymentAccepted"":""Kreditkort, betalkort, PayPal"",""currenciesAccepted"":""EUR"",""address"":{""@type"":""PostalAddress"",""streetAddress"":""Carrer de Salvador Espriu, 63"",""addressLocality"":""Barcelona"",""addressRegion"":""Catalonia"",""postalCode"":""08005"",""addressCountry"":""ES""},""geo"":{""@type"":""GeoCoordinates"",""latitude"":41.3906488,""longitude"":2.1984312},""hasMap"":""https://www.google.com/maps?cid=912877649802486634"",""areaServed"":[{""@type"":""City"",""name"":""Barcelona""},{""@type"":""Place"",""name"":""Vila Olímpica del Poblenou""},{""@type"":""Place"",""name"":""Port Olímpic""},{""@type"":""Place"",""name"":""Barceloneta-stranden""}],""openingHoursSpecification"":[{""@type"":""OpeningHoursSpecification"",""dayOfWeek"":[""Monday"",""Tuesday"",""Wednesday"",""Thursday"",""Friday"",""Saturday"",""Sunday""],""opens"":""10:30"",""closes"":""13:30""},{""@type"":""OpeningHoursSpecification"",""dayOfWeek"":[""Monday"",""Tuesday"",""Wednesday"",""Thursday"",""Friday"",""Saturday"",""Sunday""],""opens"":""16:30"",""closes"":""20:00""}],""contactPoint"":[{""@type"":""ContactPoint"",""telephone"":""+34 640 559 468"",""contactType"":""kundservice"",""email"":""info@rentalscooterbarcelona.com"",""areaServed"":""ES"",""availableLanguage"":[""en"",""es"",""ca"",""fr"",""it"",""de"",""nl"",""pt"",""sv"",""pl""]},{""@type"":""ContactPoint"",""telephone"":""+34 640 559 468"",""contactType"":""bokning"",""email"":""info@rentalscooterbarcelona.com"",""areaServed"":""ES"",""availableLanguage"":[""en"",""es"",""ca"",""fr"",""it"",""de"",""nl"",""pt"",""sv"",""pl""]}],""sameAs"":[""https://www.facebook.com/rentalscooterbarcelona"",""https://www.instagram.com/rentalscooterbarcelona/"",""https://x.com/RSBscooterbarce"",""https://es.pinterest.com/rsbscooter/"",""https://www.tripadvisor.es/Attraction_Review-g187497-d7708978-Reviews-Rental_Scooter_Barcelona-Barcelona_Catalonia.html"",""https://www.google.com/maps?cid=912877649802486634"",""https://maps.apple.com/place?place-id=IA5C7938C1925731A&address=Carrer+de+Salvador+Espriu%2C+63%2C+08005+Barcelona%2C+Espa%C3%B1a&coordinate=41.3906488%2C2.1984312&name=Rental+Scooter&_provider=9902"",""https://www.bing.com/maps/search?style=r&q=RSB+Rental+Scooter+Barcelona%2C+Calle+de+Salvador+Espriu+63%2C+08005+Barcelona%2C+Catalu%C3%B1a%2C+Espa%C3%B1a&ss=id.local_ypid%3A%22YND84466019C726C1%22""],""brand"":{""@id"":""https://rentalscooterbarcelona.com/#organization""}}"
HOME,sv,"{""@type"":""LocalBusiness"",""@id"":""https://rentalscooterbarcelona.com/#business"",""sameAs"":[""https://www.google.com/maps?cid=912877649802486634"",""https://www.bing.com/maps/search?style=r&q=RSB+Rental+Scooter+Barcelona%2C+Calle+de+Salvador+Espriu+63%2C+08005+Barcelona%2C+Catalu%C3%B1a%2C+Espa%C3%B1a&ss=id.local_ypid%3A%22YND84466019C726C1%22""],""aggregateRating"":{""@type"":""AggregateRating"",""ratingValue"":""4.6"",""reviewCount"":226,""bestRating"":5,""worstRating"":1},""review"":[{""@id"":""https://rentalscooterbarcelona.com/sv/#google-review-1""},{""@id"":""https://rentalscooterbarcelona.com/sv/#google-review-2""},{""@id"":""https://rentalscooterbarcelona.com/sv/#google-review-3""}]}"
HOME,pl,"{""@type"":""LocalBusiness"",""@id"":""https://rentalscooterbarcelona.com/#business"",""name"":""RSB Rental Scooter Barcelona"",""alternateName"":""RSB"",""url"":""https://rentalscooterbarcelona.com/"",""description"":""Lokalna wypożyczalnia w Vila Olímpica del Poblenou w Barcelonie, oferująca wynajem skuterów, rolek, rowerów, wrotek, deskorolek i longboardów w pobliżu Barceloneta i Port Olímpic."",""image"":[""https://rentalscooterbarcelona.com/images/rsb-rental-scooter-barcelona-shop-vila-olimpica.webp"",""https://rentalscooterbarcelona.com/images/rsb-barcelona-rental-shop-interior-inline-skates-bike-vila-olimpica-1200.webp""],""logo"":""https://rentalscooterbarcelona.com/images/rsb-barcelona-rental-logo-2-140-v1.webp"",""telephone"":""+34 640 559 468"",""email"":""info@rentalscooterbarcelona.com"",""priceRange"":""€4–€115"",""paymentAccepted"":""Karta kredytowa, karta debetowa, PayPal"",""currenciesAccepted"":""EUR"",""address"":{""@type"":""PostalAddress"",""streetAddress"":""Carrer de Salvador Espriu, 63"",""addressLocality"":""Barcelona"",""addressRegion"":""Catalonia"",""postalCode"":""08005"",""addressCountry"":""ES""},""geo"":{""@type"":""GeoCoordinates"",""latitude"":41.3906488,""longitude"":2.1984312},""hasMap"":""https://www.google.com/maps?cid=912877649802486634"",""areaServed"":[{""@type"":""City"",""name"":""Barcelona""},{""@type"":""Place"",""name"":""Vila Olímpica del Poblenou""},{""@type"":""Place"",""name"":""Port Olímpic""},{""@type"":""Place"",""name"":""plaża Barceloneta""}],""openingHoursSpecification"":[{""@type"":""OpeningHoursSpecification"",""dayOfWeek"":[""Monday"",""Tuesday"",""Wednesday"",""Thursday"",""Friday"",""Saturday"",""Sunday""],""opens"":""10:30"",""closes"":""13:30""},{""@type"":""OpeningHoursSpecification"",""dayOfWeek"":[""Monday"",""Tuesday"",""Wednesday"",""Thursday"",""Friday"",""Saturday"",""Sunday""],""opens"":""16:30"",""closes"":""20:00""}],""contactPoint"":[{""@type"":""ContactPoint"",""telephone"":""+34 640 559 468"",""email"":""info@rentalscooterbarcelona.com"",""contactType"":""obsługa klienta"",""areaServed"":""ES"",""availableLanguage"":[""en"",""es"",""ca"",""fr"",""it"",""de"",""nl"",""pt"",""sv"",""pl""]},{""@type"":""ContactPoint"",""telephone"":""+34 640 559 468"",""email"":""info@rentalscooterbarcelona.com"",""contactType"":""rezerwacja"",""areaServed"":""ES"",""availableLanguage"":[""en"",""es"",""ca"",""fr"",""it"",""de"",""nl"",""pt"",""sv"",""pl""]}],""sameAs"":[""https://www.facebook.com/rentalscooterbarcelona"",""https://www.instagram.com/rentalscooterbarcelona/"",""https://x.com/RSBscooterbarce"",""https://es.pinterest.com/rsbscooter/"",""https://www.tripadvisor.es/Attraction_Review-g187497-d7708978-Reviews-Rental_Scooter_Barcelona-Barcelona_Catalonia.html"",""https://www.google.com/maps?cid=912877649802486634"",""https://maps.apple.com/place?place-id=IA5C7938C1925731A&address=Carrer+de+Salvador+Espriu%2C+63%2C+08005+Barcelona%2C+Espa%C3%B1a&coordinate=41.3906488%2C2.1984312&name=Rental+Scooter&_provider=9902"",""https://www.bing.com/maps/search?style=r&q=RSB+Rental+Scooter+Barcelona%2C+Calle+de+Salvador+Espriu+63%2C+08005+Barcelona%2C+Catalu%C3%B1a%2C+Espa%C3%B1a&ss=id.local_ypid%3A%22YND84466019C726C1%22""],""brand"":{""@id"":""https://rentalscooterbarcelona.com/#organization""}}"
HOME,pl,"{""@type"":""LocalBusiness"",""@id"":""https://rentalscooterbarcelona.com/#business"",""sameAs"":[""https://www.google.com/maps?cid=912877649802486634"",""https://www.bing.com/maps/search?style=r&q=RSB+Rental+Scooter+Barcelona%2C+Calle+de+Salvador+Espriu+63%2C+08005+Barcelona%2C+Catalu%C3%B1a%2C+Espa%C3%B1a&ss=id.local_ypid%3A%22YND84466019C726C1%22""],""aggregateRating"":{""@type"":""AggregateRating"",""ratingValue"":""4.6"",""reviewCount"":226,""bestRating"":5,""worstRating"":1},""review"":[{""@id"":""https://rentalscooterbarcelona.com/pl/#google-review-1""},{""@id"":""https://rentalscooterbarcelona.com/pl/#google-review-2""},{""@id"":""https://rentalscooterbarcelona.com/pl/#google-review-3""}]}"
PRICES,en,"{""@type"":""LocalBusiness"",""@id"":""https://rentalscooterbarcelona.com/#business"",""name"":""RSB Rental Scooter Barcelona"",""alternateName"":""RSB"",""url"":""https://rentalscooterbarcelona.com/"",""description"":""Local rental shop in Vila Olímpica del Poblenou, Barcelona, offering scooter, inline skate, bike, roller skates, skateboard and longboard rentals near Barceloneta and Port Olímpic."",""image"":[""https://rentalscooterbarcelona.com/images/rsb-rental-scooter-barcelona-shop-vila-olimpica.webp"",""https://rentalscooterbarcelona.com/images/rsb-barcelona-rental-shop-interior-inline-skates-bike-vila-olimpica-1200.webp""],""logo"":""https://rentalscooterbarcelona.com/images/rsb-barcelona-rental-logo-2-140-v1.webp"",""telephone"":""+34 640 559 468"",""email"":""info@rentalscooterbarcelona.com"",""priceRange"":""€4–€115"",""paymentAccepted"":""Credit Card, Debit Card, PayPal"",""currenciesAccepted"":""EUR"",""address"":{""@type"":""PostalAddress"",""streetAddress"":""Carrer de Salvador Espriu, 63"",""addressLocality"":""Barcelona"",""addressRegion"":""Catalonia"",""postalCode"":""08005"",""addressCountry"":""ES""},""geo"":{""@type"":""GeoCoordinates"",""latitude"":41.3906488,""longitude"":2.1984312},""hasMap"":""https://www.google.com/maps?cid=912877649802486634"",""areaServed"":[{""@type"":""City"",""name"":""Barcelona""},{""@type"":""Place"",""name"":""Vila Olímpica del Poblenou""},{""@type"":""Place"",""name"":""Port Olímpic""},{""@type"":""Place"",""name"":""Barceloneta Beach""}],""openingHoursSpecification"":[{""@type"":""OpeningHoursSpecification"",""dayOfWeek"":[""Monday"",""Tuesday"",""Wednesday"",""Thursday"",""Friday"",""Saturday"",""Sunday""],""opens"":""10:30"",""closes"":""13:30""},{""@type"":""OpeningHoursSpecification"",""dayOfWeek"":[""Monday"",""Tuesday"",""Wednesday"",""Thursday"",""Friday"",""Saturday"",""Sunday""],""opens"":""16:30"",""closes"":""20:00""}],""contactPoint"":[{""@type"":""ContactPoint"",""telephone"":""+34 640 559 468"",""email"":""info@rentalscooterbarcelona.com"",""contactType"":""customer service"",""areaServed"":""ES"",""availableLanguage"":[""en"",""es"",""ca"",""fr"",""it"",""de"",""nl"",""pt"",""sv"",""pl""]},{""@type"":""ContactPoint"",""telephone"":""+34 640 559 468"",""email"":""info@rentalscooterbarcelona.com"",""contactType"":""booking"",""areaServed"":""ES"",""availableLanguage"":[""en"",""es"",""ca"",""fr"",""it"",""de"",""nl"",""pt"",""sv"",""pl""]}],""sameAs"":[""https://www.facebook.com/rentalscooterbarcelona"",""https://www.instagram.com/rentalscooterbarcelona/"",""https://x.com/RSBscooterbarce"",""https://es.pinterest.com/rsbscooter/"",""https://www.tripadvisor.es/Attraction_Review-g187497-d7708978-Reviews-Rental_Scooter_Barcelona-Barcelona_Catalonia.html"",""https://www.google.com/maps?cid=912877649802486634"",""https://maps.apple.com/place?place-id=IA5C7938C1925731A&address=Carrer+de+Salvador+Espriu%2C+63%2C+08005+Barcelona%2C+Espa%C3%B1a&coordinate=41.3906488%2C2.1984312&name=Rental+Scooter&_provider=9902"",""https://www.bing.com/maps/search?style=r&q=RSB+Rental+Scooter+Barcelona%2C+Calle+de+Salvador+Espriu+63%2C+08005+Barcelona%2C+Catalu%C3%B1a%2C+Espa%C3%B1a&ss=id.local_ypid%3A%22YND84466019C726C1%22""],""brand"":{""@id"":""https://rentalscooterbarcelona.com/#organization""},""makesOffer"":[{""@id"":""https://rentalscooterbarcelona.com/Prices/#offer-scooter-full-day""},{""@id"":""https://rentalscooterbarcelona.com/Prices/#offer-inline-skates-1-hour""},{""@id"":""https://rentalscooterbarcelona.com/Prices/#offer-bike-1-hour""},{""@id"":""https://rentalscooterbarcelona.com/Prices/#offer-roller-skates-1-hour""},{""@id"":""https://rentalscooterbarcelona.com/Prices/#offer-skateboard-1-hour""},{""@id"":""https://rentalscooterbarcelona.com/Prices/#offer-longboard-1-hour""}]}"
PRICES,en,"{""@type"":""LocalBusiness"",""@id"":""https://rentalscooterbarcelona.com/#business"",""sameAs"":[""https://www.google.com/maps?cid=912877649802486634"",""https://www.bing.com/maps/search?style=r&q=RSB+Rental+Scooter+Barcelona%2C+Calle+de+Salvador+Espriu+63%2C+08005+Barcelona%2C+Catalu%C3%B1a%2C+Espa%C3%B1a&ss=id.local_ypid%3A%22YND84466019C726C1%22""],""aggregateRating"":{""@type"":""AggregateRating"",""ratingValue"":""4.6"",""reviewCount"":226,""bestRating"":5,""worstRating"":1},""review"":[{""@id"":""https://rentalscooterbarcelona.com/Prices/#google-review-1""},{""@id"":""https://rentalscooterbarcelona.com/Prices/#google-review-2""},{""@id"":""https://rentalscooterbarcelona.com/Prices/#google-review-3""}]}"
PRICES,es,"{""@type"":""LocalBusiness"",""@id"":""https://rentalscooterbarcelona.com/#business"",""name"":""RSB Rental Scooter Barcelona"",""url"":""https://rentalscooterbarcelona.com/"",""telephone"":""+34 640 559 468"",""image"":[""https://rentalscooterbarcelona.com/images/rsb-rental-scooter-barcelona-shop-vila-olimpica.webp"",""https://rentalscooterbarcelona.com/images/rsb-barcelona-rental-shop-interior-inline-skates-bike-vila-olimpica-1200.webp""],""logo"":""https://rentalscooterbarcelona.com/images/rsb-barcelona-rental-logo-2-140-v1.webp"",""address"":{""@type"":""PostalAddress"",""streetAddress"":""Carrer de Salvador Espriu, 63"",""postalCode"":""08005"",""addressLocality"":""Barcelona"",""addressRegion"":""Catalonia"",""addressCountry"":""ES""},""hasMap"":""https://www.google.com/maps?cid=912877649802486634"",""sameAs"":[""https://www.facebook.com/rentalscooterbarcelona"",""https://www.instagram.com/rentalscooterbarcelona/"",""https://x.com/RSBscooterbarce"",""https://es.pinterest.com/rsbscooter/"",""https://www.tripadvisor.es/Attraction_Review-g187497-d7708978-Reviews-Rental_Scooter_Barcelona-Barcelona_Catalonia.html"",""https://www.google.com/maps?cid=912877649802486634"",""https://maps.apple.com/place?place-id=IA5C7938C1925731A&address=Carrer+de+Salvador+Espriu%2C+63%2C+08005+Barcelona%2C+Espa%C3%B1a&coordinate=41.3906488%2C2.1984312&name=Rental+Scooter&_provider=9902"",""https://www.bing.com/maps/search?style=r&q=RSB+Rental+Scooter+Barcelona%2C+Calle+de+Salvador+Espriu+63%2C+08005+Barcelona%2C+Catalu%C3%B1a%2C+Espa%C3%B1a&ss=id.local_ypid%3A%22YND84466019C726C1%22""],""areaServed"":[{""@type"":""City"",""name"":""Barcelona""},{""@type"":""Place"",""name"":""Vila Olímpica del Poblenou""},{""@type"":""Place"",""name"":""Port Olímpic""},{""@type"":""Place"",""name"":""Barceloneta Beach""}],""priceRange"":""€4–€115"",""geo"":{""@type"":""GeoCoordinates"",""latitude"":41.3906488,""longitude"":2.1984312},""openingHoursSpecification"":[{""@type"":""OpeningHoursSpecification"",""dayOfWeek"":[""Monday"",""Tuesday"",""Wednesday"",""Thursday"",""Friday"",""Saturday"",""Sunday""],""opens"":""10:30"",""closes"":""13:30""},{""@type"":""OpeningHoursSpecification"",""dayOfWeek"":[""Monday"",""Tuesday"",""Wednesday"",""Thursday"",""Friday"",""Saturday"",""Sunday""],""opens"":""16:30"",""closes"":""20:00""}],""email"":""info@rentalscooterbarcelona.com"",""contactPoint"":[{""@type"":""ContactPoint"",""telephone"":""+34 640 559 468"",""email"":""info@rentalscooterbarcelona.com"",""contactType"":""customer service"",""areaServed"":""ES"",""availableLanguage"":[""en"",""es"",""ca"",""fr"",""it"",""de"",""nl"",""pt"",""sv"",""pl""]},{""@type"":""ContactPoint"",""telephone"":""+34 640 559 468"",""email"":""info@rentalscooterbarcelona.com"",""contactType"":""booking"",""areaServed"":""ES"",""availableLanguage"":[""en"",""es"",""ca"",""fr"",""it"",""de"",""nl"",""pt"",""sv"",""pl""]}],""alternateName"":""RSB"",""description"":""Tienda local de alquiler en Vila Olímpica del Poblenou, Barcelona, con alquiler de scooter, patines en línea, bicicletas, patines de 4 ruedas, skateboard y longboard cerca de la Barceloneta y Port Olímpic."",""currenciesAccepted"":""EUR"",""paymentAccepted"":""Tarjeta de crédito, tarjeta de débito, PayPal"",""brand"":{""@id"":""https://rentalscooterbarcelona.com/#organization""},""makesOffer"":[{""@id"":""https://rentalscooterbarcelona.com/es/Prices/#offer-scooter-full-day""},{""@id"":""https://rentalscooterbarcelona.com/es/Prices/#offer-inline-skates-1-hour""},{""@id"":""https://rentalscooterbarcelona.com/es/Prices/#offer-bike-1-hour""},{""@id"":""https://rentalscooterbarcelona.com/es/Prices/#offer-roller-skates-1-hour""},{""@id"":""https://rentalscooterbarcelona.com/es/Prices/#offer-skateboard-1-hour""},{""@id"":""https://rentalscooterbarcelona.com/es/Prices/#offer-longboard-1-hour""}]}"
PRICES,es,"{""@type"":""LocalBusiness"",""@id"":""https://rentalscooterbarcelona.com/#business"",""sameAs"":[""https://www.google.com/maps?cid=912877649802486634"",""https://www.bing.com/maps/search?style=r&q=RSB+Rental+Scooter+Barcelona%2C+Calle+de+Salvador+Espriu+63%2C+08005+Barcelona%2C+Catalu%C3%B1a%2C+Espa%C3%B1a&ss=id.local_ypid%3A%22YND84466019C726C1%22""],""aggregateRating"":{""@type"":""AggregateRating"",""ratingValue"":""4.6"",""reviewCount"":226,""bestRating"":5,""worstRating"":1},""review"":[{""@id"":""https://rentalscooterbarcelona.com/es/Prices/#google-review-1""},{""@id"":""https://rentalscooterbarcelona.com/es/Prices/#google-review-2""},{""@id"":""https://rentalscooterbarcelona.com/es/Prices/#google-review-3""}]}"
PRICES,fr,"{""@type"":""LocalBusiness"",""@id"":""https://rentalscooterbarcelona.com/#business"",""name"":""RSB Rental Scooter Barcelona"",""url"":""https://rentalscooterbarcelona.com/"",""telephone"":""+34 640 559 468"",""image"":[""https://rentalscooterbarcelona.com/images/rsb-rental-scooter-barcelona-shop-vila-olimpica.webp"",""https://rentalscooterbarcelona.com/images/rsb-barcelona-rental-shop-interior-inline-skates-bike-vila-olimpica-1200.webp""],""logo"":""https://rentalscooterbarcelona.com/images/rsb-barcelona-rental-logo-2-140-v1.webp"",""address"":{""@type"":""PostalAddress"",""streetAddress"":""Carrer de Salvador Espriu, 63"",""postalCode"":""08005"",""addressLocality"":""Barcelona"",""addressRegion"":""Catalonia"",""addressCountry"":""ES""},""hasMap"":""https://www.google.com/maps?cid=912877649802486634"",""sameAs"":[""https://www.facebook.com/rentalscooterbarcelona"",""https://www.instagram.com/rentalscooterbarcelona/"",""https://x.com/RSBscooterbarce"",""https://es.pinterest.com/rsbscooter/"",""https://www.tripadvisor.es/Attraction_Review-g187497-d7708978-Reviews-Rental_Scooter_Barcelona-Barcelona_Catalonia.html"",""https://www.google.com/maps?cid=912877649802486634"",""https://maps.apple.com/place?place-id=IA5C7938C1925731A&address=Carrer+de+Salvador+Espriu%2C+63%2C+08005+Barcelona%2C+Espa%C3%B1a&coordinate=41.3906488%2C2.1984312&name=Rental+Scooter&_provider=9902"",""https://www.bing.com/maps/search?style=r&q=RSB+Rental+Scooter+Barcelona%2C+Calle+de+Salvador+Espriu+63%2C+08005+Barcelona%2C+Catalu%C3%B1a%2C+Espa%C3%B1a&ss=id.local_ypid%3A%22YND84466019C726C1%22""],""areaServed"":[{""@type"":""City"",""name"":""Barcelona""},{""@type"":""Place"",""name"":""Vila Olímpica del Poblenou""},{""@type"":""Place"",""name"":""Port Olímpic""},{""@type"":""Place"",""name"":""Barceloneta Beach""}],""priceRange"":""€4–€115"",""geo"":{""@type"":""GeoCoordinates"",""latitude"":41.3906488,""longitude"":2.1984312},""openingHoursSpecification"":[{""@type"":""OpeningHoursSpecification"",""dayOfWeek"":[""Monday"",""Tuesday"",""Wednesday"",""Thursday"",""Friday"",""Saturday"",""Sunday""],""opens"":""10:30"",""closes"":""13:30""},{""@type"":""OpeningHoursSpecification"",""dayOfWeek"":[""Monday"",""Tuesday"",""Wednesday"",""Thursday"",""Friday"",""Saturday"",""Sunday""],""opens"":""16:30"",""closes"":""20:00""}],""email"":""info@rentalscooterbarcelona.com"",""contactPoint"":[{""@type"":""ContactPoint"",""telephone"":""+34 640 559 468"",""email"":""info@rentalscooterbarcelona.com"",""contactType"":""customer service"",""areaServed"":""ES"",""availableLanguage"":[""en"",""es"",""ca"",""fr"",""it"",""de"",""nl"",""pt"",""sv"",""pl""]},{""@type"":""ContactPoint"",""telephone"":""+34 640 559 468"",""email"":""info@rentalscooterbarcelona.com"",""contactType"":""booking"",""areaServed"":""ES"",""availableLanguage"":[""en"",""es"",""ca"",""fr"",""it"",""de"",""nl"",""pt"",""sv"",""pl""]}],""alternateName"":""RSB"",""description"":""Boutique locale de location à Vila Olímpica del Poblenou, Barcelone, spécialisée dans les scooters, rollers en ligne, vélos, rollers classiques, skateboard et longboard, près de la Barceloneta et de Port Olímpic. Livraison gratuite de scooter à l’hôtel pour les locations de 3 jours ou plus, et vous pouvez laisser vos affaires dans notre boutique surveillée pendant la location."",""currenciesAccepted"":""EUR"",""paymentAccepted"":""Paiements par carte acceptés. PayPal disponible pour les paiements en ligne."",""brand"":{""@id"":""https://rentalscooterbarcelona.com/#organization""},""makesOffer"":[{""@id"":""https://rentalscooterbarcelona.com/fr/Prices/#offer-scooter-full-day""},{""@id"":""https://rentalscooterbarcelona.com/fr/Prices/#offer-inline-skates-1-hour""},{""@id"":""https://rentalscooterbarcelona.com/fr/Prices/#offer-bike-1-hour""},{""@id"":""https://rentalscooterbarcelona.com/fr/Prices/#offer-roller-skates-1-hour""},{""@id"":""https://rentalscooterbarcelona.com/fr/Prices/#offer-skateboard-1-hour""},{""@id"":""https://rentalscooterbarcelona.com/fr/Prices/#offer-longboard-1-hour""}]}"
PRICES,fr,"{""@type"":""LocalBusiness"",""@id"":""https://rentalscooterbarcelona.com/#business"",""sameAs"":[""https://www.google.com/maps?cid=912877649802486634"",""https://www.bing.com/maps/search?style=r&q=RSB+Rental+Scooter+Barcelona%2C+Calle+de+Salvador+Espriu+63%2C+08005+Barcelona%2C+Catalu%C3%B1a%2C+Espa%C3%B1a&ss=id.local_ypid%3A%22YND84466019C726C1%22""],""aggregateRating"":{""@type"":""AggregateRating"",""ratingValue"":""4.6"",""reviewCount"":226,""bestRating"":5,""worstRating"":1},""review"":[{""@id"":""https://rentalscooterbarcelona.com/fr/Prices/#google-review-1""},{""@id"":""https://rentalscooterbarcelona.com/fr/Prices/#google-review-2""},{""@id"":""https://rentalscooterbarcelona.com/fr/Prices/#google-review-3""}]}"
PRICES,it,"{""@type"":""LocalBusiness"",""@id"":""https://rentalscooterbarcelona.com/#business"",""name"":""RSB Rental Scooter Barcelona"",""url"":""https://rentalscooterbarcelona.com/"",""telephone"":""+34 640 559 468"",""image"":[""https://rentalscooterbarcelona.com/images/rsb-rental-scooter-barcelona-shop-vila-olimpica.webp"",""https://rentalscooterbarcelona.com/images/rsb-barcelona-rental-shop-interior-inline-skates-bike-vila-olimpica-1200.webp""],""logo"":""https://rentalscooterbarcelona.com/images/rsb-barcelona-rental-logo-2-140-v1.webp"",""address"":{""@type"":""PostalAddress"",""streetAddress"":""Carrer de Salvador Espriu, 63"",""postalCode"":""08005"",""addressLocality"":""Barcelona"",""addressRegion"":""Catalonia"",""addressCountry"":""ES""},""hasMap"":""https://www.google.com/maps?cid=912877649802486634"",""sameAs"":[""https://www.facebook.com/rentalscooterbarcelona"",""https://www.instagram.com/rentalscooterbarcelona/"",""https://x.com/RSBscooterbarce"",""https://es.pinterest.com/rsbscooter/"",""https://www.tripadvisor.es/Attraction_Review-g187497-d7708978-Reviews-Rental_Scooter_Barcelona-Barcelona_Catalonia.html"",""https://www.google.com/maps?cid=912877649802486634"",""https://maps.apple.com/place?place-id=IA5C7938C1925731A&address=Carrer+de+Salvador+Espriu%2C+63%2C+08005+Barcelona%2C+Espa%C3%B1a&coordinate=41.3906488%2C2.1984312&name=Rental+Scooter&_provider=9902"",""https://www.bing.com/maps/search?style=r&q=RSB+Rental+Scooter+Barcelona%2C+Calle+de+Salvador+Espriu+63%2C+08005+Barcelona%2C+Catalu%C3%B1a%2C+Espa%C3%B1a&ss=id.local_ypid%3A%22YND84466019C726C1%22""],""areaServed"":[{""@type"":""City"",""name"":""Barcelona""},{""@type"":""Place"",""name"":""Vila Olímpica del Poblenou""},{""@type"":""Place"",""name"":""Port Olímpic""},{""@type"":""Place"",""name"":""Barceloneta Beach""}],""priceRange"":""€4–€115"",""geo"":{""@type"":""GeoCoordinates"",""latitude"":41.3906488,""longitude"":2.1984312},""openingHoursSpecification"":[{""@type"":""OpeningHoursSpecification"",""dayOfWeek"":[""Monday"",""Tuesday"",""Wednesday"",""Thursday"",""Friday"",""Saturday"",""Sunday""],""opens"":""10:30"",""closes"":""13:30""},{""@type"":""OpeningHoursSpecification"",""dayOfWeek"":[""Monday"",""Tuesday"",""Wednesday"",""Thursday"",""Friday"",""Saturday"",""Sunday""],""opens"":""16:30"",""closes"":""20:00""}],""email"":""info@rentalscooterbarcelona.com"",""contactPoint"":[{""@type"":""ContactPoint"",""telephone"":""+34 640 559 468"",""email"":""info@rentalscooterbarcelona.com"",""contactType"":""customer service"",""areaServed"":""ES"",""availableLanguage"":[""en"",""es"",""ca"",""fr"",""it"",""de"",""nl"",""pt"",""sv"",""pl""]},{""@type"":""ContactPoint"",""telephone"":""+34 640 559 468"",""email"":""info@rentalscooterbarcelona.com"",""contactType"":""booking"",""areaServed"":""ES"",""availableLanguage"":[""en"",""es"",""ca"",""fr"",""it"",""de"",""nl"",""pt"",""sv"",""pl""]}],""alternateName"":""RSB"",""description"":""Negozio locale di noleggio a Vila Olímpica del Poblenou, Barcellona, specializzato in scooter, pattini in linea, biciclette, pattini a rotelle, skateboard e longboard, vicino alla Barceloneta e a Port Olímpic. Consegna gratuita dello scooter in hotel per noleggi di 3 giorni o più e possibilità di lasciare i tuoi effetti personali nel nostro negozio sorvegliato durante il noleggio."",""currenciesAccepted"":""EUR"",""paymentAccepted"":""Pagamenti con carta accettati. PayPal disponibile per i pagamenti online."",""brand"":{""@id"":""https://rentalscooterbarcelona.com/#organization""},""makesOffer"":[{""@id"":""https://rentalscooterbarcelona.com/it/Prices/#offer-scooter-full-day""},{""@id"":""https://rentalscooterbarcelona.com/it/Prices/#offer-inline-skates-1-hour""},{""@id"":""https://rentalscooterbarcelona.com/it/Prices/#offer-bike-1-hour""},{""@id"":""https://rentalscooterbarcelona.com/it/Prices/#offer-roller-skates-1-hour""},{""@id"":""https://rentalscooterbarcelona.com/it/Prices/#offer-skateboard-1-hour""},{""@id"":""https://rentalscooterbarcelona.com/it/Prices/#offer-longboard-1-hour""}]}"
PRICES,it,"{""@type"":""LocalBusiness"",""@id"":""https://rentalscooterbarcelona.com/#business"",""sameAs"":[""https://www.google.com/maps?cid=912877649802486634"",""https://www.bing.com/maps/search?style=r&q=RSB+Rental+Scooter+Barcelona%2C+Calle+de+Salvador+Espriu+63%2C+08005+Barcelona%2C+Catalu%C3%B1a%2C+Espa%C3%B1a&ss=id.local_ypid%3A%22YND84466019C726C1%22""],""aggregateRating"":{""@type"":""AggregateRating"",""ratingValue"":""4.6"",""reviewCount"":226,""bestRating"":5,""worstRating"":1},""review"":[{""@id"":""https://rentalscooterbarcelona.com/it/Prices/#google-review-1""},{""@id"":""https://rentalscooterbarcelona.com/it/Prices/#google-review-2""},{""@id"":""https://rentalscooterbarcelona.com/it/Prices/#google-review-3""}]}"
PRICES,de,"{""@type"":""LocalBusiness"",""@id"":""https://rentalscooterbarcelona.com/#business"",""name"":""RSB Rental Scooter Barcelona"",""url"":""https://rentalscooterbarcelona.com/"",""telephone"":""+34 640 559 468"",""image"":[""https://rentalscooterbarcelona.com/images/rsb-barcelona-rental-hero-group-beach-1600-v1.webp"",""https://rentalscooterbarcelona.com/images/rsb-rental-scooter-barcelona-shop-vila-olimpica.webp"",""https://rentalscooterbarcelona.com/images/rsb-barcelona-rental-shop-interior-inline-skates-bike-vila-olimpica-1200.webp""],""logo"":""https://rentalscooterbarcelona.com/images/rsb-barcelona-rental-logo-2-140-v1.webp"",""address"":{""@type"":""PostalAddress"",""streetAddress"":""Carrer de Salvador Espriu, 63"",""postalCode"":""08005"",""addressLocality"":""Barcelona"",""addressRegion"":""Catalonia"",""addressCountry"":""ES""},""hasMap"":""https://www.google.com/maps?cid=912877649802486634"",""sameAs"":[""https://www.facebook.com/rentalscooterbarcelona"",""https://www.instagram.com/rentalscooterbarcelona/"",""https://x.com/RSBscooterbarce"",""https://es.pinterest.com/rsbscooter/"",""https://www.tripadvisor.es/Attraction_Review-g187497-d7708978-Reviews-Rental_Scooter_Barcelona-Barcelona_Catalonia.html"",""https://www.google.com/maps?cid=912877649802486634"",""https://maps.apple.com/place?place-id=IA5C7938C1925731A&address=Carrer+de+Salvador+Espriu%2C+63%2C+08005+Barcelona%2C+Espa%C3%B1a&coordinate=41.3906488%2C2.1984312&name=Rental+Scooter&_provider=9902"",""https://www.bing.com/maps/search?style=r&q=RSB+Rental+Scooter+Barcelona%2C+Calle+de+Salvador+Espriu+63%2C+08005+Barcelona%2C+Catalu%C3%B1a%2C+Espa%C3%B1a&ss=id.local_ypid%3A%22YND84466019C726C1%22""],""areaServed"":[{""@type"":""City"",""name"":""Barcelona""},{""@type"":""Place"",""name"":""Vila Olímpica del Poblenou""},{""@type"":""Place"",""name"":""Port Olímpic""},{""@type"":""Place"",""name"":""Strand von Barceloneta""}],""priceRange"":""€4–€115"",""geo"":{""@type"":""GeoCoordinates"",""latitude"":41.3906488,""longitude"":2.1984312},""openingHoursSpecification"":[{""@type"":""OpeningHoursSpecification"",""dayOfWeek"":[""Monday"",""Tuesday"",""Wednesday"",""Thursday"",""Friday"",""Saturday"",""Sunday""],""opens"":""10:30"",""closes"":""13:30""},{""@type"":""OpeningHoursSpecification"",""dayOfWeek"":[""Monday"",""Tuesday"",""Wednesday"",""Thursday"",""Friday"",""Saturday"",""Sunday""],""opens"":""16:30"",""closes"":""20:00""}],""email"":""info@rentalscooterbarcelona.com"",""contactPoint"":[{""@type"":""ContactPoint"",""telephone"":""+34 640 559 468"",""email"":""info@rentalscooterbarcelona.com"",""contactType"":""customer service"",""areaServed"":""ES"",""availableLanguage"":[""en"",""es"",""ca"",""fr"",""it"",""de"",""nl"",""pt"",""sv"",""pl""]},{""@type"":""ContactPoint"",""telephone"":""+34 640 559 468"",""email"":""info@rentalscooterbarcelona.com"",""contactType"":""booking"",""areaServed"":""ES"",""availableLanguage"":[""en"",""es"",""ca"",""fr"",""it"",""de"",""nl"",""pt"",""sv"",""pl""]}],""alternateName"":""RSB"",""description"":""Lokaler Verleihshop in Vila Olímpica del Poblenou, Barcelona, spezialisiert auf Scooter, Inlineskates, Fahrräder, Rollschuhe, Skateboards und Longboards, direkt gegenüber dem Strand und neben dem Port Olímpic. Kostenlose Hotellieferung für Scooter ab 3 Tagen und sichere Aufbewahrung deiner Sachen in unserem betreuten Shop während der Miete."",""currenciesAccepted"":""EUR"",""paymentAccepted"":""Kartenzahlung akzeptiert. PayPal für Online-Zahlungen verfügbar."",""brand"":{""@id"":""https://rentalscooterbarcelona.com/#organization""},""makesOffer"":[{""@id"":""https://rentalscooterbarcelona.com/de/Prices/#offer-scooter-full-day""},{""@id"":""https://rentalscooterbarcelona.com/de/Prices/#offer-inline-skates-1-hour""},{""@id"":""https://rentalscooterbarcelona.com/de/Prices/#offer-bike-1-hour""},{""@id"":""https://rentalscooterbarcelona.com/de/Prices/#offer-roller-skates-1-hour""},{""@id"":""https://rentalscooterbarcelona.com/de/Prices/#offer-skateboard-1-hour""},{""@id"":""https://rentalscooterbarcelona.com/de/Prices/#offer-longboard-1-hour""}]}"
PRICES,de,"{""@type"":""LocalBusiness"",""@id"":""https://rentalscooterbarcelona.com/#business"",""sameAs"":[""https://www.google.com/maps?cid=912877649802486634"",""https://www.bing.com/maps/search?style=r&q=RSB+Rental+Scooter+Barcelona%2C+Calle+de+Salvador+Espriu+63%2C+08005+Barcelona%2C+Catalu%C3%B1a%2C+Espa%C3%B1a&ss=id.local_ypid%3A%22YND84466019C726C1%22""],""aggregateRating"":{""@type"":""AggregateRating"",""ratingValue"":""4.6"",""reviewCount"":226,""bestRating"":5,""worstRating"":1},""review"":[{""@id"":""https://rentalscooterbarcelona.com/de/Prices/#google-review-1""},{""@id"":""https://rentalscooterbarcelona.com/de/Prices/#google-review-2""},{""@id"":""https://rentalscooterbarcelona.com/de/Prices/#google-review-3""}]}"
PRICES,nl,"{""@type"":""LocalBusiness"",""@id"":""https://rentalscooterbarcelona.com/#business"",""name"":""RSB Rental Scooter Barcelona"",""url"":""https://rentalscooterbarcelona.com/"",""telephone"":""+34 640 559 468"",""image"":[""https://rentalscooterbarcelona.com/images/rsb-rental-scooter-barcelona-shop-vila-olimpica.webp"",""https://rentalscooterbarcelona.com/images/rsb-barcelona-rental-shop-interior-inline-skates-bike-vila-olimpica-1200.webp""],""logo"":""https://rentalscooterbarcelona.com/images/rsb-barcelona-rental-logo-2-140-v1.webp"",""address"":{""@type"":""PostalAddress"",""streetAddress"":""Carrer de Salvador Espriu, 63"",""postalCode"":""08005"",""addressLocality"":""Barcelona"",""addressRegion"":""Catalonia"",""addressCountry"":""ES""},""hasMap"":""https://www.google.com/maps?cid=912877649802486634"",""sameAs"":[""https://www.facebook.com/rentalscooterbarcelona"",""https://www.instagram.com/rentalscooterbarcelona/"",""https://x.com/RSBscooterbarce"",""https://es.pinterest.com/rsbscooter/"",""https://www.tripadvisor.es/Attraction_Review-g187497-d7708978-Reviews-Rental_Scooter_Barcelona-Barcelona_Catalonia.html"",""https://www.google.com/maps?cid=912877649802486634"",""https://maps.apple.com/place?place-id=IA5C7938C1925731A&address=Carrer+de+Salvador+Espriu%2C+63%2C+08005+Barcelona%2C+Espa%C3%B1a&coordinate=41.3906488%2C2.1984312&name=Rental+Scooter&_provider=9902"",""https://www.bing.com/maps/search?style=r&q=RSB+Rental+Scooter+Barcelona%2C+Calle+de+Salvador+Espriu+63%2C+08005+Barcelona%2C+Catalu%C3%B1a%2C+Espa%C3%B1a&ss=id.local_ypid%3A%22YND84466019C726C1%22""],""areaServed"":[{""@type"":""City"",""name"":""Barcelona""},{""@type"":""Place"",""name"":""Vila Olímpica del Poblenou""},{""@type"":""Place"",""name"":""Port Olímpic""},{""@type"":""Place"",""name"":""Barceloneta Beach""}],""priceRange"":""€4–€115"",""geo"":{""@type"":""GeoCoordinates"",""latitude"":41.3906488,""longitude"":2.1984312},""openingHoursSpecification"":[{""@type"":""OpeningHoursSpecification"",""dayOfWeek"":[""Monday"",""Tuesday"",""Wednesday"",""Thursday"",""Friday"",""Saturday"",""Sunday""],""opens"":""10:30"",""closes"":""13:30""},{""@type"":""OpeningHoursSpecification"",""dayOfWeek"":[""Monday"",""Tuesday"",""Wednesday"",""Thursday"",""Friday"",""Saturday"",""Sunday""],""opens"":""16:30"",""closes"":""20:00""}],""email"":""info@rentalscooterbarcelona.com"",""contactPoint"":[{""@type"":""ContactPoint"",""telephone"":""+34 640 559 468"",""email"":""info@rentalscooterbarcelona.com"",""contactType"":""customer service"",""areaServed"":""ES"",""availableLanguage"":[""en"",""es"",""ca"",""fr"",""it"",""de"",""nl"",""pt"",""sv"",""pl""]},{""@type"":""ContactPoint"",""telephone"":""+34 640 559 468"",""email"":""info@rentalscooterbarcelona.com"",""contactType"":""booking"",""areaServed"":""ES"",""availableLanguage"":[""en"",""es"",""ca"",""fr"",""it"",""de"",""nl"",""pt"",""sv"",""pl""]}],""alternateName"":""RSB"",""description"":""Lokale verhuurwinkel in Vila Olímpica del Poblenou, Barcelona, gespecialiseerd in scooters, inline skates, fietsen, rolschaatsen, skateboards en longboards, vlak bij Barceloneta en Port Olímpic. Gratis scooterbezorging bij het hotel vanaf 3 dagen huur en je kunt je spullen tijdens de huur in onze bewaakte winkel achterlaten."",""currenciesAccepted"":""EUR"",""paymentAccepted"":""Kaartbetalingen geaccepteerd. PayPal beschikbaar voor online betalingen."",""brand"":{""@id"":""https://rentalscooterbarcelona.com/#organization""},""makesOffer"":[{""@id"":""https://rentalscooterbarcelona.com/nl/Prices/#offer-scooter-full-day""},{""@id"":""https://rentalscooterbarcelona.com/nl/Prices/#offer-inline-skates-1-hour""},{""@id"":""https://rentalscooterbarcelona.com/nl/Prices/#offer-bike-1-hour""},{""@id"":""https://rentalscooterbarcelona.com/nl/Prices/#offer-roller-skates-1-hour""},{""@id"":""https://rentalscooterbarcelona.com/nl/Prices/#offer-skateboard-1-hour""},{""@id"":""https://rentalscooterbarcelona.com/nl/Prices/#offer-longboard-1-hour""}]}"
PRICES,nl,"{""@type"":""LocalBusiness"",""@id"":""https://rentalscooterbarcelona.com/#business"",""sameAs"":[""https://www.google.com/maps?cid=912877649802486634"",""https://www.bing.com/maps/search?style=r&q=RSB+Rental+Scooter+Barcelona%2C+Calle+de+Salvador+Espriu+63%2C+08005+Barcelona%2C+Catalu%C3%B1a%2C+Espa%C3%B1a&ss=id.local_ypid%3A%22YND84466019C726C1%22""],""aggregateRating"":{""@type"":""AggregateRating"",""ratingValue"":""4.6"",""reviewCount"":226,""bestRating"":5,""worstRating"":1},""review"":[{""@id"":""https://rentalscooterbarcelona.com/nl/Prices/#google-review-1""},{""@id"":""https://rentalscooterbarcelona.com/nl/Prices/#google-review-2""},{""@id"":""https://rentalscooterbarcelona.com/nl/Prices/#google-review-3""}]}"
PRICES,pt,"{""@type"":""LocalBusiness"",""@id"":""https://rentalscooterbarcelona.com/#business"",""name"":""RSB Rental Scooter Barcelona"",""url"":""https://rentalscooterbarcelona.com/"",""telephone"":""+34 640 559 468"",""image"":[""https://rentalscooterbarcelona.com/images/rsb-rental-scooter-barcelona-shop-vila-olimpica.webp"",""https://rentalscooterbarcelona.com/images/rsb-barcelona-rental-shop-interior-inline-skates-bike-vila-olimpica-1200.webp""],""logo"":""https://rentalscooterbarcelona.com/images/rsb-barcelona-rental-logo-2-140-v1.webp"",""address"":{""@type"":""PostalAddress"",""streetAddress"":""Carrer de Salvador Espriu, 63"",""postalCode"":""08005"",""addressLocality"":""Barcelona"",""addressRegion"":""Catalonia"",""addressCountry"":""ES""},""hasMap"":""https://www.google.com/maps?cid=912877649802486634"",""sameAs"":[""https://www.facebook.com/rentalscooterbarcelona"",""https://www.instagram.com/rentalscooterbarcelona/"",""https://x.com/RSBscooterbarce"",""https://es.pinterest.com/rsbscooter/"",""https://www.tripadvisor.es/Attraction_Review-g187497-d7708978-Reviews-Rental_Scooter_Barcelona-Barcelona_Catalonia.html"",""https://www.google.com/maps?cid=912877649802486634"",""https://maps.apple.com/place?place-id=IA5C7938C1925731A&address=Carrer+de+Salvador+Espriu%2C+63%2C+08005+Barcelona%2C+Espa%C3%B1a&coordinate=41.3906488%2C2.1984312&name=Rental+Scooter&_provider=9902"",""https://www.bing.com/maps/search?style=r&q=RSB+Rental+Scooter+Barcelona%2C+Calle+de+Salvador+Espriu+63%2C+08005+Barcelona%2C+Catalu%C3%B1a%2C+Espa%C3%B1a&ss=id.local_ypid%3A%22YND84466019C726C1%22""],""areaServed"":[{""@type"":""City"",""name"":""Barcelona""},{""@type"":""Place"",""name"":""Vila Olímpica del Poblenou""},{""@type"":""Place"",""name"":""Port Olímpic""},{""@type"":""Place"",""name"":""Barceloneta Beach""}],""priceRange"":""€4–€115"",""geo"":{""@type"":""GeoCoordinates"",""latitude"":41.3906488,""longitude"":2.1984312},""openingHoursSpecification"":[{""@type"":""OpeningHoursSpecification"",""dayOfWeek"":[""Monday"",""Tuesday"",""Wednesday"",""Thursday"",""Friday"",""Saturday"",""Sunday""],""opens"":""10:30"",""closes"":""13:30""},{""@type"":""OpeningHoursSpecification"",""dayOfWeek"":[""Monday"",""Tuesday"",""Wednesday"",""Thursday"",""Friday"",""Saturday"",""Sunday""],""opens"":""16:30"",""closes"":""20:00""}],""email"":""info@rentalscooterbarcelona.com"",""contactPoint"":[{""@type"":""ContactPoint"",""telephone"":""+34 640 559 468"",""email"":""info@rentalscooterbarcelona.com"",""contactType"":""customer service"",""areaServed"":""ES"",""availableLanguage"":[""en"",""es"",""ca"",""fr"",""it"",""de"",""nl"",""pt"",""sv"",""pl""]},{""@type"":""ContactPoint"",""telephone"":""+34 640 559 468"",""email"":""info@rentalscooterbarcelona.com"",""contactType"":""booking"",""areaServed"":""ES"",""availableLanguage"":[""en"",""es"",""ca"",""fr"",""it"",""de"",""nl"",""pt"",""sv"",""pl""]}],""alternateName"":""RSB"",""description"":""Loja local de aluguer em Vila Olímpica del Poblenou, Barcelona, especializada em scooters, patins em linha, bicicletas, patins de 4 rodas, skateboard e longboard, perto da Barceloneta e de Port Olímpic. Entrega gratuita do scooter no hotel para alugueres de 3 dias ou mais e possibilidade de deixar os teus pertences na nossa loja supervisionada durante o aluguer."",""currenciesAccepted"":""EUR"",""paymentAccepted"":""Pagamentos com cartão. PayPal disponível para pagamentos online."",""brand"":{""@id"":""https://rentalscooterbarcelona.com/#organization""},""makesOffer"":[{""@id"":""https://rentalscooterbarcelona.com/pt/Prices/#offer-scooter-full-day""},{""@id"":""https://rentalscooterbarcelona.com/pt/Prices/#offer-inline-skates-1-hour""},{""@id"":""https://rentalscooterbarcelona.com/pt/Prices/#offer-bike-1-hour""},{""@id"":""https://rentalscooterbarcelona.com/pt/Prices/#offer-roller-skates-1-hour""},{""@id"":""https://rentalscooterbarcelona.com/pt/Prices/#offer-skateboard-1-hour""},{""@id"":""https://rentalscooterbarcelona.com/pt/Prices/#offer-longboard-1-hour""}]}"
PRICES,pt,"{""@type"":""LocalBusiness"",""@id"":""https://rentalscooterbarcelona.com/#business"",""sameAs"":[""https://www.google.com/maps?cid=912877649802486634"",""https://www.bing.com/maps/search?style=r&q=RSB+Rental+Scooter+Barcelona%2C+Calle+de+Salvador+Espriu+63%2C+08005+Barcelona%2C+Catalu%C3%B1a%2C+Espa%C3%B1a&ss=id.local_ypid%3A%22YND84466019C726C1%22""],""aggregateRating"":{""@type"":""AggregateRating"",""ratingValue"":""4.6"",""reviewCount"":226,""bestRating"":5,""worstRating"":1},""review"":[{""@id"":""https://rentalscooterbarcelona.com/pt/Prices/#google-review-1""},{""@id"":""https://rentalscooterbarcelona.com/pt/Prices/#google-review-2""},{""@id"":""https://rentalscooterbarcelona.com/pt/Prices/#google-review-3""}]}"
PRICES,ca,"{""@type"":""LocalBusiness"",""@id"":""https://rentalscooterbarcelona.com/#business"",""name"":""RSB Rental Scooter Barcelona"",""url"":""https://rentalscooterbarcelona.com/"",""telephone"":""+34 640 559 468"",""image"":[""https://rentalscooterbarcelona.com/images/rsb-rental-scooter-barcelona-shop-vila-olimpica.webp"",""https://rentalscooterbarcelona.com/images/rsb-barcelona-rental-shop-interior-inline-skates-bike-vila-olimpica-1200.webp""],""logo"":""https://rentalscooterbarcelona.com/images/rsb-barcelona-rental-logo-2-140-v1.webp"",""address"":{""@type"":""PostalAddress"",""streetAddress"":""Carrer de Salvador Espriu, 63"",""postalCode"":""08005"",""addressLocality"":""Barcelona"",""addressRegion"":""Catalonia"",""addressCountry"":""ES""},""hasMap"":""https://www.google.com/maps?cid=912877649802486634"",""sameAs"":[""https://www.facebook.com/rentalscooterbarcelona"",""https://www.instagram.com/rentalscooterbarcelona/"",""https://x.com/RSBscooterbarce"",""https://es.pinterest.com/rsbscooter/"",""https://www.tripadvisor.es/Attraction_Review-g187497-d7708978-Reviews-Rental_Scooter_Barcelona-Barcelona_Catalonia.html"",""https://www.google.com/maps?cid=912877649802486634"",""https://maps.apple.com/place?place-id=IA5C7938C1925731A&address=Carrer+de+Salvador+Espriu%2C+63%2C+08005+Barcelona%2C+Espa%C3%B1a&coordinate=41.3906488%2C2.1984312&name=Rental+Scooter&_provider=9902"",""https://www.bing.com/maps/search?style=r&q=RSB+Rental+Scooter+Barcelona%2C+Calle+de+Salvador+Espriu+63%2C+08005+Barcelona%2C+Catalu%C3%B1a%2C+Espa%C3%B1a&ss=id.local_ypid%3A%22YND84466019C726C1%22""],""areaServed"":[{""@type"":""City"",""name"":""Barcelona""},{""@type"":""Place"",""name"":""Vila Olímpica del Poblenou""},{""@type"":""Place"",""name"":""Port Olímpic""},{""@type"":""Place"",""name"":""Barceloneta Beach""}],""priceRange"":""€4–€115"",""geo"":{""@type"":""GeoCoordinates"",""latitude"":41.3906488,""longitude"":2.1984312},""openingHoursSpecification"":[{""@type"":""OpeningHoursSpecification"",""dayOfWeek"":[""Monday"",""Tuesday"",""Wednesday"",""Thursday"",""Friday"",""Saturday"",""Sunday""],""opens"":""10:30"",""closes"":""13:30""},{""@type"":""OpeningHoursSpecification"",""dayOfWeek"":[""Monday"",""Tuesday"",""Wednesday"",""Thursday"",""Friday"",""Saturday"",""Sunday""],""opens"":""16:30"",""closes"":""20:00""}],""email"":""info@rentalscooterbarcelona.com"",""contactPoint"":[{""@type"":""ContactPoint"",""telephone"":""+34 640 559 468"",""email"":""info@rentalscooterbarcelona.com"",""contactType"":""customer service"",""areaServed"":""ES"",""availableLanguage"":[""en"",""es"",""ca"",""fr"",""it"",""de"",""nl"",""pt"",""sv"",""pl""]},{""@type"":""ContactPoint"",""telephone"":""+34 640 559 468"",""email"":""info@rentalscooterbarcelona.com"",""contactType"":""booking"",""areaServed"":""ES"",""availableLanguage"":[""en"",""es"",""ca"",""fr"",""it"",""de"",""nl"",""pt"",""sv"",""pl""]}],""alternateName"":""RSB"",""description"":""Botiga local de lloguer a Vila Olímpica del Poblenou, Barcelona, especialitzada en scooters, patins en línia, bicicletes, patins de quatre rodes, skateboard i longboard, a prop de la Barceloneta i de Port Olímpic. Lliurament gratuït del scooter a l’hotel per a lloguers de 3 dies o més i possibilitat de deixar les teves pertinences a la nostra botiga supervisada durant el lloguer."",""currenciesAccepted"":""EUR"",""paymentAccepted"":""Pagaments amb targeta. PayPal disponible per a pagaments en línia."",""brand"":{""@id"":""https://rentalscooterbarcelona.com/#organization""},""makesOffer"":[{""@id"":""https://rentalscooterbarcelona.com/cat/Prices/#offer-scooter-full-day""},{""@id"":""https://rentalscooterbarcelona.com/cat/Prices/#offer-inline-skates-1-hour""},{""@id"":""https://rentalscooterbarcelona.com/cat/Prices/#offer-bike-1-hour""},{""@id"":""https://rentalscooterbarcelona.com/cat/Prices/#offer-roller-skates-1-hour""},{""@id"":""https://rentalscooterbarcelona.com/cat/Prices/#offer-skateboard-1-hour""},{""@id"":""https://rentalscooterbarcelona.com/cat/Prices/#offer-longboard-1-hour""}]}"
PRICES,ca,"{""@type"":""LocalBusiness"",""@id"":""https://rentalscooterbarcelona.com/#business"",""sameAs"":[""https://www.google.com/maps?cid=912877649802486634"",""https://www.bing.com/maps/search?style=r&q=RSB+Rental+Scooter+Barcelona%2C+Calle+de+Salvador+Espriu+63%2C+08005+Barcelona%2C+Catalu%C3%B1a%2C+Espa%C3%B1a&ss=id.local_ypid%3A%22YND84466019C726C1%22""],""aggregateRating"":{""@type"":""AggregateRating"",""ratingValue"":""4.6"",""reviewCount"":226,""bestRating"":5,""worstRating"":1},""review"":[{""@id"":""https://rentalscooterbarcelona.com/cat/Prices/#google-review-1""},{""@id"":""https://rentalscooterbarcelona.com/cat/Prices/#google-review-2""},{""@id"":""https://rentalscooterbarcelona.com/cat/Prices/#google-review-3""}]}"
PRICES,sv,"{""@type"":""LocalBusiness"",""@id"":""https://rentalscooterbarcelona.com/#business"",""name"":""RSB Rental Scooter Barcelona"",""url"":""https://rentalscooterbarcelona.com/"",""telephone"":""+34 640 559 468"",""image"":[""https://rentalscooterbarcelona.com/images/rsb-rental-scooter-barcelona-shop-vila-olimpica.webp"",""https://rentalscooterbarcelona.com/images/rsb-barcelona-rental-shop-interior-inline-skates-bike-vila-olimpica-1200.webp""],""logo"":""https://rentalscooterbarcelona.com/images/rsb-barcelona-rental-logo-2-140-v1.webp"",""address"":{""@type"":""PostalAddress"",""streetAddress"":""Carrer de Salvador Espriu, 63"",""postalCode"":""08005"",""addressLocality"":""Barcelona"",""addressRegion"":""Catalonia"",""addressCountry"":""ES""},""hasMap"":""https://www.google.com/maps?cid=912877649802486634"",""sameAs"":[""https://www.facebook.com/rentalscooterbarcelona"",""https://www.instagram.com/rentalscooterbarcelona/"",""https://x.com/RSBscooterbarce"",""https://es.pinterest.com/rsbscooter/"",""https://www.tripadvisor.es/Attraction_Review-g187497-d7708978-Reviews-Rental_Scooter_Barcelona-Barcelona_Catalonia.html"",""https://www.google.com/maps?cid=912877649802486634"",""https://maps.apple.com/place?place-id=IA5C7938C1925731A&address=Carrer+de+Salvador+Espriu%2C+63%2C+08005+Barcelona%2C+Espa%C3%B1a&coordinate=41.3906488%2C2.1984312&name=Rental+Scooter&_provider=9902"",""https://www.bing.com/maps/search?style=r&q=RSB+Rental+Scooter+Barcelona%2C+Calle+de+Salvador+Espriu+63%2C+08005+Barcelona%2C+Catalu%C3%B1a%2C+Espa%C3%B1a&ss=id.local_ypid%3A%22YND84466019C726C1%22""],""areaServed"":[{""@type"":""City"",""name"":""Barcelona""},{""@type"":""Place"",""name"":""Vila Olímpica del Poblenou""},{""@type"":""Place"",""name"":""Port Olímpic""},{""@type"":""Place"",""name"":""Barceloneta-stranden""}],""priceRange"":""€4–€115"",""geo"":{""@type"":""GeoCoordinates"",""latitude"":41.3906488,""longitude"":2.1984312},""openingHoursSpecification"":[{""@type"":""OpeningHoursSpecification"",""dayOfWeek"":[""Monday"",""Tuesday"",""Wednesday"",""Thursday"",""Friday"",""Saturday"",""Sunday""],""opens"":""10:30"",""closes"":""13:30""},{""@type"":""OpeningHoursSpecification"",""dayOfWeek"":[""Monday"",""Tuesday"",""Wednesday"",""Thursday"",""Friday"",""Saturday"",""Sunday""],""opens"":""16:30"",""closes"":""20:00""}],""email"":""info@rentalscooterbarcelona.com"",""contactPoint"":[{""@type"":""ContactPoint"",""telephone"":""+34 640 559 468"",""email"":""info@rentalscooterbarcelona.com"",""contactType"":""customer service"",""areaServed"":""ES"",""availableLanguage"":[""en"",""es"",""ca"",""fr"",""it"",""de"",""nl"",""pt"",""sv"",""pl""]},{""@type"":""ContactPoint"",""telephone"":""+34 640 559 468"",""email"":""info@rentalscooterbarcelona.com"",""contactType"":""booking"",""areaServed"":""ES"",""availableLanguage"":[""en"",""es"",""ca"",""fr"",""it"",""de"",""nl"",""pt"",""sv"",""pl""]}],""alternateName"":""RSB"",""description"":""Lokal uthyrningsbutik i Vila Olímpica del Poblenou, Barcelona, specialiserad på scootrar, inlines, cyklar, rullskridskor, skateboard och longboard, mitt emot stranden och intill Port Olímpic. Gratis hotellleverans av scooter vid hyror på 3 dagar eller mer och möjlighet att lämna dina saker i vår övervakade butik under hyrtiden."",""currenciesAccepted"":""EUR"",""paymentAccepted"":""Kortbetalningar. PayPal finns för onlinebetalningar."",""brand"":{""@id"":""https://rentalscooterbarcelona.com/#organization""},""makesOffer"":[{""@id"":""https://rentalscooterbarcelona.com/sv/Prices/#offer-scooter-full-day""},{""@id"":""https://rentalscooterbarcelona.com/sv/Prices/#offer-inline-skates-1-hour""},{""@id"":""https://rentalscooterbarcelona.com/sv/Prices/#offer-bike-1-hour""},{""@id"":""https://rentalscooterbarcelona.com/sv/Prices/#offer-roller-skates-1-hour""},{""@id"":""https://rentalscooterbarcelona.com/sv/Prices/#offer-skateboard-1-hour""},{""@id"":""https://rentalscooterbarcelona.com/sv/Prices/#offer-longboard-1-hour""}]}"
PRICES,sv,"{""@type"":""LocalBusiness"",""@id"":""https://rentalscooterbarcelona.com/#business"",""sameAs"":[""https://www.google.com/maps?cid=912877649802486634"",""https://www.bing.com/maps/search?style=r&q=RSB+Rental+Scooter+Barcelona%2C+Calle+de+Salvador+Espriu+63%2C+08005+Barcelona%2C+Catalu%C3%B1a%2C+Espa%C3%B1a&ss=id.local_ypid%3A%22YND84466019C726C1%22""],""aggregateRating"":{""@type"":""AggregateRating"",""ratingValue"":""4.6"",""reviewCount"":226,""bestRating"":5,""worstRating"":1},""review"":[{""@id"":""https://rentalscooterbarcelona.com/sv/Prices/#google-review-1""},{""@id"":""https://rentalscooterbarcelona.com/sv/Prices/#google-review-2""},{""@id"":""https://rentalscooterbarcelona.com/sv/Prices/#google-review-3""}]}"
PRICES,pl,"{""@type"":""LocalBusiness"",""@id"":""https://rentalscooterbarcelona.com/#business"",""name"":""RSB Rental Scooter Barcelona"",""alternateName"":""RSB"",""url"":""https://rentalscooterbarcelona.com/"",""description"":""Lokalna wypożyczalnia w Vila Olímpica del Poblenou w Barcelonie, oferująca wynajem skuterów, rolek, rowerów, wrotek, deskorolek i longboardów naprzeciwko plaży i obok Port Olímpic."",""image"":[""https://rentalscooterbarcelona.com/images/rsb-rental-scooter-barcelona-shop-vila-olimpica.webp"",""https://rentalscooterbarcelona.com/images/rsb-barcelona-rental-shop-interior-inline-skates-bike-vila-olimpica-1200.webp""],""logo"":""https://rentalscooterbarcelona.com/images/rsb-barcelona-rental-logo-2-140-v1.webp"",""telephone"":""+34 640 559 468"",""email"":""info@rentalscooterbarcelona.com"",""priceRange"":""€4–€115"",""paymentAccepted"":""Karta kredytowa, karta debetowa, PayPal"",""currenciesAccepted"":""EUR"",""address"":{""@type"":""PostalAddress"",""streetAddress"":""Carrer de Salvador Espriu, 63"",""addressLocality"":""Barcelona"",""addressRegion"":""Catalonia"",""postalCode"":""08005"",""addressCountry"":""ES""},""geo"":{""@type"":""GeoCoordinates"",""latitude"":41.3906488,""longitude"":2.1984312},""hasMap"":""https://www.google.com/maps?cid=912877649802486634"",""areaServed"":[{""@type"":""City"",""name"":""Barcelona""},{""@type"":""Place"",""name"":""Vila Olímpica del Poblenou""},{""@type"":""Place"",""name"":""Port Olímpic""},{""@type"":""Place"",""name"":""plaża Barceloneta""}],""openingHoursSpecification"":[{""@type"":""OpeningHoursSpecification"",""dayOfWeek"":[""Monday"",""Tuesday"",""Wednesday"",""Thursday"",""Friday"",""Saturday"",""Sunday""],""opens"":""10:30"",""closes"":""13:30""},{""@type"":""OpeningHoursSpecification"",""dayOfWeek"":[""Monday"",""Tuesday"",""Wednesday"",""Thursday"",""Friday"",""Saturday"",""Sunday""],""opens"":""16:30"",""closes"":""20:00""}],""contactPoint"":[{""@type"":""ContactPoint"",""telephone"":""+34 640 559 468"",""email"":""info@rentalscooterbarcelona.com"",""contactType"":""customer service"",""areaServed"":""ES"",""availableLanguage"":[""en"",""es"",""ca"",""fr"",""it"",""de"",""nl"",""pt"",""sv"",""pl""]},{""@type"":""ContactPoint"",""telephone"":""+34 640 559 468"",""email"":""info@rentalscooterbarcelona.com"",""contactType"":""booking"",""areaServed"":""ES"",""availableLanguage"":[""en"",""es"",""ca"",""fr"",""it"",""de"",""nl"",""pt"",""sv"",""pl""]}],""sameAs"":[""https://www.facebook.com/rentalscooterbarcelona"",""https://www.instagram.com/rentalscooterbarcelona/"",""https://x.com/RSBscooterbarce"",""https://es.pinterest.com/rsbscooter/"",""https://www.tripadvisor.es/Attraction_Review-g187497-d7708978-Reviews-Rental_Scooter_Barcelona-Barcelona_Catalonia.html"",""https://www.google.com/maps?cid=912877649802486634"",""https://maps.apple.com/place?place-id=IA5C7938C1925731A&address=Carrer+de+Salvador+Espriu%2C+63%2C+08005+Barcelona%2C+Espa%C3%B1a&coordinate=41.3906488%2C2.1984312&name=Rental+Scooter&_provider=9902"",""https://www.bing.com/maps/search?style=r&q=RSB+Rental+Scooter+Barcelona%2C+Calle+de+Salvador+Espriu+63%2C+08005+Barcelona%2C+Catalu%C3%B1a%2C+Espa%C3%B1a&ss=id.local_ypid%3A%22YND84466019C726C1%22""],""brand"":{""@id"":""https://rentalscooterbarcelona.com/#organization""},""makesOffer"":[{""@id"":""https://rentalscooterbarcelona.com/pl/Prices/#offer-scooter-full-day""},{""@id"":""https://rentalscooterbarcelona.com/pl/Prices/#offer-inline-skates-1-hour""},{""@id"":""https://rentalscooterbarcelona.com/pl/Prices/#offer-bike-1-hour""},{""@id"":""https://rentalscooterbarcelona.com/pl/Prices/#offer-roller-skates-1-hour""},{""@id"":""https://rentalscooterbarcelona.com/pl/Prices/#offer-skateboard-1-hour""},{""@id"":""https://rentalscooterbarcelona.com/pl/Prices/#offer-longboard-1-hour""}]}"
PRICES,pl,"{""@type"":""LocalBusiness"",""@id"":""https://rentalscooterbarcelona.com/#business"",""sameAs"":[""https://www.google.com/maps?cid=912877649802486634"",""https://www.bing.com/maps/search?style=r&q=RSB+Rental+Scooter+Barcelona%2C+Calle+de+Salvador+Espriu+63%2C+08005+Barcelona%2C+Catalu%C3%B1a%2C+Espa%C3%B1a&ss=id.local_ypid%3A%22YND84466019C726C1%22""],""aggregateRating"":{""@type"":""AggregateRating"",""ratingValue"":""4.6"",""reviewCount"":226,""bestRating"":5,""worstRating"":1},""review"":[{""@id"":""https://rentalscooterbarcelona.com/pl/Prices/#google-review-1""},{""@id"":""https://rentalscooterbarcelona.com/pl/Prices/#google-review-2""},{""@id"":""https://rentalscooterbarcelona.com/pl/Prices/#google-review-3""}]}"
SCOOTER,en,"{""@type"":""LocalBusiness"",""@id"":""https://rentalscooterbarcelona.com/#business"",""name"":""RSB Rental Scooter Barcelona"",""alternateName"":""RSB"",""url"":""https://rentalscooterbarcelona.com/"",""description"":""Local rental shop in Vila Olímpica del Poblenou, Barcelona, offering scooter, inline skate, bike, roller skates, skateboard and longboard rentals near Barceloneta and Port Olímpic."",""image"":[""https://rentalscooterbarcelona.com/images/rsb-rental-scooter-barcelona-shop-vila-olimpica.webp"",""https://rentalscooterbarcelona.com/images/rsb-barcelona-rental-shop-interior-inline-skates-bike-vila-olimpica-1200.webp""],""logo"":""https://rentalscooterbarcelona.com/images/rsb-barcelona-rental-logo-2-140-v1.webp"",""telephone"":""+34 640 559 468"",""email"":""info@rentalscooterbarcelona.com"",""priceRange"":""€4–€115"",""paymentAccepted"":""Credit Card, Debit Card, PayPal"",""currenciesAccepted"":""EUR"",""address"":{""@type"":""PostalAddress"",""streetAddress"":""Carrer de Salvador Espriu, 63"",""addressLocality"":""Barcelona"",""addressRegion"":""Catalonia"",""postalCode"":""08005"",""addressCountry"":""ES""},""geo"":{""@type"":""GeoCoordinates"",""latitude"":41.3906488,""longitude"":2.1984312},""hasMap"":""https://www.google.com/maps?cid=912877649802486634"",""areaServed"":[{""@type"":""City"",""name"":""Barcelona""},{""@type"":""Place"",""name"":""Vila Olímpica del Poblenou""},{""@type"":""Place"",""name"":""Port Olímpic""},{""@type"":""Place"",""name"":""Barceloneta Beach""}],""openingHoursSpecification"":[{""@type"":""OpeningHoursSpecification"",""dayOfWeek"":[""Monday"",""Tuesday"",""Wednesday"",""Thursday"",""Friday"",""Saturday"",""Sunday""],""opens"":""10:30"",""closes"":""13:30""},{""@type"":""OpeningHoursSpecification"",""dayOfWeek"":[""Monday"",""Tuesday"",""Wednesday"",""Thursday"",""Friday"",""Saturday"",""Sunday""],""opens"":""16:30"",""closes"":""20:00""}],""contactPoint"":[{""@type"":""ContactPoint"",""telephone"":""+34 640 559 468"",""email"":""info@rentalscooterbarcelona.com"",""contactType"":""customer service"",""areaServed"":""ES"",""availableLanguage"":[""en"",""es"",""ca"",""fr"",""it"",""de"",""nl"",""pt"",""sv"",""pl""]},{""@type"":""ContactPoint"",""telephone"":""+34 640 559 468"",""email"":""info@rentalscooterbarcelona.com"",""contactType"":""booking"",""areaServed"":""ES"",""availableLanguage"":[""en"",""es"",""ca"",""fr"",""it"",""de"",""nl"",""pt"",""sv"",""pl""]}],""sameAs"":[""https://www.facebook.com/rentalscooterbarcelona"",""https://www.instagram.com/rentalscooterbarcelona/"",""https://x.com/RSBscooterbarce"",""https://es.pinterest.com/rsbscooter/"",""https://www.tripadvisor.es/Attraction_Review-g187497-d7708978-Reviews-Rental_Scooter_Barcelona-Barcelona_Catalonia.html"",""https://www.google.com/maps?cid=912877649802486634"",""https://maps.apple.com/place?place-id=IA5C7938C1925731A&address=Carrer+de+Salvador+Espriu%2C+63%2C+08005+Barcelona%2C+Espa%C3%B1a&coordinate=41.3906488%2C2.1984312&name=Rental+Scooter&_provider=9902"",""https://www.bing.com/maps/search?style=r&q=RSB+Rental+Scooter+Barcelona%2C+Calle+de+Salvador+Espriu+63%2C+08005+Barcelona%2C+Catalu%C3%B1a%2C+Espa%C3%B1a&ss=id.local_ypid%3A%22YND84466019C726C1%22""],""brand"":{""@id"":""https://rentalscooterbarcelona.com/#organization""}}"
SCOOTER,en,"{""@type"":""LocalBusiness"",""@id"":""https://rentalscooterbarcelona.com/#business"",""sameAs"":[""https://www.google.com/maps?cid=912877649802486634"",""https://www.bing.com/maps/search?style=r&q=RSB+Rental+Scooter+Barcelona%2C+Calle+de+Salvador+Espriu+63%2C+08005+Barcelona%2C+Catalu%C3%B1a%2C+Espa%C3%B1a&ss=id.local_ypid%3A%22YND84466019C726C1%22""],""aggregateRating"":{""@type"":""AggregateRating"",""ratingValue"":""4.6"",""reviewCount"":226,""bestRating"":5,""worstRating"":1},""review"":[{""@id"":""https://rentalscooterbarcelona.com/scooter/#google-review-1""},{""@id"":""https://rentalscooterbarcelona.com/scooter/#google-review-2""},{""@id"":""https://rentalscooterbarcelona.com/scooter/#google-review-3""},{""@id"":""https://rentalscooterbarcelona.com/scooter/#google-review-4""},{""@id"":""https://rentalscooterbarcelona.com/scooter/#google-review-5""},{""@id"":""https://rentalscooterbarcelona.com/scooter/#google-review-6""}]}"
SCOOTER,es,"{""@type"":""LocalBusiness"",""@id"":""https://rentalscooterbarcelona.com/#business"",""name"":""RSB Rental Scooter Barcelona"",""alternateName"":""RSB"",""url"":""https://rentalscooterbarcelona.com/"",""description"":""Tienda local de alquiler en Vila Olímpica del Poblenou, Barcelona, con alquiler de scooter, patines en línea, bicicletas, patines de 4 ruedas, skateboard y longboard cerca de Torre MAPFRE, Port Olímpic, Casino Barcelona y la playa de la Barceloneta. La entrega gratuita del scooter en el hotel está incluida para alquileres de 3+ días y los clientes pueden dejar equipaje o efectos personales en nuestra tienda supervisada."",""image"":[""https://rentalscooterbarcelona.com/images/rsb-scooter-rental-barcelona-hero-group-v1-1536.webp"",""https://rentalscooterbarcelona.com/images/rsb-rental-scooter-barcelona-shop-vila-olimpica.webp""],""logo"":""https://rentalscooterbarcelona.com/images/rsb-rental-scooter-barcelona-logo-horizontal-v1.webp"",""telephone"":""+34 640 559 468"",""email"":""info@rentalscooterbarcelona.com"",""priceRange"":""€4–€115"",""paymentAccepted"":""Tarjeta de crédito, tarjeta de débito, PayPal"",""currenciesAccepted"":""EUR"",""address"":{""@type"":""PostalAddress"",""streetAddress"":""Carrer de Salvador Espriu, 63"",""addressLocality"":""Barcelona"",""addressRegion"":""Catalonia"",""postalCode"":""08005"",""addressCountry"":""ES""},""geo"":{""@type"":""GeoCoordinates"",""latitude"":41.3906488,""longitude"":2.1984312},""hasMap"":""https://www.google.com/maps?cid=912877649802486634"",""areaServed"":[{""@type"":""City"",""name"":""Barcelona""},{""@type"":""Place"",""name"":""Vila Olímpica del Poblenou""},{""@type"":""Place"",""name"":""Port Olímpic""},{""@type"":""Place"",""name"":""Barceloneta Beach""}],""openingHoursSpecification"":[{""@type"":""OpeningHoursSpecification"",""dayOfWeek"":[""Monday"",""Tuesday"",""Wednesday"",""Thursday"",""Friday"",""Saturday"",""Sunday""],""opens"":""10:30"",""closes"":""13:30""},{""@type"":""OpeningHoursSpecification"",""dayOfWeek"":[""Monday"",""Tuesday"",""Wednesday"",""Thursday"",""Friday"",""Saturday"",""Sunday""],""opens"":""16:30"",""closes"":""20:00""}],""contactPoint"":[{""@type"":""ContactPoint"",""telephone"":""+34 640 559 468"",""email"":""info@rentalscooterbarcelona.com"",""contactType"":""customer service"",""areaServed"":""ES"",""availableLanguage"":[""en"",""es"",""ca"",""fr"",""it"",""de"",""nl"",""pt"",""sv"",""pl""]},{""@type"":""ContactPoint"",""telephone"":""+34 640 559 468"",""email"":""info@rentalscooterbarcelona.com"",""contactType"":""booking"",""areaServed"":""ES"",""availableLanguage"":[""en"",""es"",""ca"",""fr"",""it"",""de"",""nl"",""pt"",""sv"",""pl""]}],""sameAs"":[""https://www.google.com/maps?cid=912877649802486634"",""https://maps.apple.com/place?place-id=IA5C7938C1925731A&address=Carrer+de+Salvador+Espriu%2C+63%2C+08005+Barcelona%2C+Espa%C3%B1a&coordinate=41.3906488%2C2.1984312&name=Rental+Scooter&_provider=9902"",""https://www.bing.com/maps/search?style=r&q=RSB+Rental+Scooter+Barcelona%2C+Calle+de+Salvador+Espriu+63%2C+08005+Barcelona%2C+Catalu%C3%B1a%2C+Espa%C3%B1a&ss=id.local_ypid%3A%22YND84466019C726C1%22"",""https://www.facebook.com/rentalscooterbarcelona"",""https://www.instagram.com/rentalscooterbarcelona/"",""https://x.com/RSBscooterbarce"",""https://es.pinterest.com/rsbscooter/"",""https://www.tripadvisor.es/Attraction_Review-g187497-d7708978-Reviews-Rental_Scooter_Barcelona-Barcelona_Catalonia.html""]}"
SCOOTER,es,"{""@type"":""LocalBusiness"",""@id"":""https://rentalscooterbarcelona.com/#business"",""sameAs"":[""https://www.google.com/maps?cid=912877649802486634"",""https://www.bing.com/maps/search?style=r&q=RSB+Rental+Scooter+Barcelona%2C+Calle+de+Salvador+Espriu+63%2C+08005+Barcelona%2C+Catalu%C3%B1a%2C+Espa%C3%B1a&ss=id.local_ypid%3A%22YND84466019C726C1%22""],""aggregateRating"":{""@type"":""AggregateRating"",""ratingValue"":""4.6"",""reviewCount"":226,""bestRating"":5,""worstRating"":1},""review"":[{""@id"":""https://rentalscooterbarcelona.com/es/scooter/#google-review-1""},{""@id"":""https://rentalscooterbarcelona.com/es/scooter/#google-review-2""},{""@id"":""https://rentalscooterbarcelona.com/es/scooter/#google-review-3""},{""@id"":""https://rentalscooterbarcelona.com/es/scooter/#google-review-4""},{""@id"":""https://rentalscooterbarcelona.com/es/scooter/#google-review-5""},{""@id"":""https://rentalscooterbarcelona.com/es/scooter/#google-review-6""}]}"
SCOOTER,fr,"{""@type"":""LocalBusiness"",""@id"":""https://rentalscooterbarcelona.com/#business"",""name"":""RSB Rental Scooter Barcelona"",""alternateName"":""RSB"",""url"":""https://rentalscooterbarcelona.com/"",""description"":""Boutique locale de location à Vila Olímpica del Poblenou, Barcelone, proposant la location de scooters, de patins en ligne, de vélos, de patins à roulettes, de skateboards et de longboards près de Torre MAPFRE, de Port Olímpic, du Casino Barcelona et de la plage de la Barceloneta. La livraison gratuite du scooter à l’hôtel est incluse pour les locations de 3 jours ou plus, et les clients peuvent laisser leurs bagages ou effets personnels dans notre boutique surveillée."",""image"":[""https://rentalscooterbarcelona.com/images/rsb-scooter-rental-barcelona-hero-group-v1-1536.webp"",""https://rentalscooterbarcelona.com/images/rsb-rental-scooter-barcelona-shop-vila-olimpica.webp""],""logo"":""https://rentalscooterbarcelona.com/images/rsb-rental-scooter-barcelona-logo-horizontal-v1.webp"",""telephone"":""+34 640 559 468"",""email"":""info@rentalscooterbarcelona.com"",""priceRange"":""€4–€115"",""paymentAccepted"":""Carte de crédit, carte de débit, PayPal"",""currenciesAccepted"":""EUR"",""address"":{""@type"":""PostalAddress"",""streetAddress"":""Carrer de Salvador Espriu, 63"",""addressLocality"":""Barcelona"",""addressRegion"":""Catalonia"",""postalCode"":""08005"",""addressCountry"":""ES""},""geo"":{""@type"":""GeoCoordinates"",""latitude"":41.3906488,""longitude"":2.1984312},""hasMap"":""https://www.google.com/maps?cid=912877649802486634"",""areaServed"":[{""@type"":""City"",""name"":""Barcelona""},{""@type"":""Place"",""name"":""Vila Olímpica del Poblenou""},{""@type"":""Place"",""name"":""Port Olímpic""},{""@type"":""Place"",""name"":""Barceloneta Beach""}],""openingHoursSpecification"":[{""@type"":""OpeningHoursSpecification"",""dayOfWeek"":[""Monday"",""Tuesday"",""Wednesday"",""Thursday"",""Friday"",""Saturday"",""Sunday""],""opens"":""10:30"",""closes"":""13:30""},{""@type"":""OpeningHoursSpecification"",""dayOfWeek"":[""Monday"",""Tuesday"",""Wednesday"",""Thursday"",""Friday"",""Saturday"",""Sunday""],""opens"":""16:30"",""closes"":""20:00""}],""contactPoint"":[{""@type"":""ContactPoint"",""telephone"":""+34 640 559 468"",""email"":""info@rentalscooterbarcelona.com"",""contactType"":""service client"",""areaServed"":""ES"",""availableLanguage"":[""en"",""es"",""ca"",""fr"",""it"",""de"",""nl"",""pt"",""sv"",""pl""]}],""sameAs"":[""https://www.google.com/maps?cid=912877649802486634"",""https://maps.apple.com/place?place-id=IA5C7938C1925731A&address=Carrer+de+Salvador+Espriu%2C+63%2C+08005+Barcelona%2C+Espa%C3%B1a&coordinate=41.3906488%2C2.1984312&name=Rental+Scooter&_provider=9902"",""https://www.bing.com/maps/search?style=r&q=RSB+Rental+Scooter+Barcelona%2C+Calle+de+Salvador+Espriu+63%2C+08005+Barcelona%2C+Catalu%C3%B1a%2C+Espa%C3%B1a&ss=id.local_ypid%3A%22YND84466019C726C1%22"",""https://www.facebook.com/rentalscooterbarcelona"",""https://www.instagram.com/rentalscooterbarcelona/"",""https://x.com/RSBscooterbarce"",""https://es.pinterest.com/rsbscooter/"",""https://www.tripadvisor.es/Attraction_Review-g187497-d7708978-Reviews-Rental_Scooter_Barcelona-Barcelona_Catalonia.html""]}"
SCOOTER,fr,"{""@type"":""LocalBusiness"",""@id"":""https://rentalscooterbarcelona.com/#business"",""sameAs"":[""https://www.google.com/maps?cid=912877649802486634"",""https://www.bing.com/maps/search?style=r&q=RSB+Rental+Scooter+Barcelona%2C+Calle+de+Salvador+Espriu+63%2C+08005+Barcelona%2C+Catalu%C3%B1a%2C+Espa%C3%B1a&ss=id.local_ypid%3A%22YND84466019C726C1%22""],""aggregateRating"":{""@type"":""AggregateRating"",""ratingValue"":""4.6"",""reviewCount"":226,""bestRating"":5,""worstRating"":1},""review"":[{""@id"":""https://rentalscooterbarcelona.com/fr/scooter/#google-review-1""},{""@id"":""https://rentalscooterbarcelona.com/fr/scooter/#google-review-2""},{""@id"":""https://rentalscooterbarcelona.com/fr/scooter/#google-review-3""},{""@id"":""https://rentalscooterbarcelona.com/fr/scooter/#google-review-4""},{""@id"":""https://rentalscooterbarcelona.com/fr/scooter/#google-review-5""},{""@id"":""https://rentalscooterbarcelona.com/fr/scooter/#google-review-6""}]}"
SCOOTER,it,"{""@type"":""LocalBusiness"",""@id"":""https://rentalscooterbarcelona.com/#business"",""name"":""RSB Rental Scooter Barcelona"",""alternateName"":""RSB"",""url"":""https://rentalscooterbarcelona.com/"",""description"":""Negozio locale di noleggio a Vila Olímpica del Poblenou, Barcellona, con noleggio di scooter, pattini in linea, biciclette, pattini a rotelle, skateboard e longboard vicino a Torre MAPFRE, Port Olímpic, Casino Barcelona e alla spiaggia della Barceloneta. La consegna gratuita dello scooter in hotel è inclusa per noleggi di 3 giorni o più e i clienti possono lasciare bagagli o effetti personali nel nostro negozio sorvegliato."",""image"":[""https://rentalscooterbarcelona.com/images/rsb-scooter-rental-barcelona-hero-group-v1-1536.webp"",""https://rentalscooterbarcelona.com/images/rsb-rental-scooter-barcelona-shop-vila-olimpica.webp""],""logo"":""https://rentalscooterbarcelona.com/images/rsb-rental-scooter-barcelona-logo-horizontal-v1.webp"",""telephone"":""+34 640 559 468"",""email"":""info@rentalscooterbarcelona.com"",""priceRange"":""€4–€115"",""paymentAccepted"":""Carta di credito, carta di debito, PayPal"",""currenciesAccepted"":""EUR"",""address"":{""@type"":""PostalAddress"",""streetAddress"":""Carrer de Salvador Espriu, 63"",""addressLocality"":""Barcelona"",""addressRegion"":""Catalonia"",""postalCode"":""08005"",""addressCountry"":""ES""},""geo"":{""@type"":""GeoCoordinates"",""latitude"":41.3906488,""longitude"":2.1984312},""hasMap"":""https://www.google.com/maps?cid=912877649802486634"",""areaServed"":[{""@type"":""City"",""name"":""Barcelona""},{""@type"":""Place"",""name"":""Vila Olímpica del Poblenou""},{""@type"":""Place"",""name"":""Port Olímpic""},{""@type"":""Place"",""name"":""Barceloneta Beach""}],""openingHoursSpecification"":[{""@type"":""OpeningHoursSpecification"",""dayOfWeek"":[""Monday"",""Tuesday"",""Wednesday"",""Thursday"",""Friday"",""Saturday"",""Sunday""],""opens"":""10:30"",""closes"":""13:30""},{""@type"":""OpeningHoursSpecification"",""dayOfWeek"":[""Monday"",""Tuesday"",""Wednesday"",""Thursday"",""Friday"",""Saturday"",""Sunday""],""opens"":""16:30"",""closes"":""20:00""}],""contactPoint"":[{""@type"":""ContactPoint"",""telephone"":""+34 640 559 468"",""email"":""info@rentalscooterbarcelona.com"",""contactType"":""servizio clienti"",""areaServed"":""ES"",""availableLanguage"":[""en"",""es"",""ca"",""fr"",""it"",""de"",""nl"",""pt"",""sv"",""pl""]}],""sameAs"":[""https://www.google.com/maps?cid=912877649802486634"",""https://maps.apple.com/place?place-id=IA5C7938C1925731A&address=Carrer+de+Salvador+Espriu%2C+63%2C+08005+Barcelona%2C+Espa%C3%B1a&coordinate=41.3906488%2C2.1984312&name=Rental+Scooter&_provider=9902"",""https://www.bing.com/maps/search?style=r&q=RSB+Rental+Scooter+Barcelona%2C+Calle+de+Salvador+Espriu+63%2C+08005+Barcelona%2C+Catalu%C3%B1a%2C+Espa%C3%B1a&ss=id.local_ypid%3A%22YND84466019C726C1%22"",""https://www.facebook.com/rentalscooterbarcelona"",""https://www.instagram.com/rentalscooterbarcelona/"",""https://x.com/RSBscooterbarce"",""https://es.pinterest.com/rsbscooter/"",""https://www.tripadvisor.es/Attraction_Review-g187497-d7708978-Reviews-Rental_Scooter_Barcelona-Barcelona_Catalonia.html""]}"
SCOOTER,it,"{""@type"":""LocalBusiness"",""@id"":""https://rentalscooterbarcelona.com/#business"",""sameAs"":[""https://www.google.com/maps?cid=912877649802486634"",""https://www.bing.com/maps/search?style=r&q=RSB+Rental+Scooter+Barcelona%2C+Calle+de+Salvador+Espriu+63%2C+08005+Barcelona%2C+Catalu%C3%B1a%2C+Espa%C3%B1a&ss=id.local_ypid%3A%22YND84466019C726C1%22""],""aggregateRating"":{""@type"":""AggregateRating"",""ratingValue"":""4.6"",""reviewCount"":226,""bestRating"":5,""worstRating"":1},""review"":[{""@id"":""https://rentalscooterbarcelona.com/it/scooter/#google-review-1""},{""@id"":""https://rentalscooterbarcelona.com/it/scooter/#google-review-2""},{""@id"":""https://rentalscooterbarcelona.com/it/scooter/#google-review-3""},{""@id"":""https://rentalscooterbarcelona.com/it/scooter/#google-review-4""},{""@id"":""https://rentalscooterbarcelona.com/it/scooter/#google-review-5""},{""@id"":""https://rentalscooterbarcelona.com/it/scooter/#google-review-6""}]}"
SCOOTER,de,"{""@type"":""LocalBusiness"",""@id"":""https://rentalscooterbarcelona.com/#business"",""name"":""RSB Rental Scooter Barcelona"",""alternateName"":""RSB"",""url"":""https://rentalscooterbarcelona.com/"",""description"":""Lokaler Verleihshop in Vila Olímpica del Poblenou, Barcelona, mit Scooter-, Inline-Skates-, Fahrrad-, Quad-, Skateboard- und Longboard-Verleih in der Nähe von Torre MAPFRE, Port Olímpic, Casino Barcelona und dem Strand von Barceloneta. Die kostenlose Scooter-Hotellieferung ist bei Anmietungen ab 3 Tagen inbegriffen, und Kunden können Gepäck oder persönliche Gegenstände in unserem beaufsichtigten Geschäft lassen."",""image"":[""https://rentalscooterbarcelona.com/images/rsb-scooter-rental-barcelona-hero-group-og-v1-1200.webp"",""https://rentalscooterbarcelona.com/images/rsb-scooter-rental-barcelona-hero-group-v1-1536.webp"",""https://rentalscooterbarcelona.com/images/rsb-rental-scooter-barcelona-shop-vila-olimpica.webp""],""logo"":""https://rentalscooterbarcelona.com/images/rsb-rental-scooter-barcelona-logo-horizontal-v1.webp"",""telephone"":""+34 640 559 468"",""email"":""info@rentalscooterbarcelona.com"",""priceRange"":""€4–€115"",""paymentAccepted"":""Kreditkarte, Debitkarte, PayPal"",""currenciesAccepted"":""EUR"",""address"":{""@type"":""PostalAddress"",""streetAddress"":""Carrer de Salvador Espriu, 63"",""addressLocality"":""Barcelona"",""addressRegion"":""Catalonia"",""postalCode"":""08005"",""addressCountry"":""ES""},""geo"":{""@type"":""GeoCoordinates"",""latitude"":41.3906488,""longitude"":2.1984312},""hasMap"":""https://www.google.com/maps?cid=912877649802486634"",""areaServed"":[{""@type"":""City"",""name"":""Barcelona""},{""@type"":""Place"",""name"":""Vila Olímpica del Poblenou""},{""@type"":""Place"",""name"":""Port Olímpic""},{""@type"":""Place"",""name"":""Strand von Barceloneta""}],""openingHoursSpecification"":[{""@type"":""OpeningHoursSpecification"",""dayOfWeek"":[""Monday"",""Tuesday"",""Wednesday"",""Thursday"",""Friday"",""Saturday"",""Sunday""],""opens"":""10:30"",""closes"":""13:30""},{""@type"":""OpeningHoursSpecification"",""dayOfWeek"":[""Monday"",""Tuesday"",""Wednesday"",""Thursday"",""Friday"",""Saturday"",""Sunday""],""opens"":""16:30"",""closes"":""20:00""}],""contactPoint"":[{""@type"":""ContactPoint"",""telephone"":""+34 640 559 468"",""email"":""info@rentalscooterbarcelona.com"",""contactType"":""Kundendienst"",""areaServed"":""ES"",""availableLanguage"":[""en"",""es"",""ca"",""fr"",""it"",""de"",""nl"",""pt"",""sv"",""pl""]}],""sameAs"":[""https://www.google.com/maps?cid=912877649802486634"",""https://maps.apple.com/place?place-id=IA5C7938C1925731A&address=Carrer+de+Salvador+Espriu%2C+63%2C+08005+Barcelona%2C+Espa%C3%B1a&coordinate=41.3906488%2C2.1984312&name=Rental+Scooter&_provider=9902"",""https://www.bing.com/maps/search?style=r&q=RSB+Rental+Scooter+Barcelona%2C+Calle+de+Salvador+Espriu+63%2C+08005+Barcelona%2C+Catalu%C3%B1a%2C+Espa%C3%B1a&ss=id.local_ypid%3A%22YND84466019C726C1%22"",""https://www.facebook.com/rentalscooterbarcelona"",""https://www.instagram.com/rentalscooterbarcelona/"",""https://x.com/RSBscooterbarce"",""https://es.pinterest.com/rsbscooter/"",""https://www.tripadvisor.es/Attraction_Review-g187497-d7708978-Reviews-Rental_Scooter_Barcelona-Barcelona_Catalonia.html""]}"
SCOOTER,de,"{""@type"":""LocalBusiness"",""@id"":""https://rentalscooterbarcelona.com/#business"",""sameAs"":[""https://www.google.com/maps?cid=912877649802486634"",""https://www.bing.com/maps/search?style=r&q=RSB+Rental+Scooter+Barcelona%2C+Calle+de+Salvador+Espriu+63%2C+08005+Barcelona%2C+Catalu%C3%B1a%2C+Espa%C3%B1a&ss=id.local_ypid%3A%22YND84466019C726C1%22""],""aggregateRating"":{""@type"":""AggregateRating"",""ratingValue"":""4.6"",""reviewCount"":226,""bestRating"":5,""worstRating"":1},""review"":[{""@id"":""https://rentalscooterbarcelona.com/de/scooter/#google-review-1""},{""@id"":""https://rentalscooterbarcelona.com/de/scooter/#google-review-2""},{""@id"":""https://rentalscooterbarcelona.com/de/scooter/#google-review-3""},{""@id"":""https://rentalscooterbarcelona.com/de/scooter/#google-review-4""},{""@id"":""https://rentalscooterbarcelona.com/de/scooter/#google-review-5""},{""@id"":""https://rentalscooterbarcelona.com/de/scooter/#google-review-6""}]}"
SCOOTER,nl,"{""@type"":""LocalBusiness"",""@id"":""https://rentalscooterbarcelona.com/#business"",""name"":""RSB Rental Scooter Barcelona"",""alternateName"":""RSB"",""url"":""https://rentalscooterbarcelona.com/"",""description"":""Lokale verhuurwinkel in Vila Olímpica del Poblenou, Barcelona, met scooter-, inline skates-, fiets-, quad-, skateboard- en longboardverhuur vlak bij Torre MAPFRE, Port Olímpic, Casino Barcelona en het strand van Barceloneta. Gratis scooterbezorging bij het hotel is inbegrepen voor huurperiodes van 3 dagen of langer, en klanten kunnen bagage of persoonlijke spullen achterlaten in onze bewaakte winkel."",""image"":[""https://rentalscooterbarcelona.com/images/rsb-scooter-rental-barcelona-hero-group-v1-1536.webp"",""https://rentalscooterbarcelona.com/images/rsb-rental-scooter-barcelona-shop-vila-olimpica.webp""],""logo"":""https://rentalscooterbarcelona.com/images/rsb-rental-scooter-barcelona-logo-horizontal-v1.webp"",""telephone"":""+34 640 559 468"",""email"":""info@rentalscooterbarcelona.com"",""priceRange"":""€4–€115"",""paymentAccepted"":""Creditcard, betaalkaart, PayPal"",""currenciesAccepted"":""EUR"",""address"":{""@type"":""PostalAddress"",""streetAddress"":""Carrer de Salvador Espriu, 63"",""addressLocality"":""Barcelona"",""addressRegion"":""Catalonia"",""postalCode"":""08005"",""addressCountry"":""ES""},""geo"":{""@type"":""GeoCoordinates"",""latitude"":41.3906488,""longitude"":2.1984312},""hasMap"":""https://www.google.com/maps?cid=912877649802486634"",""areaServed"":[{""@type"":""City"",""name"":""Barcelona""},{""@type"":""Place"",""name"":""Vila Olímpica del Poblenou""},{""@type"":""Place"",""name"":""Port Olímpic""},{""@type"":""Place"",""name"":""Barceloneta Beach""}],""openingHoursSpecification"":[{""@type"":""OpeningHoursSpecification"",""dayOfWeek"":[""Monday"",""Tuesday"",""Wednesday"",""Thursday"",""Friday"",""Saturday"",""Sunday""],""opens"":""10:30"",""closes"":""13:30""},{""@type"":""OpeningHoursSpecification"",""dayOfWeek"":[""Monday"",""Tuesday"",""Wednesday"",""Thursday"",""Friday"",""Saturday"",""Sunday""],""opens"":""16:30"",""closes"":""20:00""}],""contactPoint"":[{""@type"":""ContactPoint"",""telephone"":""+34 640 559 468"",""email"":""info@rentalscooterbarcelona.com"",""contactType"":""klantenservice"",""areaServed"":""ES"",""availableLanguage"":[""en"",""es"",""ca"",""fr"",""it"",""de"",""nl"",""pt"",""sv"",""pl""]}],""sameAs"":[""https://www.google.com/maps?cid=912877649802486634"",""https://maps.apple.com/place?place-id=IA5C7938C1925731A&address=Carrer+de+Salvador+Espriu%2C+63%2C+08005+Barcelona%2C+Espa%C3%B1a&coordinate=41.3906488%2C2.1984312&name=Rental+Scooter&_provider=9902"",""https://www.bing.com/maps/search?style=r&q=RSB+Rental+Scooter+Barcelona%2C+Calle+de+Salvador+Espriu+63%2C+08005+Barcelona%2C+Catalu%C3%B1a%2C+Espa%C3%B1a&ss=id.local_ypid%3A%22YND84466019C726C1%22"",""https://www.facebook.com/rentalscooterbarcelona"",""https://www.instagram.com/rentalscooterbarcelona/"",""https://x.com/RSBscooterbarce"",""https://es.pinterest.com/rsbscooter/"",""https://www.tripadvisor.es/Attraction_Review-g187497-d7708978-Reviews-Rental_Scooter_Barcelona-Barcelona_Catalonia.html""]}"
SCOOTER,nl,"{""@type"":""LocalBusiness"",""@id"":""https://rentalscooterbarcelona.com/#business"",""sameAs"":[""https://www.google.com/maps?cid=912877649802486634"",""https://www.bing.com/maps/search?style=r&q=RSB+Rental+Scooter+Barcelona%2C+Calle+de+Salvador+Espriu+63%2C+08005+Barcelona%2C+Catalu%C3%B1a%2C+Espa%C3%B1a&ss=id.local_ypid%3A%22YND84466019C726C1%22""],""aggregateRating"":{""@type"":""AggregateRating"",""ratingValue"":""4.6"",""reviewCount"":226,""bestRating"":5,""worstRating"":1},""review"":[{""@id"":""https://rentalscooterbarcelona.com/nl/scooter/#google-review-1""},{""@id"":""https://rentalscooterbarcelona.com/nl/scooter/#google-review-2""},{""@id"":""https://rentalscooterbarcelona.com/nl/scooter/#google-review-3""},{""@id"":""https://rentalscooterbarcelona.com/nl/scooter/#google-review-4""},{""@id"":""https://rentalscooterbarcelona.com/nl/scooter/#google-review-5""},{""@id"":""https://rentalscooterbarcelona.com/nl/scooter/#google-review-6""}]}"
SCOOTER,pt,"{""@type"":""LocalBusiness"",""@id"":""https://rentalscooterbarcelona.com/#business"",""name"":""RSB Rental Scooter Barcelona"",""alternateName"":""RSB"",""url"":""https://rentalscooterbarcelona.com/"",""description"":""Loja local de aluguer em Vila Olímpica del Poblenou, Barcelona, com aluguer de scooter, patins em linha, bicicletas, patins de 4 rodas, skateboard e longboard perto da Torre MAPFRE, Port Olímpic, Casino Barcelona e da praia da Barceloneta. A entrega gratuita do scooter no hotel está incluída para alugueres de 3 dias ou mais e os clientes podem deixar bagagem ou objetos pessoais na nossa loja supervisionada."",""image"":[""https://rentalscooterbarcelona.com/images/rsb-scooter-rental-barcelona-hero-group-v1-1536.webp"",""https://rentalscooterbarcelona.com/images/rsb-rental-scooter-barcelona-shop-vila-olimpica.webp""],""logo"":""https://rentalscooterbarcelona.com/images/rsb-rental-scooter-barcelona-logo-horizontal-v1.webp"",""telephone"":""+34 640 559 468"",""email"":""info@rentalscooterbarcelona.com"",""priceRange"":""€4–€115"",""paymentAccepted"":""Cartão de crédito, cartão de débito, PayPal"",""currenciesAccepted"":""EUR"",""address"":{""@type"":""PostalAddress"",""streetAddress"":""Carrer de Salvador Espriu, 63"",""addressLocality"":""Barcelona"",""addressRegion"":""Catalonia"",""postalCode"":""08005"",""addressCountry"":""ES""},""geo"":{""@type"":""GeoCoordinates"",""latitude"":41.3906488,""longitude"":2.1984312},""hasMap"":""https://www.google.com/maps?cid=912877649802486634"",""areaServed"":[{""@type"":""City"",""name"":""Barcelona""},{""@type"":""Place"",""name"":""Vila Olímpica del Poblenou""},{""@type"":""Place"",""name"":""Port Olímpic""},{""@type"":""Place"",""name"":""Barceloneta Beach""}],""openingHoursSpecification"":[{""@type"":""OpeningHoursSpecification"",""dayOfWeek"":[""Monday"",""Tuesday"",""Wednesday"",""Thursday"",""Friday"",""Saturday"",""Sunday""],""opens"":""10:30"",""closes"":""13:30""},{""@type"":""OpeningHoursSpecification"",""dayOfWeek"":[""Monday"",""Tuesday"",""Wednesday"",""Thursday"",""Friday"",""Saturday"",""Sunday""],""opens"":""16:30"",""closes"":""20:00""}],""contactPoint"":[{""@type"":""ContactPoint"",""telephone"":""+34 640 559 468"",""email"":""info@rentalscooterbarcelona.com"",""contactType"":""apoio ao cliente"",""areaServed"":""ES"",""availableLanguage"":[""en"",""es"",""ca"",""fr"",""it"",""de"",""nl"",""pt"",""sv"",""pl""]}],""sameAs"":[""https://www.google.com/maps?cid=912877649802486634"",""https://maps.apple.com/place?place-id=IA5C7938C1925731A&address=Carrer+de+Salvador+Espriu%2C+63%2C+08005+Barcelona%2C+Espa%C3%B1a&coordinate=41.3906488%2C2.1984312&name=Rental+Scooter&_provider=9902"",""https://www.bing.com/maps/search?style=r&q=RSB+Rental+Scooter+Barcelona%2C+Calle+de+Salvador+Espriu+63%2C+08005+Barcelona%2C+Catalu%C3%B1a%2C+Espa%C3%B1a&ss=id.local_ypid%3A%22YND84466019C726C1%22"",""https://www.facebook.com/rentalscooterbarcelona"",""https://www.instagram.com/rentalscooterbarcelona/"",""https://x.com/RSBscooterbarce"",""https://es.pinterest.com/rsbscooter/"",""https://www.tripadvisor.es/Attraction_Review-g187497-d7708978-Reviews-Rental_Scooter_Barcelona-Barcelona_Catalonia.html""]}"
SCOOTER,pt,"{""@type"":""LocalBusiness"",""@id"":""https://rentalscooterbarcelona.com/#business"",""sameAs"":[""https://www.google.com/maps?cid=912877649802486634"",""https://www.bing.com/maps/search?style=r&q=RSB+Rental+Scooter+Barcelona%2C+Calle+de+Salvador+Espriu+63%2C+08005+Barcelona%2C+Catalu%C3%B1a%2C+Espa%C3%B1a&ss=id.local_ypid%3A%22YND84466019C726C1%22""],""aggregateRating"":{""@type"":""AggregateRating"",""ratingValue"":""4.6"",""reviewCount"":226,""bestRating"":5,""worstRating"":1},""review"":[{""@id"":""https://rentalscooterbarcelona.com/pt/scooter/#google-review-1""},{""@id"":""https://rentalscooterbarcelona.com/pt/scooter/#google-review-2""},{""@id"":""https://rentalscooterbarcelona.com/pt/scooter/#google-review-3""},{""@id"":""https://rentalscooterbarcelona.com/pt/scooter/#google-review-4""},{""@id"":""https://rentalscooterbarcelona.com/pt/scooter/#google-review-5""},{""@id"":""https://rentalscooterbarcelona.com/pt/scooter/#google-review-6""}]}"
SCOOTER,ca,"{""@type"":""LocalBusiness"",""@id"":""https://rentalscooterbarcelona.com/#business"",""name"":""RSB Rental Scooter Barcelona"",""alternateName"":""RSB"",""url"":""https://rentalscooterbarcelona.com/"",""description"":""Botiga local de lloguer a Vila Olímpica del Poblenou, Barcelona, amb lloguer de scooter, patins en línia, bicicletes, patins de 4 rodes, skateboard i longboard a prop de Torre MAPFRE, Port Olímpic, Casino Barcelona i la platja de la Barceloneta. El lliurament gratuït del scooter a l’hotel està inclòs per a lloguers de 3 dies o més i els clients poden deixar equipatge o objectes personals a la nostra botiga supervisada."",""image"":[""https://rentalscooterbarcelona.com/images/rsb-scooter-rental-barcelona-hero-group-v1-1536.webp"",""https://rentalscooterbarcelona.com/images/rsb-rental-scooter-barcelona-shop-vila-olimpica.webp""],""logo"":""https://rentalscooterbarcelona.com/images/rsb-rental-scooter-barcelona-logo-horizontal-v1.webp"",""telephone"":""+34 640 559 468"",""email"":""info@rentalscooterbarcelona.com"",""priceRange"":""€4–€115"",""paymentAccepted"":""Targeta de crèdit, targeta de dèbit, PayPal"",""currenciesAccepted"":""EUR"",""address"":{""@type"":""PostalAddress"",""streetAddress"":""Carrer de Salvador Espriu, 63"",""addressLocality"":""Barcelona"",""addressRegion"":""Catalonia"",""postalCode"":""08005"",""addressCountry"":""ES""},""geo"":{""@type"":""GeoCoordinates"",""latitude"":41.3906488,""longitude"":2.1984312},""hasMap"":""https://www.google.com/maps?cid=912877649802486634"",""areaServed"":[{""@type"":""City"",""name"":""Barcelona""},{""@type"":""Place"",""name"":""Vila Olímpica del Poblenou""},{""@type"":""Place"",""name"":""Port Olímpic""},{""@type"":""Place"",""name"":""Barceloneta Beach""}],""openingHoursSpecification"":[{""@type"":""OpeningHoursSpecification"",""dayOfWeek"":[""Monday"",""Tuesday"",""Wednesday"",""Thursday"",""Friday"",""Saturday"",""Sunday""],""opens"":""10:30"",""closes"":""13:30""},{""@type"":""OpeningHoursSpecification"",""dayOfWeek"":[""Monday"",""Tuesday"",""Wednesday"",""Thursday"",""Friday"",""Saturday"",""Sunday""],""opens"":""16:30"",""closes"":""20:00""}],""contactPoint"":[{""@type"":""ContactPoint"",""telephone"":""+34 640 559 468"",""email"":""info@rentalscooterbarcelona.com"",""contactType"":""atenció al client"",""areaServed"":""ES"",""availableLanguage"":[""en"",""es"",""ca"",""fr"",""it"",""de"",""nl"",""pt"",""sv"",""pl""]}],""sameAs"":[""https://www.google.com/maps?cid=912877649802486634"",""https://maps.apple.com/place?place-id=IA5C7938C1925731A&address=Carrer+de+Salvador+Espriu%2C+63%2C+08005+Barcelona%2C+Espa%C3%B1a&coordinate=41.3906488%2C2.1984312&name=Rental+Scooter&_provider=9902"",""https://www.bing.com/maps/search?style=r&q=RSB+Rental+Scooter+Barcelona%2C+Calle+de+Salvador+Espriu+63%2C+08005+Barcelona%2C+Catalu%C3%B1a%2C+Espa%C3%B1a&ss=id.local_ypid%3A%22YND84466019C726C1%22"",""https://www.facebook.com/rentalscooterbarcelona"",""https://www.instagram.com/rentalscooterbarcelona/"",""https://x.com/RSBscooterbarce"",""https://es.pinterest.com/rsbscooter/"",""https://www.tripadvisor.es/Attraction_Review-g187497-d7708978-Reviews-Rental_Scooter_Barcelona-Barcelona_Catalonia.html""]}"
SCOOTER,ca,"{""@type"":""LocalBusiness"",""@id"":""https://rentalscooterbarcelona.com/#business"",""sameAs"":[""https://www.google.com/maps?cid=912877649802486634"",""https://www.bing.com/maps/search?style=r&q=RSB+Rental+Scooter+Barcelona%2C+Calle+de+Salvador+Espriu+63%2C+08005+Barcelona%2C+Catalu%C3%B1a%2C+Espa%C3%B1a&ss=id.local_ypid%3A%22YND84466019C726C1%22""],""aggregateRating"":{""@type"":""AggregateRating"",""ratingValue"":""4.6"",""reviewCount"":226,""bestRating"":5,""worstRating"":1},""review"":[{""@id"":""https://rentalscooterbarcelona.com/cat/scooter/#google-review-1""},{""@id"":""https://rentalscooterbarcelona.com/cat/scooter/#google-review-2""},{""@id"":""https://rentalscooterbarcelona.com/cat/scooter/#google-review-3""},{""@id"":""https://rentalscooterbarcelona.com/cat/scooter/#google-review-4""},{""@id"":""https://rentalscooterbarcelona.com/cat/scooter/#google-review-5""},{""@id"":""https://rentalscooterbarcelona.com/cat/scooter/#google-review-6""}]}"
SCOOTER,sv,"{""@type"":""LocalBusiness"",""@id"":""https://rentalscooterbarcelona.com/#business"",""name"":""RSB Rental Scooter Barcelona"",""alternateName"":""RSB"",""url"":""https://rentalscooterbarcelona.com/"",""description"":""Lokal uthyrningsbutik i Vila Olímpica del Poblenou, Barcelona, med uthyrning av scooter, inlines, cyklar, quads, skateboard och longboard nära Torre MAPFRE, Port Olímpic, Casino Barcelona och stranden Barceloneta. Gratis hotellleverans av scooter ingår vid hyror på 3 dagar eller mer, och kunder kan lämna bagage eller personliga saker i vår övervakade butik."",""image"":[""https://rentalscooterbarcelona.com/images/rsb-scooter-rental-barcelona-hero-group-v1-1536.webp"",""https://rentalscooterbarcelona.com/images/rsb-rental-scooter-barcelona-shop-vila-olimpica.webp""],""logo"":""https://rentalscooterbarcelona.com/images/rsb-rental-scooter-barcelona-logo-horizontal-v1.webp"",""telephone"":""+34 640 559 468"",""email"":""info@rentalscooterbarcelona.com"",""priceRange"":""€4–€115"",""paymentAccepted"":""Kreditkort, betalkort, PayPal"",""currenciesAccepted"":""EUR"",""address"":{""@type"":""PostalAddress"",""streetAddress"":""Carrer de Salvador Espriu, 63"",""addressLocality"":""Barcelona"",""addressRegion"":""Catalonia"",""postalCode"":""08005"",""addressCountry"":""ES""},""geo"":{""@type"":""GeoCoordinates"",""latitude"":41.3906488,""longitude"":2.1984312},""hasMap"":""https://www.google.com/maps?cid=912877649802486634"",""areaServed"":[{""@type"":""City"",""name"":""Barcelona""},{""@type"":""Place"",""name"":""Vila Olímpica del Poblenou""},{""@type"":""Place"",""name"":""Port Olímpic""},{""@type"":""Place"",""name"":""Barceloneta-stranden""}],""openingHoursSpecification"":[{""@type"":""OpeningHoursSpecification"",""dayOfWeek"":[""Monday"",""Tuesday"",""Wednesday"",""Thursday"",""Friday"",""Saturday"",""Sunday""],""opens"":""10:30"",""closes"":""13:30""},{""@type"":""OpeningHoursSpecification"",""dayOfWeek"":[""Monday"",""Tuesday"",""Wednesday"",""Thursday"",""Friday"",""Saturday"",""Sunday""],""opens"":""16:30"",""closes"":""20:00""}],""contactPoint"":[{""@type"":""ContactPoint"",""telephone"":""+34 640 559 468"",""email"":""info@rentalscooterbarcelona.com"",""contactType"":""kundservice"",""areaServed"":""ES"",""availableLanguage"":[""en"",""es"",""ca"",""fr"",""it"",""de"",""nl"",""pt"",""sv"",""pl""]}],""sameAs"":[""https://www.google.com/maps?cid=912877649802486634"",""https://maps.apple.com/place?place-id=IA5C7938C1925731A&address=Carrer+de+Salvador+Espriu%2C+63%2C+08005+Barcelona%2C+Espa%C3%B1a&coordinate=41.3906488%2C2.1984312&name=Rental+Scooter&_provider=9902"",""https://www.bing.com/maps/search?style=r&q=RSB+Rental+Scooter+Barcelona%2C+Calle+de+Salvador+Espriu+63%2C+08005+Barcelona%2C+Catalu%C3%B1a%2C+Espa%C3%B1a&ss=id.local_ypid%3A%22YND84466019C726C1%22"",""https://www.facebook.com/rentalscooterbarcelona"",""https://www.instagram.com/rentalscooterbarcelona/"",""https://x.com/RSBscooterbarce"",""https://es.pinterest.com/rsbscooter/"",""https://www.tripadvisor.es/Attraction_Review-g187497-d7708978-Reviews-Rental_Scooter_Barcelona-Barcelona_Catalonia.html""]}"
SCOOTER,sv,"{""@type"":""LocalBusiness"",""@id"":""https://rentalscooterbarcelona.com/#business"",""sameAs"":[""https://www.google.com/maps?cid=912877649802486634"",""https://www.bing.com/maps/search?style=r&q=RSB+Rental+Scooter+Barcelona%2C+Calle+de+Salvador+Espriu+63%2C+08005+Barcelona%2C+Catalu%C3%B1a%2C+Espa%C3%B1a&ss=id.local_ypid%3A%22YND84466019C726C1%22""],""aggregateRating"":{""@type"":""AggregateRating"",""ratingValue"":""4.6"",""reviewCount"":226,""bestRating"":5,""worstRating"":1},""review"":[{""@id"":""https://rentalscooterbarcelona.com/sv/scooter/#google-review-1""},{""@id"":""https://rentalscooterbarcelona.com/sv/scooter/#google-review-2""},{""@id"":""https://rentalscooterbarcelona.com/sv/scooter/#google-review-3""},{""@id"":""https://rentalscooterbarcelona.com/sv/scooter/#google-review-4""},{""@id"":""https://rentalscooterbarcelona.com/sv/scooter/#google-review-5""},{""@id"":""https://rentalscooterbarcelona.com/sv/scooter/#google-review-6""}]}"
SCOOTER,pl,"{""@type"":""LocalBusiness"",""@id"":""https://rentalscooterbarcelona.com/#business"",""name"":""RSB Rental Scooter Barcelona"",""alternateName"":""RSB"",""url"":""https://rentalscooterbarcelona.com/"",""description"":""Lokalna wypożyczalnia w Vila Olímpica del Poblenou w Barcelonie, oferująca wynajem skuterów, rolek, rowerów, wrotek, deskorolek i longboardów naprzeciwko plaży i obok Port Olímpic."",""image"":[""https://rentalscooterbarcelona.com/images/rsb-rental-scooter-barcelona-shop-vila-olimpica.webp"",""https://rentalscooterbarcelona.com/images/rsb-barcelona-rental-shop-interior-inline-skates-bike-vila-olimpica-1200.webp""],""logo"":""https://rentalscooterbarcelona.com/images/rsb-barcelona-rental-logo-2-140-v1.webp"",""telephone"":""+34 640 559 468"",""email"":""info@rentalscooterbarcelona.com"",""priceRange"":""€4–€115"",""paymentAccepted"":""Karta kredytowa, karta debetowa, PayPal"",""currenciesAccepted"":""EUR"",""address"":{""@type"":""PostalAddress"",""streetAddress"":""Carrer de Salvador Espriu, 63"",""addressLocality"":""Barcelona"",""addressRegion"":""Catalonia"",""postalCode"":""08005"",""addressCountry"":""ES""},""geo"":{""@type"":""GeoCoordinates"",""latitude"":41.3906488,""longitude"":2.1984312},""hasMap"":""https://www.google.com/maps?cid=912877649802486634"",""areaServed"":[{""@type"":""City"",""name"":""Barcelona""},{""@type"":""Place"",""name"":""Vila Olímpica del Poblenou""},{""@type"":""Place"",""name"":""Port Olímpic""},{""@type"":""Place"",""name"":""plaża Barceloneta""}],""openingHoursSpecification"":[{""@type"":""OpeningHoursSpecification"",""dayOfWeek"":[""Monday"",""Tuesday"",""Wednesday"",""Thursday"",""Friday"",""Saturday"",""Sunday""],""opens"":""10:30"",""closes"":""13:30""},{""@type"":""OpeningHoursSpecification"",""dayOfWeek"":[""Monday"",""Tuesday"",""Wednesday"",""Thursday"",""Friday"",""Saturday"",""Sunday""],""opens"":""16:30"",""closes"":""20:00""}],""contactPoint"":[{""@type"":""ContactPoint"",""telephone"":""+34 640 559 468"",""email"":""info@rentalscooterbarcelona.com"",""contactType"":""obsługa klienta"",""areaServed"":""ES"",""availableLanguage"":[""en"",""es"",""ca"",""fr"",""it"",""de"",""nl"",""pt"",""sv"",""pl""]},{""@type"":""ContactPoint"",""telephone"":""+34 640 559 468"",""email"":""info@rentalscooterbarcelona.com"",""contactType"":""rezerwacja"",""areaServed"":""ES"",""availableLanguage"":[""en"",""es"",""ca"",""fr"",""it"",""de"",""nl"",""pt"",""sv"",""pl""]}],""sameAs"":[""https://www.facebook.com/rentalscooterbarcelona"",""https://www.instagram.com/rentalscooterbarcelona/"",""https://x.com/RSBscooterbarce"",""https://es.pinterest.com/rsbscooter/"",""https://www.tripadvisor.es/Attraction_Review-g187497-d7708978-Reviews-Rental_Scooter_Barcelona-Barcelona_Catalonia.html"",""https://www.google.com/maps?cid=912877649802486634"",""https://maps.apple.com/place?place-id=IA5C7938C1925731A&address=Carrer+de+Salvador+Espriu%2C+63%2C+08005+Barcelona%2C+Espa%C3%B1a&coordinate=41.3906488%2C2.1984312&name=Rental+Scooter&_provider=9902"",""https://www.bing.com/maps/search?style=r&q=RSB+Rental+Scooter+Barcelona%2C+Calle+de+Salvador+Espriu+63%2C+08005+Barcelona%2C+Catalu%C3%B1a%2C+Espa%C3%B1a&ss=id.local_ypid%3A%22YND84466019C726C1%22""],""brand"":{""@id"":""https://rentalscooterbarcelona.com/#organization""}}"
SCOOTER,pl,"{""@type"":""LocalBusiness"",""@id"":""https://rentalscooterbarcelona.com/#business"",""sameAs"":[""https://www.google.com/maps?cid=912877649802486634"",""https://www.bing.com/maps/search?style=r&q=RSB+Rental+Scooter+Barcelona%2C+Calle+de+Salvador+Espriu+63%2C+08005+Barcelona%2C+Catalu%C3%B1a%2C+Espa%C3%B1a&ss=id.local_ypid%3A%22YND84466019C726C1%22""],""aggregateRating"":{""@type"":""AggregateRating"",""ratingValue"":""4.6"",""reviewCount"":226,""bestRating"":5,""worstRating"":1},""review"":[{""@id"":""https://rentalscooterbarcelona.com/pl/scooter/#google-review-1""},{""@id"":""https://rentalscooterbarcelona.com/pl/scooter/#google-review-2""},{""@id"":""https://rentalscooterbarcelona.com/pl/scooter/#google-review-3""},{""@id"":""https://rentalscooterbarcelona.com/pl/scooter/#google-review-4""},{""@id"":""https://rentalscooterbarcelona.com/pl/scooter/#google-review-5""},{""@id"":""https://rentalscooterbarcelona.com/pl/scooter/#google-review-6""}]}"
ROLLERBLADES,en,"{""@type"":""LocalBusiness"",""@id"":""https://rentalscooterbarcelona.com/#business"",""aggregateRating"":{""@type"":""AggregateRating"",""ratingValue"":""4.6"",""reviewCount"":""226"",""bestRating"":""5"",""worstRating"":""1""},""name"":""RSB Rental Scooter Barcelona"",""alternateName"":""RSB"",""url"":""https://rentalscooterbarcelona.com/"",""description"":""Local rental shop in Vila Olímpica del Poblenou, Barcelona, offering scooter, inline skate, bike, roller skates, skateboard and longboard rentals near Barceloneta and Port Olímpic."",""image"":[""https://rentalscooterbarcelona.com/images/rsb-rental-scooter-barcelona-shop-vila-olimpica.webp"",""https://rentalscooterbarcelona.com/images/rsb-barcelona-rental-shop-interior-inline-skates-bike-vila-olimpica-1200.webp""],""logo"":""https://rentalscooterbarcelona.com/images/rsb-barcelona-rental-logo-2-140-v1.webp"",""telephone"":""+34 640 559 468"",""email"":""info@rentalscooterbarcelona.com"",""priceRange"":""€4–€115"",""paymentAccepted"":""Credit Card, Debit Card, PayPal"",""currenciesAccepted"":""EUR"",""address"":{""@type"":""PostalAddress"",""streetAddress"":""Carrer de Salvador Espriu, 63"",""addressLocality"":""Barcelona"",""addressRegion"":""Catalonia"",""postalCode"":""08005"",""addressCountry"":""ES""},""geo"":{""@type"":""GeoCoordinates"",""latitude"":41.3906488,""longitude"":2.1984312},""hasMap"":""https://www.google.com/maps?cid=912877649802486634"",""areaServed"":[{""@type"":""City"",""name"":""Barcelona""},{""@type"":""Place"",""name"":""Vila Olímpica del Poblenou""},{""@type"":""Place"",""name"":""Port Olímpic""},{""@type"":""Place"",""name"":""Barceloneta Beach""}],""openingHoursSpecification"":[{""@type"":""OpeningHoursSpecification"",""dayOfWeek"":[""Monday"",""Tuesday"",""Wednesday"",""Thursday"",""Friday"",""Saturday"",""Sunday""],""opens"":""10:30"",""closes"":""13:30""},{""@type"":""OpeningHoursSpecification"",""dayOfWeek"":[""Monday"",""Tuesday"",""Wednesday"",""Thursday"",""Friday"",""Saturday"",""Sunday""],""opens"":""16:30"",""closes"":""20:00""}],""contactPoint"":[{""@type"":""ContactPoint"",""telephone"":""+34 640 559 468"",""email"":""info@rentalscooterbarcelona.com"",""contactType"":""customer service"",""areaServed"":""ES"",""availableLanguage"":[""en"",""es"",""ca"",""fr"",""it"",""de"",""nl"",""pt"",""sv"",""pl""]},{""@type"":""ContactPoint"",""telephone"":""+34 640 559 468"",""email"":""info@rentalscooterbarcelona.com"",""contactType"":""booking"",""areaServed"":""ES"",""availableLanguage"":[""en"",""es"",""ca"",""fr"",""it"",""de"",""nl"",""pt"",""sv"",""pl""]}],""sameAs"":[""https://www.facebook.com/rentalscooterbarcelona"",""https://www.instagram.com/rentalscooterbarcelona/"",""https://x.com/RSBscooterbarce"",""https://es.pinterest.com/rsbscooter/"",""https://www.tripadvisor.es/Attraction_Review-g187497-d7708978-Reviews-Rental_Scooter_Barcelona-Barcelona_Catalonia.html"",""https://www.google.com/maps?cid=912877649802486634"",""https://maps.apple.com/place?place-id=IA5C7938C1925731A&address=Carrer+de+Salvador+Espriu%2C+63%2C+08005+Barcelona%2C+Espa%C3%B1a&coordinate=41.3906488%2C2.1984312&name=Rental+Scooter&_provider=9902"",""https://www.bing.com/maps/search?style=r&q=RSB+Rental+Scooter+Barcelona%2C+Calle+de+Salvador+Espriu+63%2C+08005+Barcelona%2C+Catalu%C3%B1a%2C+Espa%C3%B1a&ss=id.local_ypid%3A%22YND84466019C726C1%22""],""brand"":{""@id"":""https://rentalscooterbarcelona.com/#organization""}}"
ROLLERBLADES,es,"{""@type"":""LocalBusiness"",""@id"":""https://rentalscooterbarcelona.com/#business"",""aggregateRating"":{""@type"":""AggregateRating"",""ratingValue"":""4.6"",""reviewCount"":""226"",""bestRating"":""5"",""worstRating"":""1""},""brand"":{""@id"":""https://rentalscooterbarcelona.com/#organization""},""name"":""RSB Rental Scooter Barcelona"",""alternateName"":""RSB"",""url"":""https://rentalscooterbarcelona.com/"",""description"":""Tienda local de alquiler en Vila Olímpica del Poblenou, Barcelona, que ofrece alquiler de scooter, bicicletas, patines en línea, patines de 4 ruedas, skateboard y longboard cerca de Port Olímpic, la playa de la Barceloneta, Torre MAPFRE y Casino Barcelona. En los alquileres de patines en línea se incluyen casco infantil, muñequeras, rodilleras y coderas. Se ofrece consigna gratuita para el equipaje y recomendaciones de rutas locales."",""image"":[""https://rentalscooterbarcelona.com/images/rsb-rollerblades-rental-barcelona-hero-group-beach-1600-v1.webp"",""https://rentalscooterbarcelona.com/images/rsb-bike-rental-shop-olympic-village-barcelona.webp""],""logo"":""https://rentalscooterbarcelona.com/images/rsb-rental-scooter-barcelona-logo-horizontal-v1.webp"",""telephone"":""+34 640 559 468"",""email"":""info@rentalscooterbarcelona.com"",""priceRange"":""€4–€115"",""paymentAccepted"":""Tarjeta de crédito, tarjeta de débito, PayPal"",""currenciesAccepted"":""EUR"",""address"":{""@type"":""PostalAddress"",""streetAddress"":""Carrer de Salvador Espriu, 63"",""addressLocality"":""Barcelona"",""addressRegion"":""Catalonia"",""postalCode"":""08005"",""addressCountry"":""ES""},""geo"":{""@type"":""GeoCoordinates"",""latitude"":41.3906488,""longitude"":2.1984312},""hasMap"":""https://www.google.com/maps?cid=912877649802486634"",""areaServed"":[{""@type"":""City"",""name"":""Barcelona""},{""@type"":""Place"",""name"":""Vila Olímpica del Poblenou""},{""@type"":""Place"",""name"":""Port Olímpic""},{""@type"":""Place"",""name"":""Barceloneta Beach""}],""openingHoursSpecification"":[{""@type"":""OpeningHoursSpecification"",""dayOfWeek"":[""Monday"",""Tuesday"",""Wednesday"",""Thursday"",""Friday"",""Saturday"",""Sunday""],""opens"":""10:30"",""closes"":""13:30""},{""@type"":""OpeningHoursSpecification"",""dayOfWeek"":[""Monday"",""Tuesday"",""Wednesday"",""Thursday"",""Friday"",""Saturday"",""Sunday""],""opens"":""16:30"",""closes"":""20:00""}],""contactPoint"":[{""@type"":""ContactPoint"",""telephone"":""+34 640 559 468"",""email"":""info@rentalscooterbarcelona.com"",""contactType"":""customer service"",""areaServed"":""ES"",""availableLanguage"":[""en"",""es"",""ca"",""fr"",""it"",""de"",""nl"",""pt"",""sv"",""pl""]},{""@type"":""ContactPoint"",""telephone"":""+34 640 559 468"",""email"":""info@rentalscooterbarcelona.com"",""contactType"":""booking"",""areaServed"":""ES"",""availableLanguage"":[""en"",""es"",""ca"",""fr"",""it"",""de"",""nl"",""pt"",""sv"",""pl""]}],""sameAs"":[""https://www.google.com/maps?cid=912877649802486634"",""https://maps.apple.com/place?place-id=IA5C7938C1925731A&address=Carrer+de+Salvador+Espriu%2C+63%2C+08005+Barcelona%2C+Espa%C3%B1a&coordinate=41.3906488%2C2.1984312&name=Rental+Scooter&_provider=9902"",""https://www.bing.com/maps/search?style=r&q=RSB+Rental+Scooter+Barcelona%2C+Calle+de+Salvador+Espriu+63%2C+08005+Barcelona%2C+Catalu%C3%B1a%2C+Espa%C3%B1a&ss=id.local_ypid%3A%22YND84466019C726C1%22"",""https://www.facebook.com/rentalscooterbarcelona"",""https://www.instagram.com/rentalscooterbarcelona/"",""https://x.com/RSBscooterbarce"",""https://es.pinterest.com/rsbscooter/"",""https://www.tripadvisor.es/Attraction_Review-g187497-d7708978-Reviews-Rental_Scooter_Barcelona-Barcelona_Catalonia.html""]}"
ROLLERBLADES,fr,"{""@type"":""LocalBusiness"",""@id"":""https://rentalscooterbarcelona.com/#business"",""aggregateRating"":{""@type"":""AggregateRating"",""ratingValue"":""4.6"",""reviewCount"":""226"",""bestRating"":""5"",""worstRating"":""1""},""brand"":{""@id"":""https://rentalscooterbarcelona.com/#organization""},""name"":""RSB Rental Scooter Barcelona"",""alternateName"":""RSB"",""url"":""https://rentalscooterbarcelona.com/"",""description"":""Boutique locale de location à Vila Olímpica del Poblenou, Barcelone, qui propose la location de scooters, vélos, rollers en ligne, patins à roulettes, skateboards et longboards près de Port Olímpic, de la plage de la Barceloneta, de Torre MAPFRE et du Casino Barcelona. La location de rollers en ligne comprend un casque pour enfant, des protège-poignets, des genouillères et des coudières. Une consigne gratuite et des recommandations d’itinéraires locaux sont proposées."",""image"":[""https://rentalscooterbarcelona.com/images/rsb-rollerblades-rental-barcelona-hero-group-beach-1600-v1.webp"",""https://rentalscooterbarcelona.com/images/rsb-bike-rental-shop-olympic-village-barcelona.webp""],""logo"":""https://rentalscooterbarcelona.com/images/rsb-rental-scooter-barcelona-logo-horizontal-v1.webp"",""telephone"":""+34 640 559 468"",""email"":""info@rentalscooterbarcelona.com"",""priceRange"":""€4–€115"",""paymentAccepted"":""Carte de crédit, carte de débit, PayPal"",""currenciesAccepted"":""EUR"",""address"":{""@type"":""PostalAddress"",""streetAddress"":""Carrer de Salvador Espriu, 63"",""addressLocality"":""Barcelona"",""addressRegion"":""Catalonia"",""postalCode"":""08005"",""addressCountry"":""ES""},""geo"":{""@type"":""GeoCoordinates"",""latitude"":41.3906488,""longitude"":2.1984312},""hasMap"":""https://www.google.com/maps?cid=912877649802486634"",""areaServed"":[{""@type"":""City"",""name"":""Barcelona""},{""@type"":""Place"",""name"":""Vila Olímpica del Poblenou""},{""@type"":""Place"",""name"":""Port Olímpic""},{""@type"":""Place"",""name"":""Barceloneta Beach""}],""openingHoursSpecification"":[{""@type"":""OpeningHoursSpecification"",""dayOfWeek"":[""Monday"",""Tuesday"",""Wednesday"",""Thursday"",""Friday"",""Saturday"",""Sunday""],""opens"":""10:30"",""closes"":""13:30""},{""@type"":""OpeningHoursSpecification"",""dayOfWeek"":[""Monday"",""Tuesday"",""Wednesday"",""Thursday"",""Friday"",""Saturday"",""Sunday""],""opens"":""16:30"",""closes"":""20:00""}],""contactPoint"":[{""@type"":""ContactPoint"",""telephone"":""+34 640 559 468"",""email"":""info@rentalscooterbarcelona.com"",""contactType"":""service client"",""areaServed"":""ES"",""availableLanguage"":[""en"",""es"",""ca"",""fr"",""it"",""de"",""nl"",""pt"",""sv"",""pl""]}],""sameAs"":[""https://www.google.com/maps?cid=912877649802486634"",""https://maps.apple.com/place?place-id=IA5C7938C1925731A&address=Carrer+de+Salvador+Espriu%2C+63%2C+08005+Barcelona%2C+Espa%C3%B1a&coordinate=41.3906488%2C2.1984312&name=Rental+Scooter&_provider=9902"",""https://www.bing.com/maps/search?style=r&q=RSB+Rental+Scooter+Barcelona%2C+Calle+de+Salvador+Espriu+63%2C+08005+Barcelona%2C+Catalu%C3%B1a%2C+Espa%C3%B1a&ss=id.local_ypid%3A%22YND84466019C726C1%22"",""https://www.facebook.com/rentalscooterbarcelona"",""https://www.instagram.com/rentalscooterbarcelona/"",""https://x.com/RSBscooterbarce"",""https://es.pinterest.com/rsbscooter/"",""https://www.tripadvisor.es/Attraction_Review-g187497-d7708978-Reviews-Rental_Scooter_Barcelona-Barcelona_Catalonia.html""]}"
ROLLERBLADES,it,"{""@type"":""LocalBusiness"",""@id"":""https://rentalscooterbarcelona.com/#business"",""aggregateRating"":{""@type"":""AggregateRating"",""ratingValue"":""4.6"",""reviewCount"":""226"",""bestRating"":""5"",""worstRating"":""1""},""brand"":{""@id"":""https://rentalscooterbarcelona.com/#organization""},""name"":""RSB Rental Scooter Barcelona"",""alternateName"":""RSB"",""url"":""https://rentalscooterbarcelona.com/"",""description"":""Negozio locale di noleggio a Vila Olímpica del Poblenou, Barcellona, che offre noleggio di scooter, biciclette, pattini in linea, pattini a rotelle, skateboard e longboard vicino a Port Olímpic, alla spiaggia della Barceloneta, alla Torre MAPFRE e al Casino Barcelona. Casco per bambini, polsiere, ginocchiere e gomitiere sono inclusi con ogni noleggio di pattini in linea. Si offrono deposito bagagli gratuito e consigli su percorsi locali."",""image"":[""https://rentalscooterbarcelona.com/images/rsb-rollerblades-rental-barcelona-hero-group-beach-1600-v1.webp"",""https://rentalscooterbarcelona.com/images/rsb-bike-rental-shop-olympic-village-barcelona.webp""],""logo"":""https://rentalscooterbarcelona.com/images/rsb-rental-scooter-barcelona-logo-horizontal-v1.webp"",""telephone"":""+34 640 559 468"",""email"":""info@rentalscooterbarcelona.com"",""priceRange"":""€4–€115"",""paymentAccepted"":""Carta di credito, carta di debito, PayPal"",""currenciesAccepted"":""EUR"",""address"":{""@type"":""PostalAddress"",""streetAddress"":""Carrer de Salvador Espriu, 63"",""addressLocality"":""Barcelona"",""addressRegion"":""Catalonia"",""postalCode"":""08005"",""addressCountry"":""ES""},""geo"":{""@type"":""GeoCoordinates"",""latitude"":41.3906488,""longitude"":2.1984312},""hasMap"":""https://www.google.com/maps?cid=912877649802486634"",""areaServed"":[{""@type"":""City"",""name"":""Barcelona""},{""@type"":""Place"",""name"":""Vila Olímpica del Poblenou""},{""@type"":""Place"",""name"":""Port Olímpic""},{""@type"":""Place"",""name"":""Barceloneta Beach""}],""openingHoursSpecification"":[{""@type"":""OpeningHoursSpecification"",""dayOfWeek"":[""Monday"",""Tuesday"",""Wednesday"",""Thursday"",""Friday"",""Saturday"",""Sunday""],""opens"":""10:30"",""closes"":""13:30""},{""@type"":""OpeningHoursSpecification"",""dayOfWeek"":[""Monday"",""Tuesday"",""Wednesday"",""Thursday"",""Friday"",""Saturday"",""Sunday""],""opens"":""16:30"",""closes"":""20:00""}],""contactPoint"":[{""@type"":""ContactPoint"",""telephone"":""+34 640 559 468"",""email"":""info@rentalscooterbarcelona.com"",""contactType"":""servizio clienti"",""areaServed"":""ES"",""availableLanguage"":[""en"",""es"",""ca"",""fr"",""it"",""de"",""nl"",""pt"",""sv"",""pl""]}],""sameAs"":[""https://www.google.com/maps?cid=912877649802486634"",""https://maps.apple.com/place?place-id=IA5C7938C1925731A&address=Carrer+de+Salvador+Espriu%2C+63%2C+08005+Barcelona%2C+Espa%C3%B1a&coordinate=41.3906488%2C2.1984312&name=Rental+Scooter&_provider=9902"",""https://www.bing.com/maps/search?style=r&q=RSB+Rental+Scooter+Barcelona%2C+Calle+de+Salvador+Espriu+63%2C+08005+Barcelona%2C+Catalu%C3%B1a%2C+Espa%C3%B1a&ss=id.local_ypid%3A%22YND84466019C726C1%22"",""https://www.facebook.com/rentalscooterbarcelona"",""https://www.instagram.com/rentalscooterbarcelona/"",""https://x.com/RSBscooterbarce"",""https://es.pinterest.com/rsbscooter/"",""https://www.tripadvisor.es/Attraction_Review-g187497-d7708978-Reviews-Rental_Scooter_Barcelona-Barcelona_Catalonia.html""]}"
ROLLERBLADES,de,"{""@type"":""LocalBusiness"",""@id"":""https://rentalscooterbarcelona.com/#business"",""aggregateRating"":{""@type"":""AggregateRating"",""ratingValue"":""4.6"",""reviewCount"":""226"",""bestRating"":""5"",""worstRating"":""1""},""brand"":{""@id"":""https://rentalscooterbarcelona.com/#organization""},""name"":""RSB Rental Scooter Barcelona"",""alternateName"":""RSB"",""url"":""https://rentalscooterbarcelona.com/"",""description"":""Lokaler Verleih in Vila Olímpica del Poblenou, Barcelona, mit Scooter-, Fahrrad-, Inlineskates-, Rollschuh-, Skateboard- und Longboard-Verleih in der Nähe von Port Olímpic, dem Strand von Barceloneta, Torre MAPFRE und Casino Barcelona. Bei der Miete von Inline-Skates sind Kinderhelm, Handgelenkschoner, Knieschoner und Ellbogenschoner inklusive. Kostenlose Gepäckaufbewahrung und lokale Routentipps werden angeboten."",""image"":[""https://rentalscooterbarcelona.com/images/rsb-rollerblades-rental-barcelona-hero-v1-1200.webp"",""https://rentalscooterbarcelona.com/images/rsb-rollerblades-rental-barcelona-hero-group-beach-1600-v1.webp"",""https://rentalscooterbarcelona.com/images/rsb-bike-rental-shop-olympic-village-barcelona.webp""],""logo"":""https://rentalscooterbarcelona.com/images/rsb-rental-scooter-barcelona-logo-horizontal-v1.webp"",""telephone"":""+34 640 559 468"",""email"":""info@rentalscooterbarcelona.com"",""priceRange"":""€4–€115"",""paymentAccepted"":""Kreditkarte, Debitkarte, PayPal"",""currenciesAccepted"":""EUR"",""address"":{""@type"":""PostalAddress"",""streetAddress"":""Carrer de Salvador Espriu, 63"",""addressLocality"":""Barcelona"",""addressRegion"":""Catalonia"",""postalCode"":""08005"",""addressCountry"":""ES""},""geo"":{""@type"":""GeoCoordinates"",""latitude"":41.3906488,""longitude"":2.1984312},""hasMap"":""https://www.google.com/maps?cid=912877649802486634"",""areaServed"":[{""@type"":""City"",""name"":""Barcelona""},{""@type"":""Place"",""name"":""Vila Olímpica del Poblenou""},{""@type"":""Place"",""name"":""Port Olímpic""},{""@type"":""Place"",""name"":""Strand von Barceloneta""}],""openingHoursSpecification"":[{""@type"":""OpeningHoursSpecification"",""dayOfWeek"":[""Monday"",""Tuesday"",""Wednesday"",""Thursday"",""Friday"",""Saturday"",""Sunday""],""opens"":""10:30"",""closes"":""13:30""},{""@type"":""OpeningHoursSpecification"",""dayOfWeek"":[""Monday"",""Tuesday"",""Wednesday"",""Thursday"",""Friday"",""Saturday"",""Sunday""],""opens"":""16:30"",""closes"":""20:00""}],""contactPoint"":[{""@type"":""ContactPoint"",""telephone"":""+34 640 559 468"",""email"":""info@rentalscooterbarcelona.com"",""contactType"":""kundendienst"",""areaServed"":""ES"",""availableLanguage"":[""en"",""es"",""ca"",""fr"",""it"",""de"",""nl"",""pt"",""sv"",""pl""]}],""sameAs"":[""https://www.google.com/maps?cid=912877649802486634"",""https://maps.apple.com/place?place-id=IA5C7938C1925731A&address=Carrer+de+Salvador+Espriu%2C+63%2C+08005+Barcelona%2C+Espa%C3%B1a&coordinate=41.3906488%2C2.1984312&name=Rental+Scooter&_provider=9902"",""https://www.bing.com/maps/search?style=r&q=RSB+Rental+Scooter+Barcelona%2C+Calle+de+Salvador+Espriu+63%2C+08005+Barcelona%2C+Catalu%C3%B1a%2C+Espa%C3%B1a&ss=id.local_ypid%3A%22YND84466019C726C1%22"",""https://www.facebook.com/rentalscooterbarcelona"",""https://www.instagram.com/rentalscooterbarcelona/"",""https://x.com/RSBscooterbarce"",""https://es.pinterest.com/rsbscooter/"",""https://www.tripadvisor.es/Attraction_Review-g187497-d7708978-Reviews-Rental_Scooter_Barcelona-Barcelona_Catalonia.html""]}"
ROLLERBLADES,nl,"{""@type"":""LocalBusiness"",""@id"":""https://rentalscooterbarcelona.com/#business"",""aggregateRating"":{""@type"":""AggregateRating"",""ratingValue"":""4.6"",""reviewCount"":""226"",""bestRating"":""5"",""worstRating"":""1""},""brand"":{""@id"":""https://rentalscooterbarcelona.com/#organization""},""name"":""RSB Rental Scooter Barcelona"",""alternateName"":""RSB"",""url"":""https://rentalscooterbarcelona.com/"",""description"":""Lokale verhuurwinkel in Vila Olímpica del Poblenou, Barcelona, met verhuur van scooters, fietsen, inline skates, rolschaatsen, skateboards en longboards vlak bij Port Olímpic, het strand van Barceloneta, Torre MAPFRE en Casino Barcelona. Bij de huur van inline skates zijn een kinderhelm, polsbeschermers, kniebeschermers en elleboogbeschermers inbegrepen. Gratis bagageopslag en lokale route-aanbevelingen worden aangeboden."",""image"":[""https://rentalscooterbarcelona.com/images/rsb-rollerblades-rental-barcelona-hero-group-beach-1600-v1.webp"",""https://rentalscooterbarcelona.com/images/rsb-bike-rental-shop-olympic-village-barcelona.webp""],""logo"":""https://rentalscooterbarcelona.com/images/rsb-rental-scooter-barcelona-logo-horizontal-v1.webp"",""telephone"":""+34 640 559 468"",""email"":""info@rentalscooterbarcelona.com"",""priceRange"":""€4–€115"",""paymentAccepted"":""Creditcard, betaalkaart, PayPal"",""currenciesAccepted"":""EUR"",""address"":{""@type"":""PostalAddress"",""streetAddress"":""Carrer de Salvador Espriu, 63"",""addressLocality"":""Barcelona"",""addressRegion"":""Catalonia"",""postalCode"":""08005"",""addressCountry"":""ES""},""geo"":{""@type"":""GeoCoordinates"",""latitude"":41.3906488,""longitude"":2.1984312},""hasMap"":""https://www.google.com/maps?cid=912877649802486634"",""areaServed"":[{""@type"":""City"",""name"":""Barcelona""},{""@type"":""Place"",""name"":""Vila Olímpica del Poblenou""},{""@type"":""Place"",""name"":""Port Olímpic""},{""@type"":""Place"",""name"":""Barceloneta Beach""}],""openingHoursSpecification"":[{""@type"":""OpeningHoursSpecification"",""dayOfWeek"":[""Monday"",""Tuesday"",""Wednesday"",""Thursday"",""Friday"",""Saturday"",""Sunday""],""opens"":""10:30"",""closes"":""13:30""},{""@type"":""OpeningHoursSpecification"",""dayOfWeek"":[""Monday"",""Tuesday"",""Wednesday"",""Thursday"",""Friday"",""Saturday"",""Sunday""],""opens"":""16:30"",""closes"":""20:00""}],""contactPoint"":[{""@type"":""ContactPoint"",""telephone"":""+34 640 559 468"",""email"":""info@rentalscooterbarcelona.com"",""contactType"":""klantenservice"",""areaServed"":""ES"",""availableLanguage"":[""en"",""es"",""ca"",""fr"",""it"",""de"",""nl"",""pt"",""sv"",""pl""]}],""sameAs"":[""https://www.google.com/maps?cid=912877649802486634"",""https://maps.apple.com/place?place-id=IA5C7938C1925731A&address=Carrer+de+Salvador+Espriu%2C+63%2C+08005+Barcelona%2C+Espa%C3%B1a&coordinate=41.3906488%2C2.1984312&name=Rental+Scooter&_provider=9902"",""https://www.bing.com/maps/search?style=r&q=RSB+Rental+Scooter+Barcelona%2C+Calle+de+Salvador+Espriu+63%2C+08005+Barcelona%2C+Catalu%C3%B1a%2C+Espa%C3%B1a&ss=id.local_ypid%3A%22YND84466019C726C1%22"",""https://www.facebook.com/rentalscooterbarcelona"",""https://www.instagram.com/rentalscooterbarcelona/"",""https://x.com/RSBscooterbarce"",""https://es.pinterest.com/rsbscooter/"",""https://www.tripadvisor.es/Attraction_Review-g187497-d7708978-Reviews-Rental_Scooter_Barcelona-Barcelona_Catalonia.html""]}"
ROLLERBLADES,pt,"{""@type"":""LocalBusiness"",""@id"":""https://rentalscooterbarcelona.com/#business"",""aggregateRating"":{""@type"":""AggregateRating"",""ratingValue"":""4.6"",""reviewCount"":""226"",""bestRating"":""5"",""worstRating"":""1""},""brand"":{""@id"":""https://rentalscooterbarcelona.com/#organization""},""name"":""RSB Rental Scooter Barcelona"",""alternateName"":""RSB"",""url"":""https://rentalscooterbarcelona.com/"",""description"":""Loja local de aluguer em Vila Olímpica del Poblenou, Barcelona, que oferece aluguer de scooters, bicicletas, patins em linha, patins de 4 rodas, skateboards e longboards perto de Port Olímpic, da praia da Barceloneta, da Torre MAPFRE e do Casino Barcelona. Nos alugueres de patins em linha estão incluídos capacete infantil, proteções de pulso, joelheiras e cotoveleiras. Está disponível um serviço gratuito de guarda de bagagem, além de recomendações de rotas locais."",""image"":[""https://rentalscooterbarcelona.com/images/rsb-rollerblades-rental-barcelona-hero-group-beach-1600-v1.webp"",""https://rentalscooterbarcelona.com/images/rsb-bike-rental-shop-olympic-village-barcelona.webp""],""logo"":""https://rentalscooterbarcelona.com/images/rsb-rental-scooter-barcelona-logo-horizontal-v1.webp"",""telephone"":""+34 640 559 468"",""email"":""info@rentalscooterbarcelona.com"",""priceRange"":""€4–€115"",""paymentAccepted"":""Cartão de crédito, cartão de débito, PayPal"",""currenciesAccepted"":""EUR"",""address"":{""@type"":""PostalAddress"",""streetAddress"":""Carrer de Salvador Espriu, 63"",""addressLocality"":""Barcelona"",""addressRegion"":""Catalonia"",""postalCode"":""08005"",""addressCountry"":""ES""},""geo"":{""@type"":""GeoCoordinates"",""latitude"":41.3906488,""longitude"":2.1984312},""hasMap"":""https://www.google.com/maps?cid=912877649802486634"",""areaServed"":[{""@type"":""City"",""name"":""Barcelona""},{""@type"":""Place"",""name"":""Vila Olímpica del Poblenou""},{""@type"":""Place"",""name"":""Port Olímpic""},{""@type"":""Place"",""name"":""Barceloneta Beach""}],""openingHoursSpecification"":[{""@type"":""OpeningHoursSpecification"",""dayOfWeek"":[""Monday"",""Tuesday"",""Wednesday"",""Thursday"",""Friday"",""Saturday"",""Sunday""],""opens"":""10:30"",""closes"":""13:30""},{""@type"":""OpeningHoursSpecification"",""dayOfWeek"":[""Monday"",""Tuesday"",""Wednesday"",""Thursday"",""Friday"",""Saturday"",""Sunday""],""opens"":""16:30"",""closes"":""20:00""}],""contactPoint"":[{""@type"":""ContactPoint"",""telephone"":""+34 640 559 468"",""email"":""info@rentalscooterbarcelona.com"",""contactType"":""apoio ao cliente"",""areaServed"":""ES"",""availableLanguage"":[""en"",""es"",""ca"",""fr"",""it"",""de"",""nl"",""pt"",""sv"",""pl""]}],""sameAs"":[""https://www.google.com/maps?cid=912877649802486634"",""https://maps.apple.com/place?place-id=IA5C7938C1925731A&address=Carrer+de+Salvador+Espriu%2C+63%2C+08005+Barcelona%2C+Espa%C3%B1a&coordinate=41.3906488%2C2.1984312&name=Rental+Scooter&_provider=9902"",""https://www.bing.com/maps/search?style=r&q=RSB+Rental+Scooter+Barcelona%2C+Calle+de+Salvador+Espriu+63%2C+08005+Barcelona%2C+Catalu%C3%B1a%2C+Espa%C3%B1a&ss=id.local_ypid%3A%22YND84466019C726C1%22"",""https://www.facebook.com/rentalscooterbarcelona"",""https://www.instagram.com/rentalscooterbarcelona/"",""https://x.com/RSBscooterbarce"",""https://es.pinterest.com/rsbscooter/"",""https://www.tripadvisor.es/Attraction_Review-g187497-d7708978-Reviews-Rental_Scooter_Barcelona-Barcelona_Catalonia.html""]}"
ROLLERBLADES,ca,"{""@type"":""LocalBusiness"",""@id"":""https://rentalscooterbarcelona.com/#business"",""aggregateRating"":{""@type"":""AggregateRating"",""ratingValue"":""4.6"",""reviewCount"":""226"",""bestRating"":""5"",""worstRating"":""1""},""brand"":{""@id"":""https://rentalscooterbarcelona.com/#organization""},""name"":""RSB Rental Scooter Barcelona"",""alternateName"":""RSB"",""url"":""https://rentalscooterbarcelona.com/"",""description"":""Botiga local de lloguer a Vila Olímpica del Poblenou, Barcelona, que ofereix lloguer de scooter, bicicletes, patins en línia, patins de 4 rodes, skateboard i longboard a prop de Port Olímpic, la platja de la Barceloneta, Torre MAPFRE i Casino Barcelona. Amb el lloguer de patins en línia s’inclouen casc infantil, canelleres, genolleres i colzeres. S’ofereix servei gratuït de guarda d’equipatge i recomanacions de rutes locals."",""image"":[""https://rentalscooterbarcelona.com/images/rsb-rollerblades-rental-barcelona-hero-group-beach-1600-v1.webp"",""https://rentalscooterbarcelona.com/images/rsb-bike-rental-shop-olympic-village-barcelona.webp""],""logo"":""https://rentalscooterbarcelona.com/images/rsb-rental-scooter-barcelona-logo-horizontal-v1.webp"",""telephone"":""+34 640 559 468"",""email"":""info@rentalscooterbarcelona.com"",""priceRange"":""€4–€115"",""paymentAccepted"":""Targeta de crèdit, targeta de dèbit, PayPal"",""currenciesAccepted"":""EUR"",""address"":{""@type"":""PostalAddress"",""streetAddress"":""Carrer de Salvador Espriu, 63"",""addressLocality"":""Barcelona"",""addressRegion"":""Catalonia"",""postalCode"":""08005"",""addressCountry"":""ES""},""geo"":{""@type"":""GeoCoordinates"",""latitude"":41.3906488,""longitude"":2.1984312},""hasMap"":""https://www.google.com/maps?cid=912877649802486634"",""areaServed"":[{""@type"":""City"",""name"":""Barcelona""},{""@type"":""Place"",""name"":""Vila Olímpica del Poblenou""},{""@type"":""Place"",""name"":""Port Olímpic""},{""@type"":""Place"",""name"":""Barceloneta Beach""}],""openingHoursSpecification"":[{""@type"":""OpeningHoursSpecification"",""dayOfWeek"":[""Monday"",""Tuesday"",""Wednesday"",""Thursday"",""Friday"",""Saturday"",""Sunday""],""opens"":""10:30"",""closes"":""13:30""},{""@type"":""OpeningHoursSpecification"",""dayOfWeek"":[""Monday"",""Tuesday"",""Wednesday"",""Thursday"",""Friday"",""Saturday"",""Sunday""],""opens"":""16:30"",""closes"":""20:00""}],""contactPoint"":[{""@type"":""ContactPoint"",""telephone"":""+34 640 559 468"",""email"":""info@rentalscooterbarcelona.com"",""contactType"":""atenció al client"",""areaServed"":""ES"",""availableLanguage"":[""en"",""es"",""ca"",""fr"",""it"",""de"",""nl"",""pt"",""sv"",""pl""]}],""sameAs"":[""https://www.google.com/maps?cid=912877649802486634"",""https://maps.apple.com/place?place-id=IA5C7938C1925731A&address=Carrer+de+Salvador+Espriu%2C+63%2C+08005+Barcelona%2C+Espa%C3%B1a&coordinate=41.3906488%2C2.1984312&name=Rental+Scooter&_provider=9902"",""https://www.bing.com/maps/search?style=r&q=RSB+Rental+Scooter+Barcelona%2C+Calle+de+Salvador+Espriu+63%2C+08005+Barcelona%2C+Catalu%C3%B1a%2C+Espa%C3%B1a&ss=id.local_ypid%3A%22YND84466019C726C1%22"",""https://www.facebook.com/rentalscooterbarcelona"",""https://www.instagram.com/rentalscooterbarcelona/"",""https://x.com/RSBscooterbarce"",""https://es.pinterest.com/rsbscooter/"",""https://www.tripadvisor.es/Attraction_Review-g187497-d7708978-Reviews-Rental_Scooter_Barcelona-Barcelona_Catalonia.html""]}"
ROLLERBLADES,sv,"{""@type"":""LocalBusiness"",""@id"":""https://rentalscooterbarcelona.com/#business"",""aggregateRating"":{""@type"":""AggregateRating"",""ratingValue"":""4.6"",""reviewCount"":""226"",""bestRating"":""5"",""worstRating"":""1""},""brand"":{""@id"":""https://rentalscooterbarcelona.com/#organization""},""name"":""RSB Rental Scooter Barcelona"",""alternateName"":""RSB"",""url"":""https://rentalscooterbarcelona.com/"",""description"":""Lokal uthyrningsbutik i Vila Olímpica del Poblenou i Barcelona som erbjuder uthyrning av scootrar, cyklar, inlines, rullskridskor, skateboards och longboards nära Port Olímpic, Barceloneta-stranden, Torre MAPFRE och Casino Barcelona. Vid hyra av inlines ingår barnhjälm, handledsskydd, knäskydd och armbågsskydd. Gratis bagageförvaring och lokala ruttips erbjuds."",""image"":[""https://rentalscooterbarcelona.com/images/rsb-rollerblades-rental-barcelona-hero-group-beach-1600-v1.webp"",""https://rentalscooterbarcelona.com/images/rsb-bike-rental-shop-olympic-village-barcelona.webp""],""logo"":""https://rentalscooterbarcelona.com/images/rsb-rental-scooter-barcelona-logo-horizontal-v1.webp"",""telephone"":""+34 640 559 468"",""email"":""info@rentalscooterbarcelona.com"",""priceRange"":""€4–€115"",""paymentAccepted"":""Kreditkort, betalkort, PayPal"",""currenciesAccepted"":""EUR"",""address"":{""@type"":""PostalAddress"",""streetAddress"":""Carrer de Salvador Espriu, 63"",""addressLocality"":""Barcelona"",""addressRegion"":""Catalonia"",""postalCode"":""08005"",""addressCountry"":""ES""},""geo"":{""@type"":""GeoCoordinates"",""latitude"":41.3906488,""longitude"":2.1984312},""hasMap"":""https://www.google.com/maps?cid=912877649802486634"",""areaServed"":[{""@type"":""City"",""name"":""Barcelona""},{""@type"":""Place"",""name"":""Vila Olímpica del Poblenou""},{""@type"":""Place"",""name"":""Port Olímpic""},{""@type"":""Place"",""name"":""Barceloneta-stranden""}],""openingHoursSpecification"":[{""@type"":""OpeningHoursSpecification"",""dayOfWeek"":[""Monday"",""Tuesday"",""Wednesday"",""Thursday"",""Friday"",""Saturday"",""Sunday""],""opens"":""10:30"",""closes"":""13:30""},{""@type"":""OpeningHoursSpecification"",""dayOfWeek"":[""Monday"",""Tuesday"",""Wednesday"",""Thursday"",""Friday"",""Saturday"",""Sunday""],""opens"":""16:30"",""closes"":""20:00""}],""contactPoint"":[{""@type"":""ContactPoint"",""telephone"":""+34 640 559 468"",""email"":""info@rentalscooterbarcelona.com"",""contactType"":""kundservice"",""areaServed"":""ES"",""availableLanguage"":[""en"",""es"",""ca"",""fr"",""it"",""de"",""nl"",""pt"",""sv"",""pl""]}],""sameAs"":[""https://www.google.com/maps?cid=912877649802486634"",""https://maps.apple.com/place?place-id=IA5C7938C1925731A&address=Carrer+de+Salvador+Espriu%2C+63%2C+08005+Barcelona%2C+Espa%C3%B1a&coordinate=41.3906488%2C2.1984312&name=Rental+Scooter&_provider=9902"",""https://www.bing.com/maps/search?style=r&q=RSB+Rental+Scooter+Barcelona%2C+Calle+de+Salvador+Espriu+63%2C+08005+Barcelona%2C+Catalu%C3%B1a%2C+Espa%C3%B1a&ss=id.local_ypid%3A%22YND84466019C726C1%22"",""https://www.facebook.com/rentalscooterbarcelona"",""https://www.instagram.com/rentalscooterbarcelona/"",""https://x.com/RSBscooterbarce"",""https://es.pinterest.com/rsbscooter/"",""https://www.tripadvisor.es/Attraction_Review-g187497-d7708978-Reviews-Rental_Scooter_Barcelona-Barcelona_Catalonia.html""]}"
ROLLERBLADES,pl,"{""@type"":""LocalBusiness"",""@id"":""https://rentalscooterbarcelona.com/#business"",""aggregateRating"":{""@type"":""AggregateRating"",""ratingValue"":""4.6"",""reviewCount"":""226"",""bestRating"":""5"",""worstRating"":""1""},""name"":""RSB Rental Scooter Barcelona"",""alternateName"":""RSB"",""url"":""https://rentalscooterbarcelona.com/"",""description"":""Lokalna wypożyczalnia w Vila Olímpica del Poblenou w Barcelonie, oferująca wynajem skuterów, rolek, rowerów, wrotek, deskorolek i longboardów naprzeciwko plaży i obok Port Olímpic."",""image"":[""https://rentalscooterbarcelona.com/images/rsb-rental-scooter-barcelona-shop-vila-olimpica.webp"",""https://rentalscooterbarcelona.com/images/rsb-barcelona-rental-shop-interior-inline-skates-bike-vila-olimpica-1200.webp""],""logo"":""https://rentalscooterbarcelona.com/images/rsb-barcelona-rental-logo-2-140-v1.webp"",""telephone"":""+34 640 559 468"",""email"":""info@rentalscooterbarcelona.com"",""priceRange"":""€4–€115"",""paymentAccepted"":""Karta kredytowa, karta debetowa, PayPal"",""currenciesAccepted"":""EUR"",""address"":{""@type"":""PostalAddress"",""streetAddress"":""Carrer de Salvador Espriu, 63"",""addressLocality"":""Barcelona"",""addressRegion"":""Catalonia"",""postalCode"":""08005"",""addressCountry"":""ES""},""geo"":{""@type"":""GeoCoordinates"",""latitude"":41.3906488,""longitude"":2.1984312},""hasMap"":""https://www.google.com/maps?cid=912877649802486634"",""areaServed"":[{""@type"":""City"",""name"":""Barcelona""},{""@type"":""Place"",""name"":""Vila Olímpica del Poblenou""},{""@type"":""Place"",""name"":""Port Olímpic""},{""@type"":""Place"",""name"":""plaża Barceloneta""}],""openingHoursSpecification"":[{""@type"":""OpeningHoursSpecification"",""dayOfWeek"":[""Monday"",""Tuesday"",""Wednesday"",""Thursday"",""Friday"",""Saturday"",""Sunday""],""opens"":""10:30"",""closes"":""13:30""},{""@type"":""OpeningHoursSpecification"",""dayOfWeek"":[""Monday"",""Tuesday"",""Wednesday"",""Thursday"",""Friday"",""Saturday"",""Sunday""],""opens"":""16:30"",""closes"":""20:00""}],""contactPoint"":[{""@type"":""ContactPoint"",""telephone"":""+34 640 559 468"",""email"":""info@rentalscooterbarcelona.com"",""contactType"":""obsługa klienta"",""areaServed"":""ES"",""availableLanguage"":[""en"",""es"",""ca"",""fr"",""it"",""de"",""nl"",""pt"",""sv"",""pl""]},{""@type"":""ContactPoint"",""telephone"":""+34 640 559 468"",""email"":""info@rentalscooterbarcelona.com"",""contactType"":""rezerwacja"",""areaServed"":""ES"",""availableLanguage"":[""en"",""es"",""ca"",""fr"",""it"",""de"",""nl"",""pt"",""sv"",""pl""]}],""sameAs"":[""https://www.facebook.com/rentalscooterbarcelona"",""https://www.instagram.com/rentalscooterbarcelona/"",""https://x.com/RSBscooterbarce"",""https://es.pinterest.com/rsbscooter/"",""https://www.tripadvisor.es/Attraction_Review-g187497-d7708978-Reviews-Rental_Scooter_Barcelona-Barcelona_Catalonia.html"",""https://www.google.com/maps?cid=912877649802486634"",""https://maps.apple.com/place?place-id=IA5C7938C1925731A&address=Carrer+de+Salvador+Espriu%2C+63%2C+08005+Barcelona%2C+Espa%C3%B1a&coordinate=41.3906488%2C2.1984312&name=Rental+Scooter&_provider=9902"",""https://www.bing.com/maps/search?style=r&q=RSB+Rental+Scooter+Barcelona%2C+Calle+de+Salvador+Espriu+63%2C+08005+Barcelona%2C+Catalu%C3%B1a%2C+Espa%C3%B1a&ss=id.local_ypid%3A%22YND84466019C726C1%22""],""brand"":{""@id"":""https://rentalscooterbarcelona.com/#organization""}}"
