grupo,idioma,bloque,ruta,oferta_completa
PRICES,en,1,$.@graph[5].itemListElement[0].itemListElement[0],"{""@type"":""Offer"",""businessFunction"":""http://purl.org/goodrelations/v1#LeaseOut"",""name"":""Full day"",""price"":""35"",""priceCurrency"":""EUR"",""url"":""https://rentalscooterbarcelona.com/scooter/"",""itemOffered"":{""@type"":""Service"",""name"":""Scooter rental"",""serviceType"":""Scooter rental""},""availability"":""https://schema.org/InStock""}"
PRICES,en,1,$.@graph[5].itemListElement[0].itemListElement[1],"{""@type"":""Offer"",""businessFunction"":""http://purl.org/goodrelations/v1#LeaseOut"",""name"":""24 hours"",""price"":""40"",""priceCurrency"":""EUR"",""url"":""https://rentalscooterbarcelona.com/scooter/"",""itemOffered"":{""@type"":""Service"",""name"":""Scooter rental"",""serviceType"":""Scooter rental""},""availability"":""https://schema.org/InStock""}"
PRICES,en,1,$.@graph[5].itemListElement[0].itemListElement[2],"{""@type"":""Offer"",""businessFunction"":""http://purl.org/goodrelations/v1#LeaseOut"",""name"":""2 days"",""price"":""80"",""priceCurrency"":""EUR"",""url"":""https://rentalscooterbarcelona.com/scooter/"",""itemOffered"":{""@type"":""Service"",""name"":""Scooter rental"",""serviceType"":""Scooter rental""},""availability"":""https://schema.org/InStock""}"
PRICES,en,1,$.@graph[5].itemListElement[0].itemListElement[3],"{""@type"":""Offer"",""businessFunction"":""http://purl.org/goodrelations/v1#LeaseOut"",""name"":""3 days"",""price"":""115"",""priceCurrency"":""EUR"",""url"":""https://rentalscooterbarcelona.com/scooter/"",""itemOffered"":{""@type"":""Service"",""name"":""Scooter rental"",""serviceType"":""Scooter rental""},""availability"":""https://schema.org/InStock""}"
PRICES,en,1,$.@graph[5].itemListElement[0].itemListElement[4],"{""@type"":""Offer"",""businessFunction"":""http://purl.org/goodrelations/v1#LeaseOut"",""name"":""Extra day"",""price"":""30"",""priceCurrency"":""EUR"",""url"":""https://rentalscooterbarcelona.com/scooter/"",""itemOffered"":{""@type"":""Service"",""name"":""Scooter rental"",""serviceType"":""Scooter rental""},""availability"":""https://schema.org/InStock""}"
PRICES,en,1,$.@graph[5].itemListElement[1].itemListElement[0],"{""@type"":""Offer"",""businessFunction"":""http://purl.org/goodrelations/v1#LeaseOut"",""name"":""1 hour"",""price"":""6"",""priceCurrency"":""EUR"",""url"":""https://rentalscooterbarcelona.com/rollerblades/"",""itemOffered"":{""@type"":""Service"",""name"":""Inline skates rental"",""serviceType"":""Inline skates rental""},""availability"":""https://schema.org/InStock""}"
PRICES,en,1,$.@graph[5].itemListElement[1].itemListElement[1],"{""@type"":""Offer"",""businessFunction"":""http://purl.org/goodrelations/v1#LeaseOut"",""name"":""2 hours"",""price"":""12"",""priceCurrency"":""EUR"",""url"":""https://rentalscooterbarcelona.com/rollerblades/"",""itemOffered"":{""@type"":""Service"",""name"":""Inline skates rental"",""serviceType"":""Inline skates rental""},""availability"":""https://schema.org/InStock""}"
PRICES,en,1,$.@graph[5].itemListElement[1].itemListElement[2],"{""@type"":""Offer"",""businessFunction"":""http://purl.org/goodrelations/v1#LeaseOut"",""name"":""3 hours"",""price"":""15"",""priceCurrency"":""EUR"",""url"":""https://rentalscooterbarcelona.com/rollerblades/"",""itemOffered"":{""@type"":""Service"",""name"":""Inline skates rental"",""serviceType"":""Inline skates rental""},""availability"":""https://schema.org/InStock""}"
PRICES,en,1,$.@graph[5].itemListElement[1].itemListElement[3],"{""@type"":""Offer"",""businessFunction"":""http://purl.org/goodrelations/v1#LeaseOut"",""name"":""Full day"",""price"":""18"",""priceCurrency"":""EUR"",""url"":""https://rentalscooterbarcelona.com/rollerblades/"",""itemOffered"":{""@type"":""Service"",""name"":""Inline skates rental"",""serviceType"":""Inline skates rental""},""availability"":""https://schema.org/InStock""}"
PRICES,en,1,$.@graph[5].itemListElement[1].itemListElement[4],"{""@type"":""Offer"",""businessFunction"":""http://purl.org/goodrelations/v1#LeaseOut"",""name"":""24 hours"",""price"":""20"",""priceCurrency"":""EUR"",""url"":""https://rentalscooterbarcelona.com/rollerblades/"",""itemOffered"":{""@type"":""Service"",""name"":""Inline skates rental"",""serviceType"":""Inline skates rental""},""availability"":""https://schema.org/InStock""}"
PRICES,en,1,$.@graph[5].itemListElement[1].itemListElement[5],"{""@type"":""Offer"",""businessFunction"":""http://purl.org/goodrelations/v1#LeaseOut"",""name"":""Extra day"",""price"":""10"",""priceCurrency"":""EUR"",""url"":""https://rentalscooterbarcelona.com/rollerblades/"",""itemOffered"":{""@type"":""Service"",""name"":""Inline skates rental"",""serviceType"":""Inline skates rental""},""availability"":""https://schema.org/InStock""}"
PRICES,en,1,$.@graph[5].itemListElement[2].itemListElement[0],"{""@type"":""Offer"",""businessFunction"":""http://purl.org/goodrelations/v1#LeaseOut"",""name"":""1 hour"",""price"":""6"",""priceCurrency"":""EUR"",""url"":""https://rentalscooterbarcelona.com/quads/"",""itemOffered"":{""@type"":""Service"",""name"":""Roller skate rental"",""serviceType"":""Roller skate rental""},""availability"":""https://schema.org/InStock""}"
PRICES,en,1,$.@graph[5].itemListElement[2].itemListElement[1],"{""@type"":""Offer"",""businessFunction"":""http://purl.org/goodrelations/v1#LeaseOut"",""name"":""2 hours"",""price"":""12"",""priceCurrency"":""EUR"",""url"":""https://rentalscooterbarcelona.com/quads/"",""itemOffered"":{""@type"":""Service"",""name"":""Roller skate rental"",""serviceType"":""Roller skate rental""},""availability"":""https://schema.org/InStock""}"
PRICES,en,1,$.@graph[5].itemListElement[2].itemListElement[2],"{""@type"":""Offer"",""businessFunction"":""http://purl.org/goodrelations/v1#LeaseOut"",""name"":""3 hours"",""price"":""15"",""priceCurrency"":""EUR"",""url"":""https://rentalscooterbarcelona.com/quads/"",""itemOffered"":{""@type"":""Service"",""name"":""Roller skate rental"",""serviceType"":""Roller skate rental""},""availability"":""https://schema.org/InStock""}"
PRICES,en,1,$.@graph[5].itemListElement[2].itemListElement[3],"{""@type"":""Offer"",""businessFunction"":""http://purl.org/goodrelations/v1#LeaseOut"",""name"":""Full day"",""price"":""18"",""priceCurrency"":""EUR"",""url"":""https://rentalscooterbarcelona.com/quads/"",""itemOffered"":{""@type"":""Service"",""name"":""Roller skate rental"",""serviceType"":""Roller skate rental""},""availability"":""https://schema.org/InStock""}"
PRICES,en,1,$.@graph[5].itemListElement[2].itemListElement[4],"{""@type"":""Offer"",""businessFunction"":""http://purl.org/goodrelations/v1#LeaseOut"",""name"":""24 hours"",""price"":""20"",""priceCurrency"":""EUR"",""url"":""https://rentalscooterbarcelona.com/quads/"",""itemOffered"":{""@type"":""Service"",""name"":""Roller skate rental"",""serviceType"":""Roller skate rental""},""availability"":""https://schema.org/InStock""}"
PRICES,en,1,$.@graph[5].itemListElement[2].itemListElement[5],"{""@type"":""Offer"",""businessFunction"":""http://purl.org/goodrelations/v1#LeaseOut"",""name"":""Extra day"",""price"":""10"",""priceCurrency"":""EUR"",""url"":""https://rentalscooterbarcelona.com/quads/"",""itemOffered"":{""@type"":""Service"",""name"":""Roller skate rental"",""serviceType"":""Roller skate rental""},""availability"":""https://schema.org/InStock""}"
PRICES,en,1,$.@graph[5].itemListElement[3].itemListElement[0],"{""@type"":""Offer"",""businessFunction"":""http://purl.org/goodrelations/v1#LeaseOut"",""name"":""1 hour"",""price"":""4"",""priceCurrency"":""EUR"",""url"":""https://rentalscooterbarcelona.com/bike/"",""itemOffered"":{""@type"":""Service"",""name"":""Bike rental"",""serviceType"":""Bike rental""},""availability"":""https://schema.org/InStock""}"
PRICES,en,1,$.@graph[5].itemListElement[3].itemListElement[1],"{""@type"":""Offer"",""businessFunction"":""http://purl.org/goodrelations/v1#LeaseOut"",""name"":""4 hours"",""price"":""8"",""priceCurrency"":""EUR"",""url"":""https://rentalscooterbarcelona.com/bike/"",""itemOffered"":{""@type"":""Service"",""name"":""Bike rental"",""serviceType"":""Bike rental""},""availability"":""https://schema.org/InStock""}"
PRICES,en,1,$.@graph[5].itemListElement[3].itemListElement[2],"{""@type"":""Offer"",""businessFunction"":""http://purl.org/goodrelations/v1#LeaseOut"",""name"":""Full day"",""price"":""10"",""priceCurrency"":""EUR"",""url"":""https://rentalscooterbarcelona.com/bike/"",""itemOffered"":{""@type"":""Service"",""name"":""Bike rental"",""serviceType"":""Bike rental""},""availability"":""https://schema.org/InStock""}"
PRICES,en,1,$.@graph[5].itemListElement[3].itemListElement[3],"{""@type"":""Offer"",""businessFunction"":""http://purl.org/goodrelations/v1#LeaseOut"",""name"":""24 hours"",""price"":""12"",""priceCurrency"":""EUR"",""url"":""https://rentalscooterbarcelona.com/bike/"",""itemOffered"":{""@type"":""Service"",""name"":""Bike rental"",""serviceType"":""Bike rental""},""availability"":""https://schema.org/InStock""}"
PRICES,en,1,$.@graph[5].itemListElement[3].itemListElement[4],"{""@type"":""Offer"",""businessFunction"":""http://purl.org/goodrelations/v1#LeaseOut"",""name"":""2 days"",""price"":""20"",""priceCurrency"":""EUR"",""url"":""https://rentalscooterbarcelona.com/bike/"",""itemOffered"":{""@type"":""Service"",""name"":""Bike rental"",""serviceType"":""Bike rental""},""availability"":""https://schema.org/InStock""}"
PRICES,en,1,$.@graph[5].itemListElement[3].itemListElement[5],"{""@type"":""Offer"",""businessFunction"":""http://purl.org/goodrelations/v1#LeaseOut"",""name"":""Extra day"",""price"":""8"",""priceCurrency"":""EUR"",""url"":""https://rentalscooterbarcelona.com/bike/"",""itemOffered"":{""@type"":""Service"",""name"":""Bike rental"",""serviceType"":""Bike rental""},""availability"":""https://schema.org/InStock""}"
PRICES,en,1,$.@graph[5].itemListElement[3].itemListElement[6],"{""@type"":""Offer"",""businessFunction"":""http://purl.org/goodrelations/v1#LeaseOut"",""name"":""Child seat (selected bikes)"",""price"":""3"",""priceCurrency"":""EUR"",""url"":""https://rentalscooterbarcelona.com/bike/"",""itemOffered"":{""@type"":""Service"",""name"":""Bike accessories"",""serviceType"":""Bike accessories""},""availability"":""https://schema.org/InStock""}"
PRICES,en,1,$.@graph[5].itemListElement[4].itemListElement[0],"{""@type"":""Offer"",""businessFunction"":""http://purl.org/goodrelations/v1#LeaseOut"",""name"":""1 hour"",""price"":""6"",""priceCurrency"":""EUR"",""url"":""https://rentalscooterbarcelona.com/skateboard/"",""itemOffered"":{""@type"":""Service"",""name"":""Skateboard rental"",""serviceType"":""Skateboard rental""},""availability"":""https://schema.org/InStock""}"
PRICES,en,1,$.@graph[5].itemListElement[4].itemListElement[1],"{""@type"":""Offer"",""businessFunction"":""http://purl.org/goodrelations/v1#LeaseOut"",""name"":""2 hours"",""price"":""12"",""priceCurrency"":""EUR"",""url"":""https://rentalscooterbarcelona.com/skateboard/"",""itemOffered"":{""@type"":""Service"",""name"":""Skateboard rental"",""serviceType"":""Skateboard rental""},""availability"":""https://schema.org/InStock""}"
PRICES,en,1,$.@graph[5].itemListElement[4].itemListElement[2],"{""@type"":""Offer"",""businessFunction"":""http://purl.org/goodrelations/v1#LeaseOut"",""name"":""3 hours"",""price"":""15"",""priceCurrency"":""EUR"",""url"":""https://rentalscooterbarcelona.com/skateboard/"",""itemOffered"":{""@type"":""Service"",""name"":""Skateboard rental"",""serviceType"":""Skateboard rental""},""availability"":""https://schema.org/InStock""}"
PRICES,en,1,$.@graph[5].itemListElement[4].itemListElement[3],"{""@type"":""Offer"",""businessFunction"":""http://purl.org/goodrelations/v1#LeaseOut"",""name"":""Full day"",""price"":""18"",""priceCurrency"":""EUR"",""url"":""https://rentalscooterbarcelona.com/skateboard/"",""itemOffered"":{""@type"":""Service"",""name"":""Skateboard rental"",""serviceType"":""Skateboard rental""},""availability"":""https://schema.org/InStock""}"
PRICES,en,1,$.@graph[5].itemListElement[4].itemListElement[4],"{""@type"":""Offer"",""businessFunction"":""http://purl.org/goodrelations/v1#LeaseOut"",""name"":""24 hours"",""price"":""20"",""priceCurrency"":""EUR"",""url"":""https://rentalscooterbarcelona.com/skateboard/"",""itemOffered"":{""@type"":""Service"",""name"":""Skateboard rental"",""serviceType"":""Skateboard rental""},""availability"":""https://schema.org/InStock""}"
PRICES,en,1,$.@graph[5].itemListElement[4].itemListElement[5],"{""@type"":""Offer"",""businessFunction"":""http://purl.org/goodrelations/v1#LeaseOut"",""name"":""Extra day"",""price"":""10"",""priceCurrency"":""EUR"",""url"":""https://rentalscooterbarcelona.com/skateboard/"",""itemOffered"":{""@type"":""Service"",""name"":""Skateboard rental"",""serviceType"":""Skateboard rental""},""availability"":""https://schema.org/InStock""}"
PRICES,en,1,$.@graph[5].itemListElement[5].itemListElement[0],"{""@type"":""Offer"",""businessFunction"":""http://purl.org/goodrelations/v1#LeaseOut"",""name"":""1 hour"",""price"":""6"",""priceCurrency"":""EUR"",""url"":""https://rentalscooterbarcelona.com/longboard/"",""itemOffered"":{""@type"":""Service"",""name"":""Longboard rental"",""serviceType"":""Longboard rental""},""availability"":""https://schema.org/InStock""}"
PRICES,en,1,$.@graph[5].itemListElement[5].itemListElement[1],"{""@type"":""Offer"",""businessFunction"":""http://purl.org/goodrelations/v1#LeaseOut"",""name"":""2 hours"",""price"":""12"",""priceCurrency"":""EUR"",""url"":""https://rentalscooterbarcelona.com/longboard/"",""itemOffered"":{""@type"":""Service"",""name"":""Longboard rental"",""serviceType"":""Longboard rental""},""availability"":""https://schema.org/InStock""}"
PRICES,en,1,$.@graph[5].itemListElement[5].itemListElement[2],"{""@type"":""Offer"",""businessFunction"":""http://purl.org/goodrelations/v1#LeaseOut"",""name"":""3 hours"",""price"":""15"",""priceCurrency"":""EUR"",""url"":""https://rentalscooterbarcelona.com/longboard/"",""itemOffered"":{""@type"":""Service"",""name"":""Longboard rental"",""serviceType"":""Longboard rental""},""availability"":""https://schema.org/InStock""}"
PRICES,en,1,$.@graph[5].itemListElement[5].itemListElement[3],"{""@type"":""Offer"",""businessFunction"":""http://purl.org/goodrelations/v1#LeaseOut"",""name"":""Full day"",""price"":""18"",""priceCurrency"":""EUR"",""url"":""https://rentalscooterbarcelona.com/longboard/"",""itemOffered"":{""@type"":""Service"",""name"":""Longboard rental"",""serviceType"":""Longboard rental""},""availability"":""https://schema.org/InStock""}"
PRICES,en,1,$.@graph[5].itemListElement[5].itemListElement[4],"{""@type"":""Offer"",""businessFunction"":""http://purl.org/goodrelations/v1#LeaseOut"",""name"":""24 hours"",""price"":""20"",""priceCurrency"":""EUR"",""url"":""https://rentalscooterbarcelona.com/longboard/"",""itemOffered"":{""@type"":""Service"",""name"":""Longboard rental"",""serviceType"":""Longboard rental""},""availability"":""https://schema.org/InStock""}"
PRICES,en,1,$.@graph[5].itemListElement[5].itemListElement[5],"{""@type"":""Offer"",""businessFunction"":""http://purl.org/goodrelations/v1#LeaseOut"",""name"":""Extra day"",""price"":""10"",""priceCurrency"":""EUR"",""url"":""https://rentalscooterbarcelona.com/longboard/"",""itemOffered"":{""@type"":""Service"",""name"":""Longboard rental"",""serviceType"":""Longboard rental""},""availability"":""https://schema.org/InStock""}"
PRICES,en,1,$.@graph[6],"{""@type"":""Offer"",""businessFunction"":""http://purl.org/goodrelations/v1#LeaseOut"",""@id"":""https://rentalscooterbarcelona.com/Prices/#offer-scooter-full-day"",""name"":""Full-day scooter rental in Barcelona"",""description"":""Full-day 50cc and 125cc scooter rental from RSB Rental Scooter Barcelona in Vila Olímpica."",""price"":""35"",""priceCurrency"":""EUR"",""availability"":""https://schema.org/InStock"",""url"":""https://rentalscooterbarcelona.com/scooter/"",""seller"":{""@id"":""https://rentalscooterbarcelona.com/#business""},""itemOffered"":{""@type"":""Service"",""name"":""Full-day scooter rental in Barcelona"",""serviceType"":""Scooter rental"",""provider"":{""@id"":""https://rentalscooterbarcelona.com/#business""},""areaServed"":{""@type"":""City"",""name"":""Barcelona""}}}"
PRICES,en,1,$.@graph[7],"{""@type"":""Offer"",""businessFunction"":""http://purl.org/goodrelations/v1#LeaseOut"",""@id"":""https://rentalscooterbarcelona.com/Prices/#offer-inline-skates-1-hour"",""name"":""1-hour inline skates rental in Barcelona"",""description"":""1-hour inline skates rental from RSB Rental Scooter Barcelona in Vila Olímpica."",""price"":""6"",""priceCurrency"":""EUR"",""availability"":""https://schema.org/InStock"",""url"":""https://rentalscooterbarcelona.com/rollerblades/"",""seller"":{""@id"":""https://rentalscooterbarcelona.com/#business""},""itemOffered"":{""@type"":""Service"",""name"":""Inline skates rental in Barcelona"",""serviceType"":""Inline skates rental"",""provider"":{""@id"":""https://rentalscooterbarcelona.com/#business""},""areaServed"":{""@type"":""City"",""name"":""Barcelona""}}}"
PRICES,en,1,$.@graph[8],"{""@type"":""Offer"",""businessFunction"":""http://purl.org/goodrelations/v1#LeaseOut"",""@id"":""https://rentalscooterbarcelona.com/Prices/#offer-bike-1-hour"",""name"":""1-hour bike rental in Barcelona"",""description"":""1-hour bike rental from RSB Rental Scooter Barcelona in Vila Olímpica."",""price"":""4"",""priceCurrency"":""EUR"",""availability"":""https://schema.org/InStock"",""url"":""https://rentalscooterbarcelona.com/bike/"",""seller"":{""@id"":""https://rentalscooterbarcelona.com/#business""},""itemOffered"":{""@type"":""Service"",""name"":""Bike rental in Barcelona"",""serviceType"":""Bike rental"",""provider"":{""@id"":""https://rentalscooterbarcelona.com/#business""},""areaServed"":{""@type"":""City"",""name"":""Barcelona""}}}"
PRICES,en,1,$.@graph[9],"{""@type"":""Offer"",""businessFunction"":""http://purl.org/goodrelations/v1#LeaseOut"",""@id"":""https://rentalscooterbarcelona.com/Prices/#offer-roller-skates-1-hour"",""name"":""1-hour roller skate rental in Barcelona"",""description"":""1-hour roller skates and quad skates rental from RSB Rental Scooter Barcelona in Vila Olímpica."",""price"":""6"",""priceCurrency"":""EUR"",""availability"":""https://schema.org/InStock"",""url"":""https://rentalscooterbarcelona.com/quads/"",""seller"":{""@id"":""https://rentalscooterbarcelona.com/#business""},""itemOffered"":{""@type"":""Service"",""name"":""Roller skate rental in Barcelona"",""serviceType"":""Roller skate rental"",""provider"":{""@id"":""https://rentalscooterbarcelona.com/#business""},""areaServed"":{""@type"":""City"",""name"":""Barcelona""}}}"
PRICES,en,1,$.@graph[10],"{""@type"":""Offer"",""businessFunction"":""http://purl.org/goodrelations/v1#LeaseOut"",""@id"":""https://rentalscooterbarcelona.com/Prices/#offer-skateboard-1-hour"",""name"":""1-hour skateboard rental in Barcelona"",""description"":""1-hour skateboard rental from RSB Rental Scooter Barcelona in Vila Olímpica."",""price"":""6"",""priceCurrency"":""EUR"",""availability"":""https://schema.org/InStock"",""url"":""https://rentalscooterbarcelona.com/skateboard/"",""seller"":{""@id"":""https://rentalscooterbarcelona.com/#business""},""itemOffered"":{""@type"":""Service"",""name"":""Skateboard rental in Barcelona"",""serviceType"":""Skateboard rental"",""provider"":{""@id"":""https://rentalscooterbarcelona.com/#business""},""areaServed"":{""@type"":""City"",""name"":""Barcelona""}}}"
PRICES,en,1,$.@graph[11],"{""@type"":""Offer"",""businessFunction"":""http://purl.org/goodrelations/v1#LeaseOut"",""@id"":""https://rentalscooterbarcelona.com/Prices/#offer-longboard-1-hour"",""name"":""1-hour longboard rental in Barcelona"",""description"":""1-hour longboard rental from RSB Rental Scooter Barcelona in Vila Olímpica."",""price"":""6"",""priceCurrency"":""EUR"",""availability"":""https://schema.org/InStock"",""url"":""https://rentalscooterbarcelona.com/longboard/"",""seller"":{""@id"":""https://rentalscooterbarcelona.com/#business""},""itemOffered"":{""@type"":""Service"",""name"":""Longboard rental in Barcelona"",""serviceType"":""Longboard rental"",""provider"":{""@id"":""https://rentalscooterbarcelona.com/#business""},""areaServed"":{""@type"":""City"",""name"":""Barcelona""}}}"
PRICES,es,1,$.@graph[5].itemListElement[0].itemListElement[0],"{""@type"":""Offer"",""businessFunction"":""http://purl.org/goodrelations/v1#LeaseOut"",""name"":""Día completo"",""price"":""35"",""priceCurrency"":""EUR"",""url"":""https://rentalscooterbarcelona.com/es/scooter/"",""itemOffered"":{""@type"":""Service"",""name"":""Alquiler de scooter"",""serviceType"":""Alquiler de scooter""},""availability"":""https://schema.org/InStock""}"
PRICES,es,1,$.@graph[5].itemListElement[0].itemListElement[1],"{""@type"":""Offer"",""businessFunction"":""http://purl.org/goodrelations/v1#LeaseOut"",""name"":""24 horas"",""price"":""40"",""priceCurrency"":""EUR"",""url"":""https://rentalscooterbarcelona.com/es/scooter/"",""itemOffered"":{""@type"":""Service"",""name"":""Alquiler de scooter"",""serviceType"":""Alquiler de scooter""},""availability"":""https://schema.org/InStock""}"
PRICES,es,1,$.@graph[5].itemListElement[0].itemListElement[2],"{""@type"":""Offer"",""businessFunction"":""http://purl.org/goodrelations/v1#LeaseOut"",""name"":""2 días"",""price"":""80"",""priceCurrency"":""EUR"",""url"":""https://rentalscooterbarcelona.com/es/scooter/"",""itemOffered"":{""@type"":""Service"",""name"":""Alquiler de scooter"",""serviceType"":""Alquiler de scooter""},""availability"":""https://schema.org/InStock""}"
PRICES,es,1,$.@graph[5].itemListElement[0].itemListElement[3],"{""@type"":""Offer"",""businessFunction"":""http://purl.org/goodrelations/v1#LeaseOut"",""name"":""3 días"",""price"":""115"",""priceCurrency"":""EUR"",""url"":""https://rentalscooterbarcelona.com/es/scooter/"",""itemOffered"":{""@type"":""Service"",""name"":""Alquiler de scooter"",""serviceType"":""Alquiler de scooter""},""availability"":""https://schema.org/InStock""}"
PRICES,es,1,$.@graph[5].itemListElement[0].itemListElement[4],"{""@type"":""Offer"",""businessFunction"":""http://purl.org/goodrelations/v1#LeaseOut"",""name"":""Día extra"",""price"":""30"",""priceCurrency"":""EUR"",""url"":""https://rentalscooterbarcelona.com/es/scooter/"",""itemOffered"":{""@type"":""Service"",""name"":""Alquiler de scooter"",""serviceType"":""Alquiler de scooter""},""availability"":""https://schema.org/InStock""}"
PRICES,es,1,$.@graph[5].itemListElement[1].itemListElement[0],"{""@type"":""Offer"",""businessFunction"":""http://purl.org/goodrelations/v1#LeaseOut"",""name"":""1 hora"",""price"":""6"",""priceCurrency"":""EUR"",""url"":""https://rentalscooterbarcelona.com/es/rollerblades/"",""itemOffered"":{""@type"":""Service"",""name"":""Alquiler de patines en línea"",""serviceType"":""Alquiler de patines en línea""},""availability"":""https://schema.org/InStock""}"
PRICES,es,1,$.@graph[5].itemListElement[1].itemListElement[1],"{""@type"":""Offer"",""businessFunction"":""http://purl.org/goodrelations/v1#LeaseOut"",""name"":""2 horas"",""price"":""12"",""priceCurrency"":""EUR"",""url"":""https://rentalscooterbarcelona.com/es/rollerblades/"",""itemOffered"":{""@type"":""Service"",""name"":""Alquiler de patines en línea"",""serviceType"":""Alquiler de patines en línea""},""availability"":""https://schema.org/InStock""}"
PRICES,es,1,$.@graph[5].itemListElement[1].itemListElement[2],"{""@type"":""Offer"",""businessFunction"":""http://purl.org/goodrelations/v1#LeaseOut"",""name"":""3 horas"",""price"":""15"",""priceCurrency"":""EUR"",""url"":""https://rentalscooterbarcelona.com/es/rollerblades/"",""itemOffered"":{""@type"":""Service"",""name"":""Alquiler de patines en línea"",""serviceType"":""Alquiler de patines en línea""},""availability"":""https://schema.org/InStock""}"
PRICES,es,1,$.@graph[5].itemListElement[1].itemListElement[3],"{""@type"":""Offer"",""businessFunction"":""http://purl.org/goodrelations/v1#LeaseOut"",""name"":""Día completo"",""price"":""18"",""priceCurrency"":""EUR"",""url"":""https://rentalscooterbarcelona.com/es/rollerblades/"",""itemOffered"":{""@type"":""Service"",""name"":""Alquiler de patines en línea"",""serviceType"":""Alquiler de patines en línea""},""availability"":""https://schema.org/InStock""}"
PRICES,es,1,$.@graph[5].itemListElement[1].itemListElement[4],"{""@type"":""Offer"",""businessFunction"":""http://purl.org/goodrelations/v1#LeaseOut"",""name"":""24 horas"",""price"":""20"",""priceCurrency"":""EUR"",""url"":""https://rentalscooterbarcelona.com/es/rollerblades/"",""itemOffered"":{""@type"":""Service"",""name"":""Alquiler de patines en línea"",""serviceType"":""Alquiler de patines en línea""},""availability"":""https://schema.org/InStock""}"
PRICES,es,1,$.@graph[5].itemListElement[1].itemListElement[5],"{""@type"":""Offer"",""businessFunction"":""http://purl.org/goodrelations/v1#LeaseOut"",""name"":""Día extra"",""price"":""10"",""priceCurrency"":""EUR"",""url"":""https://rentalscooterbarcelona.com/es/rollerblades/"",""itemOffered"":{""@type"":""Service"",""name"":""Alquiler de patines en línea"",""serviceType"":""Alquiler de patines en línea""},""availability"":""https://schema.org/InStock""}"
PRICES,es,1,$.@graph[5].itemListElement[2].itemListElement[0],"{""@type"":""Offer"",""businessFunction"":""http://purl.org/goodrelations/v1#LeaseOut"",""name"":""1 hora"",""price"":""6"",""priceCurrency"":""EUR"",""url"":""https://rentalscooterbarcelona.com/es/quads/"",""itemOffered"":{""@type"":""Service"",""name"":""Alquiler de patines de 4 ruedas"",""serviceType"":""Alquiler de patines de 4 ruedas""},""availability"":""https://schema.org/InStock""}"
PRICES,es,1,$.@graph[5].itemListElement[2].itemListElement[1],"{""@type"":""Offer"",""businessFunction"":""http://purl.org/goodrelations/v1#LeaseOut"",""name"":""2 horas"",""price"":""12"",""priceCurrency"":""EUR"",""url"":""https://rentalscooterbarcelona.com/es/quads/"",""itemOffered"":{""@type"":""Service"",""name"":""Alquiler de patines de 4 ruedas"",""serviceType"":""Alquiler de patines de 4 ruedas""},""availability"":""https://schema.org/InStock""}"
PRICES,es,1,$.@graph[5].itemListElement[2].itemListElement[2],"{""@type"":""Offer"",""businessFunction"":""http://purl.org/goodrelations/v1#LeaseOut"",""name"":""3 horas"",""price"":""15"",""priceCurrency"":""EUR"",""url"":""https://rentalscooterbarcelona.com/es/quads/"",""itemOffered"":{""@type"":""Service"",""name"":""Alquiler de patines de 4 ruedas"",""serviceType"":""Alquiler de patines de 4 ruedas""},""availability"":""https://schema.org/InStock""}"
PRICES,es,1,$.@graph[5].itemListElement[2].itemListElement[3],"{""@type"":""Offer"",""businessFunction"":""http://purl.org/goodrelations/v1#LeaseOut"",""name"":""Día completo"",""price"":""18"",""priceCurrency"":""EUR"",""url"":""https://rentalscooterbarcelona.com/es/quads/"",""itemOffered"":{""@type"":""Service"",""name"":""Alquiler de patines de 4 ruedas"",""serviceType"":""Alquiler de patines de 4 ruedas""},""availability"":""https://schema.org/InStock""}"
PRICES,es,1,$.@graph[5].itemListElement[2].itemListElement[4],"{""@type"":""Offer"",""businessFunction"":""http://purl.org/goodrelations/v1#LeaseOut"",""name"":""24 horas"",""price"":""20"",""priceCurrency"":""EUR"",""url"":""https://rentalscooterbarcelona.com/es/quads/"",""itemOffered"":{""@type"":""Service"",""name"":""Alquiler de patines de 4 ruedas"",""serviceType"":""Alquiler de patines de 4 ruedas""},""availability"":""https://schema.org/InStock""}"
PRICES,es,1,$.@graph[5].itemListElement[2].itemListElement[5],"{""@type"":""Offer"",""businessFunction"":""http://purl.org/goodrelations/v1#LeaseOut"",""name"":""Día extra"",""price"":""10"",""priceCurrency"":""EUR"",""url"":""https://rentalscooterbarcelona.com/es/quads/"",""itemOffered"":{""@type"":""Service"",""name"":""Alquiler de patines de 4 ruedas"",""serviceType"":""Alquiler de patines de 4 ruedas""},""availability"":""https://schema.org/InStock""}"
PRICES,es,1,$.@graph[5].itemListElement[3].itemListElement[0],"{""@type"":""Offer"",""businessFunction"":""http://purl.org/goodrelations/v1#LeaseOut"",""name"":""1 hora"",""price"":""4"",""priceCurrency"":""EUR"",""url"":""https://rentalscooterbarcelona.com/es/bike/"",""itemOffered"":{""@type"":""Service"",""name"":""Alquiler de bicicletas"",""serviceType"":""Alquiler de bicicletas""},""availability"":""https://schema.org/InStock""}"
PRICES,es,1,$.@graph[5].itemListElement[3].itemListElement[1],"{""@type"":""Offer"",""businessFunction"":""http://purl.org/goodrelations/v1#LeaseOut"",""name"":""4 horas"",""price"":""8"",""priceCurrency"":""EUR"",""url"":""https://rentalscooterbarcelona.com/es/bike/"",""itemOffered"":{""@type"":""Service"",""name"":""Alquiler de bicicletas"",""serviceType"":""Alquiler de bicicletas""},""availability"":""https://schema.org/InStock""}"
PRICES,es,1,$.@graph[5].itemListElement[3].itemListElement[2],"{""@type"":""Offer"",""businessFunction"":""http://purl.org/goodrelations/v1#LeaseOut"",""name"":""Día completo"",""price"":""10"",""priceCurrency"":""EUR"",""url"":""https://rentalscooterbarcelona.com/es/bike/"",""itemOffered"":{""@type"":""Service"",""name"":""Alquiler de bicicletas"",""serviceType"":""Alquiler de bicicletas""},""availability"":""https://schema.org/InStock""}"
PRICES,es,1,$.@graph[5].itemListElement[3].itemListElement[3],"{""@type"":""Offer"",""businessFunction"":""http://purl.org/goodrelations/v1#LeaseOut"",""name"":""24 horas"",""price"":""12"",""priceCurrency"":""EUR"",""url"":""https://rentalscooterbarcelona.com/es/bike/"",""itemOffered"":{""@type"":""Service"",""name"":""Alquiler de bicicletas"",""serviceType"":""Alquiler de bicicletas""},""availability"":""https://schema.org/InStock""}"
PRICES,es,1,$.@graph[5].itemListElement[3].itemListElement[4],"{""@type"":""Offer"",""businessFunction"":""http://purl.org/goodrelations/v1#LeaseOut"",""name"":""2 días"",""price"":""20"",""priceCurrency"":""EUR"",""url"":""https://rentalscooterbarcelona.com/es/bike/"",""itemOffered"":{""@type"":""Service"",""name"":""Alquiler de bicicletas"",""serviceType"":""Alquiler de bicicletas""},""availability"":""https://schema.org/InStock""}"
PRICES,es,1,$.@graph[5].itemListElement[3].itemListElement[5],"{""@type"":""Offer"",""businessFunction"":""http://purl.org/goodrelations/v1#LeaseOut"",""name"":""Día extra"",""price"":""8"",""priceCurrency"":""EUR"",""url"":""https://rentalscooterbarcelona.com/es/bike/"",""itemOffered"":{""@type"":""Service"",""name"":""Alquiler de bicicletas"",""serviceType"":""Alquiler de bicicletas""},""availability"":""https://schema.org/InStock""}"
PRICES,es,1,$.@graph[5].itemListElement[3].itemListElement[6],"{""@type"":""Offer"",""businessFunction"":""http://purl.org/goodrelations/v1#LeaseOut"",""name"":""Silla infantil (bicicletas seleccionadas)"",""price"":""3"",""priceCurrency"":""EUR"",""url"":""https://rentalscooterbarcelona.com/es/bike/"",""itemOffered"":{""@type"":""Service"",""name"":""Accesorios de bicicleta"",""serviceType"":""Accesorios de bicicleta""},""availability"":""https://schema.org/InStock""}"
PRICES,es,1,$.@graph[5].itemListElement[4].itemListElement[0],"{""@type"":""Offer"",""businessFunction"":""http://purl.org/goodrelations/v1#LeaseOut"",""name"":""1 hora"",""price"":""6"",""priceCurrency"":""EUR"",""url"":""https://rentalscooterbarcelona.com/es/skateboard/"",""itemOffered"":{""@type"":""Service"",""name"":""Alquiler de skateboard"",""serviceType"":""Alquiler de skateboard""},""availability"":""https://schema.org/InStock""}"
PRICES,es,1,$.@graph[5].itemListElement[4].itemListElement[1],"{""@type"":""Offer"",""businessFunction"":""http://purl.org/goodrelations/v1#LeaseOut"",""name"":""2 horas"",""price"":""12"",""priceCurrency"":""EUR"",""url"":""https://rentalscooterbarcelona.com/es/skateboard/"",""itemOffered"":{""@type"":""Service"",""name"":""Alquiler de skateboard"",""serviceType"":""Alquiler de skateboard""},""availability"":""https://schema.org/InStock""}"
PRICES,es,1,$.@graph[5].itemListElement[4].itemListElement[2],"{""@type"":""Offer"",""businessFunction"":""http://purl.org/goodrelations/v1#LeaseOut"",""name"":""3 horas"",""price"":""15"",""priceCurrency"":""EUR"",""url"":""https://rentalscooterbarcelona.com/es/skateboard/"",""itemOffered"":{""@type"":""Service"",""name"":""Alquiler de skateboard"",""serviceType"":""Alquiler de skateboard""},""availability"":""https://schema.org/InStock""}"
PRICES,es,1,$.@graph[5].itemListElement[4].itemListElement[3],"{""@type"":""Offer"",""businessFunction"":""http://purl.org/goodrelations/v1#LeaseOut"",""name"":""Día completo"",""price"":""18"",""priceCurrency"":""EUR"",""url"":""https://rentalscooterbarcelona.com/es/skateboard/"",""itemOffered"":{""@type"":""Service"",""name"":""Alquiler de skateboard"",""serviceType"":""Alquiler de skateboard""},""availability"":""https://schema.org/InStock""}"
PRICES,es,1,$.@graph[5].itemListElement[4].itemListElement[4],"{""@type"":""Offer"",""businessFunction"":""http://purl.org/goodrelations/v1#LeaseOut"",""name"":""24 horas"",""price"":""20"",""priceCurrency"":""EUR"",""url"":""https://rentalscooterbarcelona.com/es/skateboard/"",""itemOffered"":{""@type"":""Service"",""name"":""Alquiler de skateboard"",""serviceType"":""Alquiler de skateboard""},""availability"":""https://schema.org/InStock""}"
PRICES,es,1,$.@graph[5].itemListElement[4].itemListElement[5],"{""@type"":""Offer"",""businessFunction"":""http://purl.org/goodrelations/v1#LeaseOut"",""name"":""Día extra"",""price"":""10"",""priceCurrency"":""EUR"",""url"":""https://rentalscooterbarcelona.com/es/skateboard/"",""itemOffered"":{""@type"":""Service"",""name"":""Alquiler de skateboard"",""serviceType"":""Alquiler de skateboard""},""availability"":""https://schema.org/InStock""}"
PRICES,es,1,$.@graph[5].itemListElement[5].itemListElement[0],"{""@type"":""Offer"",""businessFunction"":""http://purl.org/goodrelations/v1#LeaseOut"",""name"":""1 hora"",""price"":""6"",""priceCurrency"":""EUR"",""url"":""https://rentalscooterbarcelona.com/es/longboard/"",""itemOffered"":{""@type"":""Service"",""name"":""Alquiler de longboard"",""serviceType"":""Alquiler de longboard""},""availability"":""https://schema.org/InStock""}"
PRICES,es,1,$.@graph[5].itemListElement[5].itemListElement[1],"{""@type"":""Offer"",""businessFunction"":""http://purl.org/goodrelations/v1#LeaseOut"",""name"":""2 horas"",""price"":""12"",""priceCurrency"":""EUR"",""url"":""https://rentalscooterbarcelona.com/es/longboard/"",""itemOffered"":{""@type"":""Service"",""name"":""Alquiler de longboard"",""serviceType"":""Alquiler de longboard""},""availability"":""https://schema.org/InStock""}"
PRICES,es,1,$.@graph[5].itemListElement[5].itemListElement[2],"{""@type"":""Offer"",""businessFunction"":""http://purl.org/goodrelations/v1#LeaseOut"",""name"":""3 horas"",""price"":""15"",""priceCurrency"":""EUR"",""url"":""https://rentalscooterbarcelona.com/es/longboard/"",""itemOffered"":{""@type"":""Service"",""name"":""Alquiler de longboard"",""serviceType"":""Alquiler de longboard""},""availability"":""https://schema.org/InStock""}"
PRICES,es,1,$.@graph[5].itemListElement[5].itemListElement[3],"{""@type"":""Offer"",""businessFunction"":""http://purl.org/goodrelations/v1#LeaseOut"",""name"":""Día completo"",""price"":""18"",""priceCurrency"":""EUR"",""url"":""https://rentalscooterbarcelona.com/es/longboard/"",""itemOffered"":{""@type"":""Service"",""name"":""Alquiler de longboard"",""serviceType"":""Alquiler de longboard""},""availability"":""https://schema.org/InStock""}"
PRICES,es,1,$.@graph[5].itemListElement[5].itemListElement[4],"{""@type"":""Offer"",""businessFunction"":""http://purl.org/goodrelations/v1#LeaseOut"",""name"":""24 horas"",""price"":""20"",""priceCurrency"":""EUR"",""url"":""https://rentalscooterbarcelona.com/es/longboard/"",""itemOffered"":{""@type"":""Service"",""name"":""Alquiler de longboard"",""serviceType"":""Alquiler de longboard""},""availability"":""https://schema.org/InStock""}"
PRICES,es,1,$.@graph[5].itemListElement[5].itemListElement[5],"{""@type"":""Offer"",""businessFunction"":""http://purl.org/goodrelations/v1#LeaseOut"",""name"":""Día extra"",""price"":""10"",""priceCurrency"":""EUR"",""url"":""https://rentalscooterbarcelona.com/es/longboard/"",""itemOffered"":{""@type"":""Service"",""name"":""Alquiler de longboard"",""serviceType"":""Alquiler de longboard""},""availability"":""https://schema.org/InStock""}"
PRICES,es,1,$.@graph[7],"{""@type"":""Offer"",""businessFunction"":""http://purl.org/goodrelations/v1#LeaseOut"",""@id"":""https://rentalscooterbarcelona.com/es/Prices/#offer-scooter-full-day"",""name"":""Alquiler de scooter día completo en Barcelona"",""description"":""Alquiler de scooter de día completo con RSB Rental Scooter Barcelona en Vila Olímpica."",""price"":""35"",""priceCurrency"":""EUR"",""availability"":""https://schema.org/InStock"",""url"":""https://rentalscooterbarcelona.com/es/scooter/"",""seller"":{""@id"":""https://rentalscooterbarcelona.com/#business""},""itemOffered"":{""@type"":""Service"",""name"":""Alquiler de scooter en Barcelona"",""serviceType"":""Alquiler de scooter"",""provider"":{""@id"":""https://rentalscooterbarcelona.com/#business""},""areaServed"":{""@type"":""City"",""name"":""Barcelona""}}}"
PRICES,es,1,$.@graph[8],"{""@type"":""Offer"",""businessFunction"":""http://purl.org/goodrelations/v1#LeaseOut"",""@id"":""https://rentalscooterbarcelona.com/es/Prices/#offer-inline-skates-1-hour"",""name"":""Alquiler de patines en línea 1 hora en Barcelona"",""description"":""Alquiler de patines en línea durante 1 hora con RSB Rental Scooter Barcelona en Vila Olímpica."",""price"":""6"",""priceCurrency"":""EUR"",""availability"":""https://schema.org/InStock"",""url"":""https://rentalscooterbarcelona.com/es/rollerblades/"",""seller"":{""@id"":""https://rentalscooterbarcelona.com/#business""},""itemOffered"":{""@type"":""Service"",""name"":""Alquiler de patines en línea en Barcelona"",""serviceType"":""Alquiler de patines en línea"",""provider"":{""@id"":""https://rentalscooterbarcelona.com/#business""},""areaServed"":{""@type"":""City"",""name"":""Barcelona""}}}"
PRICES,es,1,$.@graph[9],"{""@type"":""Offer"",""businessFunction"":""http://purl.org/goodrelations/v1#LeaseOut"",""@id"":""https://rentalscooterbarcelona.com/es/Prices/#offer-bike-1-hour"",""name"":""Alquiler de bicicletas 1 hora en Barcelona"",""description"":""Alquiler de bicicletas durante 1 hora con RSB Rental Scooter Barcelona en Vila Olímpica."",""price"":""4"",""priceCurrency"":""EUR"",""availability"":""https://schema.org/InStock"",""url"":""https://rentalscooterbarcelona.com/es/bike/"",""seller"":{""@id"":""https://rentalscooterbarcelona.com/#business""},""itemOffered"":{""@type"":""Service"",""name"":""Alquiler de bicicletas en Barcelona"",""serviceType"":""Alquiler de bicicletas"",""provider"":{""@id"":""https://rentalscooterbarcelona.com/#business""},""areaServed"":{""@type"":""City"",""name"":""Barcelona""}}}"
PRICES,es,1,$.@graph[10],"{""@type"":""Offer"",""businessFunction"":""http://purl.org/goodrelations/v1#LeaseOut"",""@id"":""https://rentalscooterbarcelona.com/es/Prices/#offer-roller-skates-1-hour"",""name"":""Alquiler de patines de 4 ruedas 1 hora en Barcelona"",""description"":""Alquiler de patines de 4 ruedas y patines clásicos durante 1 hora con RSB Rental Scooter Barcelona en Vila Olímpica."",""price"":""6"",""priceCurrency"":""EUR"",""availability"":""https://schema.org/InStock"",""url"":""https://rentalscooterbarcelona.com/es/quads/"",""seller"":{""@id"":""https://rentalscooterbarcelona.com/#business""},""itemOffered"":{""@type"":""Service"",""name"":""Alquiler de patines de 4 ruedas en Barcelona"",""serviceType"":""Alquiler de patines de 4 ruedas"",""provider"":{""@id"":""https://rentalscooterbarcelona.com/#business""},""areaServed"":{""@type"":""City"",""name"":""Barcelona""}}}"
PRICES,es,1,$.@graph[11],"{""@type"":""Offer"",""businessFunction"":""http://purl.org/goodrelations/v1#LeaseOut"",""@id"":""https://rentalscooterbarcelona.com/es/Prices/#offer-skateboard-1-hour"",""name"":""Alquiler de skateboard 1 hora en Barcelona"",""description"":""Alquiler de skateboard durante 1 hora con RSB Rental Scooter Barcelona en Vila Olímpica."",""price"":""6"",""priceCurrency"":""EUR"",""availability"":""https://schema.org/InStock"",""url"":""https://rentalscooterbarcelona.com/es/skateboard/"",""seller"":{""@id"":""https://rentalscooterbarcelona.com/#business""},""itemOffered"":{""@type"":""Service"",""name"":""Alquiler de skateboard en Barcelona"",""serviceType"":""Alquiler de skateboard"",""provider"":{""@id"":""https://rentalscooterbarcelona.com/#business""},""areaServed"":{""@type"":""City"",""name"":""Barcelona""}}}"
PRICES,es,1,$.@graph[12],"{""@type"":""Offer"",""businessFunction"":""http://purl.org/goodrelations/v1#LeaseOut"",""@id"":""https://rentalscooterbarcelona.com/es/Prices/#offer-longboard-1-hour"",""name"":""Alquiler de longboard 1 hora en Barcelona"",""description"":""Alquiler de longboard durante 1 hora con RSB Rental Scooter Barcelona en Vila Olímpica."",""price"":""6"",""priceCurrency"":""EUR"",""availability"":""https://schema.org/InStock"",""url"":""https://rentalscooterbarcelona.com/es/longboard/"",""seller"":{""@id"":""https://rentalscooterbarcelona.com/#business""},""itemOffered"":{""@type"":""Service"",""name"":""Alquiler de longboard en Barcelona"",""serviceType"":""Alquiler de longboard"",""provider"":{""@id"":""https://rentalscooterbarcelona.com/#business""},""areaServed"":{""@type"":""City"",""name"":""Barcelona""}}}"
PRICES,fr,1,$.@graph[5].itemListElement[0].itemListElement[0],"{""@type"":""Offer"",""businessFunction"":""http://purl.org/goodrelations/v1#LeaseOut"",""name"":""Journée complète"",""price"":""35"",""priceCurrency"":""EUR"",""url"":""https://rentalscooterbarcelona.com/fr/scooter/"",""itemOffered"":{""@type"":""Service"",""name"":""Voir la location de scooter à Barcelone"",""serviceType"":""Tarifs location de scooter""},""availability"":""https://schema.org/InStock""}"
PRICES,fr,1,$.@graph[5].itemListElement[0].itemListElement[1],"{""@type"":""Offer"",""businessFunction"":""http://purl.org/goodrelations/v1#LeaseOut"",""name"":""24 heures"",""price"":""40"",""priceCurrency"":""EUR"",""url"":""https://rentalscooterbarcelona.com/fr/scooter/"",""itemOffered"":{""@type"":""Service"",""name"":""Voir la location de scooter à Barcelone"",""serviceType"":""Tarifs location de scooter""},""availability"":""https://schema.org/InStock""}"
PRICES,fr,1,$.@graph[5].itemListElement[0].itemListElement[2],"{""@type"":""Offer"",""businessFunction"":""http://purl.org/goodrelations/v1#LeaseOut"",""name"":""2 jours"",""price"":""80"",""priceCurrency"":""EUR"",""url"":""https://rentalscooterbarcelona.com/fr/scooter/"",""itemOffered"":{""@type"":""Service"",""name"":""Voir la location de scooter à Barcelone"",""serviceType"":""Tarifs location de scooter""},""availability"":""https://schema.org/InStock""}"
PRICES,fr,1,$.@graph[5].itemListElement[0].itemListElement[3],"{""@type"":""Offer"",""businessFunction"":""http://purl.org/goodrelations/v1#LeaseOut"",""name"":""3 jours"",""price"":""115"",""priceCurrency"":""EUR"",""url"":""https://rentalscooterbarcelona.com/fr/scooter/"",""itemOffered"":{""@type"":""Service"",""name"":""Voir la location de scooter à Barcelone"",""serviceType"":""Tarifs location de scooter""},""availability"":""https://schema.org/InStock""}"
PRICES,fr,1,$.@graph[5].itemListElement[0].itemListElement[4],"{""@type"":""Offer"",""businessFunction"":""http://purl.org/goodrelations/v1#LeaseOut"",""name"":""Jour supplémentaire"",""price"":""30"",""priceCurrency"":""EUR"",""url"":""https://rentalscooterbarcelona.com/fr/scooter/"",""itemOffered"":{""@type"":""Service"",""name"":""Voir la location de scooter à Barcelone"",""serviceType"":""Tarifs location de scooter""},""availability"":""https://schema.org/InStock""}"
PRICES,fr,1,$.@graph[5].itemListElement[1].itemListElement[0],"{""@type"":""Offer"",""businessFunction"":""http://purl.org/goodrelations/v1#LeaseOut"",""name"":""1 heure"",""price"":""6"",""priceCurrency"":""EUR"",""url"":""https://rentalscooterbarcelona.com/fr/rollerblades/"",""itemOffered"":{""@type"":""Service"",""name"":""Voir la location de rollers en ligne à Barcelone"",""serviceType"":""Tarifs location de rollers en ligne""},""availability"":""https://schema.org/InStock""}"
PRICES,fr,1,$.@graph[5].itemListElement[1].itemListElement[1],"{""@type"":""Offer"",""businessFunction"":""http://purl.org/goodrelations/v1#LeaseOut"",""name"":""2 heures"",""price"":""12"",""priceCurrency"":""EUR"",""url"":""https://rentalscooterbarcelona.com/fr/rollerblades/"",""itemOffered"":{""@type"":""Service"",""name"":""Voir la location de rollers en ligne à Barcelone"",""serviceType"":""Tarifs location de rollers en ligne""},""availability"":""https://schema.org/InStock""}"
PRICES,fr,1,$.@graph[5].itemListElement[1].itemListElement[2],"{""@type"":""Offer"",""businessFunction"":""http://purl.org/goodrelations/v1#LeaseOut"",""name"":""3 heures"",""price"":""15"",""priceCurrency"":""EUR"",""url"":""https://rentalscooterbarcelona.com/fr/rollerblades/"",""itemOffered"":{""@type"":""Service"",""name"":""Voir la location de rollers en ligne à Barcelone"",""serviceType"":""Tarifs location de rollers en ligne""},""availability"":""https://schema.org/InStock""}"
PRICES,fr,1,$.@graph[5].itemListElement[1].itemListElement[3],"{""@type"":""Offer"",""businessFunction"":""http://purl.org/goodrelations/v1#LeaseOut"",""name"":""Journée complète"",""price"":""18"",""priceCurrency"":""EUR"",""url"":""https://rentalscooterbarcelona.com/fr/rollerblades/"",""itemOffered"":{""@type"":""Service"",""name"":""Voir la location de rollers en ligne à Barcelone"",""serviceType"":""Tarifs location de rollers en ligne""},""availability"":""https://schema.org/InStock""}"
PRICES,fr,1,$.@graph[5].itemListElement[1].itemListElement[4],"{""@type"":""Offer"",""businessFunction"":""http://purl.org/goodrelations/v1#LeaseOut"",""name"":""24 heures"",""price"":""20"",""priceCurrency"":""EUR"",""url"":""https://rentalscooterbarcelona.com/fr/rollerblades/"",""itemOffered"":{""@type"":""Service"",""name"":""Voir la location de rollers en ligne à Barcelone"",""serviceType"":""Tarifs location de rollers en ligne""},""availability"":""https://schema.org/InStock""}"
PRICES,fr,1,$.@graph[5].itemListElement[1].itemListElement[5],"{""@type"":""Offer"",""businessFunction"":""http://purl.org/goodrelations/v1#LeaseOut"",""name"":""Jour supplémentaire"",""price"":""10"",""priceCurrency"":""EUR"",""url"":""https://rentalscooterbarcelona.com/fr/rollerblades/"",""itemOffered"":{""@type"":""Service"",""name"":""Voir la location de rollers en ligne à Barcelone"",""serviceType"":""Tarifs location de rollers en ligne""},""availability"":""https://schema.org/InStock""}"
PRICES,fr,1,$.@graph[5].itemListElement[2].itemListElement[0],"{""@type"":""Offer"",""businessFunction"":""http://purl.org/goodrelations/v1#LeaseOut"",""name"":""1 heure"",""price"":""6"",""priceCurrency"":""EUR"",""url"":""https://rentalscooterbarcelona.com/fr/quads/"",""itemOffered"":{""@type"":""Service"",""name"":""Voir la location de rollers classiques à Barcelone"",""serviceType"":""Tarifs location de rollers classiques""},""availability"":""https://schema.org/InStock""}"
PRICES,fr,1,$.@graph[5].itemListElement[2].itemListElement[1],"{""@type"":""Offer"",""businessFunction"":""http://purl.org/goodrelations/v1#LeaseOut"",""name"":""2 heures"",""price"":""12"",""priceCurrency"":""EUR"",""url"":""https://rentalscooterbarcelona.com/fr/quads/"",""itemOffered"":{""@type"":""Service"",""name"":""Voir la location de rollers classiques à Barcelone"",""serviceType"":""Tarifs location de rollers classiques""},""availability"":""https://schema.org/InStock""}"
PRICES,fr,1,$.@graph[5].itemListElement[2].itemListElement[2],"{""@type"":""Offer"",""businessFunction"":""http://purl.org/goodrelations/v1#LeaseOut"",""name"":""3 heures"",""price"":""15"",""priceCurrency"":""EUR"",""url"":""https://rentalscooterbarcelona.com/fr/quads/"",""itemOffered"":{""@type"":""Service"",""name"":""Voir la location de rollers classiques à Barcelone"",""serviceType"":""Tarifs location de rollers classiques""},""availability"":""https://schema.org/InStock""}"
PRICES,fr,1,$.@graph[5].itemListElement[2].itemListElement[3],"{""@type"":""Offer"",""businessFunction"":""http://purl.org/goodrelations/v1#LeaseOut"",""name"":""Journée complète"",""price"":""18"",""priceCurrency"":""EUR"",""url"":""https://rentalscooterbarcelona.com/fr/quads/"",""itemOffered"":{""@type"":""Service"",""name"":""Voir la location de rollers classiques à Barcelone"",""serviceType"":""Tarifs location de rollers classiques""},""availability"":""https://schema.org/InStock""}"
PRICES,fr,1,$.@graph[5].itemListElement[2].itemListElement[4],"{""@type"":""Offer"",""businessFunction"":""http://purl.org/goodrelations/v1#LeaseOut"",""name"":""24 heures"",""price"":""20"",""priceCurrency"":""EUR"",""url"":""https://rentalscooterbarcelona.com/fr/quads/"",""itemOffered"":{""@type"":""Service"",""name"":""Voir la location de rollers classiques à Barcelone"",""serviceType"":""Tarifs location de rollers classiques""},""availability"":""https://schema.org/InStock""}"
PRICES,fr,1,$.@graph[5].itemListElement[2].itemListElement[5],"{""@type"":""Offer"",""businessFunction"":""http://purl.org/goodrelations/v1#LeaseOut"",""name"":""Jour supplémentaire"",""price"":""10"",""priceCurrency"":""EUR"",""url"":""https://rentalscooterbarcelona.com/fr/quads/"",""itemOffered"":{""@type"":""Service"",""name"":""Voir la location de rollers classiques à Barcelone"",""serviceType"":""Tarifs location de rollers classiques""},""availability"":""https://schema.org/InStock""}"
PRICES,fr,1,$.@graph[5].itemListElement[3].itemListElement[0],"{""@type"":""Offer"",""businessFunction"":""http://purl.org/goodrelations/v1#LeaseOut"",""name"":""1 heure"",""price"":""4"",""priceCurrency"":""EUR"",""url"":""https://rentalscooterbarcelona.com/fr/bike/"",""itemOffered"":{""@type"":""Service"",""name"":""Voir la location de vélos à Barcelone"",""serviceType"":""Tarifs location de vélos""},""availability"":""https://schema.org/InStock""}"
PRICES,fr,1,$.@graph[5].itemListElement[3].itemListElement[1],"{""@type"":""Offer"",""businessFunction"":""http://purl.org/goodrelations/v1#LeaseOut"",""name"":""4 heures"",""price"":""8"",""priceCurrency"":""EUR"",""url"":""https://rentalscooterbarcelona.com/fr/bike/"",""itemOffered"":{""@type"":""Service"",""name"":""Voir la location de vélos à Barcelone"",""serviceType"":""Tarifs location de vélos""},""availability"":""https://schema.org/InStock""}"
PRICES,fr,1,$.@graph[5].itemListElement[3].itemListElement[2],"{""@type"":""Offer"",""businessFunction"":""http://purl.org/goodrelations/v1#LeaseOut"",""name"":""Journée complète"",""price"":""10"",""priceCurrency"":""EUR"",""url"":""https://rentalscooterbarcelona.com/fr/bike/"",""itemOffered"":{""@type"":""Service"",""name"":""Voir la location de vélos à Barcelone"",""serviceType"":""Tarifs location de vélos""},""availability"":""https://schema.org/InStock""}"
PRICES,fr,1,$.@graph[5].itemListElement[3].itemListElement[3],"{""@type"":""Offer"",""businessFunction"":""http://purl.org/goodrelations/v1#LeaseOut"",""name"":""24 heures"",""price"":""12"",""priceCurrency"":""EUR"",""url"":""https://rentalscooterbarcelona.com/fr/bike/"",""itemOffered"":{""@type"":""Service"",""name"":""Voir la location de vélos à Barcelone"",""serviceType"":""Tarifs location de vélos""},""availability"":""https://schema.org/InStock""}"
PRICES,fr,1,$.@graph[5].itemListElement[3].itemListElement[4],"{""@type"":""Offer"",""businessFunction"":""http://purl.org/goodrelations/v1#LeaseOut"",""name"":""2 jours"",""price"":""20"",""priceCurrency"":""EUR"",""url"":""https://rentalscooterbarcelona.com/fr/bike/"",""itemOffered"":{""@type"":""Service"",""name"":""Voir la location de vélos à Barcelone"",""serviceType"":""Tarifs location de vélos""},""availability"":""https://schema.org/InStock""}"
PRICES,fr,1,$.@graph[5].itemListElement[3].itemListElement[5],"{""@type"":""Offer"",""businessFunction"":""http://purl.org/goodrelations/v1#LeaseOut"",""name"":""Jour supplémentaire"",""price"":""8"",""priceCurrency"":""EUR"",""url"":""https://rentalscooterbarcelona.com/fr/bike/"",""itemOffered"":{""@type"":""Service"",""name"":""Voir la location de vélos à Barcelone"",""serviceType"":""Tarifs location de vélos""},""availability"":""https://schema.org/InStock""}"
PRICES,fr,1,$.@graph[5].itemListElement[3].itemListElement[6],"{""@type"":""Offer"",""businessFunction"":""http://purl.org/goodrelations/v1#LeaseOut"",""name"":""Siège enfant (certains vélos)"",""price"":""3"",""priceCurrency"":""EUR"",""url"":""https://rentalscooterbarcelona.com/fr/bike/"",""itemOffered"":{""@type"":""Service"",""name"":""Voir la location de vélos à Barcelone"",""serviceType"":""Tarifs location de vélos""},""availability"":""https://schema.org/InStock""}"
PRICES,fr,1,$.@graph[5].itemListElement[4].itemListElement[0],"{""@type"":""Offer"",""businessFunction"":""http://purl.org/goodrelations/v1#LeaseOut"",""name"":""1 heure"",""price"":""6"",""priceCurrency"":""EUR"",""url"":""https://rentalscooterbarcelona.com/fr/skateboard/"",""itemOffered"":{""@type"":""Service"",""name"":""Voir la location de skateboard à Barcelone"",""serviceType"":""Tarifs location de skateboard et longboard""},""availability"":""https://schema.org/InStock""}"
PRICES,fr,1,$.@graph[5].itemListElement[4].itemListElement[1],"{""@type"":""Offer"",""businessFunction"":""http://purl.org/goodrelations/v1#LeaseOut"",""name"":""2 heures"",""price"":""12"",""priceCurrency"":""EUR"",""url"":""https://rentalscooterbarcelona.com/fr/skateboard/"",""itemOffered"":{""@type"":""Service"",""name"":""Voir la location de skateboard à Barcelone"",""serviceType"":""Tarifs location de skateboard et longboard""},""availability"":""https://schema.org/InStock""}"
PRICES,fr,1,$.@graph[5].itemListElement[4].itemListElement[2],"{""@type"":""Offer"",""businessFunction"":""http://purl.org/goodrelations/v1#LeaseOut"",""name"":""3 heures"",""price"":""15"",""priceCurrency"":""EUR"",""url"":""https://rentalscooterbarcelona.com/fr/skateboard/"",""itemOffered"":{""@type"":""Service"",""name"":""Voir la location de skateboard à Barcelone"",""serviceType"":""Tarifs location de skateboard et longboard""},""availability"":""https://schema.org/InStock""}"
PRICES,fr,1,$.@graph[5].itemListElement[4].itemListElement[3],"{""@type"":""Offer"",""businessFunction"":""http://purl.org/goodrelations/v1#LeaseOut"",""name"":""Journée complète"",""price"":""18"",""priceCurrency"":""EUR"",""url"":""https://rentalscooterbarcelona.com/fr/skateboard/"",""itemOffered"":{""@type"":""Service"",""name"":""Voir la location de skateboard à Barcelone"",""serviceType"":""Tarifs location de skateboard et longboard""},""availability"":""https://schema.org/InStock""}"
PRICES,fr,1,$.@graph[5].itemListElement[4].itemListElement[4],"{""@type"":""Offer"",""businessFunction"":""http://purl.org/goodrelations/v1#LeaseOut"",""name"":""24 heures"",""price"":""20"",""priceCurrency"":""EUR"",""url"":""https://rentalscooterbarcelona.com/fr/skateboard/"",""itemOffered"":{""@type"":""Service"",""name"":""Voir la location de skateboard à Barcelone"",""serviceType"":""Tarifs location de skateboard et longboard""},""availability"":""https://schema.org/InStock""}"
PRICES,fr,1,$.@graph[5].itemListElement[4].itemListElement[5],"{""@type"":""Offer"",""businessFunction"":""http://purl.org/goodrelations/v1#LeaseOut"",""name"":""Jour supplémentaire"",""price"":""10"",""priceCurrency"":""EUR"",""url"":""https://rentalscooterbarcelona.com/fr/skateboard/"",""itemOffered"":{""@type"":""Service"",""name"":""Voir la location de skateboard à Barcelone"",""serviceType"":""Tarifs location de skateboard et longboard""},""availability"":""https://schema.org/InStock""}"
PRICES,fr,1,$.@graph[5].itemListElement[5].itemListElement[0],"{""@type"":""Offer"",""businessFunction"":""http://purl.org/goodrelations/v1#LeaseOut"",""name"":""1 heure"",""price"":""6"",""priceCurrency"":""EUR"",""url"":""https://rentalscooterbarcelona.com/fr/longboard/"",""itemOffered"":{""@type"":""Service"",""name"":""Voir la location de longboard à Barcelone"",""serviceType"":""Tarifs location de skateboard et longboard""},""availability"":""https://schema.org/InStock""}"
PRICES,fr,1,$.@graph[5].itemListElement[5].itemListElement[1],"{""@type"":""Offer"",""businessFunction"":""http://purl.org/goodrelations/v1#LeaseOut"",""name"":""2 heures"",""price"":""12"",""priceCurrency"":""EUR"",""url"":""https://rentalscooterbarcelona.com/fr/longboard/"",""itemOffered"":{""@type"":""Service"",""name"":""Voir la location de longboard à Barcelone"",""serviceType"":""Tarifs location de skateboard et longboard""},""availability"":""https://schema.org/InStock""}"
PRICES,fr,1,$.@graph[5].itemListElement[5].itemListElement[2],"{""@type"":""Offer"",""businessFunction"":""http://purl.org/goodrelations/v1#LeaseOut"",""name"":""3 heures"",""price"":""15"",""priceCurrency"":""EUR"",""url"":""https://rentalscooterbarcelona.com/fr/longboard/"",""itemOffered"":{""@type"":""Service"",""name"":""Voir la location de longboard à Barcelone"",""serviceType"":""Tarifs location de skateboard et longboard""},""availability"":""https://schema.org/InStock""}"
PRICES,fr,1,$.@graph[5].itemListElement[5].itemListElement[3],"{""@type"":""Offer"",""businessFunction"":""http://purl.org/goodrelations/v1#LeaseOut"",""name"":""Journée complète"",""price"":""18"",""priceCurrency"":""EUR"",""url"":""https://rentalscooterbarcelona.com/fr/longboard/"",""itemOffered"":{""@type"":""Service"",""name"":""Voir la location de longboard à Barcelone"",""serviceType"":""Tarifs location de skateboard et longboard""},""availability"":""https://schema.org/InStock""}"
PRICES,fr,1,$.@graph[5].itemListElement[5].itemListElement[4],"{""@type"":""Offer"",""businessFunction"":""http://purl.org/goodrelations/v1#LeaseOut"",""name"":""24 heures"",""price"":""20"",""priceCurrency"":""EUR"",""url"":""https://rentalscooterbarcelona.com/fr/longboard/"",""itemOffered"":{""@type"":""Service"",""name"":""Voir la location de longboard à Barcelone"",""serviceType"":""Tarifs location de skateboard et longboard""},""availability"":""https://schema.org/InStock""}"
PRICES,fr,1,$.@graph[5].itemListElement[5].itemListElement[5],"{""@type"":""Offer"",""businessFunction"":""http://purl.org/goodrelations/v1#LeaseOut"",""name"":""Jour supplémentaire"",""price"":""10"",""priceCurrency"":""EUR"",""url"":""https://rentalscooterbarcelona.com/fr/longboard/"",""itemOffered"":{""@type"":""Service"",""name"":""Voir la location de longboard à Barcelone"",""serviceType"":""Tarifs location de skateboard et longboard""},""availability"":""https://schema.org/InStock""}"
PRICES,fr,1,$.@graph[6],"{""@type"":""Offer"",""businessFunction"":""http://purl.org/goodrelations/v1#LeaseOut"",""@id"":""https://rentalscooterbarcelona.com/fr/Prices/#offer-scooter-full-day"",""name"":""Location de scooter journée complète à Barcelone"",""price"":""35"",""priceCurrency"":""EUR"",""url"":""https://rentalscooterbarcelona.com/fr/scooter/"",""availability"":""https://schema.org/InStock"",""seller"":{""@id"":""https://rentalscooterbarcelona.com/#business""},""itemOffered"":{""@type"":""Service"",""name"":""Location de scooter à Barcelone"",""serviceType"":""Location de scooter"",""provider"":{""@id"":""https://rentalscooterbarcelona.com/#business""},""areaServed"":{""@type"":""City"",""name"":""Barcelona""}},""description"":""Location de scooter journée complète à Barcelone""}"
PRICES,fr,1,$.@graph[7],"{""@type"":""Offer"",""businessFunction"":""http://purl.org/goodrelations/v1#LeaseOut"",""@id"":""https://rentalscooterbarcelona.com/fr/Prices/#offer-inline-skates-1-hour"",""name"":""Location de rollers en ligne 1 heure à Barcelone"",""price"":""6"",""priceCurrency"":""EUR"",""url"":""https://rentalscooterbarcelona.com/fr/rollerblades/"",""availability"":""https://schema.org/InStock"",""seller"":{""@id"":""https://rentalscooterbarcelona.com/#business""},""itemOffered"":{""@type"":""Service"",""name"":""Location de rollers en ligne à Barcelone"",""serviceType"":""Location de rollers en ligne"",""provider"":{""@id"":""https://rentalscooterbarcelona.com/#business""},""areaServed"":{""@type"":""City"",""name"":""Barcelona""}},""description"":""Location de rollers en ligne 1 heure à Barcelone""}"
PRICES,fr,1,$.@graph[8],"{""@type"":""Offer"",""businessFunction"":""http://purl.org/goodrelations/v1#LeaseOut"",""@id"":""https://rentalscooterbarcelona.com/fr/Prices/#offer-bike-1-hour"",""name"":""Location de vélo 1 heure à Barcelone"",""price"":""4"",""priceCurrency"":""EUR"",""url"":""https://rentalscooterbarcelona.com/fr/bike/"",""availability"":""https://schema.org/InStock"",""seller"":{""@id"":""https://rentalscooterbarcelona.com/#business""},""itemOffered"":{""@type"":""Service"",""name"":""Location de vélos à Barcelone"",""serviceType"":""Location de vélos"",""provider"":{""@id"":""https://rentalscooterbarcelona.com/#business""},""areaServed"":{""@type"":""City"",""name"":""Barcelona""}},""description"":""Location de vélo 1 heure à Barcelone""}"
PRICES,fr,1,$.@graph[9],"{""@type"":""Offer"",""businessFunction"":""http://purl.org/goodrelations/v1#LeaseOut"",""@id"":""https://rentalscooterbarcelona.com/fr/Prices/#offer-roller-skates-1-hour"",""name"":""Location de patins à roulettes 1 heure à Barcelone"",""price"":""6"",""priceCurrency"":""EUR"",""url"":""https://rentalscooterbarcelona.com/fr/quads/"",""availability"":""https://schema.org/InStock"",""seller"":{""@id"":""https://rentalscooterbarcelona.com/#business""},""itemOffered"":{""@type"":""Service"",""name"":""Location de patins à roulettes à Barcelone"",""serviceType"":""Location de patins à roulettes"",""provider"":{""@id"":""https://rentalscooterbarcelona.com/#business""},""areaServed"":{""@type"":""City"",""name"":""Barcelona""}},""description"":""Location de patins à roulettes 1 heure à Barcelone""}"
PRICES,fr,1,$.@graph[10],"{""@type"":""Offer"",""businessFunction"":""http://purl.org/goodrelations/v1#LeaseOut"",""@id"":""https://rentalscooterbarcelona.com/fr/Prices/#offer-skateboard-1-hour"",""name"":""Location de skateboard 1 heure à Barcelone"",""price"":""6"",""priceCurrency"":""EUR"",""url"":""https://rentalscooterbarcelona.com/fr/skateboard/"",""availability"":""https://schema.org/InStock"",""seller"":{""@id"":""https://rentalscooterbarcelona.com/#business""},""itemOffered"":{""@type"":""Service"",""name"":""Location de skateboard à Barcelone"",""serviceType"":""Location de skateboard"",""provider"":{""@id"":""https://rentalscooterbarcelona.com/#business""},""areaServed"":{""@type"":""City"",""name"":""Barcelona""}},""description"":""Location de skateboard 1 heure à Barcelone""}"
PRICES,fr,1,$.@graph[11],"{""@type"":""Offer"",""businessFunction"":""http://purl.org/goodrelations/v1#LeaseOut"",""@id"":""https://rentalscooterbarcelona.com/fr/Prices/#offer-longboard-1-hour"",""name"":""Location de longboard 1 heure à Barcelone"",""price"":""6"",""priceCurrency"":""EUR"",""url"":""https://rentalscooterbarcelona.com/fr/longboard/"",""availability"":""https://schema.org/InStock"",""seller"":{""@id"":""https://rentalscooterbarcelona.com/#business""},""itemOffered"":{""@type"":""Service"",""name"":""Location de longboard à Barcelone"",""serviceType"":""Location de longboard"",""provider"":{""@id"":""https://rentalscooterbarcelona.com/#business""},""areaServed"":{""@type"":""City"",""name"":""Barcelona""}},""description"":""Location de longboard 1 heure à Barcelone""}"
PRICES,it,1,$.@graph[5].itemListElement[0].itemListElement[0],"{""@type"":""Offer"",""businessFunction"":""http://purl.org/goodrelations/v1#LeaseOut"",""name"":""Giornata intera"",""price"":""35"",""priceCurrency"":""EUR"",""url"":""https://rentalscooterbarcelona.com/it/scooter/"",""itemOffered"":{""@type"":""Service"",""name"":""Vedi il noleggio scooter a Barcellona"",""serviceType"":""Prezzi noleggio scooter""},""availability"":""https://schema.org/InStock""}"
PRICES,it,1,$.@graph[5].itemListElement[0].itemListElement[1],"{""@type"":""Offer"",""businessFunction"":""http://purl.org/goodrelations/v1#LeaseOut"",""name"":""24 ore"",""price"":""40"",""priceCurrency"":""EUR"",""url"":""https://rentalscooterbarcelona.com/it/scooter/"",""itemOffered"":{""@type"":""Service"",""name"":""Vedi il noleggio scooter a Barcellona"",""serviceType"":""Prezzi noleggio scooter""},""availability"":""https://schema.org/InStock""}"
PRICES,it,1,$.@graph[5].itemListElement[0].itemListElement[2],"{""@type"":""Offer"",""businessFunction"":""http://purl.org/goodrelations/v1#LeaseOut"",""name"":""2 giorni"",""price"":""80"",""priceCurrency"":""EUR"",""url"":""https://rentalscooterbarcelona.com/it/scooter/"",""itemOffered"":{""@type"":""Service"",""name"":""Vedi il noleggio scooter a Barcellona"",""serviceType"":""Prezzi noleggio scooter""},""availability"":""https://schema.org/InStock""}"
PRICES,it,1,$.@graph[5].itemListElement[0].itemListElement[3],"{""@type"":""Offer"",""businessFunction"":""http://purl.org/goodrelations/v1#LeaseOut"",""name"":""3 giorni"",""price"":""115"",""priceCurrency"":""EUR"",""url"":""https://rentalscooterbarcelona.com/it/scooter/"",""itemOffered"":{""@type"":""Service"",""name"":""Vedi il noleggio scooter a Barcellona"",""serviceType"":""Prezzi noleggio scooter""},""availability"":""https://schema.org/InStock""}"
PRICES,it,1,$.@graph[5].itemListElement[0].itemListElement[4],"{""@type"":""Offer"",""businessFunction"":""http://purl.org/goodrelations/v1#LeaseOut"",""name"":""Giorno extra"",""price"":""30"",""priceCurrency"":""EUR"",""url"":""https://rentalscooterbarcelona.com/it/scooter/"",""itemOffered"":{""@type"":""Service"",""name"":""Vedi il noleggio scooter a Barcellona"",""serviceType"":""Prezzi noleggio scooter""},""availability"":""https://schema.org/InStock""}"
PRICES,it,1,$.@graph[5].itemListElement[1].itemListElement[0],"{""@type"":""Offer"",""businessFunction"":""http://purl.org/goodrelations/v1#LeaseOut"",""name"":""1 ora"",""price"":""6"",""priceCurrency"":""EUR"",""url"":""https://rentalscooterbarcelona.com/it/rollerblades/"",""itemOffered"":{""@type"":""Service"",""name"":""Vedi il noleggio di pattini in linea a Barcellona"",""serviceType"":""Prezzi noleggio pattini in linea""},""availability"":""https://schema.org/InStock""}"
PRICES,it,1,$.@graph[5].itemListElement[1].itemListElement[1],"{""@type"":""Offer"",""businessFunction"":""http://purl.org/goodrelations/v1#LeaseOut"",""name"":""2 ore"",""price"":""12"",""priceCurrency"":""EUR"",""url"":""https://rentalscooterbarcelona.com/it/rollerblades/"",""itemOffered"":{""@type"":""Service"",""name"":""Vedi il noleggio di pattini in linea a Barcellona"",""serviceType"":""Prezzi noleggio pattini in linea""},""availability"":""https://schema.org/InStock""}"
PRICES,it,1,$.@graph[5].itemListElement[1].itemListElement[2],"{""@type"":""Offer"",""businessFunction"":""http://purl.org/goodrelations/v1#LeaseOut"",""name"":""3 ore"",""price"":""15"",""priceCurrency"":""EUR"",""url"":""https://rentalscooterbarcelona.com/it/rollerblades/"",""itemOffered"":{""@type"":""Service"",""name"":""Vedi il noleggio di pattini in linea a Barcellona"",""serviceType"":""Prezzi noleggio pattini in linea""},""availability"":""https://schema.org/InStock""}"
PRICES,it,1,$.@graph[5].itemListElement[1].itemListElement[3],"{""@type"":""Offer"",""businessFunction"":""http://purl.org/goodrelations/v1#LeaseOut"",""name"":""Giornata intera"",""price"":""18"",""priceCurrency"":""EUR"",""url"":""https://rentalscooterbarcelona.com/it/rollerblades/"",""itemOffered"":{""@type"":""Service"",""name"":""Vedi il noleggio di pattini in linea a Barcellona"",""serviceType"":""Prezzi noleggio pattini in linea""},""availability"":""https://schema.org/InStock""}"
PRICES,it,1,$.@graph[5].itemListElement[1].itemListElement[4],"{""@type"":""Offer"",""businessFunction"":""http://purl.org/goodrelations/v1#LeaseOut"",""name"":""24 ore"",""price"":""20"",""priceCurrency"":""EUR"",""url"":""https://rentalscooterbarcelona.com/it/rollerblades/"",""itemOffered"":{""@type"":""Service"",""name"":""Vedi il noleggio di pattini in linea a Barcellona"",""serviceType"":""Prezzi noleggio pattini in linea""},""availability"":""https://schema.org/InStock""}"
PRICES,it,1,$.@graph[5].itemListElement[1].itemListElement[5],"{""@type"":""Offer"",""businessFunction"":""http://purl.org/goodrelations/v1#LeaseOut"",""name"":""Giorno extra"",""price"":""10"",""priceCurrency"":""EUR"",""url"":""https://rentalscooterbarcelona.com/it/rollerblades/"",""itemOffered"":{""@type"":""Service"",""name"":""Vedi il noleggio di pattini in linea a Barcellona"",""serviceType"":""Prezzi noleggio pattini in linea""},""availability"":""https://schema.org/InStock""}"
PRICES,it,1,$.@graph[5].itemListElement[2].itemListElement[0],"{""@type"":""Offer"",""businessFunction"":""http://purl.org/goodrelations/v1#LeaseOut"",""name"":""1 ora"",""price"":""6"",""priceCurrency"":""EUR"",""url"":""https://rentalscooterbarcelona.com/it/quads/"",""itemOffered"":{""@type"":""Service"",""name"":""Vedi il noleggio pattini a rotelle a Barcellona"",""serviceType"":""Prezzi noleggio pattini a rotelle""},""availability"":""https://schema.org/InStock""}"
PRICES,it,1,$.@graph[5].itemListElement[2].itemListElement[1],"{""@type"":""Offer"",""businessFunction"":""http://purl.org/goodrelations/v1#LeaseOut"",""name"":""2 ore"",""price"":""12"",""priceCurrency"":""EUR"",""url"":""https://rentalscooterbarcelona.com/it/quads/"",""itemOffered"":{""@type"":""Service"",""name"":""Vedi il noleggio pattini a rotelle a Barcellona"",""serviceType"":""Prezzi noleggio pattini a rotelle""},""availability"":""https://schema.org/InStock""}"
PRICES,it,1,$.@graph[5].itemListElement[2].itemListElement[2],"{""@type"":""Offer"",""businessFunction"":""http://purl.org/goodrelations/v1#LeaseOut"",""name"":""3 ore"",""price"":""15"",""priceCurrency"":""EUR"",""url"":""https://rentalscooterbarcelona.com/it/quads/"",""itemOffered"":{""@type"":""Service"",""name"":""Vedi il noleggio pattini a rotelle a Barcellona"",""serviceType"":""Prezzi noleggio pattini a rotelle""},""availability"":""https://schema.org/InStock""}"
PRICES,it,1,$.@graph[5].itemListElement[2].itemListElement[3],"{""@type"":""Offer"",""businessFunction"":""http://purl.org/goodrelations/v1#LeaseOut"",""name"":""Giornata intera"",""price"":""18"",""priceCurrency"":""EUR"",""url"":""https://rentalscooterbarcelona.com/it/quads/"",""itemOffered"":{""@type"":""Service"",""name"":""Vedi il noleggio pattini a rotelle a Barcellona"",""serviceType"":""Prezzi noleggio pattini a rotelle""},""availability"":""https://schema.org/InStock""}"
PRICES,it,1,$.@graph[5].itemListElement[2].itemListElement[4],"{""@type"":""Offer"",""businessFunction"":""http://purl.org/goodrelations/v1#LeaseOut"",""name"":""24 ore"",""price"":""20"",""priceCurrency"":""EUR"",""url"":""https://rentalscooterbarcelona.com/it/quads/"",""itemOffered"":{""@type"":""Service"",""name"":""Vedi il noleggio pattini a rotelle a Barcellona"",""serviceType"":""Prezzi noleggio pattini a rotelle""},""availability"":""https://schema.org/InStock""}"
PRICES,it,1,$.@graph[5].itemListElement[2].itemListElement[5],"{""@type"":""Offer"",""businessFunction"":""http://purl.org/goodrelations/v1#LeaseOut"",""name"":""Giorno extra"",""price"":""10"",""priceCurrency"":""EUR"",""url"":""https://rentalscooterbarcelona.com/it/quads/"",""itemOffered"":{""@type"":""Service"",""name"":""Vedi il noleggio pattini a rotelle a Barcellona"",""serviceType"":""Prezzi noleggio pattini a rotelle""},""availability"":""https://schema.org/InStock""}"
PRICES,it,1,$.@graph[5].itemListElement[3].itemListElement[0],"{""@type"":""Offer"",""businessFunction"":""http://purl.org/goodrelations/v1#LeaseOut"",""name"":""1 ora"",""price"":""4"",""priceCurrency"":""EUR"",""url"":""https://rentalscooterbarcelona.com/it/bike/"",""itemOffered"":{""@type"":""Service"",""name"":""Vedi il noleggio biciclette a Barcellona"",""serviceType"":""Prezzi noleggio biciclette""},""availability"":""https://schema.org/InStock""}"
PRICES,it,1,$.@graph[5].itemListElement[3].itemListElement[1],"{""@type"":""Offer"",""businessFunction"":""http://purl.org/goodrelations/v1#LeaseOut"",""name"":""4 ore"",""price"":""8"",""priceCurrency"":""EUR"",""url"":""https://rentalscooterbarcelona.com/it/bike/"",""itemOffered"":{""@type"":""Service"",""name"":""Vedi il noleggio biciclette a Barcellona"",""serviceType"":""Prezzi noleggio biciclette""},""availability"":""https://schema.org/InStock""}"
PRICES,it,1,$.@graph[5].itemListElement[3].itemListElement[2],"{""@type"":""Offer"",""businessFunction"":""http://purl.org/goodrelations/v1#LeaseOut"",""name"":""Giornata intera"",""price"":""10"",""priceCurrency"":""EUR"",""url"":""https://rentalscooterbarcelona.com/it/bike/"",""itemOffered"":{""@type"":""Service"",""name"":""Vedi il noleggio biciclette a Barcellona"",""serviceType"":""Prezzi noleggio biciclette""},""availability"":""https://schema.org/InStock""}"
PRICES,it,1,$.@graph[5].itemListElement[3].itemListElement[3],"{""@type"":""Offer"",""businessFunction"":""http://purl.org/goodrelations/v1#LeaseOut"",""name"":""24 ore"",""price"":""12"",""priceCurrency"":""EUR"",""url"":""https://rentalscooterbarcelona.com/it/bike/"",""itemOffered"":{""@type"":""Service"",""name"":""Vedi il noleggio biciclette a Barcellona"",""serviceType"":""Prezzi noleggio biciclette""},""availability"":""https://schema.org/InStock""}"
PRICES,it,1,$.@graph[5].itemListElement[3].itemListElement[4],"{""@type"":""Offer"",""businessFunction"":""http://purl.org/goodrelations/v1#LeaseOut"",""name"":""2 giorni"",""price"":""20"",""priceCurrency"":""EUR"",""url"":""https://rentalscooterbarcelona.com/it/bike/"",""itemOffered"":{""@type"":""Service"",""name"":""Vedi il noleggio biciclette a Barcellona"",""serviceType"":""Prezzi noleggio biciclette""},""availability"":""https://schema.org/InStock""}"
PRICES,it,1,$.@graph[5].itemListElement[3].itemListElement[5],"{""@type"":""Offer"",""businessFunction"":""http://purl.org/goodrelations/v1#LeaseOut"",""name"":""Giorno extra"",""price"":""8"",""priceCurrency"":""EUR"",""url"":""https://rentalscooterbarcelona.com/it/bike/"",""itemOffered"":{""@type"":""Service"",""name"":""Vedi il noleggio biciclette a Barcellona"",""serviceType"":""Prezzi noleggio biciclette""},""availability"":""https://schema.org/InStock""}"
PRICES,it,1,$.@graph[5].itemListElement[3].itemListElement[6],"{""@type"":""Offer"",""businessFunction"":""http://purl.org/goodrelations/v1#LeaseOut"",""name"":""Seggiolino bambino (alcune biciclette)"",""price"":""3"",""priceCurrency"":""EUR"",""url"":""https://rentalscooterbarcelona.com/it/bike/"",""itemOffered"":{""@type"":""Service"",""name"":""Vedi il noleggio biciclette a Barcellona"",""serviceType"":""Prezzi noleggio biciclette""},""availability"":""https://schema.org/InStock""}"
PRICES,it,1,$.@graph[5].itemListElement[4].itemListElement[0],"{""@type"":""Offer"",""businessFunction"":""http://purl.org/goodrelations/v1#LeaseOut"",""name"":""1 ora"",""price"":""6"",""priceCurrency"":""EUR"",""url"":""https://rentalscooterbarcelona.com/it/skateboard/"",""itemOffered"":{""@type"":""Service"",""name"":""Vedi il noleggio skateboard a Barcellona"",""serviceType"":""Prezzi noleggio skateboard e longboard""},""availability"":""https://schema.org/InStock""}"
PRICES,it,1,$.@graph[5].itemListElement[4].itemListElement[1],"{""@type"":""Offer"",""businessFunction"":""http://purl.org/goodrelations/v1#LeaseOut"",""name"":""2 ore"",""price"":""12"",""priceCurrency"":""EUR"",""url"":""https://rentalscooterbarcelona.com/it/skateboard/"",""itemOffered"":{""@type"":""Service"",""name"":""Vedi il noleggio skateboard a Barcellona"",""serviceType"":""Prezzi noleggio skateboard e longboard""},""availability"":""https://schema.org/InStock""}"
PRICES,it,1,$.@graph[5].itemListElement[4].itemListElement[2],"{""@type"":""Offer"",""businessFunction"":""http://purl.org/goodrelations/v1#LeaseOut"",""name"":""3 ore"",""price"":""15"",""priceCurrency"":""EUR"",""url"":""https://rentalscooterbarcelona.com/it/skateboard/"",""itemOffered"":{""@type"":""Service"",""name"":""Vedi il noleggio skateboard a Barcellona"",""serviceType"":""Prezzi noleggio skateboard e longboard""},""availability"":""https://schema.org/InStock""}"
PRICES,it,1,$.@graph[5].itemListElement[4].itemListElement[3],"{""@type"":""Offer"",""businessFunction"":""http://purl.org/goodrelations/v1#LeaseOut"",""name"":""Giornata intera"",""price"":""18"",""priceCurrency"":""EUR"",""url"":""https://rentalscooterbarcelona.com/it/skateboard/"",""itemOffered"":{""@type"":""Service"",""name"":""Vedi il noleggio skateboard a Barcellona"",""serviceType"":""Prezzi noleggio skateboard e longboard""},""availability"":""https://schema.org/InStock""}"
PRICES,it,1,$.@graph[5].itemListElement[4].itemListElement[4],"{""@type"":""Offer"",""businessFunction"":""http://purl.org/goodrelations/v1#LeaseOut"",""name"":""24 ore"",""price"":""20"",""priceCurrency"":""EUR"",""url"":""https://rentalscooterbarcelona.com/it/skateboard/"",""itemOffered"":{""@type"":""Service"",""name"":""Vedi il noleggio skateboard a Barcellona"",""serviceType"":""Prezzi noleggio skateboard e longboard""},""availability"":""https://schema.org/InStock""}"
PRICES,it,1,$.@graph[5].itemListElement[4].itemListElement[5],"{""@type"":""Offer"",""businessFunction"":""http://purl.org/goodrelations/v1#LeaseOut"",""name"":""Giorno extra"",""price"":""10"",""priceCurrency"":""EUR"",""url"":""https://rentalscooterbarcelona.com/it/skateboard/"",""itemOffered"":{""@type"":""Service"",""name"":""Vedi il noleggio skateboard a Barcellona"",""serviceType"":""Prezzi noleggio skateboard e longboard""},""availability"":""https://schema.org/InStock""}"
PRICES,it,1,$.@graph[5].itemListElement[5].itemListElement[0],"{""@type"":""Offer"",""businessFunction"":""http://purl.org/goodrelations/v1#LeaseOut"",""name"":""1 ora"",""price"":""6"",""priceCurrency"":""EUR"",""url"":""https://rentalscooterbarcelona.com/it/longboard/"",""itemOffered"":{""@type"":""Service"",""name"":""Vedi il noleggio longboard a Barcellona"",""serviceType"":""Prezzi noleggio skateboard e longboard""},""availability"":""https://schema.org/InStock""}"
PRICES,it,1,$.@graph[5].itemListElement[5].itemListElement[1],"{""@type"":""Offer"",""businessFunction"":""http://purl.org/goodrelations/v1#LeaseOut"",""name"":""2 ore"",""price"":""12"",""priceCurrency"":""EUR"",""url"":""https://rentalscooterbarcelona.com/it/longboard/"",""itemOffered"":{""@type"":""Service"",""name"":""Vedi il noleggio longboard a Barcellona"",""serviceType"":""Prezzi noleggio skateboard e longboard""},""availability"":""https://schema.org/InStock""}"
PRICES,it,1,$.@graph[5].itemListElement[5].itemListElement[2],"{""@type"":""Offer"",""businessFunction"":""http://purl.org/goodrelations/v1#LeaseOut"",""name"":""3 ore"",""price"":""15"",""priceCurrency"":""EUR"",""url"":""https://rentalscooterbarcelona.com/it/longboard/"",""itemOffered"":{""@type"":""Service"",""name"":""Vedi il noleggio longboard a Barcellona"",""serviceType"":""Prezzi noleggio skateboard e longboard""},""availability"":""https://schema.org/InStock""}"
PRICES,it,1,$.@graph[5].itemListElement[5].itemListElement[3],"{""@type"":""Offer"",""businessFunction"":""http://purl.org/goodrelations/v1#LeaseOut"",""name"":""Giornata intera"",""price"":""18"",""priceCurrency"":""EUR"",""url"":""https://rentalscooterbarcelona.com/it/longboard/"",""itemOffered"":{""@type"":""Service"",""name"":""Vedi il noleggio longboard a Barcellona"",""serviceType"":""Prezzi noleggio skateboard e longboard""},""availability"":""https://schema.org/InStock""}"
PRICES,it,1,$.@graph[5].itemListElement[5].itemListElement[4],"{""@type"":""Offer"",""businessFunction"":""http://purl.org/goodrelations/v1#LeaseOut"",""name"":""24 ore"",""price"":""20"",""priceCurrency"":""EUR"",""url"":""https://rentalscooterbarcelona.com/it/longboard/"",""itemOffered"":{""@type"":""Service"",""name"":""Vedi il noleggio longboard a Barcellona"",""serviceType"":""Prezzi noleggio skateboard e longboard""},""availability"":""https://schema.org/InStock""}"
PRICES,it,1,$.@graph[5].itemListElement[5].itemListElement[5],"{""@type"":""Offer"",""businessFunction"":""http://purl.org/goodrelations/v1#LeaseOut"",""name"":""Giorno extra"",""price"":""10"",""priceCurrency"":""EUR"",""url"":""https://rentalscooterbarcelona.com/it/longboard/"",""itemOffered"":{""@type"":""Service"",""name"":""Vedi il noleggio longboard a Barcellona"",""serviceType"":""Prezzi noleggio skateboard e longboard""},""availability"":""https://schema.org/InStock""}"
PRICES,it,1,$.@graph[6],"{""@type"":""Offer"",""businessFunction"":""http://purl.org/goodrelations/v1#LeaseOut"",""@id"":""https://rentalscooterbarcelona.com/it/Prices/#offer-scooter-full-day"",""name"":""Noleggio scooter giornata intera a Barcellona"",""price"":""35"",""priceCurrency"":""EUR"",""url"":""https://rentalscooterbarcelona.com/it/scooter/"",""availability"":""https://schema.org/InStock"",""seller"":{""@id"":""https://rentalscooterbarcelona.com/#business""},""itemOffered"":{""@type"":""Service"",""name"":""Noleggio scooter a Barcellona"",""serviceType"":""Noleggio scooter"",""provider"":{""@id"":""https://rentalscooterbarcelona.com/#business""},""areaServed"":{""@type"":""City"",""name"":""Barcelona""}},""description"":""Noleggio scooter giornata intera a Barcellona""}"
PRICES,it,1,$.@graph[7],"{""@type"":""Offer"",""businessFunction"":""http://purl.org/goodrelations/v1#LeaseOut"",""@id"":""https://rentalscooterbarcelona.com/it/Prices/#offer-inline-skates-1-hour"",""name"":""Noleggio pattini in linea 1 ora a Barcellona"",""price"":""6"",""priceCurrency"":""EUR"",""url"":""https://rentalscooterbarcelona.com/it/rollerblades/"",""availability"":""https://schema.org/InStock"",""seller"":{""@id"":""https://rentalscooterbarcelona.com/#business""},""itemOffered"":{""@type"":""Service"",""name"":""Noleggio pattini in linea a Barcellona"",""serviceType"":""Noleggio pattini in linea"",""provider"":{""@id"":""https://rentalscooterbarcelona.com/#business""},""areaServed"":{""@type"":""City"",""name"":""Barcelona""}},""description"":""Noleggio pattini in linea 1 ora a Barcellona""}"
PRICES,it,1,$.@graph[8],"{""@type"":""Offer"",""businessFunction"":""http://purl.org/goodrelations/v1#LeaseOut"",""@id"":""https://rentalscooterbarcelona.com/it/Prices/#offer-bike-1-hour"",""name"":""Noleggio bicicletta 1 ora a Barcellona"",""price"":""4"",""priceCurrency"":""EUR"",""url"":""https://rentalscooterbarcelona.com/it/bike/"",""availability"":""https://schema.org/InStock"",""seller"":{""@id"":""https://rentalscooterbarcelona.com/#business""},""itemOffered"":{""@type"":""Service"",""name"":""Noleggio biciclette a Barcellona"",""serviceType"":""Noleggio biciclette"",""provider"":{""@id"":""https://rentalscooterbarcelona.com/#business""},""areaServed"":{""@type"":""City"",""name"":""Barcelona""}},""description"":""Noleggio bicicletta 1 ora a Barcellona""}"
PRICES,it,1,$.@graph[9],"{""@type"":""Offer"",""businessFunction"":""http://purl.org/goodrelations/v1#LeaseOut"",""@id"":""https://rentalscooterbarcelona.com/it/Prices/#offer-roller-skates-1-hour"",""name"":""Noleggio pattini a rotelle 1 ora a Barcellona"",""price"":""6"",""priceCurrency"":""EUR"",""url"":""https://rentalscooterbarcelona.com/it/quads/"",""availability"":""https://schema.org/InStock"",""seller"":{""@id"":""https://rentalscooterbarcelona.com/#business""},""itemOffered"":{""@type"":""Service"",""name"":""Noleggio pattini a rotelle a Barcellona"",""serviceType"":""Noleggio pattini a rotelle"",""provider"":{""@id"":""https://rentalscooterbarcelona.com/#business""},""areaServed"":{""@type"":""City"",""name"":""Barcelona""}},""description"":""Noleggio pattini a rotelle 1 ora a Barcellona""}"
PRICES,it,1,$.@graph[10],"{""@type"":""Offer"",""businessFunction"":""http://purl.org/goodrelations/v1#LeaseOut"",""@id"":""https://rentalscooterbarcelona.com/it/Prices/#offer-skateboard-1-hour"",""name"":""Noleggio skateboard 1 ora a Barcellona"",""price"":""6"",""priceCurrency"":""EUR"",""url"":""https://rentalscooterbarcelona.com/it/skateboard/"",""availability"":""https://schema.org/InStock"",""seller"":{""@id"":""https://rentalscooterbarcelona.com/#business""},""itemOffered"":{""@type"":""Service"",""name"":""Noleggio skateboard a Barcellona"",""serviceType"":""Noleggio skateboard"",""provider"":{""@id"":""https://rentalscooterbarcelona.com/#business""},""areaServed"":{""@type"":""City"",""name"":""Barcelona""}},""description"":""Noleggio skateboard 1 ora a Barcellona""}"
PRICES,it,1,$.@graph[11],"{""@type"":""Offer"",""businessFunction"":""http://purl.org/goodrelations/v1#LeaseOut"",""@id"":""https://rentalscooterbarcelona.com/it/Prices/#offer-longboard-1-hour"",""name"":""Noleggio longboard 1 ora a Barcellona"",""price"":""6"",""priceCurrency"":""EUR"",""url"":""https://rentalscooterbarcelona.com/it/longboard/"",""availability"":""https://schema.org/InStock"",""seller"":{""@id"":""https://rentalscooterbarcelona.com/#business""},""itemOffered"":{""@type"":""Service"",""name"":""Noleggio longboard a Barcellona"",""serviceType"":""Noleggio longboard"",""provider"":{""@id"":""https://rentalscooterbarcelona.com/#business""},""areaServed"":{""@type"":""City"",""name"":""Barcelona""}},""description"":""Noleggio longboard 1 ora a Barcellona""}"
PRICES,de,1,$.@graph[5].itemListElement[0].itemListElement[0],"{""@type"":""Offer"",""businessFunction"":""http://purl.org/goodrelations/v1#LeaseOut"",""name"":""Ganzer Tag"",""price"":""35"",""priceCurrency"":""EUR"",""url"":""https://rentalscooterbarcelona.com/de/scooter/"",""itemOffered"":{""@type"":""Service"",""name"":""Scooterverleih in Barcelona ansehen"",""serviceType"":""Scooter-Mietpreise""},""availability"":""https://schema.org/InStock""}"
PRICES,de,1,$.@graph[5].itemListElement[0].itemListElement[1],"{""@type"":""Offer"",""businessFunction"":""http://purl.org/goodrelations/v1#LeaseOut"",""name"":""24 Stunden"",""price"":""40"",""priceCurrency"":""EUR"",""url"":""https://rentalscooterbarcelona.com/de/scooter/"",""itemOffered"":{""@type"":""Service"",""name"":""Scooterverleih in Barcelona ansehen"",""serviceType"":""Scooter-Mietpreise""},""availability"":""https://schema.org/InStock""}"
PRICES,de,1,$.@graph[5].itemListElement[0].itemListElement[2],"{""@type"":""Offer"",""businessFunction"":""http://purl.org/goodrelations/v1#LeaseOut"",""name"":""2 Tage"",""price"":""80"",""priceCurrency"":""EUR"",""url"":""https://rentalscooterbarcelona.com/de/scooter/"",""itemOffered"":{""@type"":""Service"",""name"":""Scooterverleih in Barcelona ansehen"",""serviceType"":""Scooter-Mietpreise""},""availability"":""https://schema.org/InStock""}"
PRICES,de,1,$.@graph[5].itemListElement[0].itemListElement[3],"{""@type"":""Offer"",""businessFunction"":""http://purl.org/goodrelations/v1#LeaseOut"",""name"":""3 Tage"",""price"":""115"",""priceCurrency"":""EUR"",""url"":""https://rentalscooterbarcelona.com/de/scooter/"",""itemOffered"":{""@type"":""Service"",""name"":""Scooterverleih in Barcelona ansehen"",""serviceType"":""Scooter-Mietpreise""},""availability"":""https://schema.org/InStock""}"
PRICES,de,1,$.@graph[5].itemListElement[0].itemListElement[4],"{""@type"":""Offer"",""businessFunction"":""http://purl.org/goodrelations/v1#LeaseOut"",""name"":""Zusätzlicher Tag"",""price"":""30"",""priceCurrency"":""EUR"",""url"":""https://rentalscooterbarcelona.com/de/scooter/"",""itemOffered"":{""@type"":""Service"",""name"":""Scooterverleih in Barcelona ansehen"",""serviceType"":""Scooter-Mietpreise""},""availability"":""https://schema.org/InStock""}"
PRICES,de,1,$.@graph[5].itemListElement[1].itemListElement[0],"{""@type"":""Offer"",""businessFunction"":""http://purl.org/goodrelations/v1#LeaseOut"",""name"":""1 Stunde"",""price"":""6"",""priceCurrency"":""EUR"",""url"":""https://rentalscooterbarcelona.com/de/rollerblades/"",""itemOffered"":{""@type"":""Service"",""name"":""Inlineskates-Verleih in Barcelona ansehen"",""serviceType"":""Inlineskates-Mietpreise""},""availability"":""https://schema.org/InStock""}"
PRICES,de,1,$.@graph[5].itemListElement[1].itemListElement[1],"{""@type"":""Offer"",""businessFunction"":""http://purl.org/goodrelations/v1#LeaseOut"",""name"":""2 Stunden"",""price"":""12"",""priceCurrency"":""EUR"",""url"":""https://rentalscooterbarcelona.com/de/rollerblades/"",""itemOffered"":{""@type"":""Service"",""name"":""Inlineskates-Verleih in Barcelona ansehen"",""serviceType"":""Inlineskates-Mietpreise""},""availability"":""https://schema.org/InStock""}"
PRICES,de,1,$.@graph[5].itemListElement[1].itemListElement[2],"{""@type"":""Offer"",""businessFunction"":""http://purl.org/goodrelations/v1#LeaseOut"",""name"":""3 Stunden"",""price"":""15"",""priceCurrency"":""EUR"",""url"":""https://rentalscooterbarcelona.com/de/rollerblades/"",""itemOffered"":{""@type"":""Service"",""name"":""Inlineskates-Verleih in Barcelona ansehen"",""serviceType"":""Inlineskates-Mietpreise""},""availability"":""https://schema.org/InStock""}"
PRICES,de,1,$.@graph[5].itemListElement[1].itemListElement[3],"{""@type"":""Offer"",""businessFunction"":""http://purl.org/goodrelations/v1#LeaseOut"",""name"":""Ganzer Tag"",""price"":""18"",""priceCurrency"":""EUR"",""url"":""https://rentalscooterbarcelona.com/de/rollerblades/"",""itemOffered"":{""@type"":""Service"",""name"":""Inlineskates-Verleih in Barcelona ansehen"",""serviceType"":""Inlineskates-Mietpreise""},""availability"":""https://schema.org/InStock""}"
PRICES,de,1,$.@graph[5].itemListElement[1].itemListElement[4],"{""@type"":""Offer"",""businessFunction"":""http://purl.org/goodrelations/v1#LeaseOut"",""name"":""24 Stunden"",""price"":""20"",""priceCurrency"":""EUR"",""url"":""https://rentalscooterbarcelona.com/de/rollerblades/"",""itemOffered"":{""@type"":""Service"",""name"":""Inlineskates-Verleih in Barcelona ansehen"",""serviceType"":""Inlineskates-Mietpreise""},""availability"":""https://schema.org/InStock""}"
PRICES,de,1,$.@graph[5].itemListElement[1].itemListElement[5],"{""@type"":""Offer"",""businessFunction"":""http://purl.org/goodrelations/v1#LeaseOut"",""name"":""Zusätzlicher Tag"",""price"":""10"",""priceCurrency"":""EUR"",""url"":""https://rentalscooterbarcelona.com/de/rollerblades/"",""itemOffered"":{""@type"":""Service"",""name"":""Inlineskates-Verleih in Barcelona ansehen"",""serviceType"":""Inlineskates-Mietpreise""},""availability"":""https://schema.org/InStock""}"
PRICES,de,1,$.@graph[5].itemListElement[2].itemListElement[0],"{""@type"":""Offer"",""businessFunction"":""http://purl.org/goodrelations/v1#LeaseOut"",""name"":""1 Stunde"",""price"":""6"",""priceCurrency"":""EUR"",""url"":""https://rentalscooterbarcelona.com/de/quads/"",""itemOffered"":{""@type"":""Service"",""name"":""Rollschuhverleih in Barcelona ansehen"",""serviceType"":""Rollschuh-Mietpreise""},""availability"":""https://schema.org/InStock""}"
PRICES,de,1,$.@graph[5].itemListElement[2].itemListElement[1],"{""@type"":""Offer"",""businessFunction"":""http://purl.org/goodrelations/v1#LeaseOut"",""name"":""2 Stunden"",""price"":""12"",""priceCurrency"":""EUR"",""url"":""https://rentalscooterbarcelona.com/de/quads/"",""itemOffered"":{""@type"":""Service"",""name"":""Rollschuhverleih in Barcelona ansehen"",""serviceType"":""Rollschuh-Mietpreise""},""availability"":""https://schema.org/InStock""}"
PRICES,de,1,$.@graph[5].itemListElement[2].itemListElement[2],"{""@type"":""Offer"",""businessFunction"":""http://purl.org/goodrelations/v1#LeaseOut"",""name"":""3 Stunden"",""price"":""15"",""priceCurrency"":""EUR"",""url"":""https://rentalscooterbarcelona.com/de/quads/"",""itemOffered"":{""@type"":""Service"",""name"":""Rollschuhverleih in Barcelona ansehen"",""serviceType"":""Rollschuh-Mietpreise""},""availability"":""https://schema.org/InStock""}"
PRICES,de,1,$.@graph[5].itemListElement[2].itemListElement[3],"{""@type"":""Offer"",""businessFunction"":""http://purl.org/goodrelations/v1#LeaseOut"",""name"":""Ganzer Tag"",""price"":""18"",""priceCurrency"":""EUR"",""url"":""https://rentalscooterbarcelona.com/de/quads/"",""itemOffered"":{""@type"":""Service"",""name"":""Rollschuhverleih in Barcelona ansehen"",""serviceType"":""Rollschuh-Mietpreise""},""availability"":""https://schema.org/InStock""}"
PRICES,de,1,$.@graph[5].itemListElement[2].itemListElement[4],"{""@type"":""Offer"",""businessFunction"":""http://purl.org/goodrelations/v1#LeaseOut"",""name"":""24 Stunden"",""price"":""20"",""priceCurrency"":""EUR"",""url"":""https://rentalscooterbarcelona.com/de/quads/"",""itemOffered"":{""@type"":""Service"",""name"":""Rollschuhverleih in Barcelona ansehen"",""serviceType"":""Rollschuh-Mietpreise""},""availability"":""https://schema.org/InStock""}"
PRICES,de,1,$.@graph[5].itemListElement[2].itemListElement[5],"{""@type"":""Offer"",""businessFunction"":""http://purl.org/goodrelations/v1#LeaseOut"",""name"":""Zusätzlicher Tag"",""price"":""10"",""priceCurrency"":""EUR"",""url"":""https://rentalscooterbarcelona.com/de/quads/"",""itemOffered"":{""@type"":""Service"",""name"":""Rollschuhverleih in Barcelona ansehen"",""serviceType"":""Rollschuh-Mietpreise""},""availability"":""https://schema.org/InStock""}"
PRICES,de,1,$.@graph[5].itemListElement[3].itemListElement[0],"{""@type"":""Offer"",""businessFunction"":""http://purl.org/goodrelations/v1#LeaseOut"",""name"":""1 Stunde"",""price"":""4"",""priceCurrency"":""EUR"",""url"":""https://rentalscooterbarcelona.com/de/bike/"",""itemOffered"":{""@type"":""Service"",""name"":""Fahrradverleih in Barcelona ansehen"",""serviceType"":""Fahrrad-Mietpreise""},""availability"":""https://schema.org/InStock""}"
PRICES,de,1,$.@graph[5].itemListElement[3].itemListElement[1],"{""@type"":""Offer"",""businessFunction"":""http://purl.org/goodrelations/v1#LeaseOut"",""name"":""4 Stunden"",""price"":""8"",""priceCurrency"":""EUR"",""url"":""https://rentalscooterbarcelona.com/de/bike/"",""itemOffered"":{""@type"":""Service"",""name"":""Fahrradverleih in Barcelona ansehen"",""serviceType"":""Fahrrad-Mietpreise""},""availability"":""https://schema.org/InStock""}"
PRICES,de,1,$.@graph[5].itemListElement[3].itemListElement[2],"{""@type"":""Offer"",""businessFunction"":""http://purl.org/goodrelations/v1#LeaseOut"",""name"":""Ganzer Tag"",""price"":""10"",""priceCurrency"":""EUR"",""url"":""https://rentalscooterbarcelona.com/de/bike/"",""itemOffered"":{""@type"":""Service"",""name"":""Fahrradverleih in Barcelona ansehen"",""serviceType"":""Fahrrad-Mietpreise""},""availability"":""https://schema.org/InStock""}"
PRICES,de,1,$.@graph[5].itemListElement[3].itemListElement[3],"{""@type"":""Offer"",""businessFunction"":""http://purl.org/goodrelations/v1#LeaseOut"",""name"":""24 Stunden"",""price"":""12"",""priceCurrency"":""EUR"",""url"":""https://rentalscooterbarcelona.com/de/bike/"",""itemOffered"":{""@type"":""Service"",""name"":""Fahrradverleih in Barcelona ansehen"",""serviceType"":""Fahrrad-Mietpreise""},""availability"":""https://schema.org/InStock""}"
PRICES,de,1,$.@graph[5].itemListElement[3].itemListElement[4],"{""@type"":""Offer"",""businessFunction"":""http://purl.org/goodrelations/v1#LeaseOut"",""name"":""2 Tage"",""price"":""20"",""priceCurrency"":""EUR"",""url"":""https://rentalscooterbarcelona.com/de/bike/"",""itemOffered"":{""@type"":""Service"",""name"":""Fahrradverleih in Barcelona ansehen"",""serviceType"":""Fahrrad-Mietpreise""},""availability"":""https://schema.org/InStock""}"
PRICES,de,1,$.@graph[5].itemListElement[3].itemListElement[5],"{""@type"":""Offer"",""businessFunction"":""http://purl.org/goodrelations/v1#LeaseOut"",""name"":""Zusätzlicher Tag"",""price"":""8"",""priceCurrency"":""EUR"",""url"":""https://rentalscooterbarcelona.com/de/bike/"",""itemOffered"":{""@type"":""Service"",""name"":""Fahrradverleih in Barcelona ansehen"",""serviceType"":""Fahrrad-Mietpreise""},""availability"":""https://schema.org/InStock""}"
PRICES,de,1,$.@graph[5].itemListElement[3].itemListElement[6],"{""@type"":""Offer"",""businessFunction"":""http://purl.org/goodrelations/v1#LeaseOut"",""name"":""Kindersitz (ausgewählte Fahrräder)"",""price"":""3"",""priceCurrency"":""EUR"",""url"":""https://rentalscooterbarcelona.com/de/bike/"",""itemOffered"":{""@type"":""Service"",""name"":""Fahrradverleih in Barcelona ansehen"",""serviceType"":""Fahrrad-Mietpreise""},""availability"":""https://schema.org/InStock""}"
PRICES,de,1,$.@graph[5].itemListElement[4].itemListElement[0],"{""@type"":""Offer"",""businessFunction"":""http://purl.org/goodrelations/v1#LeaseOut"",""name"":""1 Stunde"",""price"":""6"",""priceCurrency"":""EUR"",""url"":""https://rentalscooterbarcelona.com/de/skateboard/"",""itemOffered"":{""@type"":""Service"",""name"":""Skateboardverleih in Barcelona ansehen"",""serviceType"":""Skateboard- und Longboard-Mietpreise""},""availability"":""https://schema.org/InStock""}"
PRICES,de,1,$.@graph[5].itemListElement[4].itemListElement[1],"{""@type"":""Offer"",""businessFunction"":""http://purl.org/goodrelations/v1#LeaseOut"",""name"":""2 Stunden"",""price"":""12"",""priceCurrency"":""EUR"",""url"":""https://rentalscooterbarcelona.com/de/skateboard/"",""itemOffered"":{""@type"":""Service"",""name"":""Skateboardverleih in Barcelona ansehen"",""serviceType"":""Skateboard- und Longboard-Mietpreise""},""availability"":""https://schema.org/InStock""}"
PRICES,de,1,$.@graph[5].itemListElement[4].itemListElement[2],"{""@type"":""Offer"",""businessFunction"":""http://purl.org/goodrelations/v1#LeaseOut"",""name"":""3 Stunden"",""price"":""15"",""priceCurrency"":""EUR"",""url"":""https://rentalscooterbarcelona.com/de/skateboard/"",""itemOffered"":{""@type"":""Service"",""name"":""Skateboardverleih in Barcelona ansehen"",""serviceType"":""Skateboard- und Longboard-Mietpreise""},""availability"":""https://schema.org/InStock""}"
PRICES,de,1,$.@graph[5].itemListElement[4].itemListElement[3],"{""@type"":""Offer"",""businessFunction"":""http://purl.org/goodrelations/v1#LeaseOut"",""name"":""Ganzer Tag"",""price"":""18"",""priceCurrency"":""EUR"",""url"":""https://rentalscooterbarcelona.com/de/skateboard/"",""itemOffered"":{""@type"":""Service"",""name"":""Skateboardverleih in Barcelona ansehen"",""serviceType"":""Skateboard- und Longboard-Mietpreise""},""availability"":""https://schema.org/InStock""}"
PRICES,de,1,$.@graph[5].itemListElement[4].itemListElement[4],"{""@type"":""Offer"",""businessFunction"":""http://purl.org/goodrelations/v1#LeaseOut"",""name"":""24 Stunden"",""price"":""20"",""priceCurrency"":""EUR"",""url"":""https://rentalscooterbarcelona.com/de/skateboard/"",""itemOffered"":{""@type"":""Service"",""name"":""Skateboardverleih in Barcelona ansehen"",""serviceType"":""Skateboard- und Longboard-Mietpreise""},""availability"":""https://schema.org/InStock""}"
PRICES,de,1,$.@graph[5].itemListElement[4].itemListElement[5],"{""@type"":""Offer"",""businessFunction"":""http://purl.org/goodrelations/v1#LeaseOut"",""name"":""Zusätzlicher Tag"",""price"":""10"",""priceCurrency"":""EUR"",""url"":""https://rentalscooterbarcelona.com/de/skateboard/"",""itemOffered"":{""@type"":""Service"",""name"":""Skateboardverleih in Barcelona ansehen"",""serviceType"":""Skateboard- und Longboard-Mietpreise""},""availability"":""https://schema.org/InStock""}"
PRICES,de,1,$.@graph[5].itemListElement[5].itemListElement[0],"{""@type"":""Offer"",""businessFunction"":""http://purl.org/goodrelations/v1#LeaseOut"",""name"":""1 Stunde"",""price"":""6"",""priceCurrency"":""EUR"",""url"":""https://rentalscooterbarcelona.com/de/longboard/"",""itemOffered"":{""@type"":""Service"",""name"":""Longboardverleih in Barcelona ansehen"",""serviceType"":""Skateboard- und Longboard-Mietpreise""},""availability"":""https://schema.org/InStock""}"
PRICES,de,1,$.@graph[5].itemListElement[5].itemListElement[1],"{""@type"":""Offer"",""businessFunction"":""http://purl.org/goodrelations/v1#LeaseOut"",""name"":""2 Stunden"",""price"":""12"",""priceCurrency"":""EUR"",""url"":""https://rentalscooterbarcelona.com/de/longboard/"",""itemOffered"":{""@type"":""Service"",""name"":""Longboardverleih in Barcelona ansehen"",""serviceType"":""Skateboard- und Longboard-Mietpreise""},""availability"":""https://schema.org/InStock""}"
PRICES,de,1,$.@graph[5].itemListElement[5].itemListElement[2],"{""@type"":""Offer"",""businessFunction"":""http://purl.org/goodrelations/v1#LeaseOut"",""name"":""3 Stunden"",""price"":""15"",""priceCurrency"":""EUR"",""url"":""https://rentalscooterbarcelona.com/de/longboard/"",""itemOffered"":{""@type"":""Service"",""name"":""Longboardverleih in Barcelona ansehen"",""serviceType"":""Skateboard- und Longboard-Mietpreise""},""availability"":""https://schema.org/InStock""}"
PRICES,de,1,$.@graph[5].itemListElement[5].itemListElement[3],"{""@type"":""Offer"",""businessFunction"":""http://purl.org/goodrelations/v1#LeaseOut"",""name"":""Ganzer Tag"",""price"":""18"",""priceCurrency"":""EUR"",""url"":""https://rentalscooterbarcelona.com/de/longboard/"",""itemOffered"":{""@type"":""Service"",""name"":""Longboardverleih in Barcelona ansehen"",""serviceType"":""Skateboard- und Longboard-Mietpreise""},""availability"":""https://schema.org/InStock""}"
PRICES,de,1,$.@graph[5].itemListElement[5].itemListElement[4],"{""@type"":""Offer"",""businessFunction"":""http://purl.org/goodrelations/v1#LeaseOut"",""name"":""24 Stunden"",""price"":""20"",""priceCurrency"":""EUR"",""url"":""https://rentalscooterbarcelona.com/de/longboard/"",""itemOffered"":{""@type"":""Service"",""name"":""Longboardverleih in Barcelona ansehen"",""serviceType"":""Skateboard- und Longboard-Mietpreise""},""availability"":""https://schema.org/InStock""}"
PRICES,de,1,$.@graph[5].itemListElement[5].itemListElement[5],"{""@type"":""Offer"",""businessFunction"":""http://purl.org/goodrelations/v1#LeaseOut"",""name"":""Zusätzlicher Tag"",""price"":""10"",""priceCurrency"":""EUR"",""url"":""https://rentalscooterbarcelona.com/de/longboard/"",""itemOffered"":{""@type"":""Service"",""name"":""Longboardverleih in Barcelona ansehen"",""serviceType"":""Skateboard- und Longboard-Mietpreise""},""availability"":""https://schema.org/InStock""}"
PRICES,de,1,$.@graph[7],"{""@type"":""Offer"",""businessFunction"":""http://purl.org/goodrelations/v1#LeaseOut"",""@id"":""https://rentalscooterbarcelona.com/de/Prices/#offer-scooter-full-day"",""name"":""Scooter mieten – ganzer Tag in Barcelona"",""description"":""Scooter für einen ganzen Tag bei RSB Rental Scooter Barcelona in Vila Olímpica mieten."",""price"":""35"",""priceCurrency"":""EUR"",""availability"":""https://schema.org/InStock"",""url"":""https://rentalscooterbarcelona.com/de/scooter/"",""seller"":{""@id"":""https://rentalscooterbarcelona.com/#business""},""itemOffered"":{""@type"":""Service"",""name"":""Scooter mieten in Barcelona"",""serviceType"":""Scooter mieten"",""provider"":{""@id"":""https://rentalscooterbarcelona.com/#business""},""areaServed"":{""@type"":""City"",""name"":""Barcelona""}}}"
PRICES,de,1,$.@graph[8],"{""@type"":""Offer"",""businessFunction"":""http://purl.org/goodrelations/v1#LeaseOut"",""@id"":""https://rentalscooterbarcelona.com/de/Prices/#offer-inline-skates-1-hour"",""name"":""Inlineskates mieten – 1 Stunde in Barcelona"",""description"":""Inlineskates für 1 Stunde bei RSB Rental Scooter Barcelona in Vila Olímpica mieten."",""price"":""6"",""priceCurrency"":""EUR"",""availability"":""https://schema.org/InStock"",""url"":""https://rentalscooterbarcelona.com/de/rollerblades/"",""seller"":{""@id"":""https://rentalscooterbarcelona.com/#business""},""itemOffered"":{""@type"":""Service"",""name"":""Inlineskates mieten in Barcelona"",""serviceType"":""Inlineskates mieten"",""provider"":{""@id"":""https://rentalscooterbarcelona.com/#business""},""areaServed"":{""@type"":""City"",""name"":""Barcelona""}}}"
PRICES,de,1,$.@graph[9],"{""@type"":""Offer"",""businessFunction"":""http://purl.org/goodrelations/v1#LeaseOut"",""@id"":""https://rentalscooterbarcelona.com/de/Prices/#offer-bike-1-hour"",""name"":""Fahrrad mieten – 1 Stunde in Barcelona"",""description"":""Fahrrad für 1 Stunde bei RSB Rental Scooter Barcelona in Vila Olímpica mieten."",""price"":""4"",""priceCurrency"":""EUR"",""availability"":""https://schema.org/InStock"",""url"":""https://rentalscooterbarcelona.com/de/bike/"",""seller"":{""@id"":""https://rentalscooterbarcelona.com/#business""},""itemOffered"":{""@type"":""Service"",""name"":""Fahrrad mieten in Barcelona"",""serviceType"":""Fahrrad mieten"",""provider"":{""@id"":""https://rentalscooterbarcelona.com/#business""},""areaServed"":{""@type"":""City"",""name"":""Barcelona""}}}"
PRICES,de,1,$.@graph[10],"{""@type"":""Offer"",""businessFunction"":""http://purl.org/goodrelations/v1#LeaseOut"",""@id"":""https://rentalscooterbarcelona.com/de/Prices/#offer-roller-skates-1-hour"",""name"":""Rollschuhe mieten – 1 Stunde in Barcelona"",""description"":""Rollschuhe und Quad-Skates für 1 Stunde bei RSB Rental Scooter Barcelona in Vila Olímpica mieten."",""price"":""6"",""priceCurrency"":""EUR"",""availability"":""https://schema.org/InStock"",""url"":""https://rentalscooterbarcelona.com/de/quads/"",""seller"":{""@id"":""https://rentalscooterbarcelona.com/#business""},""itemOffered"":{""@type"":""Service"",""name"":""Rollschuhe mieten in Barcelona"",""serviceType"":""Rollschuhe mieten"",""provider"":{""@id"":""https://rentalscooterbarcelona.com/#business""},""areaServed"":{""@type"":""City"",""name"":""Barcelona""}}}"
PRICES,de,1,$.@graph[11],"{""@type"":""Offer"",""businessFunction"":""http://purl.org/goodrelations/v1#LeaseOut"",""@id"":""https://rentalscooterbarcelona.com/de/Prices/#offer-skateboard-1-hour"",""name"":""Skateboard mieten – 1 Stunde in Barcelona"",""description"":""Skateboard für 1 Stunde bei RSB Rental Scooter Barcelona in Vila Olímpica mieten."",""price"":""6"",""priceCurrency"":""EUR"",""availability"":""https://schema.org/InStock"",""url"":""https://rentalscooterbarcelona.com/de/skateboard/"",""seller"":{""@id"":""https://rentalscooterbarcelona.com/#business""},""itemOffered"":{""@type"":""Service"",""name"":""Skateboard mieten in Barcelona"",""serviceType"":""Skateboard mieten"",""provider"":{""@id"":""https://rentalscooterbarcelona.com/#business""},""areaServed"":{""@type"":""City"",""name"":""Barcelona""}}}"
PRICES,de,1,$.@graph[12],"{""@type"":""Offer"",""businessFunction"":""http://purl.org/goodrelations/v1#LeaseOut"",""@id"":""https://rentalscooterbarcelona.com/de/Prices/#offer-longboard-1-hour"",""name"":""Longboard mieten – 1 Stunde in Barcelona"",""description"":""Longboard für 1 Stunde bei RSB Rental Scooter Barcelona in Vila Olímpica mieten."",""price"":""6"",""priceCurrency"":""EUR"",""availability"":""https://schema.org/InStock"",""url"":""https://rentalscooterbarcelona.com/de/longboard/"",""seller"":{""@id"":""https://rentalscooterbarcelona.com/#business""},""itemOffered"":{""@type"":""Service"",""name"":""Longboard mieten in Barcelona"",""serviceType"":""Longboard mieten"",""provider"":{""@id"":""https://rentalscooterbarcelona.com/#business""},""areaServed"":{""@type"":""City"",""name"":""Barcelona""}}}"
PRICES,nl,1,$.@graph[5].itemListElement[0].itemListElement[0],"{""@type"":""Offer"",""businessFunction"":""http://purl.org/goodrelations/v1#LeaseOut"",""name"":""Hele dag"",""price"":""35"",""priceCurrency"":""EUR"",""url"":""https://rentalscooterbarcelona.com/nl/scooter/"",""itemOffered"":{""@type"":""Service"",""name"":""Scooterverhuur in Barcelona bekijken"",""serviceType"":""Scooterhuurprijzen""},""availability"":""https://schema.org/InStock""}"
PRICES,nl,1,$.@graph[5].itemListElement[0].itemListElement[1],"{""@type"":""Offer"",""businessFunction"":""http://purl.org/goodrelations/v1#LeaseOut"",""name"":""24 uur"",""price"":""40"",""priceCurrency"":""EUR"",""url"":""https://rentalscooterbarcelona.com/nl/scooter/"",""itemOffered"":{""@type"":""Service"",""name"":""Scooterverhuur in Barcelona bekijken"",""serviceType"":""Scooterhuurprijzen""},""availability"":""https://schema.org/InStock""}"
PRICES,nl,1,$.@graph[5].itemListElement[0].itemListElement[2],"{""@type"":""Offer"",""businessFunction"":""http://purl.org/goodrelations/v1#LeaseOut"",""name"":""2 dagen"",""price"":""80"",""priceCurrency"":""EUR"",""url"":""https://rentalscooterbarcelona.com/nl/scooter/"",""itemOffered"":{""@type"":""Service"",""name"":""Scooterverhuur in Barcelona bekijken"",""serviceType"":""Scooterhuurprijzen""},""availability"":""https://schema.org/InStock""}"
PRICES,nl,1,$.@graph[5].itemListElement[0].itemListElement[3],"{""@type"":""Offer"",""businessFunction"":""http://purl.org/goodrelations/v1#LeaseOut"",""name"":""3 dagen"",""price"":""115"",""priceCurrency"":""EUR"",""url"":""https://rentalscooterbarcelona.com/nl/scooter/"",""itemOffered"":{""@type"":""Service"",""name"":""Scooterverhuur in Barcelona bekijken"",""serviceType"":""Scooterhuurprijzen""},""availability"":""https://schema.org/InStock""}"
PRICES,nl,1,$.@graph[5].itemListElement[0].itemListElement[4],"{""@type"":""Offer"",""businessFunction"":""http://purl.org/goodrelations/v1#LeaseOut"",""name"":""Extra dag"",""price"":""30"",""priceCurrency"":""EUR"",""url"":""https://rentalscooterbarcelona.com/nl/scooter/"",""itemOffered"":{""@type"":""Service"",""name"":""Scooterverhuur in Barcelona bekijken"",""serviceType"":""Scooterhuurprijzen""},""availability"":""https://schema.org/InStock""}"
PRICES,nl,1,$.@graph[5].itemListElement[1].itemListElement[0],"{""@type"":""Offer"",""businessFunction"":""http://purl.org/goodrelations/v1#LeaseOut"",""name"":""1 uur"",""price"":""6"",""priceCurrency"":""EUR"",""url"":""https://rentalscooterbarcelona.com/nl/rollerblades/"",""itemOffered"":{""@type"":""Service"",""name"":""Inline skates verhuur in Barcelona bekijken"",""serviceType"":""Inline skates huurprijzen""},""availability"":""https://schema.org/InStock""}"
PRICES,nl,1,$.@graph[5].itemListElement[1].itemListElement[1],"{""@type"":""Offer"",""businessFunction"":""http://purl.org/goodrelations/v1#LeaseOut"",""name"":""2 uur"",""price"":""12"",""priceCurrency"":""EUR"",""url"":""https://rentalscooterbarcelona.com/nl/rollerblades/"",""itemOffered"":{""@type"":""Service"",""name"":""Inline skates verhuur in Barcelona bekijken"",""serviceType"":""Inline skates huurprijzen""},""availability"":""https://schema.org/InStock""}"
PRICES,nl,1,$.@graph[5].itemListElement[1].itemListElement[2],"{""@type"":""Offer"",""businessFunction"":""http://purl.org/goodrelations/v1#LeaseOut"",""name"":""3 uur"",""price"":""15"",""priceCurrency"":""EUR"",""url"":""https://rentalscooterbarcelona.com/nl/rollerblades/"",""itemOffered"":{""@type"":""Service"",""name"":""Inline skates verhuur in Barcelona bekijken"",""serviceType"":""Inline skates huurprijzen""},""availability"":""https://schema.org/InStock""}"
PRICES,nl,1,$.@graph[5].itemListElement[1].itemListElement[3],"{""@type"":""Offer"",""businessFunction"":""http://purl.org/goodrelations/v1#LeaseOut"",""name"":""Hele dag"",""price"":""18"",""priceCurrency"":""EUR"",""url"":""https://rentalscooterbarcelona.com/nl/rollerblades/"",""itemOffered"":{""@type"":""Service"",""name"":""Inline skates verhuur in Barcelona bekijken"",""serviceType"":""Inline skates huurprijzen""},""availability"":""https://schema.org/InStock""}"
PRICES,nl,1,$.@graph[5].itemListElement[1].itemListElement[4],"{""@type"":""Offer"",""businessFunction"":""http://purl.org/goodrelations/v1#LeaseOut"",""name"":""24 uur"",""price"":""20"",""priceCurrency"":""EUR"",""url"":""https://rentalscooterbarcelona.com/nl/rollerblades/"",""itemOffered"":{""@type"":""Service"",""name"":""Inline skates verhuur in Barcelona bekijken"",""serviceType"":""Inline skates huurprijzen""},""availability"":""https://schema.org/InStock""}"
PRICES,nl,1,$.@graph[5].itemListElement[1].itemListElement[5],"{""@type"":""Offer"",""businessFunction"":""http://purl.org/goodrelations/v1#LeaseOut"",""name"":""Extra dag"",""price"":""10"",""priceCurrency"":""EUR"",""url"":""https://rentalscooterbarcelona.com/nl/rollerblades/"",""itemOffered"":{""@type"":""Service"",""name"":""Inline skates verhuur in Barcelona bekijken"",""serviceType"":""Inline skates huurprijzen""},""availability"":""https://schema.org/InStock""}"
PRICES,nl,1,$.@graph[5].itemListElement[2].itemListElement[0],"{""@type"":""Offer"",""businessFunction"":""http://purl.org/goodrelations/v1#LeaseOut"",""name"":""1 uur"",""price"":""6"",""priceCurrency"":""EUR"",""url"":""https://rentalscooterbarcelona.com/nl/quads/"",""itemOffered"":{""@type"":""Service"",""name"":""Rolschaatsenverhuur in Barcelona bekijken"",""serviceType"":""Rolschaatsen huurprijzen""},""availability"":""https://schema.org/InStock""}"
PRICES,nl,1,$.@graph[5].itemListElement[2].itemListElement[1],"{""@type"":""Offer"",""businessFunction"":""http://purl.org/goodrelations/v1#LeaseOut"",""name"":""2 uur"",""price"":""12"",""priceCurrency"":""EUR"",""url"":""https://rentalscooterbarcelona.com/nl/quads/"",""itemOffered"":{""@type"":""Service"",""name"":""Rolschaatsenverhuur in Barcelona bekijken"",""serviceType"":""Rolschaatsen huurprijzen""},""availability"":""https://schema.org/InStock""}"
PRICES,nl,1,$.@graph[5].itemListElement[2].itemListElement[2],"{""@type"":""Offer"",""businessFunction"":""http://purl.org/goodrelations/v1#LeaseOut"",""name"":""3 uur"",""price"":""15"",""priceCurrency"":""EUR"",""url"":""https://rentalscooterbarcelona.com/nl/quads/"",""itemOffered"":{""@type"":""Service"",""name"":""Rolschaatsenverhuur in Barcelona bekijken"",""serviceType"":""Rolschaatsen huurprijzen""},""availability"":""https://schema.org/InStock""}"
PRICES,nl,1,$.@graph[5].itemListElement[2].itemListElement[3],"{""@type"":""Offer"",""businessFunction"":""http://purl.org/goodrelations/v1#LeaseOut"",""name"":""Hele dag"",""price"":""18"",""priceCurrency"":""EUR"",""url"":""https://rentalscooterbarcelona.com/nl/quads/"",""itemOffered"":{""@type"":""Service"",""name"":""Rolschaatsenverhuur in Barcelona bekijken"",""serviceType"":""Rolschaatsen huurprijzen""},""availability"":""https://schema.org/InStock""}"
PRICES,nl,1,$.@graph[5].itemListElement[2].itemListElement[4],"{""@type"":""Offer"",""businessFunction"":""http://purl.org/goodrelations/v1#LeaseOut"",""name"":""24 uur"",""price"":""20"",""priceCurrency"":""EUR"",""url"":""https://rentalscooterbarcelona.com/nl/quads/"",""itemOffered"":{""@type"":""Service"",""name"":""Rolschaatsenverhuur in Barcelona bekijken"",""serviceType"":""Rolschaatsen huurprijzen""},""availability"":""https://schema.org/InStock""}"
PRICES,nl,1,$.@graph[5].itemListElement[2].itemListElement[5],"{""@type"":""Offer"",""businessFunction"":""http://purl.org/goodrelations/v1#LeaseOut"",""name"":""Extra dag"",""price"":""10"",""priceCurrency"":""EUR"",""url"":""https://rentalscooterbarcelona.com/nl/quads/"",""itemOffered"":{""@type"":""Service"",""name"":""Rolschaatsenverhuur in Barcelona bekijken"",""serviceType"":""Rolschaatsen huurprijzen""},""availability"":""https://schema.org/InStock""}"
PRICES,nl,1,$.@graph[5].itemListElement[3].itemListElement[0],"{""@type"":""Offer"",""businessFunction"":""http://purl.org/goodrelations/v1#LeaseOut"",""name"":""1 uur"",""price"":""4"",""priceCurrency"":""EUR"",""url"":""https://rentalscooterbarcelona.com/nl/bike/"",""itemOffered"":{""@type"":""Service"",""name"":""Fietsverhuur in Barcelona bekijken"",""serviceType"":""Fietsverhuur prijzen""},""availability"":""https://schema.org/InStock""}"
PRICES,nl,1,$.@graph[5].itemListElement[3].itemListElement[1],"{""@type"":""Offer"",""businessFunction"":""http://purl.org/goodrelations/v1#LeaseOut"",""name"":""4 uur"",""price"":""8"",""priceCurrency"":""EUR"",""url"":""https://rentalscooterbarcelona.com/nl/bike/"",""itemOffered"":{""@type"":""Service"",""name"":""Fietsverhuur in Barcelona bekijken"",""serviceType"":""Fietsverhuur prijzen""},""availability"":""https://schema.org/InStock""}"
PRICES,nl,1,$.@graph[5].itemListElement[3].itemListElement[2],"{""@type"":""Offer"",""businessFunction"":""http://purl.org/goodrelations/v1#LeaseOut"",""name"":""Hele dag"",""price"":""10"",""priceCurrency"":""EUR"",""url"":""https://rentalscooterbarcelona.com/nl/bike/"",""itemOffered"":{""@type"":""Service"",""name"":""Fietsverhuur in Barcelona bekijken"",""serviceType"":""Fietsverhuur prijzen""},""availability"":""https://schema.org/InStock""}"
PRICES,nl,1,$.@graph[5].itemListElement[3].itemListElement[3],"{""@type"":""Offer"",""businessFunction"":""http://purl.org/goodrelations/v1#LeaseOut"",""name"":""24 uur"",""price"":""12"",""priceCurrency"":""EUR"",""url"":""https://rentalscooterbarcelona.com/nl/bike/"",""itemOffered"":{""@type"":""Service"",""name"":""Fietsverhuur in Barcelona bekijken"",""serviceType"":""Fietsverhuur prijzen""},""availability"":""https://schema.org/InStock""}"
PRICES,nl,1,$.@graph[5].itemListElement[3].itemListElement[4],"{""@type"":""Offer"",""businessFunction"":""http://purl.org/goodrelations/v1#LeaseOut"",""name"":""2 dagen"",""price"":""20"",""priceCurrency"":""EUR"",""url"":""https://rentalscooterbarcelona.com/nl/bike/"",""itemOffered"":{""@type"":""Service"",""name"":""Fietsverhuur in Barcelona bekijken"",""serviceType"":""Fietsverhuur prijzen""},""availability"":""https://schema.org/InStock""}"
PRICES,nl,1,$.@graph[5].itemListElement[3].itemListElement[5],"{""@type"":""Offer"",""businessFunction"":""http://purl.org/goodrelations/v1#LeaseOut"",""name"":""Extra dag"",""price"":""8"",""priceCurrency"":""EUR"",""url"":""https://rentalscooterbarcelona.com/nl/bike/"",""itemOffered"":{""@type"":""Service"",""name"":""Fietsverhuur in Barcelona bekijken"",""serviceType"":""Fietsverhuur prijzen""},""availability"":""https://schema.org/InStock""}"
PRICES,nl,1,$.@graph[5].itemListElement[3].itemListElement[6],"{""@type"":""Offer"",""businessFunction"":""http://purl.org/goodrelations/v1#LeaseOut"",""name"":""Kinderzitje (geselecteerde fietsen)"",""price"":""3"",""priceCurrency"":""EUR"",""url"":""https://rentalscooterbarcelona.com/nl/bike/"",""itemOffered"":{""@type"":""Service"",""name"":""Fietsverhuur in Barcelona bekijken"",""serviceType"":""Fietsverhuur prijzen""},""availability"":""https://schema.org/InStock""}"
PRICES,nl,1,$.@graph[5].itemListElement[4].itemListElement[0],"{""@type"":""Offer"",""businessFunction"":""http://purl.org/goodrelations/v1#LeaseOut"",""name"":""1 uur"",""price"":""6"",""priceCurrency"":""EUR"",""url"":""https://rentalscooterbarcelona.com/nl/skateboard/"",""itemOffered"":{""@type"":""Service"",""name"":""Skateboardverhuur in Barcelona bekijken"",""serviceType"":""Skateboard- en longboard huurprijzen""},""availability"":""https://schema.org/InStock""}"
PRICES,nl,1,$.@graph[5].itemListElement[4].itemListElement[1],"{""@type"":""Offer"",""businessFunction"":""http://purl.org/goodrelations/v1#LeaseOut"",""name"":""2 uur"",""price"":""12"",""priceCurrency"":""EUR"",""url"":""https://rentalscooterbarcelona.com/nl/skateboard/"",""itemOffered"":{""@type"":""Service"",""name"":""Skateboardverhuur in Barcelona bekijken"",""serviceType"":""Skateboard- en longboard huurprijzen""},""availability"":""https://schema.org/InStock""}"
PRICES,nl,1,$.@graph[5].itemListElement[4].itemListElement[2],"{""@type"":""Offer"",""businessFunction"":""http://purl.org/goodrelations/v1#LeaseOut"",""name"":""3 uur"",""price"":""15"",""priceCurrency"":""EUR"",""url"":""https://rentalscooterbarcelona.com/nl/skateboard/"",""itemOffered"":{""@type"":""Service"",""name"":""Skateboardverhuur in Barcelona bekijken"",""serviceType"":""Skateboard- en longboard huurprijzen""},""availability"":""https://schema.org/InStock""}"
PRICES,nl,1,$.@graph[5].itemListElement[4].itemListElement[3],"{""@type"":""Offer"",""businessFunction"":""http://purl.org/goodrelations/v1#LeaseOut"",""name"":""Hele dag"",""price"":""18"",""priceCurrency"":""EUR"",""url"":""https://rentalscooterbarcelona.com/nl/skateboard/"",""itemOffered"":{""@type"":""Service"",""name"":""Skateboardverhuur in Barcelona bekijken"",""serviceType"":""Skateboard- en longboard huurprijzen""},""availability"":""https://schema.org/InStock""}"
PRICES,nl,1,$.@graph[5].itemListElement[4].itemListElement[4],"{""@type"":""Offer"",""businessFunction"":""http://purl.org/goodrelations/v1#LeaseOut"",""name"":""24 uur"",""price"":""20"",""priceCurrency"":""EUR"",""url"":""https://rentalscooterbarcelona.com/nl/skateboard/"",""itemOffered"":{""@type"":""Service"",""name"":""Skateboardverhuur in Barcelona bekijken"",""serviceType"":""Skateboard- en longboard huurprijzen""},""availability"":""https://schema.org/InStock""}"
PRICES,nl,1,$.@graph[5].itemListElement[4].itemListElement[5],"{""@type"":""Offer"",""businessFunction"":""http://purl.org/goodrelations/v1#LeaseOut"",""name"":""Extra dag"",""price"":""10"",""priceCurrency"":""EUR"",""url"":""https://rentalscooterbarcelona.com/nl/skateboard/"",""itemOffered"":{""@type"":""Service"",""name"":""Skateboardverhuur in Barcelona bekijken"",""serviceType"":""Skateboard- en longboard huurprijzen""},""availability"":""https://schema.org/InStock""}"
PRICES,nl,1,$.@graph[5].itemListElement[5].itemListElement[0],"{""@type"":""Offer"",""businessFunction"":""http://purl.org/goodrelations/v1#LeaseOut"",""name"":""1 uur"",""price"":""6"",""priceCurrency"":""EUR"",""url"":""https://rentalscooterbarcelona.com/nl/longboard/"",""itemOffered"":{""@type"":""Service"",""name"":""Longboardverhuur in Barcelona bekijken"",""serviceType"":""Skateboard- en longboard huurprijzen""},""availability"":""https://schema.org/InStock""}"
PRICES,nl,1,$.@graph[5].itemListElement[5].itemListElement[1],"{""@type"":""Offer"",""businessFunction"":""http://purl.org/goodrelations/v1#LeaseOut"",""name"":""2 uur"",""price"":""12"",""priceCurrency"":""EUR"",""url"":""https://rentalscooterbarcelona.com/nl/longboard/"",""itemOffered"":{""@type"":""Service"",""name"":""Longboardverhuur in Barcelona bekijken"",""serviceType"":""Skateboard- en longboard huurprijzen""},""availability"":""https://schema.org/InStock""}"
PRICES,nl,1,$.@graph[5].itemListElement[5].itemListElement[2],"{""@type"":""Offer"",""businessFunction"":""http://purl.org/goodrelations/v1#LeaseOut"",""name"":""3 uur"",""price"":""15"",""priceCurrency"":""EUR"",""url"":""https://rentalscooterbarcelona.com/nl/longboard/"",""itemOffered"":{""@type"":""Service"",""name"":""Longboardverhuur in Barcelona bekijken"",""serviceType"":""Skateboard- en longboard huurprijzen""},""availability"":""https://schema.org/InStock""}"
PRICES,nl,1,$.@graph[5].itemListElement[5].itemListElement[3],"{""@type"":""Offer"",""businessFunction"":""http://purl.org/goodrelations/v1#LeaseOut"",""name"":""Hele dag"",""price"":""18"",""priceCurrency"":""EUR"",""url"":""https://rentalscooterbarcelona.com/nl/longboard/"",""itemOffered"":{""@type"":""Service"",""name"":""Longboardverhuur in Barcelona bekijken"",""serviceType"":""Skateboard- en longboard huurprijzen""},""availability"":""https://schema.org/InStock""}"
PRICES,nl,1,$.@graph[5].itemListElement[5].itemListElement[4],"{""@type"":""Offer"",""businessFunction"":""http://purl.org/goodrelations/v1#LeaseOut"",""name"":""24 uur"",""price"":""20"",""priceCurrency"":""EUR"",""url"":""https://rentalscooterbarcelona.com/nl/longboard/"",""itemOffered"":{""@type"":""Service"",""name"":""Longboardverhuur in Barcelona bekijken"",""serviceType"":""Skateboard- en longboard huurprijzen""},""availability"":""https://schema.org/InStock""}"
PRICES,nl,1,$.@graph[5].itemListElement[5].itemListElement[5],"{""@type"":""Offer"",""businessFunction"":""http://purl.org/goodrelations/v1#LeaseOut"",""name"":""Extra dag"",""price"":""10"",""priceCurrency"":""EUR"",""url"":""https://rentalscooterbarcelona.com/nl/longboard/"",""itemOffered"":{""@type"":""Service"",""name"":""Longboardverhuur in Barcelona bekijken"",""serviceType"":""Skateboard- en longboard huurprijzen""},""availability"":""https://schema.org/InStock""}"
PRICES,nl,1,$.@graph[6],"{""@type"":""Offer"",""businessFunction"":""http://purl.org/goodrelations/v1#LeaseOut"",""@id"":""https://rentalscooterbarcelona.com/nl/Prices/#offer-scooter-full-day"",""name"":""Scooterverhuur voor een hele dag in Barcelona"",""price"":""35"",""priceCurrency"":""EUR"",""url"":""https://rentalscooterbarcelona.com/nl/scooter/"",""itemOffered"":{""@type"":""Service"",""name"":""Scooterverhuur in Barcelona"",""serviceType"":""Scooterverhuur"",""provider"":{""@id"":""https://rentalscooterbarcelona.com/#business""},""areaServed"":{""@type"":""City"",""name"":""Barcelona""}},""seller"":{""@id"":""https://rentalscooterbarcelona.com/#business""},""availability"":""https://schema.org/InStock"",""description"":""Scooterverhuur voor een hele dag in Barcelona""}"
PRICES,nl,1,$.@graph[7],"{""@type"":""Offer"",""businessFunction"":""http://purl.org/goodrelations/v1#LeaseOut"",""@id"":""https://rentalscooterbarcelona.com/nl/Prices/#offer-inline-skates-1-hour"",""name"":""Inline skates huren voor 1 uur in Barcelona"",""price"":""6"",""priceCurrency"":""EUR"",""url"":""https://rentalscooterbarcelona.com/nl/rollerblades/"",""itemOffered"":{""@type"":""Service"",""name"":""Inline skates huren in Barcelona"",""serviceType"":""Inline skates huren"",""provider"":{""@id"":""https://rentalscooterbarcelona.com/#business""},""areaServed"":{""@type"":""City"",""name"":""Barcelona""}},""seller"":{""@id"":""https://rentalscooterbarcelona.com/#business""},""availability"":""https://schema.org/InStock"",""description"":""Inline skates huren voor 1 uur in Barcelona""}"
PRICES,nl,1,$.@graph[8],"{""@type"":""Offer"",""businessFunction"":""http://purl.org/goodrelations/v1#LeaseOut"",""@id"":""https://rentalscooterbarcelona.com/nl/Prices/#offer-bike-1-hour"",""name"":""Fiets huren voor 1 uur in Barcelona"",""price"":""4"",""priceCurrency"":""EUR"",""url"":""https://rentalscooterbarcelona.com/nl/bike/"",""itemOffered"":{""@type"":""Service"",""name"":""Fietsverhuur in Barcelona"",""serviceType"":""Fietsverhuur"",""provider"":{""@id"":""https://rentalscooterbarcelona.com/#business""},""areaServed"":{""@type"":""City"",""name"":""Barcelona""}},""seller"":{""@id"":""https://rentalscooterbarcelona.com/#business""},""availability"":""https://schema.org/InStock"",""description"":""Fiets huren voor 1 uur in Barcelona""}"
PRICES,nl,1,$.@graph[9],"{""@type"":""Offer"",""businessFunction"":""http://purl.org/goodrelations/v1#LeaseOut"",""@id"":""https://rentalscooterbarcelona.com/nl/Prices/#offer-roller-skates-1-hour"",""name"":""Rolschaatsen huren voor 1 uur in Barcelona"",""price"":""6"",""priceCurrency"":""EUR"",""url"":""https://rentalscooterbarcelona.com/nl/quads/"",""itemOffered"":{""@type"":""Service"",""name"":""Rolschaatsen huren in Barcelona"",""serviceType"":""Rolschaatsen huren"",""provider"":{""@id"":""https://rentalscooterbarcelona.com/#business""},""areaServed"":{""@type"":""City"",""name"":""Barcelona""}},""seller"":{""@id"":""https://rentalscooterbarcelona.com/#business""},""availability"":""https://schema.org/InStock"",""description"":""Rolschaatsen huren voor 1 uur in Barcelona""}"
PRICES,nl,1,$.@graph[10],"{""@type"":""Offer"",""businessFunction"":""http://purl.org/goodrelations/v1#LeaseOut"",""@id"":""https://rentalscooterbarcelona.com/nl/Prices/#offer-skateboard-1-hour"",""name"":""Skateboard huren voor 1 uur in Barcelona"",""price"":""6"",""priceCurrency"":""EUR"",""url"":""https://rentalscooterbarcelona.com/nl/skateboard/"",""itemOffered"":{""@type"":""Service"",""name"":""Skateboard huren in Barcelona"",""serviceType"":""Skateboard huren"",""provider"":{""@id"":""https://rentalscooterbarcelona.com/#business""},""areaServed"":{""@type"":""City"",""name"":""Barcelona""}},""seller"":{""@id"":""https://rentalscooterbarcelona.com/#business""},""availability"":""https://schema.org/InStock"",""description"":""Skateboard huren voor 1 uur in Barcelona""}"
PRICES,nl,1,$.@graph[11],"{""@type"":""Offer"",""businessFunction"":""http://purl.org/goodrelations/v1#LeaseOut"",""@id"":""https://rentalscooterbarcelona.com/nl/Prices/#offer-longboard-1-hour"",""name"":""Longboard huren voor 1 uur in Barcelona"",""price"":""6"",""priceCurrency"":""EUR"",""url"":""https://rentalscooterbarcelona.com/nl/longboard/"",""itemOffered"":{""@type"":""Service"",""name"":""Longboard huren in Barcelona"",""serviceType"":""Longboard huren"",""provider"":{""@id"":""https://rentalscooterbarcelona.com/#business""},""areaServed"":{""@type"":""City"",""name"":""Barcelona""}},""seller"":{""@id"":""https://rentalscooterbarcelona.com/#business""},""availability"":""https://schema.org/InStock"",""description"":""Longboard huren voor 1 uur in Barcelona""}"
PRICES,pt,1,$.@graph[5].itemListElement[0].itemListElement[0],"{""@type"":""Offer"",""businessFunction"":""http://purl.org/goodrelations/v1#LeaseOut"",""name"":""Dia completo"",""price"":""35"",""priceCurrency"":""EUR"",""url"":""https://rentalscooterbarcelona.com/pt/scooter/"",""itemOffered"":{""@type"":""Service"",""name"":""Ver aluguer de scooter em Barcelona"",""serviceType"":""Preços de aluguer de scooter""},""availability"":""https://schema.org/InStock""}"
PRICES,pt,1,$.@graph[5].itemListElement[0].itemListElement[1],"{""@type"":""Offer"",""businessFunction"":""http://purl.org/goodrelations/v1#LeaseOut"",""name"":""24 horas"",""price"":""40"",""priceCurrency"":""EUR"",""url"":""https://rentalscooterbarcelona.com/pt/scooter/"",""itemOffered"":{""@type"":""Service"",""name"":""Ver aluguer de scooter em Barcelona"",""serviceType"":""Preços de aluguer de scooter""},""availability"":""https://schema.org/InStock""}"
PRICES,pt,1,$.@graph[5].itemListElement[0].itemListElement[2],"{""@type"":""Offer"",""businessFunction"":""http://purl.org/goodrelations/v1#LeaseOut"",""name"":""2 dias"",""price"":""80"",""priceCurrency"":""EUR"",""url"":""https://rentalscooterbarcelona.com/pt/scooter/"",""itemOffered"":{""@type"":""Service"",""name"":""Ver aluguer de scooter em Barcelona"",""serviceType"":""Preços de aluguer de scooter""},""availability"":""https://schema.org/InStock""}"
PRICES,pt,1,$.@graph[5].itemListElement[0].itemListElement[3],"{""@type"":""Offer"",""businessFunction"":""http://purl.org/goodrelations/v1#LeaseOut"",""name"":""3 dias"",""price"":""115"",""priceCurrency"":""EUR"",""url"":""https://rentalscooterbarcelona.com/pt/scooter/"",""itemOffered"":{""@type"":""Service"",""name"":""Ver aluguer de scooter em Barcelona"",""serviceType"":""Preços de aluguer de scooter""},""availability"":""https://schema.org/InStock""}"
PRICES,pt,1,$.@graph[5].itemListElement[0].itemListElement[4],"{""@type"":""Offer"",""businessFunction"":""http://purl.org/goodrelations/v1#LeaseOut"",""name"":""Dia extra"",""price"":""30"",""priceCurrency"":""EUR"",""url"":""https://rentalscooterbarcelona.com/pt/scooter/"",""itemOffered"":{""@type"":""Service"",""name"":""Ver aluguer de scooter em Barcelona"",""serviceType"":""Preços de aluguer de scooter""},""availability"":""https://schema.org/InStock""}"
PRICES,pt,1,$.@graph[5].itemListElement[1].itemListElement[0],"{""@type"":""Offer"",""businessFunction"":""http://purl.org/goodrelations/v1#LeaseOut"",""name"":""1 hora"",""price"":""6"",""priceCurrency"":""EUR"",""url"":""https://rentalscooterbarcelona.com/pt/rollerblades/"",""itemOffered"":{""@type"":""Service"",""name"":""Ver aluguer de patins em linha em Barcelona"",""serviceType"":""Preços de aluguer de patins em linha""},""availability"":""https://schema.org/InStock""}"
PRICES,pt,1,$.@graph[5].itemListElement[1].itemListElement[1],"{""@type"":""Offer"",""businessFunction"":""http://purl.org/goodrelations/v1#LeaseOut"",""name"":""2 horas"",""price"":""12"",""priceCurrency"":""EUR"",""url"":""https://rentalscooterbarcelona.com/pt/rollerblades/"",""itemOffered"":{""@type"":""Service"",""name"":""Ver aluguer de patins em linha em Barcelona"",""serviceType"":""Preços de aluguer de patins em linha""},""availability"":""https://schema.org/InStock""}"
PRICES,pt,1,$.@graph[5].itemListElement[1].itemListElement[2],"{""@type"":""Offer"",""businessFunction"":""http://purl.org/goodrelations/v1#LeaseOut"",""name"":""3 horas"",""price"":""15"",""priceCurrency"":""EUR"",""url"":""https://rentalscooterbarcelona.com/pt/rollerblades/"",""itemOffered"":{""@type"":""Service"",""name"":""Ver aluguer de patins em linha em Barcelona"",""serviceType"":""Preços de aluguer de patins em linha""},""availability"":""https://schema.org/InStock""}"
PRICES,pt,1,$.@graph[5].itemListElement[1].itemListElement[3],"{""@type"":""Offer"",""businessFunction"":""http://purl.org/goodrelations/v1#LeaseOut"",""name"":""Dia completo"",""price"":""18"",""priceCurrency"":""EUR"",""url"":""https://rentalscooterbarcelona.com/pt/rollerblades/"",""itemOffered"":{""@type"":""Service"",""name"":""Ver aluguer de patins em linha em Barcelona"",""serviceType"":""Preços de aluguer de patins em linha""},""availability"":""https://schema.org/InStock""}"
PRICES,pt,1,$.@graph[5].itemListElement[1].itemListElement[4],"{""@type"":""Offer"",""businessFunction"":""http://purl.org/goodrelations/v1#LeaseOut"",""name"":""24 horas"",""price"":""20"",""priceCurrency"":""EUR"",""url"":""https://rentalscooterbarcelona.com/pt/rollerblades/"",""itemOffered"":{""@type"":""Service"",""name"":""Ver aluguer de patins em linha em Barcelona"",""serviceType"":""Preços de aluguer de patins em linha""},""availability"":""https://schema.org/InStock""}"
PRICES,pt,1,$.@graph[5].itemListElement[1].itemListElement[5],"{""@type"":""Offer"",""businessFunction"":""http://purl.org/goodrelations/v1#LeaseOut"",""name"":""Dia extra"",""price"":""10"",""priceCurrency"":""EUR"",""url"":""https://rentalscooterbarcelona.com/pt/rollerblades/"",""itemOffered"":{""@type"":""Service"",""name"":""Ver aluguer de patins em linha em Barcelona"",""serviceType"":""Preços de aluguer de patins em linha""},""availability"":""https://schema.org/InStock""}"
PRICES,pt,1,$.@graph[5].itemListElement[2].itemListElement[0],"{""@type"":""Offer"",""businessFunction"":""http://purl.org/goodrelations/v1#LeaseOut"",""name"":""1 hora"",""price"":""6"",""priceCurrency"":""EUR"",""url"":""https://rentalscooterbarcelona.com/pt/quads/"",""itemOffered"":{""@type"":""Service"",""name"":""Ver aluguer de patins de 4 rodas em Barcelona"",""serviceType"":""Preços de aluguer de patins de 4 rodas""},""availability"":""https://schema.org/InStock""}"
PRICES,pt,1,$.@graph[5].itemListElement[2].itemListElement[1],"{""@type"":""Offer"",""businessFunction"":""http://purl.org/goodrelations/v1#LeaseOut"",""name"":""2 horas"",""price"":""12"",""priceCurrency"":""EUR"",""url"":""https://rentalscooterbarcelona.com/pt/quads/"",""itemOffered"":{""@type"":""Service"",""name"":""Ver aluguer de patins de 4 rodas em Barcelona"",""serviceType"":""Preços de aluguer de patins de 4 rodas""},""availability"":""https://schema.org/InStock""}"
PRICES,pt,1,$.@graph[5].itemListElement[2].itemListElement[2],"{""@type"":""Offer"",""businessFunction"":""http://purl.org/goodrelations/v1#LeaseOut"",""name"":""3 horas"",""price"":""15"",""priceCurrency"":""EUR"",""url"":""https://rentalscooterbarcelona.com/pt/quads/"",""itemOffered"":{""@type"":""Service"",""name"":""Ver aluguer de patins de 4 rodas em Barcelona"",""serviceType"":""Preços de aluguer de patins de 4 rodas""},""availability"":""https://schema.org/InStock""}"
PRICES,pt,1,$.@graph[5].itemListElement[2].itemListElement[3],"{""@type"":""Offer"",""businessFunction"":""http://purl.org/goodrelations/v1#LeaseOut"",""name"":""Dia completo"",""price"":""18"",""priceCurrency"":""EUR"",""url"":""https://rentalscooterbarcelona.com/pt/quads/"",""itemOffered"":{""@type"":""Service"",""name"":""Ver aluguer de patins de 4 rodas em Barcelona"",""serviceType"":""Preços de aluguer de patins de 4 rodas""},""availability"":""https://schema.org/InStock""}"
PRICES,pt,1,$.@graph[5].itemListElement[2].itemListElement[4],"{""@type"":""Offer"",""businessFunction"":""http://purl.org/goodrelations/v1#LeaseOut"",""name"":""24 horas"",""price"":""20"",""priceCurrency"":""EUR"",""url"":""https://rentalscooterbarcelona.com/pt/quads/"",""itemOffered"":{""@type"":""Service"",""name"":""Ver aluguer de patins de 4 rodas em Barcelona"",""serviceType"":""Preços de aluguer de patins de 4 rodas""},""availability"":""https://schema.org/InStock""}"
PRICES,pt,1,$.@graph[5].itemListElement[2].itemListElement[5],"{""@type"":""Offer"",""businessFunction"":""http://purl.org/goodrelations/v1#LeaseOut"",""name"":""Dia extra"",""price"":""10"",""priceCurrency"":""EUR"",""url"":""https://rentalscooterbarcelona.com/pt/quads/"",""itemOffered"":{""@type"":""Service"",""name"":""Ver aluguer de patins de 4 rodas em Barcelona"",""serviceType"":""Preços de aluguer de patins de 4 rodas""},""availability"":""https://schema.org/InStock""}"
PRICES,pt,1,$.@graph[5].itemListElement[3].itemListElement[0],"{""@type"":""Offer"",""businessFunction"":""http://purl.org/goodrelations/v1#LeaseOut"",""name"":""1 hora"",""price"":""4"",""priceCurrency"":""EUR"",""url"":""https://rentalscooterbarcelona.com/pt/bike/"",""itemOffered"":{""@type"":""Service"",""name"":""Ver aluguer de bicicletas em Barcelona"",""serviceType"":""Preços de aluguer de bicicletas""},""availability"":""https://schema.org/InStock""}"
PRICES,pt,1,$.@graph[5].itemListElement[3].itemListElement[1],"{""@type"":""Offer"",""businessFunction"":""http://purl.org/goodrelations/v1#LeaseOut"",""name"":""4 horas"",""price"":""8"",""priceCurrency"":""EUR"",""url"":""https://rentalscooterbarcelona.com/pt/bike/"",""itemOffered"":{""@type"":""Service"",""name"":""Ver aluguer de bicicletas em Barcelona"",""serviceType"":""Preços de aluguer de bicicletas""},""availability"":""https://schema.org/InStock""}"
PRICES,pt,1,$.@graph[5].itemListElement[3].itemListElement[2],"{""@type"":""Offer"",""businessFunction"":""http://purl.org/goodrelations/v1#LeaseOut"",""name"":""Dia completo"",""price"":""10"",""priceCurrency"":""EUR"",""url"":""https://rentalscooterbarcelona.com/pt/bike/"",""itemOffered"":{""@type"":""Service"",""name"":""Ver aluguer de bicicletas em Barcelona"",""serviceType"":""Preços de aluguer de bicicletas""},""availability"":""https://schema.org/InStock""}"
PRICES,pt,1,$.@graph[5].itemListElement[3].itemListElement[3],"{""@type"":""Offer"",""businessFunction"":""http://purl.org/goodrelations/v1#LeaseOut"",""name"":""24 horas"",""price"":""12"",""priceCurrency"":""EUR"",""url"":""https://rentalscooterbarcelona.com/pt/bike/"",""itemOffered"":{""@type"":""Service"",""name"":""Ver aluguer de bicicletas em Barcelona"",""serviceType"":""Preços de aluguer de bicicletas""},""availability"":""https://schema.org/InStock""}"
PRICES,pt,1,$.@graph[5].itemListElement[3].itemListElement[4],"{""@type"":""Offer"",""businessFunction"":""http://purl.org/goodrelations/v1#LeaseOut"",""name"":""2 dias"",""price"":""20"",""priceCurrency"":""EUR"",""url"":""https://rentalscooterbarcelona.com/pt/bike/"",""itemOffered"":{""@type"":""Service"",""name"":""Ver aluguer de bicicletas em Barcelona"",""serviceType"":""Preços de aluguer de bicicletas""},""availability"":""https://schema.org/InStock""}"
PRICES,pt,1,$.@graph[5].itemListElement[3].itemListElement[5],"{""@type"":""Offer"",""businessFunction"":""http://purl.org/goodrelations/v1#LeaseOut"",""name"":""Dia extra"",""price"":""8"",""priceCurrency"":""EUR"",""url"":""https://rentalscooterbarcelona.com/pt/bike/"",""itemOffered"":{""@type"":""Service"",""name"":""Ver aluguer de bicicletas em Barcelona"",""serviceType"":""Preços de aluguer de bicicletas""},""availability"":""https://schema.org/InStock""}"
PRICES,pt,1,$.@graph[5].itemListElement[3].itemListElement[6],"{""@type"":""Offer"",""businessFunction"":""http://purl.org/goodrelations/v1#LeaseOut"",""name"":""Cadeira para criança (bicicletas selecionadas)"",""price"":""3"",""priceCurrency"":""EUR"",""url"":""https://rentalscooterbarcelona.com/pt/bike/"",""itemOffered"":{""@type"":""Service"",""name"":""Ver aluguer de bicicletas em Barcelona"",""serviceType"":""Preços de aluguer de bicicletas""},""availability"":""https://schema.org/InStock""}"
PRICES,pt,1,$.@graph[5].itemListElement[4].itemListElement[0],"{""@type"":""Offer"",""businessFunction"":""http://purl.org/goodrelations/v1#LeaseOut"",""name"":""1 hora"",""price"":""6"",""priceCurrency"":""EUR"",""url"":""https://rentalscooterbarcelona.com/pt/skateboard/"",""itemOffered"":{""@type"":""Service"",""name"":""Ver aluguer de skateboard em Barcelona"",""serviceType"":""Preços de aluguer de skateboard e longboard""},""availability"":""https://schema.org/InStock""}"
PRICES,pt,1,$.@graph[5].itemListElement[4].itemListElement[1],"{""@type"":""Offer"",""businessFunction"":""http://purl.org/goodrelations/v1#LeaseOut"",""name"":""2 horas"",""price"":""12"",""priceCurrency"":""EUR"",""url"":""https://rentalscooterbarcelona.com/pt/skateboard/"",""itemOffered"":{""@type"":""Service"",""name"":""Ver aluguer de skateboard em Barcelona"",""serviceType"":""Preços de aluguer de skateboard e longboard""},""availability"":""https://schema.org/InStock""}"
PRICES,pt,1,$.@graph[5].itemListElement[4].itemListElement[2],"{""@type"":""Offer"",""businessFunction"":""http://purl.org/goodrelations/v1#LeaseOut"",""name"":""3 horas"",""price"":""15"",""priceCurrency"":""EUR"",""url"":""https://rentalscooterbarcelona.com/pt/skateboard/"",""itemOffered"":{""@type"":""Service"",""name"":""Ver aluguer de skateboard em Barcelona"",""serviceType"":""Preços de aluguer de skateboard e longboard""},""availability"":""https://schema.org/InStock""}"
PRICES,pt,1,$.@graph[5].itemListElement[4].itemListElement[3],"{""@type"":""Offer"",""businessFunction"":""http://purl.org/goodrelations/v1#LeaseOut"",""name"":""Dia completo"",""price"":""18"",""priceCurrency"":""EUR"",""url"":""https://rentalscooterbarcelona.com/pt/skateboard/"",""itemOffered"":{""@type"":""Service"",""name"":""Ver aluguer de skateboard em Barcelona"",""serviceType"":""Preços de aluguer de skateboard e longboard""},""availability"":""https://schema.org/InStock""}"
PRICES,pt,1,$.@graph[5].itemListElement[4].itemListElement[4],"{""@type"":""Offer"",""businessFunction"":""http://purl.org/goodrelations/v1#LeaseOut"",""name"":""24 horas"",""price"":""20"",""priceCurrency"":""EUR"",""url"":""https://rentalscooterbarcelona.com/pt/skateboard/"",""itemOffered"":{""@type"":""Service"",""name"":""Ver aluguer de skateboard em Barcelona"",""serviceType"":""Preços de aluguer de skateboard e longboard""},""availability"":""https://schema.org/InStock""}"
PRICES,pt,1,$.@graph[5].itemListElement[4].itemListElement[5],"{""@type"":""Offer"",""businessFunction"":""http://purl.org/goodrelations/v1#LeaseOut"",""name"":""Dia extra"",""price"":""10"",""priceCurrency"":""EUR"",""url"":""https://rentalscooterbarcelona.com/pt/skateboard/"",""itemOffered"":{""@type"":""Service"",""name"":""Ver aluguer de skateboard em Barcelona"",""serviceType"":""Preços de aluguer de skateboard e longboard""},""availability"":""https://schema.org/InStock""}"
PRICES,pt,1,$.@graph[5].itemListElement[5].itemListElement[0],"{""@type"":""Offer"",""businessFunction"":""http://purl.org/goodrelations/v1#LeaseOut"",""name"":""1 hora"",""price"":""6"",""priceCurrency"":""EUR"",""url"":""https://rentalscooterbarcelona.com/pt/longboard/"",""itemOffered"":{""@type"":""Service"",""name"":""Ver aluguer de longboard em Barcelona"",""serviceType"":""Preços de aluguer de skateboard e longboard""},""availability"":""https://schema.org/InStock""}"
PRICES,pt,1,$.@graph[5].itemListElement[5].itemListElement[1],"{""@type"":""Offer"",""businessFunction"":""http://purl.org/goodrelations/v1#LeaseOut"",""name"":""2 horas"",""price"":""12"",""priceCurrency"":""EUR"",""url"":""https://rentalscooterbarcelona.com/pt/longboard/"",""itemOffered"":{""@type"":""Service"",""name"":""Ver aluguer de longboard em Barcelona"",""serviceType"":""Preços de aluguer de skateboard e longboard""},""availability"":""https://schema.org/InStock""}"
PRICES,pt,1,$.@graph[5].itemListElement[5].itemListElement[2],"{""@type"":""Offer"",""businessFunction"":""http://purl.org/goodrelations/v1#LeaseOut"",""name"":""3 horas"",""price"":""15"",""priceCurrency"":""EUR"",""url"":""https://rentalscooterbarcelona.com/pt/longboard/"",""itemOffered"":{""@type"":""Service"",""name"":""Ver aluguer de longboard em Barcelona"",""serviceType"":""Preços de aluguer de skateboard e longboard""},""availability"":""https://schema.org/InStock""}"
PRICES,pt,1,$.@graph[5].itemListElement[5].itemListElement[3],"{""@type"":""Offer"",""businessFunction"":""http://purl.org/goodrelations/v1#LeaseOut"",""name"":""Dia completo"",""price"":""18"",""priceCurrency"":""EUR"",""url"":""https://rentalscooterbarcelona.com/pt/longboard/"",""itemOffered"":{""@type"":""Service"",""name"":""Ver aluguer de longboard em Barcelona"",""serviceType"":""Preços de aluguer de skateboard e longboard""},""availability"":""https://schema.org/InStock""}"
PRICES,pt,1,$.@graph[5].itemListElement[5].itemListElement[4],"{""@type"":""Offer"",""businessFunction"":""http://purl.org/goodrelations/v1#LeaseOut"",""name"":""24 horas"",""price"":""20"",""priceCurrency"":""EUR"",""url"":""https://rentalscooterbarcelona.com/pt/longboard/"",""itemOffered"":{""@type"":""Service"",""name"":""Ver aluguer de longboard em Barcelona"",""serviceType"":""Preços de aluguer de skateboard e longboard""},""availability"":""https://schema.org/InStock""}"
PRICES,pt,1,$.@graph[5].itemListElement[5].itemListElement[5],"{""@type"":""Offer"",""businessFunction"":""http://purl.org/goodrelations/v1#LeaseOut"",""name"":""Dia extra"",""price"":""10"",""priceCurrency"":""EUR"",""url"":""https://rentalscooterbarcelona.com/pt/longboard/"",""itemOffered"":{""@type"":""Service"",""name"":""Ver aluguer de longboard em Barcelona"",""serviceType"":""Preços de aluguer de skateboard e longboard""},""availability"":""https://schema.org/InStock""}"
PRICES,pt,1,$.@graph[6],"{""@type"":""Offer"",""businessFunction"":""http://purl.org/goodrelations/v1#LeaseOut"",""@id"":""https://rentalscooterbarcelona.com/pt/Prices/#offer-scooter-full-day"",""name"":""Aluguer de scooter por dia completo em Barcelona"",""price"":""35"",""priceCurrency"":""EUR"",""url"":""https://rentalscooterbarcelona.com/pt/scooter/"",""itemOffered"":{""@type"":""Service"",""name"":""Aluguer de scooter em Barcelona"",""serviceType"":""Aluguer de scooter"",""provider"":{""@id"":""https://rentalscooterbarcelona.com/#business""},""areaServed"":{""@type"":""City"",""name"":""Barcelona""}},""seller"":{""@id"":""https://rentalscooterbarcelona.com/#business""},""availability"":""https://schema.org/InStock"",""description"":""Aluguer de scooter por dia completo em Barcelona""}"
PRICES,pt,1,$.@graph[7],"{""@type"":""Offer"",""businessFunction"":""http://purl.org/goodrelations/v1#LeaseOut"",""@id"":""https://rentalscooterbarcelona.com/pt/Prices/#offer-inline-skates-1-hour"",""name"":""Aluguer de patins em linha por 1 hora em Barcelona"",""price"":""6"",""priceCurrency"":""EUR"",""url"":""https://rentalscooterbarcelona.com/pt/rollerblades/"",""itemOffered"":{""@type"":""Service"",""name"":""Aluguer de patins em linha em Barcelona"",""serviceType"":""Aluguer de patins em linha"",""provider"":{""@id"":""https://rentalscooterbarcelona.com/#business""},""areaServed"":{""@type"":""City"",""name"":""Barcelona""}},""seller"":{""@id"":""https://rentalscooterbarcelona.com/#business""},""availability"":""https://schema.org/InStock"",""description"":""Aluguer de patins em linha por 1 hora em Barcelona""}"
PRICES,pt,1,$.@graph[8],"{""@type"":""Offer"",""businessFunction"":""http://purl.org/goodrelations/v1#LeaseOut"",""@id"":""https://rentalscooterbarcelona.com/pt/Prices/#offer-bike-1-hour"",""name"":""Aluguer de bicicleta por 1 hora em Barcelona"",""price"":""4"",""priceCurrency"":""EUR"",""url"":""https://rentalscooterbarcelona.com/pt/bike/"",""itemOffered"":{""@type"":""Service"",""name"":""Aluguer de bicicletas em Barcelona"",""serviceType"":""Aluguer de bicicletas"",""provider"":{""@id"":""https://rentalscooterbarcelona.com/#business""},""areaServed"":{""@type"":""City"",""name"":""Barcelona""}},""seller"":{""@id"":""https://rentalscooterbarcelona.com/#business""},""availability"":""https://schema.org/InStock"",""description"":""Aluguer de bicicleta por 1 hora em Barcelona""}"
PRICES,pt,1,$.@graph[9],"{""@type"":""Offer"",""businessFunction"":""http://purl.org/goodrelations/v1#LeaseOut"",""@id"":""https://rentalscooterbarcelona.com/pt/Prices/#offer-roller-skates-1-hour"",""name"":""Aluguer de patins de 4 rodas por 1 hora em Barcelona"",""price"":""6"",""priceCurrency"":""EUR"",""url"":""https://rentalscooterbarcelona.com/pt/quads/"",""itemOffered"":{""@type"":""Service"",""name"":""Aluguer de patins de 4 rodas em Barcelona"",""serviceType"":""Aluguer de patins de 4 rodas"",""provider"":{""@id"":""https://rentalscooterbarcelona.com/#business""},""areaServed"":{""@type"":""City"",""name"":""Barcelona""}},""seller"":{""@id"":""https://rentalscooterbarcelona.com/#business""},""availability"":""https://schema.org/InStock"",""description"":""Aluguer de patins de 4 rodas por 1 hora em Barcelona""}"
PRICES,pt,1,$.@graph[10],"{""@type"":""Offer"",""businessFunction"":""http://purl.org/goodrelations/v1#LeaseOut"",""@id"":""https://rentalscooterbarcelona.com/pt/Prices/#offer-skateboard-1-hour"",""name"":""Aluguer de skateboard por 1 hora em Barcelona"",""price"":""6"",""priceCurrency"":""EUR"",""url"":""https://rentalscooterbarcelona.com/pt/skateboard/"",""itemOffered"":{""@type"":""Service"",""name"":""Aluguer de skateboard em Barcelona"",""serviceType"":""Aluguer de skateboard"",""provider"":{""@id"":""https://rentalscooterbarcelona.com/#business""},""areaServed"":{""@type"":""City"",""name"":""Barcelona""}},""seller"":{""@id"":""https://rentalscooterbarcelona.com/#business""},""availability"":""https://schema.org/InStock"",""description"":""Aluguer de skateboard por 1 hora em Barcelona""}"
PRICES,pt,1,$.@graph[11],"{""@type"":""Offer"",""businessFunction"":""http://purl.org/goodrelations/v1#LeaseOut"",""@id"":""https://rentalscooterbarcelona.com/pt/Prices/#offer-longboard-1-hour"",""name"":""Aluguer de longboard por 1 hora em Barcelona"",""price"":""6"",""priceCurrency"":""EUR"",""url"":""https://rentalscooterbarcelona.com/pt/longboard/"",""itemOffered"":{""@type"":""Service"",""name"":""Aluguer de longboard em Barcelona"",""serviceType"":""Aluguer de longboard"",""provider"":{""@id"":""https://rentalscooterbarcelona.com/#business""},""areaServed"":{""@type"":""City"",""name"":""Barcelona""}},""seller"":{""@id"":""https://rentalscooterbarcelona.com/#business""},""availability"":""https://schema.org/InStock"",""description"":""Aluguer de longboard por 1 hora em Barcelona""}"
PRICES,ca,1,$.@graph[5].itemListElement[0].itemListElement[0],"{""@type"":""Offer"",""businessFunction"":""http://purl.org/goodrelations/v1#LeaseOut"",""name"":""Dia complet"",""price"":""35"",""priceCurrency"":""EUR"",""url"":""https://rentalscooterbarcelona.com/cat/scooter/"",""itemOffered"":{""@type"":""Service"",""name"":""Veure el lloguer de scooter a Barcelona"",""serviceType"":""Preus de lloguer de scooter""},""availability"":""https://schema.org/InStock""}"
PRICES,ca,1,$.@graph[5].itemListElement[0].itemListElement[1],"{""@type"":""Offer"",""businessFunction"":""http://purl.org/goodrelations/v1#LeaseOut"",""name"":""24 hores"",""price"":""40"",""priceCurrency"":""EUR"",""url"":""https://rentalscooterbarcelona.com/cat/scooter/"",""itemOffered"":{""@type"":""Service"",""name"":""Veure el lloguer de scooter a Barcelona"",""serviceType"":""Preus de lloguer de scooter""},""availability"":""https://schema.org/InStock""}"
PRICES,ca,1,$.@graph[5].itemListElement[0].itemListElement[2],"{""@type"":""Offer"",""businessFunction"":""http://purl.org/goodrelations/v1#LeaseOut"",""name"":""2 dies"",""price"":""80"",""priceCurrency"":""EUR"",""url"":""https://rentalscooterbarcelona.com/cat/scooter/"",""itemOffered"":{""@type"":""Service"",""name"":""Veure el lloguer de scooter a Barcelona"",""serviceType"":""Preus de lloguer de scooter""},""availability"":""https://schema.org/InStock""}"
PRICES,ca,1,$.@graph[5].itemListElement[0].itemListElement[3],"{""@type"":""Offer"",""businessFunction"":""http://purl.org/goodrelations/v1#LeaseOut"",""name"":""3 dies"",""price"":""115"",""priceCurrency"":""EUR"",""url"":""https://rentalscooterbarcelona.com/cat/scooter/"",""itemOffered"":{""@type"":""Service"",""name"":""Veure el lloguer de scooter a Barcelona"",""serviceType"":""Preus de lloguer de scooter""},""availability"":""https://schema.org/InStock""}"
PRICES,ca,1,$.@graph[5].itemListElement[0].itemListElement[4],"{""@type"":""Offer"",""businessFunction"":""http://purl.org/goodrelations/v1#LeaseOut"",""name"":""Dia extra"",""price"":""30"",""priceCurrency"":""EUR"",""url"":""https://rentalscooterbarcelona.com/cat/scooter/"",""itemOffered"":{""@type"":""Service"",""name"":""Veure el lloguer de scooter a Barcelona"",""serviceType"":""Preus de lloguer de scooter""},""availability"":""https://schema.org/InStock""}"
PRICES,ca,1,$.@graph[5].itemListElement[1].itemListElement[0],"{""@type"":""Offer"",""businessFunction"":""http://purl.org/goodrelations/v1#LeaseOut"",""name"":""1 hora"",""price"":""6"",""priceCurrency"":""EUR"",""url"":""https://rentalscooterbarcelona.com/cat/rollerblades/"",""itemOffered"":{""@type"":""Service"",""name"":""Veure el lloguer de patins en línia a Barcelona"",""serviceType"":""Preus de lloguer de patins en línia""},""availability"":""https://schema.org/InStock""}"
PRICES,ca,1,$.@graph[5].itemListElement[1].itemListElement[1],"{""@type"":""Offer"",""businessFunction"":""http://purl.org/goodrelations/v1#LeaseOut"",""name"":""2 hores"",""price"":""12"",""priceCurrency"":""EUR"",""url"":""https://rentalscooterbarcelona.com/cat/rollerblades/"",""itemOffered"":{""@type"":""Service"",""name"":""Veure el lloguer de patins en línia a Barcelona"",""serviceType"":""Preus de lloguer de patins en línia""},""availability"":""https://schema.org/InStock""}"
PRICES,ca,1,$.@graph[5].itemListElement[1].itemListElement[2],"{""@type"":""Offer"",""businessFunction"":""http://purl.org/goodrelations/v1#LeaseOut"",""name"":""3 hores"",""price"":""15"",""priceCurrency"":""EUR"",""url"":""https://rentalscooterbarcelona.com/cat/rollerblades/"",""itemOffered"":{""@type"":""Service"",""name"":""Veure el lloguer de patins en línia a Barcelona"",""serviceType"":""Preus de lloguer de patins en línia""},""availability"":""https://schema.org/InStock""}"
PRICES,ca,1,$.@graph[5].itemListElement[1].itemListElement[3],"{""@type"":""Offer"",""businessFunction"":""http://purl.org/goodrelations/v1#LeaseOut"",""name"":""Dia complet"",""price"":""18"",""priceCurrency"":""EUR"",""url"":""https://rentalscooterbarcelona.com/cat/rollerblades/"",""itemOffered"":{""@type"":""Service"",""name"":""Veure el lloguer de patins en línia a Barcelona"",""serviceType"":""Preus de lloguer de patins en línia""},""availability"":""https://schema.org/InStock""}"
PRICES,ca,1,$.@graph[5].itemListElement[1].itemListElement[4],"{""@type"":""Offer"",""businessFunction"":""http://purl.org/goodrelations/v1#LeaseOut"",""name"":""24 hores"",""price"":""20"",""priceCurrency"":""EUR"",""url"":""https://rentalscooterbarcelona.com/cat/rollerblades/"",""itemOffered"":{""@type"":""Service"",""name"":""Veure el lloguer de patins en línia a Barcelona"",""serviceType"":""Preus de lloguer de patins en línia""},""availability"":""https://schema.org/InStock""}"
PRICES,ca,1,$.@graph[5].itemListElement[1].itemListElement[5],"{""@type"":""Offer"",""businessFunction"":""http://purl.org/goodrelations/v1#LeaseOut"",""name"":""Dia extra"",""price"":""10"",""priceCurrency"":""EUR"",""url"":""https://rentalscooterbarcelona.com/cat/rollerblades/"",""itemOffered"":{""@type"":""Service"",""name"":""Veure el lloguer de patins en línia a Barcelona"",""serviceType"":""Preus de lloguer de patins en línia""},""availability"":""https://schema.org/InStock""}"
PRICES,ca,1,$.@graph[5].itemListElement[2].itemListElement[0],"{""@type"":""Offer"",""businessFunction"":""http://purl.org/goodrelations/v1#LeaseOut"",""name"":""1 hora"",""price"":""6"",""priceCurrency"":""EUR"",""url"":""https://rentalscooterbarcelona.com/cat/quads/"",""itemOffered"":{""@type"":""Service"",""name"":""Veure el lloguer de patins de quatre rodes a Barcelona"",""serviceType"":""Preus de lloguer de patins de quatre rodes""},""availability"":""https://schema.org/InStock""}"
PRICES,ca,1,$.@graph[5].itemListElement[2].itemListElement[1],"{""@type"":""Offer"",""businessFunction"":""http://purl.org/goodrelations/v1#LeaseOut"",""name"":""2 hores"",""price"":""12"",""priceCurrency"":""EUR"",""url"":""https://rentalscooterbarcelona.com/cat/quads/"",""itemOffered"":{""@type"":""Service"",""name"":""Veure el lloguer de patins de quatre rodes a Barcelona"",""serviceType"":""Preus de lloguer de patins de quatre rodes""},""availability"":""https://schema.org/InStock""}"
PRICES,ca,1,$.@graph[5].itemListElement[2].itemListElement[2],"{""@type"":""Offer"",""businessFunction"":""http://purl.org/goodrelations/v1#LeaseOut"",""name"":""3 hores"",""price"":""15"",""priceCurrency"":""EUR"",""url"":""https://rentalscooterbarcelona.com/cat/quads/"",""itemOffered"":{""@type"":""Service"",""name"":""Veure el lloguer de patins de quatre rodes a Barcelona"",""serviceType"":""Preus de lloguer de patins de quatre rodes""},""availability"":""https://schema.org/InStock""}"
PRICES,ca,1,$.@graph[5].itemListElement[2].itemListElement[3],"{""@type"":""Offer"",""businessFunction"":""http://purl.org/goodrelations/v1#LeaseOut"",""name"":""Dia complet"",""price"":""18"",""priceCurrency"":""EUR"",""url"":""https://rentalscooterbarcelona.com/cat/quads/"",""itemOffered"":{""@type"":""Service"",""name"":""Veure el lloguer de patins de quatre rodes a Barcelona"",""serviceType"":""Preus de lloguer de patins de quatre rodes""},""availability"":""https://schema.org/InStock""}"
PRICES,ca,1,$.@graph[5].itemListElement[2].itemListElement[4],"{""@type"":""Offer"",""businessFunction"":""http://purl.org/goodrelations/v1#LeaseOut"",""name"":""24 hores"",""price"":""20"",""priceCurrency"":""EUR"",""url"":""https://rentalscooterbarcelona.com/cat/quads/"",""itemOffered"":{""@type"":""Service"",""name"":""Veure el lloguer de patins de quatre rodes a Barcelona"",""serviceType"":""Preus de lloguer de patins de quatre rodes""},""availability"":""https://schema.org/InStock""}"
PRICES,ca,1,$.@graph[5].itemListElement[2].itemListElement[5],"{""@type"":""Offer"",""businessFunction"":""http://purl.org/goodrelations/v1#LeaseOut"",""name"":""Dia extra"",""price"":""10"",""priceCurrency"":""EUR"",""url"":""https://rentalscooterbarcelona.com/cat/quads/"",""itemOffered"":{""@type"":""Service"",""name"":""Veure el lloguer de patins de quatre rodes a Barcelona"",""serviceType"":""Preus de lloguer de patins de quatre rodes""},""availability"":""https://schema.org/InStock""}"
PRICES,ca,1,$.@graph[5].itemListElement[3].itemListElement[0],"{""@type"":""Offer"",""businessFunction"":""http://purl.org/goodrelations/v1#LeaseOut"",""name"":""1 hora"",""price"":""4"",""priceCurrency"":""EUR"",""url"":""https://rentalscooterbarcelona.com/cat/bike/"",""itemOffered"":{""@type"":""Service"",""name"":""Veure el lloguer de bicicletes a Barcelona"",""serviceType"":""Preus de lloguer de bicicletes""},""availability"":""https://schema.org/InStock""}"
PRICES,ca,1,$.@graph[5].itemListElement[3].itemListElement[1],"{""@type"":""Offer"",""businessFunction"":""http://purl.org/goodrelations/v1#LeaseOut"",""name"":""4 hores"",""price"":""8"",""priceCurrency"":""EUR"",""url"":""https://rentalscooterbarcelona.com/cat/bike/"",""itemOffered"":{""@type"":""Service"",""name"":""Veure el lloguer de bicicletes a Barcelona"",""serviceType"":""Preus de lloguer de bicicletes""},""availability"":""https://schema.org/InStock""}"
PRICES,ca,1,$.@graph[5].itemListElement[3].itemListElement[2],"{""@type"":""Offer"",""businessFunction"":""http://purl.org/goodrelations/v1#LeaseOut"",""name"":""Dia complet"",""price"":""10"",""priceCurrency"":""EUR"",""url"":""https://rentalscooterbarcelona.com/cat/bike/"",""itemOffered"":{""@type"":""Service"",""name"":""Veure el lloguer de bicicletes a Barcelona"",""serviceType"":""Preus de lloguer de bicicletes""},""availability"":""https://schema.org/InStock""}"
PRICES,ca,1,$.@graph[5].itemListElement[3].itemListElement[3],"{""@type"":""Offer"",""businessFunction"":""http://purl.org/goodrelations/v1#LeaseOut"",""name"":""24 hores"",""price"":""12"",""priceCurrency"":""EUR"",""url"":""https://rentalscooterbarcelona.com/cat/bike/"",""itemOffered"":{""@type"":""Service"",""name"":""Veure el lloguer de bicicletes a Barcelona"",""serviceType"":""Preus de lloguer de bicicletes""},""availability"":""https://schema.org/InStock""}"
PRICES,ca,1,$.@graph[5].itemListElement[3].itemListElement[4],"{""@type"":""Offer"",""businessFunction"":""http://purl.org/goodrelations/v1#LeaseOut"",""name"":""2 dies"",""price"":""20"",""priceCurrency"":""EUR"",""url"":""https://rentalscooterbarcelona.com/cat/bike/"",""itemOffered"":{""@type"":""Service"",""name"":""Veure el lloguer de bicicletes a Barcelona"",""serviceType"":""Preus de lloguer de bicicletes""},""availability"":""https://schema.org/InStock""}"
PRICES,ca,1,$.@graph[5].itemListElement[3].itemListElement[5],"{""@type"":""Offer"",""businessFunction"":""http://purl.org/goodrelations/v1#LeaseOut"",""name"":""Dia extra"",""price"":""8"",""priceCurrency"":""EUR"",""url"":""https://rentalscooterbarcelona.com/cat/bike/"",""itemOffered"":{""@type"":""Service"",""name"":""Veure el lloguer de bicicletes a Barcelona"",""serviceType"":""Preus de lloguer de bicicletes""},""availability"":""https://schema.org/InStock""}"
PRICES,ca,1,$.@graph[5].itemListElement[3].itemListElement[6],"{""@type"":""Offer"",""businessFunction"":""http://purl.org/goodrelations/v1#LeaseOut"",""name"":""Cadireta infantil (bicicletes seleccionades)"",""price"":""3"",""priceCurrency"":""EUR"",""url"":""https://rentalscooterbarcelona.com/cat/bike/"",""itemOffered"":{""@type"":""Service"",""name"":""Veure el lloguer de bicicletes a Barcelona"",""serviceType"":""Preus de lloguer de bicicletes""},""availability"":""https://schema.org/InStock""}"
PRICES,ca,1,$.@graph[5].itemListElement[4].itemListElement[0],"{""@type"":""Offer"",""businessFunction"":""http://purl.org/goodrelations/v1#LeaseOut"",""name"":""1 hora"",""price"":""6"",""priceCurrency"":""EUR"",""url"":""https://rentalscooterbarcelona.com/cat/skateboard/"",""itemOffered"":{""@type"":""Service"",""name"":""Veure el lloguer de skateboard a Barcelona"",""serviceType"":""Preus de lloguer de skateboard i longboard""},""availability"":""https://schema.org/InStock""}"
PRICES,ca,1,$.@graph[5].itemListElement[4].itemListElement[1],"{""@type"":""Offer"",""businessFunction"":""http://purl.org/goodrelations/v1#LeaseOut"",""name"":""2 hores"",""price"":""12"",""priceCurrency"":""EUR"",""url"":""https://rentalscooterbarcelona.com/cat/skateboard/"",""itemOffered"":{""@type"":""Service"",""name"":""Veure el lloguer de skateboard a Barcelona"",""serviceType"":""Preus de lloguer de skateboard i longboard""},""availability"":""https://schema.org/InStock""}"
PRICES,ca,1,$.@graph[5].itemListElement[4].itemListElement[2],"{""@type"":""Offer"",""businessFunction"":""http://purl.org/goodrelations/v1#LeaseOut"",""name"":""3 hores"",""price"":""15"",""priceCurrency"":""EUR"",""url"":""https://rentalscooterbarcelona.com/cat/skateboard/"",""itemOffered"":{""@type"":""Service"",""name"":""Veure el lloguer de skateboard a Barcelona"",""serviceType"":""Preus de lloguer de skateboard i longboard""},""availability"":""https://schema.org/InStock""}"
PRICES,ca,1,$.@graph[5].itemListElement[4].itemListElement[3],"{""@type"":""Offer"",""businessFunction"":""http://purl.org/goodrelations/v1#LeaseOut"",""name"":""Dia complet"",""price"":""18"",""priceCurrency"":""EUR"",""url"":""https://rentalscooterbarcelona.com/cat/skateboard/"",""itemOffered"":{""@type"":""Service"",""name"":""Veure el lloguer de skateboard a Barcelona"",""serviceType"":""Preus de lloguer de skateboard i longboard""},""availability"":""https://schema.org/InStock""}"
PRICES,ca,1,$.@graph[5].itemListElement[4].itemListElement[4],"{""@type"":""Offer"",""businessFunction"":""http://purl.org/goodrelations/v1#LeaseOut"",""name"":""24 hores"",""price"":""20"",""priceCurrency"":""EUR"",""url"":""https://rentalscooterbarcelona.com/cat/skateboard/"",""itemOffered"":{""@type"":""Service"",""name"":""Veure el lloguer de skateboard a Barcelona"",""serviceType"":""Preus de lloguer de skateboard i longboard""},""availability"":""https://schema.org/InStock""}"
PRICES,ca,1,$.@graph[5].itemListElement[4].itemListElement[5],"{""@type"":""Offer"",""businessFunction"":""http://purl.org/goodrelations/v1#LeaseOut"",""name"":""Dia extra"",""price"":""10"",""priceCurrency"":""EUR"",""url"":""https://rentalscooterbarcelona.com/cat/skateboard/"",""itemOffered"":{""@type"":""Service"",""name"":""Veure el lloguer de skateboard a Barcelona"",""serviceType"":""Preus de lloguer de skateboard i longboard""},""availability"":""https://schema.org/InStock""}"
PRICES,ca,1,$.@graph[5].itemListElement[5].itemListElement[0],"{""@type"":""Offer"",""businessFunction"":""http://purl.org/goodrelations/v1#LeaseOut"",""name"":""1 hora"",""price"":""6"",""priceCurrency"":""EUR"",""url"":""https://rentalscooterbarcelona.com/cat/longboard/"",""itemOffered"":{""@type"":""Service"",""name"":""Veure el lloguer de longboard a Barcelona"",""serviceType"":""Preus de lloguer de skateboard i longboard""},""availability"":""https://schema.org/InStock""}"
PRICES,ca,1,$.@graph[5].itemListElement[5].itemListElement[1],"{""@type"":""Offer"",""businessFunction"":""http://purl.org/goodrelations/v1#LeaseOut"",""name"":""2 hores"",""price"":""12"",""priceCurrency"":""EUR"",""url"":""https://rentalscooterbarcelona.com/cat/longboard/"",""itemOffered"":{""@type"":""Service"",""name"":""Veure el lloguer de longboard a Barcelona"",""serviceType"":""Preus de lloguer de skateboard i longboard""},""availability"":""https://schema.org/InStock""}"
PRICES,ca,1,$.@graph[5].itemListElement[5].itemListElement[2],"{""@type"":""Offer"",""businessFunction"":""http://purl.org/goodrelations/v1#LeaseOut"",""name"":""3 hores"",""price"":""15"",""priceCurrency"":""EUR"",""url"":""https://rentalscooterbarcelona.com/cat/longboard/"",""itemOffered"":{""@type"":""Service"",""name"":""Veure el lloguer de longboard a Barcelona"",""serviceType"":""Preus de lloguer de skateboard i longboard""},""availability"":""https://schema.org/InStock""}"
PRICES,ca,1,$.@graph[5].itemListElement[5].itemListElement[3],"{""@type"":""Offer"",""businessFunction"":""http://purl.org/goodrelations/v1#LeaseOut"",""name"":""Dia complet"",""price"":""18"",""priceCurrency"":""EUR"",""url"":""https://rentalscooterbarcelona.com/cat/longboard/"",""itemOffered"":{""@type"":""Service"",""name"":""Veure el lloguer de longboard a Barcelona"",""serviceType"":""Preus de lloguer de skateboard i longboard""},""availability"":""https://schema.org/InStock""}"
PRICES,ca,1,$.@graph[5].itemListElement[5].itemListElement[4],"{""@type"":""Offer"",""businessFunction"":""http://purl.org/goodrelations/v1#LeaseOut"",""name"":""24 hores"",""price"":""20"",""priceCurrency"":""EUR"",""url"":""https://rentalscooterbarcelona.com/cat/longboard/"",""itemOffered"":{""@type"":""Service"",""name"":""Veure el lloguer de longboard a Barcelona"",""serviceType"":""Preus de lloguer de skateboard i longboard""},""availability"":""https://schema.org/InStock""}"
PRICES,ca,1,$.@graph[5].itemListElement[5].itemListElement[5],"{""@type"":""Offer"",""businessFunction"":""http://purl.org/goodrelations/v1#LeaseOut"",""name"":""Dia extra"",""price"":""10"",""priceCurrency"":""EUR"",""url"":""https://rentalscooterbarcelona.com/cat/longboard/"",""itemOffered"":{""@type"":""Service"",""name"":""Veure el lloguer de longboard a Barcelona"",""serviceType"":""Preus de lloguer de skateboard i longboard""},""availability"":""https://schema.org/InStock""}"
PRICES,ca,1,$.@graph[6],"{""@type"":""Offer"",""businessFunction"":""http://purl.org/goodrelations/v1#LeaseOut"",""@id"":""https://rentalscooterbarcelona.com/cat/Prices/#offer-scooter-full-day"",""name"":""Lloguer de scooter dia complet a Barcelona"",""price"":""35"",""priceCurrency"":""EUR"",""url"":""https://rentalscooterbarcelona.com/cat/scooter/"",""availability"":""https://schema.org/InStock"",""seller"":{""@id"":""https://rentalscooterbarcelona.com/#business""},""itemOffered"":{""@type"":""Service"",""name"":""Lloguer de scooter a Barcelona"",""serviceType"":""Lloguer de scooter"",""provider"":{""@id"":""https://rentalscooterbarcelona.com/#business""},""areaServed"":{""@type"":""City"",""name"":""Barcelona""}},""description"":""Lloguer de scooter dia complet a Barcelona""}"
PRICES,ca,1,$.@graph[7],"{""@type"":""Offer"",""businessFunction"":""http://purl.org/goodrelations/v1#LeaseOut"",""@id"":""https://rentalscooterbarcelona.com/cat/Prices/#offer-inline-skates-1-hour"",""name"":""Lloguer de patins en línia 1 hora a Barcelona"",""price"":""6"",""priceCurrency"":""EUR"",""url"":""https://rentalscooterbarcelona.com/cat/rollerblades/"",""availability"":""https://schema.org/InStock"",""seller"":{""@id"":""https://rentalscooterbarcelona.com/#business""},""itemOffered"":{""@type"":""Service"",""name"":""Lloguer de patins en línia a Barcelona"",""serviceType"":""Lloguer de patins en línia"",""provider"":{""@id"":""https://rentalscooterbarcelona.com/#business""},""areaServed"":{""@type"":""City"",""name"":""Barcelona""}},""description"":""Lloguer de patins en línia 1 hora a Barcelona""}"
PRICES,ca,1,$.@graph[8],"{""@type"":""Offer"",""businessFunction"":""http://purl.org/goodrelations/v1#LeaseOut"",""@id"":""https://rentalscooterbarcelona.com/cat/Prices/#offer-bike-1-hour"",""name"":""Lloguer de bicicleta 1 hora a Barcelona"",""price"":""4"",""priceCurrency"":""EUR"",""url"":""https://rentalscooterbarcelona.com/cat/bike/"",""availability"":""https://schema.org/InStock"",""seller"":{""@id"":""https://rentalscooterbarcelona.com/#business""},""itemOffered"":{""@type"":""Service"",""name"":""Lloguer de bicicletes a Barcelona"",""serviceType"":""Lloguer de bicicletes"",""provider"":{""@id"":""https://rentalscooterbarcelona.com/#business""},""areaServed"":{""@type"":""City"",""name"":""Barcelona""}},""description"":""Lloguer de bicicleta 1 hora a Barcelona""}"
PRICES,ca,1,$.@graph[9],"{""@type"":""Offer"",""businessFunction"":""http://purl.org/goodrelations/v1#LeaseOut"",""@id"":""https://rentalscooterbarcelona.com/cat/Prices/#offer-roller-skates-1-hour"",""name"":""Lloguer de patins de 4 rodes 1 hora a Barcelona"",""price"":""6"",""priceCurrency"":""EUR"",""url"":""https://rentalscooterbarcelona.com/cat/quads/"",""availability"":""https://schema.org/InStock"",""seller"":{""@id"":""https://rentalscooterbarcelona.com/#business""},""itemOffered"":{""@type"":""Service"",""name"":""Lloguer de patins de 4 rodes a Barcelona"",""serviceType"":""Lloguer de patins de 4 rodes"",""provider"":{""@id"":""https://rentalscooterbarcelona.com/#business""},""areaServed"":{""@type"":""City"",""name"":""Barcelona""}},""description"":""Lloguer de patins de 4 rodes 1 hora a Barcelona""}"
PRICES,ca,1,$.@graph[10],"{""@type"":""Offer"",""businessFunction"":""http://purl.org/goodrelations/v1#LeaseOut"",""@id"":""https://rentalscooterbarcelona.com/cat/Prices/#offer-skateboard-1-hour"",""name"":""Lloguer de skateboard 1 hora a Barcelona"",""price"":""6"",""priceCurrency"":""EUR"",""url"":""https://rentalscooterbarcelona.com/cat/skateboard/"",""availability"":""https://schema.org/InStock"",""seller"":{""@id"":""https://rentalscooterbarcelona.com/#business""},""itemOffered"":{""@type"":""Service"",""name"":""Lloguer de skateboard a Barcelona"",""serviceType"":""Lloguer de skateboard"",""provider"":{""@id"":""https://rentalscooterbarcelona.com/#business""},""areaServed"":{""@type"":""City"",""name"":""Barcelona""}},""description"":""Lloguer de skateboard 1 hora a Barcelona""}"
PRICES,ca,1,$.@graph[11],"{""@type"":""Offer"",""businessFunction"":""http://purl.org/goodrelations/v1#LeaseOut"",""@id"":""https://rentalscooterbarcelona.com/cat/Prices/#offer-longboard-1-hour"",""name"":""Lloguer de longboard 1 hora a Barcelona"",""price"":""6"",""priceCurrency"":""EUR"",""url"":""https://rentalscooterbarcelona.com/cat/longboard/"",""availability"":""https://schema.org/InStock"",""seller"":{""@id"":""https://rentalscooterbarcelona.com/#business""},""itemOffered"":{""@type"":""Service"",""name"":""Lloguer de longboard a Barcelona"",""serviceType"":""Lloguer de longboard"",""provider"":{""@id"":""https://rentalscooterbarcelona.com/#business""},""areaServed"":{""@type"":""City"",""name"":""Barcelona""}},""description"":""Lloguer de longboard 1 hora a Barcelona""}"
PRICES,sv,1,$.@graph[5].itemListElement[0].itemListElement[0],"{""@type"":""Offer"",""businessFunction"":""http://purl.org/goodrelations/v1#LeaseOut"",""name"":""Heldag"",""price"":""35"",""priceCurrency"":""EUR"",""url"":""https://rentalscooterbarcelona.com/sv/scooter/"",""itemOffered"":{""@type"":""Service"",""name"":""Se scooteruthyrning i Barcelona"",""serviceType"":""Priser för scooteruthyrning""},""availability"":""https://schema.org/InStock""}"
PRICES,sv,1,$.@graph[5].itemListElement[0].itemListElement[1],"{""@type"":""Offer"",""businessFunction"":""http://purl.org/goodrelations/v1#LeaseOut"",""name"":""24 timmar"",""price"":""40"",""priceCurrency"":""EUR"",""url"":""https://rentalscooterbarcelona.com/sv/scooter/"",""itemOffered"":{""@type"":""Service"",""name"":""Se scooteruthyrning i Barcelona"",""serviceType"":""Priser för scooteruthyrning""},""availability"":""https://schema.org/InStock""}"
PRICES,sv,1,$.@graph[5].itemListElement[0].itemListElement[2],"{""@type"":""Offer"",""businessFunction"":""http://purl.org/goodrelations/v1#LeaseOut"",""name"":""2 dagar"",""price"":""80"",""priceCurrency"":""EUR"",""url"":""https://rentalscooterbarcelona.com/sv/scooter/"",""itemOffered"":{""@type"":""Service"",""name"":""Se scooteruthyrning i Barcelona"",""serviceType"":""Priser för scooteruthyrning""},""availability"":""https://schema.org/InStock""}"
PRICES,sv,1,$.@graph[5].itemListElement[0].itemListElement[3],"{""@type"":""Offer"",""businessFunction"":""http://purl.org/goodrelations/v1#LeaseOut"",""name"":""3 dagar"",""price"":""115"",""priceCurrency"":""EUR"",""url"":""https://rentalscooterbarcelona.com/sv/scooter/"",""itemOffered"":{""@type"":""Service"",""name"":""Se scooteruthyrning i Barcelona"",""serviceType"":""Priser för scooteruthyrning""},""availability"":""https://schema.org/InStock""}"
PRICES,sv,1,$.@graph[5].itemListElement[0].itemListElement[4],"{""@type"":""Offer"",""businessFunction"":""http://purl.org/goodrelations/v1#LeaseOut"",""name"":""Extra dag"",""price"":""30"",""priceCurrency"":""EUR"",""url"":""https://rentalscooterbarcelona.com/sv/scooter/"",""itemOffered"":{""@type"":""Service"",""name"":""Se scooteruthyrning i Barcelona"",""serviceType"":""Priser för scooteruthyrning""},""availability"":""https://schema.org/InStock""}"
PRICES,sv,1,$.@graph[5].itemListElement[1].itemListElement[0],"{""@type"":""Offer"",""businessFunction"":""http://purl.org/goodrelations/v1#LeaseOut"",""name"":""1 timme"",""price"":""6"",""priceCurrency"":""EUR"",""url"":""https://rentalscooterbarcelona.com/sv/rollerblades/"",""itemOffered"":{""@type"":""Service"",""name"":""Se uthyrning av inlines i Barcelona"",""serviceType"":""Priser för uthyrning av inlines""},""availability"":""https://schema.org/InStock""}"
PRICES,sv,1,$.@graph[5].itemListElement[1].itemListElement[1],"{""@type"":""Offer"",""businessFunction"":""http://purl.org/goodrelations/v1#LeaseOut"",""name"":""2 timmar"",""price"":""12"",""priceCurrency"":""EUR"",""url"":""https://rentalscooterbarcelona.com/sv/rollerblades/"",""itemOffered"":{""@type"":""Service"",""name"":""Se uthyrning av inlines i Barcelona"",""serviceType"":""Priser för uthyrning av inlines""},""availability"":""https://schema.org/InStock""}"
PRICES,sv,1,$.@graph[5].itemListElement[1].itemListElement[2],"{""@type"":""Offer"",""businessFunction"":""http://purl.org/goodrelations/v1#LeaseOut"",""name"":""3 timmar"",""price"":""15"",""priceCurrency"":""EUR"",""url"":""https://rentalscooterbarcelona.com/sv/rollerblades/"",""itemOffered"":{""@type"":""Service"",""name"":""Se uthyrning av inlines i Barcelona"",""serviceType"":""Priser för uthyrning av inlines""},""availability"":""https://schema.org/InStock""}"
PRICES,sv,1,$.@graph[5].itemListElement[1].itemListElement[3],"{""@type"":""Offer"",""businessFunction"":""http://purl.org/goodrelations/v1#LeaseOut"",""name"":""Heldag"",""price"":""18"",""priceCurrency"":""EUR"",""url"":""https://rentalscooterbarcelona.com/sv/rollerblades/"",""itemOffered"":{""@type"":""Service"",""name"":""Se uthyrning av inlines i Barcelona"",""serviceType"":""Priser för uthyrning av inlines""},""availability"":""https://schema.org/InStock""}"
PRICES,sv,1,$.@graph[5].itemListElement[1].itemListElement[4],"{""@type"":""Offer"",""businessFunction"":""http://purl.org/goodrelations/v1#LeaseOut"",""name"":""24 timmar"",""price"":""20"",""priceCurrency"":""EUR"",""url"":""https://rentalscooterbarcelona.com/sv/rollerblades/"",""itemOffered"":{""@type"":""Service"",""name"":""Se uthyrning av inlines i Barcelona"",""serviceType"":""Priser för uthyrning av inlines""},""availability"":""https://schema.org/InStock""}"
PRICES,sv,1,$.@graph[5].itemListElement[1].itemListElement[5],"{""@type"":""Offer"",""businessFunction"":""http://purl.org/goodrelations/v1#LeaseOut"",""name"":""Extra dag"",""price"":""10"",""priceCurrency"":""EUR"",""url"":""https://rentalscooterbarcelona.com/sv/rollerblades/"",""itemOffered"":{""@type"":""Service"",""name"":""Se uthyrning av inlines i Barcelona"",""serviceType"":""Priser för uthyrning av inlines""},""availability"":""https://schema.org/InStock""}"
PRICES,sv,1,$.@graph[5].itemListElement[2].itemListElement[0],"{""@type"":""Offer"",""businessFunction"":""http://purl.org/goodrelations/v1#LeaseOut"",""name"":""1 timme"",""price"":""6"",""priceCurrency"":""EUR"",""url"":""https://rentalscooterbarcelona.com/sv/quads/"",""itemOffered"":{""@type"":""Service"",""name"":""Se uthyrning av rullskridskor i Barcelona"",""serviceType"":""Priser för uthyrning av rullskridskor""},""availability"":""https://schema.org/InStock""}"
PRICES,sv,1,$.@graph[5].itemListElement[2].itemListElement[1],"{""@type"":""Offer"",""businessFunction"":""http://purl.org/goodrelations/v1#LeaseOut"",""name"":""2 timmar"",""price"":""12"",""priceCurrency"":""EUR"",""url"":""https://rentalscooterbarcelona.com/sv/quads/"",""itemOffered"":{""@type"":""Service"",""name"":""Se uthyrning av rullskridskor i Barcelona"",""serviceType"":""Priser för uthyrning av rullskridskor""},""availability"":""https://schema.org/InStock""}"
PRICES,sv,1,$.@graph[5].itemListElement[2].itemListElement[2],"{""@type"":""Offer"",""businessFunction"":""http://purl.org/goodrelations/v1#LeaseOut"",""name"":""3 timmar"",""price"":""15"",""priceCurrency"":""EUR"",""url"":""https://rentalscooterbarcelona.com/sv/quads/"",""itemOffered"":{""@type"":""Service"",""name"":""Se uthyrning av rullskridskor i Barcelona"",""serviceType"":""Priser för uthyrning av rullskridskor""},""availability"":""https://schema.org/InStock""}"
PRICES,sv,1,$.@graph[5].itemListElement[2].itemListElement[3],"{""@type"":""Offer"",""businessFunction"":""http://purl.org/goodrelations/v1#LeaseOut"",""name"":""Heldag"",""price"":""18"",""priceCurrency"":""EUR"",""url"":""https://rentalscooterbarcelona.com/sv/quads/"",""itemOffered"":{""@type"":""Service"",""name"":""Se uthyrning av rullskridskor i Barcelona"",""serviceType"":""Priser för uthyrning av rullskridskor""},""availability"":""https://schema.org/InStock""}"
PRICES,sv,1,$.@graph[5].itemListElement[2].itemListElement[4],"{""@type"":""Offer"",""businessFunction"":""http://purl.org/goodrelations/v1#LeaseOut"",""name"":""24 timmar"",""price"":""20"",""priceCurrency"":""EUR"",""url"":""https://rentalscooterbarcelona.com/sv/quads/"",""itemOffered"":{""@type"":""Service"",""name"":""Se uthyrning av rullskridskor i Barcelona"",""serviceType"":""Priser för uthyrning av rullskridskor""},""availability"":""https://schema.org/InStock""}"
PRICES,sv,1,$.@graph[5].itemListElement[2].itemListElement[5],"{""@type"":""Offer"",""businessFunction"":""http://purl.org/goodrelations/v1#LeaseOut"",""name"":""Extra dag"",""price"":""10"",""priceCurrency"":""EUR"",""url"":""https://rentalscooterbarcelona.com/sv/quads/"",""itemOffered"":{""@type"":""Service"",""name"":""Se uthyrning av rullskridskor i Barcelona"",""serviceType"":""Priser för uthyrning av rullskridskor""},""availability"":""https://schema.org/InStock""}"
PRICES,sv,1,$.@graph[5].itemListElement[3].itemListElement[0],"{""@type"":""Offer"",""businessFunction"":""http://purl.org/goodrelations/v1#LeaseOut"",""name"":""1 timme"",""price"":""4"",""priceCurrency"":""EUR"",""url"":""https://rentalscooterbarcelona.com/sv/bike/"",""itemOffered"":{""@type"":""Service"",""name"":""Se cykeluthyrning i Barcelona"",""serviceType"":""Priser för cykeluthyrning""},""availability"":""https://schema.org/InStock""}"
PRICES,sv,1,$.@graph[5].itemListElement[3].itemListElement[1],"{""@type"":""Offer"",""businessFunction"":""http://purl.org/goodrelations/v1#LeaseOut"",""name"":""4 timmar"",""price"":""8"",""priceCurrency"":""EUR"",""url"":""https://rentalscooterbarcelona.com/sv/bike/"",""itemOffered"":{""@type"":""Service"",""name"":""Se cykeluthyrning i Barcelona"",""serviceType"":""Priser för cykeluthyrning""},""availability"":""https://schema.org/InStock""}"
PRICES,sv,1,$.@graph[5].itemListElement[3].itemListElement[2],"{""@type"":""Offer"",""businessFunction"":""http://purl.org/goodrelations/v1#LeaseOut"",""name"":""Heldag"",""price"":""10"",""priceCurrency"":""EUR"",""url"":""https://rentalscooterbarcelona.com/sv/bike/"",""itemOffered"":{""@type"":""Service"",""name"":""Se cykeluthyrning i Barcelona"",""serviceType"":""Priser för cykeluthyrning""},""availability"":""https://schema.org/InStock""}"
PRICES,sv,1,$.@graph[5].itemListElement[3].itemListElement[3],"{""@type"":""Offer"",""businessFunction"":""http://purl.org/goodrelations/v1#LeaseOut"",""name"":""24 timmar"",""price"":""12"",""priceCurrency"":""EUR"",""url"":""https://rentalscooterbarcelona.com/sv/bike/"",""itemOffered"":{""@type"":""Service"",""name"":""Se cykeluthyrning i Barcelona"",""serviceType"":""Priser för cykeluthyrning""},""availability"":""https://schema.org/InStock""}"
PRICES,sv,1,$.@graph[5].itemListElement[3].itemListElement[4],"{""@type"":""Offer"",""businessFunction"":""http://purl.org/goodrelations/v1#LeaseOut"",""name"":""2 dagar"",""price"":""20"",""priceCurrency"":""EUR"",""url"":""https://rentalscooterbarcelona.com/sv/bike/"",""itemOffered"":{""@type"":""Service"",""name"":""Se cykeluthyrning i Barcelona"",""serviceType"":""Priser för cykeluthyrning""},""availability"":""https://schema.org/InStock""}"
PRICES,sv,1,$.@graph[5].itemListElement[3].itemListElement[5],"{""@type"":""Offer"",""businessFunction"":""http://purl.org/goodrelations/v1#LeaseOut"",""name"":""Extra dag"",""price"":""8"",""priceCurrency"":""EUR"",""url"":""https://rentalscooterbarcelona.com/sv/bike/"",""itemOffered"":{""@type"":""Service"",""name"":""Se cykeluthyrning i Barcelona"",""serviceType"":""Priser för cykeluthyrning""},""availability"":""https://schema.org/InStock""}"
PRICES,sv,1,$.@graph[5].itemListElement[3].itemListElement[6],"{""@type"":""Offer"",""businessFunction"":""http://purl.org/goodrelations/v1#LeaseOut"",""name"":""Barnstol (utvalda cyklar)"",""price"":""3"",""priceCurrency"":""EUR"",""url"":""https://rentalscooterbarcelona.com/sv/bike/"",""itemOffered"":{""@type"":""Service"",""name"":""Se cykeluthyrning i Barcelona"",""serviceType"":""Priser för cykeluthyrning""},""availability"":""https://schema.org/InStock""}"
PRICES,sv,1,$.@graph[5].itemListElement[4].itemListElement[0],"{""@type"":""Offer"",""businessFunction"":""http://purl.org/goodrelations/v1#LeaseOut"",""name"":""1 timme"",""price"":""6"",""priceCurrency"":""EUR"",""url"":""https://rentalscooterbarcelona.com/sv/skateboard/"",""itemOffered"":{""@type"":""Service"",""name"":""Se skateboarduthyrning i Barcelona"",""serviceType"":""Priser för skateboard- och longboarduthyrning""},""availability"":""https://schema.org/InStock""}"
PRICES,sv,1,$.@graph[5].itemListElement[4].itemListElement[1],"{""@type"":""Offer"",""businessFunction"":""http://purl.org/goodrelations/v1#LeaseOut"",""name"":""2 timmar"",""price"":""12"",""priceCurrency"":""EUR"",""url"":""https://rentalscooterbarcelona.com/sv/skateboard/"",""itemOffered"":{""@type"":""Service"",""name"":""Se skateboarduthyrning i Barcelona"",""serviceType"":""Priser för skateboard- och longboarduthyrning""},""availability"":""https://schema.org/InStock""}"
PRICES,sv,1,$.@graph[5].itemListElement[4].itemListElement[2],"{""@type"":""Offer"",""businessFunction"":""http://purl.org/goodrelations/v1#LeaseOut"",""name"":""3 timmar"",""price"":""15"",""priceCurrency"":""EUR"",""url"":""https://rentalscooterbarcelona.com/sv/skateboard/"",""itemOffered"":{""@type"":""Service"",""name"":""Se skateboarduthyrning i Barcelona"",""serviceType"":""Priser för skateboard- och longboarduthyrning""},""availability"":""https://schema.org/InStock""}"
PRICES,sv,1,$.@graph[5].itemListElement[4].itemListElement[3],"{""@type"":""Offer"",""businessFunction"":""http://purl.org/goodrelations/v1#LeaseOut"",""name"":""Heldag"",""price"":""18"",""priceCurrency"":""EUR"",""url"":""https://rentalscooterbarcelona.com/sv/skateboard/"",""itemOffered"":{""@type"":""Service"",""name"":""Se skateboarduthyrning i Barcelona"",""serviceType"":""Priser för skateboard- och longboarduthyrning""},""availability"":""https://schema.org/InStock""}"
PRICES,sv,1,$.@graph[5].itemListElement[4].itemListElement[4],"{""@type"":""Offer"",""businessFunction"":""http://purl.org/goodrelations/v1#LeaseOut"",""name"":""24 timmar"",""price"":""20"",""priceCurrency"":""EUR"",""url"":""https://rentalscooterbarcelona.com/sv/skateboard/"",""itemOffered"":{""@type"":""Service"",""name"":""Se skateboarduthyrning i Barcelona"",""serviceType"":""Priser för skateboard- och longboarduthyrning""},""availability"":""https://schema.org/InStock""}"
PRICES,sv,1,$.@graph[5].itemListElement[4].itemListElement[5],"{""@type"":""Offer"",""businessFunction"":""http://purl.org/goodrelations/v1#LeaseOut"",""name"":""Extra dag"",""price"":""10"",""priceCurrency"":""EUR"",""url"":""https://rentalscooterbarcelona.com/sv/skateboard/"",""itemOffered"":{""@type"":""Service"",""name"":""Se skateboarduthyrning i Barcelona"",""serviceType"":""Priser för skateboard- och longboarduthyrning""},""availability"":""https://schema.org/InStock""}"
PRICES,sv,1,$.@graph[5].itemListElement[5].itemListElement[0],"{""@type"":""Offer"",""businessFunction"":""http://purl.org/goodrelations/v1#LeaseOut"",""name"":""1 timme"",""price"":""6"",""priceCurrency"":""EUR"",""url"":""https://rentalscooterbarcelona.com/sv/longboard/"",""itemOffered"":{""@type"":""Service"",""name"":""Se longboarduthyrning i Barcelona"",""serviceType"":""Priser för skateboard- och longboarduthyrning""},""availability"":""https://schema.org/InStock""}"
PRICES,sv,1,$.@graph[5].itemListElement[5].itemListElement[1],"{""@type"":""Offer"",""businessFunction"":""http://purl.org/goodrelations/v1#LeaseOut"",""name"":""2 timmar"",""price"":""12"",""priceCurrency"":""EUR"",""url"":""https://rentalscooterbarcelona.com/sv/longboard/"",""itemOffered"":{""@type"":""Service"",""name"":""Se longboarduthyrning i Barcelona"",""serviceType"":""Priser för skateboard- och longboarduthyrning""},""availability"":""https://schema.org/InStock""}"
PRICES,sv,1,$.@graph[5].itemListElement[5].itemListElement[2],"{""@type"":""Offer"",""businessFunction"":""http://purl.org/goodrelations/v1#LeaseOut"",""name"":""3 timmar"",""price"":""15"",""priceCurrency"":""EUR"",""url"":""https://rentalscooterbarcelona.com/sv/longboard/"",""itemOffered"":{""@type"":""Service"",""name"":""Se longboarduthyrning i Barcelona"",""serviceType"":""Priser för skateboard- och longboarduthyrning""},""availability"":""https://schema.org/InStock""}"
PRICES,sv,1,$.@graph[5].itemListElement[5].itemListElement[3],"{""@type"":""Offer"",""businessFunction"":""http://purl.org/goodrelations/v1#LeaseOut"",""name"":""Heldag"",""price"":""18"",""priceCurrency"":""EUR"",""url"":""https://rentalscooterbarcelona.com/sv/longboard/"",""itemOffered"":{""@type"":""Service"",""name"":""Se longboarduthyrning i Barcelona"",""serviceType"":""Priser för skateboard- och longboarduthyrning""},""availability"":""https://schema.org/InStock""}"
PRICES,sv,1,$.@graph[5].itemListElement[5].itemListElement[4],"{""@type"":""Offer"",""businessFunction"":""http://purl.org/goodrelations/v1#LeaseOut"",""name"":""24 timmar"",""price"":""20"",""priceCurrency"":""EUR"",""url"":""https://rentalscooterbarcelona.com/sv/longboard/"",""itemOffered"":{""@type"":""Service"",""name"":""Se longboarduthyrning i Barcelona"",""serviceType"":""Priser för skateboard- och longboarduthyrning""},""availability"":""https://schema.org/InStock""}"
PRICES,sv,1,$.@graph[5].itemListElement[5].itemListElement[5],"{""@type"":""Offer"",""businessFunction"":""http://purl.org/goodrelations/v1#LeaseOut"",""name"":""Extra dag"",""price"":""10"",""priceCurrency"":""EUR"",""url"":""https://rentalscooterbarcelona.com/sv/longboard/"",""itemOffered"":{""@type"":""Service"",""name"":""Se longboarduthyrning i Barcelona"",""serviceType"":""Priser för skateboard- och longboarduthyrning""},""availability"":""https://schema.org/InStock""}"
PRICES,sv,1,$.@graph[6],"{""@type"":""Offer"",""businessFunction"":""http://purl.org/goodrelations/v1#LeaseOut"",""@id"":""https://rentalscooterbarcelona.com/sv/Prices/#offer-scooter-full-day"",""name"":""Heldagsuthyrning av scooter i Barcelona"",""price"":""35"",""priceCurrency"":""EUR"",""url"":""https://rentalscooterbarcelona.com/sv/scooter/"",""itemOffered"":{""@type"":""Service"",""name"":""Scooteruthyrning i Barcelona"",""serviceType"":""Scooteruthyrning"",""provider"":{""@id"":""https://rentalscooterbarcelona.com/#business""},""areaServed"":{""@type"":""City"",""name"":""Barcelona""}},""seller"":{""@id"":""https://rentalscooterbarcelona.com/#business""},""availability"":""https://schema.org/InStock"",""description"":""Heldagsuthyrning av scooter i Barcelona""}"
PRICES,sv,1,$.@graph[7],"{""@type"":""Offer"",""businessFunction"":""http://purl.org/goodrelations/v1#LeaseOut"",""@id"":""https://rentalscooterbarcelona.com/sv/Prices/#offer-inline-skates-1-hour"",""name"":""Inlinesuthyrning 1 timme i Barcelona"",""price"":""6"",""priceCurrency"":""EUR"",""url"":""https://rentalscooterbarcelona.com/sv/rollerblades/"",""itemOffered"":{""@type"":""Service"",""name"":""Inlinesuthyrning i Barcelona"",""serviceType"":""Inlinesuthyrning"",""provider"":{""@id"":""https://rentalscooterbarcelona.com/#business""},""areaServed"":{""@type"":""City"",""name"":""Barcelona""}},""seller"":{""@id"":""https://rentalscooterbarcelona.com/#business""},""availability"":""https://schema.org/InStock"",""description"":""Inlinesuthyrning 1 timme i Barcelona""}"
PRICES,sv,1,$.@graph[8],"{""@type"":""Offer"",""businessFunction"":""http://purl.org/goodrelations/v1#LeaseOut"",""@id"":""https://rentalscooterbarcelona.com/sv/Prices/#offer-bike-1-hour"",""name"":""Cykeluthyrning 1 timme i Barcelona"",""price"":""4"",""priceCurrency"":""EUR"",""url"":""https://rentalscooterbarcelona.com/sv/bike/"",""itemOffered"":{""@type"":""Service"",""name"":""Cykeluthyrning i Barcelona"",""serviceType"":""Cykeluthyrning"",""provider"":{""@id"":""https://rentalscooterbarcelona.com/#business""},""areaServed"":{""@type"":""City"",""name"":""Barcelona""}},""seller"":{""@id"":""https://rentalscooterbarcelona.com/#business""},""availability"":""https://schema.org/InStock"",""description"":""Cykeluthyrning 1 timme i Barcelona""}"
PRICES,sv,1,$.@graph[9],"{""@type"":""Offer"",""businessFunction"":""http://purl.org/goodrelations/v1#LeaseOut"",""@id"":""https://rentalscooterbarcelona.com/sv/Prices/#offer-roller-skates-1-hour"",""name"":""Rullskridskouthyrning 1 timme i Barcelona"",""price"":""6"",""priceCurrency"":""EUR"",""url"":""https://rentalscooterbarcelona.com/sv/quads/"",""itemOffered"":{""@type"":""Service"",""name"":""Rullskridskouthyrning i Barcelona"",""serviceType"":""Rullskridskouthyrning"",""provider"":{""@id"":""https://rentalscooterbarcelona.com/#business""},""areaServed"":{""@type"":""City"",""name"":""Barcelona""}},""seller"":{""@id"":""https://rentalscooterbarcelona.com/#business""},""availability"":""https://schema.org/InStock"",""description"":""Rullskridskouthyrning 1 timme i Barcelona""}"
PRICES,sv,1,$.@graph[10],"{""@type"":""Offer"",""businessFunction"":""http://purl.org/goodrelations/v1#LeaseOut"",""@id"":""https://rentalscooterbarcelona.com/sv/Prices/#offer-skateboard-1-hour"",""name"":""Skateboarduthyrning 1 timme i Barcelona"",""price"":""6"",""priceCurrency"":""EUR"",""url"":""https://rentalscooterbarcelona.com/sv/skateboard/"",""itemOffered"":{""@type"":""Service"",""name"":""Skateboarduthyrning i Barcelona"",""serviceType"":""Skateboarduthyrning"",""provider"":{""@id"":""https://rentalscooterbarcelona.com/#business""},""areaServed"":{""@type"":""City"",""name"":""Barcelona""}},""seller"":{""@id"":""https://rentalscooterbarcelona.com/#business""},""availability"":""https://schema.org/InStock"",""description"":""Skateboarduthyrning 1 timme i Barcelona""}"
PRICES,sv,1,$.@graph[11],"{""@type"":""Offer"",""businessFunction"":""http://purl.org/goodrelations/v1#LeaseOut"",""@id"":""https://rentalscooterbarcelona.com/sv/Prices/#offer-longboard-1-hour"",""name"":""Longboarduthyrning 1 timme i Barcelona"",""price"":""6"",""priceCurrency"":""EUR"",""url"":""https://rentalscooterbarcelona.com/sv/longboard/"",""itemOffered"":{""@type"":""Service"",""name"":""Longboarduthyrning i Barcelona"",""serviceType"":""Longboarduthyrning"",""provider"":{""@id"":""https://rentalscooterbarcelona.com/#business""},""areaServed"":{""@type"":""City"",""name"":""Barcelona""}},""seller"":{""@id"":""https://rentalscooterbarcelona.com/#business""},""availability"":""https://schema.org/InStock"",""description"":""Longboarduthyrning 1 timme i Barcelona""}"
PRICES,pl,1,$.@graph[5].itemListElement[0].itemListElement[0],"{""@type"":""Offer"",""businessFunction"":""http://purl.org/goodrelations/v1#LeaseOut"",""name"":""Cały dzień"",""price"":""35"",""priceCurrency"":""EUR"",""url"":""https://rentalscooterbarcelona.com/pl/scooter/"",""itemOffered"":{""@type"":""Service"",""name"":""Wynajem skuterów"",""serviceType"":""Wynajem skuterów""},""availability"":""https://schema.org/InStock""}"
PRICES,pl,1,$.@graph[5].itemListElement[0].itemListElement[1],"{""@type"":""Offer"",""businessFunction"":""http://purl.org/goodrelations/v1#LeaseOut"",""name"":""24 godziny"",""price"":""40"",""priceCurrency"":""EUR"",""url"":""https://rentalscooterbarcelona.com/pl/scooter/"",""itemOffered"":{""@type"":""Service"",""name"":""Wynajem skuterów"",""serviceType"":""Wynajem skuterów""},""availability"":""https://schema.org/InStock""}"
PRICES,pl,1,$.@graph[5].itemListElement[0].itemListElement[2],"{""@type"":""Offer"",""businessFunction"":""http://purl.org/goodrelations/v1#LeaseOut"",""name"":""2 dni"",""price"":""80"",""priceCurrency"":""EUR"",""url"":""https://rentalscooterbarcelona.com/pl/scooter/"",""itemOffered"":{""@type"":""Service"",""name"":""Wynajem skuterów"",""serviceType"":""Wynajem skuterów""},""availability"":""https://schema.org/InStock""}"
PRICES,pl,1,$.@graph[5].itemListElement[0].itemListElement[3],"{""@type"":""Offer"",""businessFunction"":""http://purl.org/goodrelations/v1#LeaseOut"",""name"":""3 dni"",""price"":""115"",""priceCurrency"":""EUR"",""url"":""https://rentalscooterbarcelona.com/pl/scooter/"",""itemOffered"":{""@type"":""Service"",""name"":""Wynajem skuterów"",""serviceType"":""Wynajem skuterów""},""availability"":""https://schema.org/InStock""}"
PRICES,pl,1,$.@graph[5].itemListElement[0].itemListElement[4],"{""@type"":""Offer"",""businessFunction"":""http://purl.org/goodrelations/v1#LeaseOut"",""name"":""Dodatkowy dzień"",""price"":""30"",""priceCurrency"":""EUR"",""url"":""https://rentalscooterbarcelona.com/pl/scooter/"",""itemOffered"":{""@type"":""Service"",""name"":""Wynajem skuterów"",""serviceType"":""Wynajem skuterów""},""availability"":""https://schema.org/InStock""}"
PRICES,pl,1,$.@graph[5].itemListElement[1].itemListElement[0],"{""@type"":""Offer"",""businessFunction"":""http://purl.org/goodrelations/v1#LeaseOut"",""name"":""1 godzina"",""price"":""6"",""priceCurrency"":""EUR"",""url"":""https://rentalscooterbarcelona.com/pl/rollerblades/"",""itemOffered"":{""@type"":""Service"",""name"":""Wynajem rolek"",""serviceType"":""Wynajem rolek""},""availability"":""https://schema.org/InStock""}"
PRICES,pl,1,$.@graph[5].itemListElement[1].itemListElement[1],"{""@type"":""Offer"",""businessFunction"":""http://purl.org/goodrelations/v1#LeaseOut"",""name"":""2 godziny"",""price"":""12"",""priceCurrency"":""EUR"",""url"":""https://rentalscooterbarcelona.com/pl/rollerblades/"",""itemOffered"":{""@type"":""Service"",""name"":""Wynajem rolek"",""serviceType"":""Wynajem rolek""},""availability"":""https://schema.org/InStock""}"
PRICES,pl,1,$.@graph[5].itemListElement[1].itemListElement[2],"{""@type"":""Offer"",""businessFunction"":""http://purl.org/goodrelations/v1#LeaseOut"",""name"":""3 godziny"",""price"":""15"",""priceCurrency"":""EUR"",""url"":""https://rentalscooterbarcelona.com/pl/rollerblades/"",""itemOffered"":{""@type"":""Service"",""name"":""Wynajem rolek"",""serviceType"":""Wynajem rolek""},""availability"":""https://schema.org/InStock""}"
PRICES,pl,1,$.@graph[5].itemListElement[1].itemListElement[3],"{""@type"":""Offer"",""businessFunction"":""http://purl.org/goodrelations/v1#LeaseOut"",""name"":""Cały dzień"",""price"":""18"",""priceCurrency"":""EUR"",""url"":""https://rentalscooterbarcelona.com/pl/rollerblades/"",""itemOffered"":{""@type"":""Service"",""name"":""Wynajem rolek"",""serviceType"":""Wynajem rolek""},""availability"":""https://schema.org/InStock""}"
PRICES,pl,1,$.@graph[5].itemListElement[1].itemListElement[4],"{""@type"":""Offer"",""businessFunction"":""http://purl.org/goodrelations/v1#LeaseOut"",""name"":""24 godziny"",""price"":""20"",""priceCurrency"":""EUR"",""url"":""https://rentalscooterbarcelona.com/pl/rollerblades/"",""itemOffered"":{""@type"":""Service"",""name"":""Wynajem rolek"",""serviceType"":""Wynajem rolek""},""availability"":""https://schema.org/InStock""}"
PRICES,pl,1,$.@graph[5].itemListElement[1].itemListElement[5],"{""@type"":""Offer"",""businessFunction"":""http://purl.org/goodrelations/v1#LeaseOut"",""name"":""Dodatkowy dzień"",""price"":""10"",""priceCurrency"":""EUR"",""url"":""https://rentalscooterbarcelona.com/pl/rollerblades/"",""itemOffered"":{""@type"":""Service"",""name"":""Wynajem rolek"",""serviceType"":""Wynajem rolek""},""availability"":""https://schema.org/InStock""}"
PRICES,pl,1,$.@graph[5].itemListElement[2].itemListElement[0],"{""@type"":""Offer"",""businessFunction"":""http://purl.org/goodrelations/v1#LeaseOut"",""name"":""1 godzina"",""price"":""6"",""priceCurrency"":""EUR"",""url"":""https://rentalscooterbarcelona.com/pl/quads/"",""itemOffered"":{""@type"":""Service"",""name"":""Wynajem wrotek"",""serviceType"":""Wynajem wrotek""},""availability"":""https://schema.org/InStock""}"
PRICES,pl,1,$.@graph[5].itemListElement[2].itemListElement[1],"{""@type"":""Offer"",""businessFunction"":""http://purl.org/goodrelations/v1#LeaseOut"",""name"":""2 godziny"",""price"":""12"",""priceCurrency"":""EUR"",""url"":""https://rentalscooterbarcelona.com/pl/quads/"",""itemOffered"":{""@type"":""Service"",""name"":""Wynajem wrotek"",""serviceType"":""Wynajem wrotek""},""availability"":""https://schema.org/InStock""}"
PRICES,pl,1,$.@graph[5].itemListElement[2].itemListElement[2],"{""@type"":""Offer"",""businessFunction"":""http://purl.org/goodrelations/v1#LeaseOut"",""name"":""3 godziny"",""price"":""15"",""priceCurrency"":""EUR"",""url"":""https://rentalscooterbarcelona.com/pl/quads/"",""itemOffered"":{""@type"":""Service"",""name"":""Wynajem wrotek"",""serviceType"":""Wynajem wrotek""},""availability"":""https://schema.org/InStock""}"
PRICES,pl,1,$.@graph[5].itemListElement[2].itemListElement[3],"{""@type"":""Offer"",""businessFunction"":""http://purl.org/goodrelations/v1#LeaseOut"",""name"":""Cały dzień"",""price"":""18"",""priceCurrency"":""EUR"",""url"":""https://rentalscooterbarcelona.com/pl/quads/"",""itemOffered"":{""@type"":""Service"",""name"":""Wynajem wrotek"",""serviceType"":""Wynajem wrotek""},""availability"":""https://schema.org/InStock""}"
PRICES,pl,1,$.@graph[5].itemListElement[2].itemListElement[4],"{""@type"":""Offer"",""businessFunction"":""http://purl.org/goodrelations/v1#LeaseOut"",""name"":""24 godziny"",""price"":""20"",""priceCurrency"":""EUR"",""url"":""https://rentalscooterbarcelona.com/pl/quads/"",""itemOffered"":{""@type"":""Service"",""name"":""Wynajem wrotek"",""serviceType"":""Wynajem wrotek""},""availability"":""https://schema.org/InStock""}"
PRICES,pl,1,$.@graph[5].itemListElement[2].itemListElement[5],"{""@type"":""Offer"",""businessFunction"":""http://purl.org/goodrelations/v1#LeaseOut"",""name"":""Dodatkowy dzień"",""price"":""10"",""priceCurrency"":""EUR"",""url"":""https://rentalscooterbarcelona.com/pl/quads/"",""itemOffered"":{""@type"":""Service"",""name"":""Wynajem wrotek"",""serviceType"":""Wynajem wrotek""},""availability"":""https://schema.org/InStock""}"
PRICES,pl,1,$.@graph[5].itemListElement[3].itemListElement[0],"{""@type"":""Offer"",""businessFunction"":""http://purl.org/goodrelations/v1#LeaseOut"",""name"":""1 godzina"",""price"":""4"",""priceCurrency"":""EUR"",""url"":""https://rentalscooterbarcelona.com/pl/bike/"",""itemOffered"":{""@type"":""Service"",""name"":""Wynajem rowerów"",""serviceType"":""Wynajem rowerów""},""availability"":""https://schema.org/InStock""}"
PRICES,pl,1,$.@graph[5].itemListElement[3].itemListElement[1],"{""@type"":""Offer"",""businessFunction"":""http://purl.org/goodrelations/v1#LeaseOut"",""name"":""4 godziny"",""price"":""8"",""priceCurrency"":""EUR"",""url"":""https://rentalscooterbarcelona.com/pl/bike/"",""itemOffered"":{""@type"":""Service"",""name"":""Wynajem rowerów"",""serviceType"":""Wynajem rowerów""},""availability"":""https://schema.org/InStock""}"
PRICES,pl,1,$.@graph[5].itemListElement[3].itemListElement[2],"{""@type"":""Offer"",""businessFunction"":""http://purl.org/goodrelations/v1#LeaseOut"",""name"":""Cały dzień"",""price"":""10"",""priceCurrency"":""EUR"",""url"":""https://rentalscooterbarcelona.com/pl/bike/"",""itemOffered"":{""@type"":""Service"",""name"":""Wynajem rowerów"",""serviceType"":""Wynajem rowerów""},""availability"":""https://schema.org/InStock""}"
PRICES,pl,1,$.@graph[5].itemListElement[3].itemListElement[3],"{""@type"":""Offer"",""businessFunction"":""http://purl.org/goodrelations/v1#LeaseOut"",""name"":""24 godziny"",""price"":""12"",""priceCurrency"":""EUR"",""url"":""https://rentalscooterbarcelona.com/pl/bike/"",""itemOffered"":{""@type"":""Service"",""name"":""Wynajem rowerów"",""serviceType"":""Wynajem rowerów""},""availability"":""https://schema.org/InStock""}"
PRICES,pl,1,$.@graph[5].itemListElement[3].itemListElement[4],"{""@type"":""Offer"",""businessFunction"":""http://purl.org/goodrelations/v1#LeaseOut"",""name"":""2 dni"",""price"":""20"",""priceCurrency"":""EUR"",""url"":""https://rentalscooterbarcelona.com/pl/bike/"",""itemOffered"":{""@type"":""Service"",""name"":""Wynajem rowerów"",""serviceType"":""Wynajem rowerów""},""availability"":""https://schema.org/InStock""}"
PRICES,pl,1,$.@graph[5].itemListElement[3].itemListElement[5],"{""@type"":""Offer"",""businessFunction"":""http://purl.org/goodrelations/v1#LeaseOut"",""name"":""Dodatkowy dzień"",""price"":""8"",""priceCurrency"":""EUR"",""url"":""https://rentalscooterbarcelona.com/pl/bike/"",""itemOffered"":{""@type"":""Service"",""name"":""Wynajem rowerów"",""serviceType"":""Wynajem rowerów""},""availability"":""https://schema.org/InStock""}"
PRICES,pl,1,$.@graph[5].itemListElement[3].itemListElement[6],"{""@type"":""Offer"",""businessFunction"":""http://purl.org/goodrelations/v1#LeaseOut"",""name"":""Fotelik dziecięcy (wybrane rowery)"",""price"":""3"",""priceCurrency"":""EUR"",""url"":""https://rentalscooterbarcelona.com/pl/bike/"",""itemOffered"":{""@type"":""Service"",""name"":""Akcesoria rowerowe"",""serviceType"":""Akcesoria rowerowe""},""availability"":""https://schema.org/InStock""}"
PRICES,pl,1,$.@graph[5].itemListElement[4].itemListElement[0],"{""@type"":""Offer"",""businessFunction"":""http://purl.org/goodrelations/v1#LeaseOut"",""name"":""1 godzina"",""price"":""6"",""priceCurrency"":""EUR"",""url"":""https://rentalscooterbarcelona.com/pl/skateboard/"",""itemOffered"":{""@type"":""Service"",""name"":""Wynajem deskorolek"",""serviceType"":""Wynajem deskorolek""},""availability"":""https://schema.org/InStock""}"
PRICES,pl,1,$.@graph[5].itemListElement[4].itemListElement[1],"{""@type"":""Offer"",""businessFunction"":""http://purl.org/goodrelations/v1#LeaseOut"",""name"":""2 godziny"",""price"":""12"",""priceCurrency"":""EUR"",""url"":""https://rentalscooterbarcelona.com/pl/skateboard/"",""itemOffered"":{""@type"":""Service"",""name"":""Wynajem deskorolek"",""serviceType"":""Wynajem deskorolek""},""availability"":""https://schema.org/InStock""}"
PRICES,pl,1,$.@graph[5].itemListElement[4].itemListElement[2],"{""@type"":""Offer"",""businessFunction"":""http://purl.org/goodrelations/v1#LeaseOut"",""name"":""3 godziny"",""price"":""15"",""priceCurrency"":""EUR"",""url"":""https://rentalscooterbarcelona.com/pl/skateboard/"",""itemOffered"":{""@type"":""Service"",""name"":""Wynajem deskorolek"",""serviceType"":""Wynajem deskorolek""},""availability"":""https://schema.org/InStock""}"
PRICES,pl,1,$.@graph[5].itemListElement[4].itemListElement[3],"{""@type"":""Offer"",""businessFunction"":""http://purl.org/goodrelations/v1#LeaseOut"",""name"":""Cały dzień"",""price"":""18"",""priceCurrency"":""EUR"",""url"":""https://rentalscooterbarcelona.com/pl/skateboard/"",""itemOffered"":{""@type"":""Service"",""name"":""Wynajem deskorolek"",""serviceType"":""Wynajem deskorolek""},""availability"":""https://schema.org/InStock""}"
PRICES,pl,1,$.@graph[5].itemListElement[4].itemListElement[4],"{""@type"":""Offer"",""businessFunction"":""http://purl.org/goodrelations/v1#LeaseOut"",""name"":""24 godziny"",""price"":""20"",""priceCurrency"":""EUR"",""url"":""https://rentalscooterbarcelona.com/pl/skateboard/"",""itemOffered"":{""@type"":""Service"",""name"":""Wynajem deskorolek"",""serviceType"":""Wynajem deskorolek""},""availability"":""https://schema.org/InStock""}"
PRICES,pl,1,$.@graph[5].itemListElement[4].itemListElement[5],"{""@type"":""Offer"",""businessFunction"":""http://purl.org/goodrelations/v1#LeaseOut"",""name"":""Dodatkowy dzień"",""price"":""10"",""priceCurrency"":""EUR"",""url"":""https://rentalscooterbarcelona.com/pl/skateboard/"",""itemOffered"":{""@type"":""Service"",""name"":""Wynajem deskorolek"",""serviceType"":""Wynajem deskorolek""},""availability"":""https://schema.org/InStock""}"
PRICES,pl,1,$.@graph[5].itemListElement[5].itemListElement[0],"{""@type"":""Offer"",""businessFunction"":""http://purl.org/goodrelations/v1#LeaseOut"",""name"":""1 godzina"",""price"":""6"",""priceCurrency"":""EUR"",""url"":""https://rentalscooterbarcelona.com/pl/longboard/"",""itemOffered"":{""@type"":""Service"",""name"":""Wynajem longboardu"",""serviceType"":""Wynajem longboardu""},""availability"":""https://schema.org/InStock""}"
PRICES,pl,1,$.@graph[5].itemListElement[5].itemListElement[1],"{""@type"":""Offer"",""businessFunction"":""http://purl.org/goodrelations/v1#LeaseOut"",""name"":""2 godziny"",""price"":""12"",""priceCurrency"":""EUR"",""url"":""https://rentalscooterbarcelona.com/pl/longboard/"",""itemOffered"":{""@type"":""Service"",""name"":""Wynajem longboardu"",""serviceType"":""Wynajem longboardu""},""availability"":""https://schema.org/InStock""}"
PRICES,pl,1,$.@graph[5].itemListElement[5].itemListElement[2],"{""@type"":""Offer"",""businessFunction"":""http://purl.org/goodrelations/v1#LeaseOut"",""name"":""3 godziny"",""price"":""15"",""priceCurrency"":""EUR"",""url"":""https://rentalscooterbarcelona.com/pl/longboard/"",""itemOffered"":{""@type"":""Service"",""name"":""Wynajem longboardu"",""serviceType"":""Wynajem longboardu""},""availability"":""https://schema.org/InStock""}"
PRICES,pl,1,$.@graph[5].itemListElement[5].itemListElement[3],"{""@type"":""Offer"",""businessFunction"":""http://purl.org/goodrelations/v1#LeaseOut"",""name"":""Cały dzień"",""price"":""18"",""priceCurrency"":""EUR"",""url"":""https://rentalscooterbarcelona.com/pl/longboard/"",""itemOffered"":{""@type"":""Service"",""name"":""Wynajem longboardu"",""serviceType"":""Wynajem longboardu""},""availability"":""https://schema.org/InStock""}"
PRICES,pl,1,$.@graph[5].itemListElement[5].itemListElement[4],"{""@type"":""Offer"",""businessFunction"":""http://purl.org/goodrelations/v1#LeaseOut"",""name"":""24 godziny"",""price"":""20"",""priceCurrency"":""EUR"",""url"":""https://rentalscooterbarcelona.com/pl/longboard/"",""itemOffered"":{""@type"":""Service"",""name"":""Wynajem longboardu"",""serviceType"":""Wynajem longboardu""},""availability"":""https://schema.org/InStock""}"
PRICES,pl,1,$.@graph[5].itemListElement[5].itemListElement[5],"{""@type"":""Offer"",""businessFunction"":""http://purl.org/goodrelations/v1#LeaseOut"",""name"":""Dodatkowy dzień"",""price"":""10"",""priceCurrency"":""EUR"",""url"":""https://rentalscooterbarcelona.com/pl/longboard/"",""itemOffered"":{""@type"":""Service"",""name"":""Wynajem longboardu"",""serviceType"":""Wynajem longboardu""},""availability"":""https://schema.org/InStock""}"
PRICES,pl,1,$.@graph[6],"{""@type"":""Offer"",""businessFunction"":""http://purl.org/goodrelations/v1#LeaseOut"",""@id"":""https://rentalscooterbarcelona.com/pl/Prices/#offer-scooter-full-day"",""name"":""Całodniowy wynajem skuterów w Barcelonie"",""description"":""Całodniowy wynajem skuterów 50cc i 125cc w RSB Rental Scooter Barcelona w Vila Olímpica."",""price"":""35"",""priceCurrency"":""EUR"",""availability"":""https://schema.org/InStock"",""url"":""https://rentalscooterbarcelona.com/pl/scooter/"",""seller"":{""@id"":""https://rentalscooterbarcelona.com/#business""},""itemOffered"":{""@type"":""Service"",""name"":""Całodniowy wynajem skuterów w Barcelonie"",""serviceType"":""Wynajem skuterów"",""provider"":{""@id"":""https://rentalscooterbarcelona.com/#business""},""areaServed"":{""@type"":""City"",""name"":""Barcelona""}}}"
PRICES,pl,1,$.@graph[7],"{""@type"":""Offer"",""businessFunction"":""http://purl.org/goodrelations/v1#LeaseOut"",""@id"":""https://rentalscooterbarcelona.com/pl/Prices/#offer-inline-skates-1-hour"",""name"":""Godzinny wynajem rolek w Barcelonie"",""description"":""Godzinny wynajem rolek w RSB Rental Scooter Barcelona w Vila Olímpica."",""price"":""6"",""priceCurrency"":""EUR"",""availability"":""https://schema.org/InStock"",""url"":""https://rentalscooterbarcelona.com/pl/rollerblades/"",""seller"":{""@id"":""https://rentalscooterbarcelona.com/#business""},""itemOffered"":{""@type"":""Service"",""name"":""Wynajem rolek w Barcelonie"",""serviceType"":""Wynajem rolek"",""provider"":{""@id"":""https://rentalscooterbarcelona.com/#business""},""areaServed"":{""@type"":""City"",""name"":""Barcelona""}}}"
PRICES,pl,1,$.@graph[8],"{""@type"":""Offer"",""businessFunction"":""http://purl.org/goodrelations/v1#LeaseOut"",""@id"":""https://rentalscooterbarcelona.com/pl/Prices/#offer-bike-1-hour"",""name"":""Godzinny wynajem rowerów w Barcelonie"",""description"":""Godzinny wynajem rowerów w RSB Rental Scooter Barcelona w Vila Olímpica."",""price"":""4"",""priceCurrency"":""EUR"",""availability"":""https://schema.org/InStock"",""url"":""https://rentalscooterbarcelona.com/pl/bike/"",""seller"":{""@id"":""https://rentalscooterbarcelona.com/#business""},""itemOffered"":{""@type"":""Service"",""name"":""Wynajem rowerów w Barcelonie"",""serviceType"":""Wynajem rowerów"",""provider"":{""@id"":""https://rentalscooterbarcelona.com/#business""},""areaServed"":{""@type"":""City"",""name"":""Barcelona""}}}"
PRICES,pl,1,$.@graph[9],"{""@type"":""Offer"",""businessFunction"":""http://purl.org/goodrelations/v1#LeaseOut"",""@id"":""https://rentalscooterbarcelona.com/pl/Prices/#offer-roller-skates-1-hour"",""name"":""Godzinny wynajem wrotek w Barcelonie"",""description"":""Godzinny wynajem wrotek w RSB Rental Scooter Barcelona w Vila Olímpica."",""price"":""6"",""priceCurrency"":""EUR"",""availability"":""https://schema.org/InStock"",""url"":""https://rentalscooterbarcelona.com/pl/quads/"",""seller"":{""@id"":""https://rentalscooterbarcelona.com/#business""},""itemOffered"":{""@type"":""Service"",""name"":""Wynajem wrotek w Barcelonie"",""serviceType"":""Wynajem wrotek"",""provider"":{""@id"":""https://rentalscooterbarcelona.com/#business""},""areaServed"":{""@type"":""City"",""name"":""Barcelona""}}}"
PRICES,pl,1,$.@graph[10],"{""@type"":""Offer"",""businessFunction"":""http://purl.org/goodrelations/v1#LeaseOut"",""@id"":""https://rentalscooterbarcelona.com/pl/Prices/#offer-skateboard-1-hour"",""name"":""Godzinny wynajem deskorolek w Barcelonie"",""description"":""Godzinny wynajem deskorolek w RSB Rental Scooter Barcelona w Vila Olímpica."",""price"":""6"",""priceCurrency"":""EUR"",""availability"":""https://schema.org/InStock"",""url"":""https://rentalscooterbarcelona.com/pl/skateboard/"",""seller"":{""@id"":""https://rentalscooterbarcelona.com/#business""},""itemOffered"":{""@type"":""Service"",""name"":""Wynajem deskorolek w Barcelonie"",""serviceType"":""Wynajem deskorolek"",""provider"":{""@id"":""https://rentalscooterbarcelona.com/#business""},""areaServed"":{""@type"":""City"",""name"":""Barcelona""}}}"
PRICES,pl,1,$.@graph[11],"{""@type"":""Offer"",""businessFunction"":""http://purl.org/goodrelations/v1#LeaseOut"",""@id"":""https://rentalscooterbarcelona.com/pl/Prices/#offer-longboard-1-hour"",""name"":""Godzinny wynajem longboardu w Barcelonie"",""description"":""Godzinny wynajem longboardu w RSB Rental Scooter Barcelona w Vila Olímpica."",""price"":""6"",""priceCurrency"":""EUR"",""availability"":""https://schema.org/InStock"",""url"":""https://rentalscooterbarcelona.com/pl/longboard/"",""seller"":{""@id"":""https://rentalscooterbarcelona.com/#business""},""itemOffered"":{""@type"":""Service"",""name"":""Wynajem longboardu w Barcelonie"",""serviceType"":""Wynajem longboardu"",""provider"":{""@id"":""https://rentalscooterbarcelona.com/#business""},""areaServed"":{""@type"":""City"",""name"":""Barcelona""}}}"
SCOOTER,en,1,$.@graph[5].offers[0],"{""@type"":""AggregateOffer"",""businessFunction"":""http://purl.org/goodrelations/v1#LeaseOut"",""name"":""Scooter rental price range"",""priceCurrency"":""EUR"",""lowPrice"":""35"",""highPrice"":""115"",""offerCount"":""5"",""url"":""https://rentalscooterbarcelona.com/scooter/""}"
SCOOTER,en,1,$.@graph[5].offers[1],"{""@type"":""Offer"",""businessFunction"":""http://purl.org/goodrelations/v1#LeaseOut"",""priceCurrency"":""EUR"",""price"":""35"",""name"":""Scooter rental full day"",""url"":""https://rentalscooterbarcelona.com/scooter/"",""availability"":""https://schema.org/InStock""}"
SCOOTER,en,1,$.@graph[5].offers[2],"{""@type"":""Offer"",""businessFunction"":""http://purl.org/goodrelations/v1#LeaseOut"",""priceCurrency"":""EUR"",""price"":""40"",""name"":""Scooter rental 24 hours"",""url"":""https://rentalscooterbarcelona.com/scooter/"",""availability"":""https://schema.org/InStock""}"
SCOOTER,en,1,$.@graph[5].offers[3],"{""@type"":""Offer"",""businessFunction"":""http://purl.org/goodrelations/v1#LeaseOut"",""priceCurrency"":""EUR"",""price"":""80"",""name"":""Scooter rental 2 days"",""url"":""https://rentalscooterbarcelona.com/scooter/"",""availability"":""https://schema.org/InStock""}"
SCOOTER,en,1,$.@graph[5].offers[4],"{""@type"":""Offer"",""businessFunction"":""http://purl.org/goodrelations/v1#LeaseOut"",""priceCurrency"":""EUR"",""price"":""115"",""name"":""Scooter rental 3 days"",""url"":""https://rentalscooterbarcelona.com/scooter/"",""availability"":""https://schema.org/InStock""}"
SCOOTER,en,1,$.@graph[5].offers[5],"{""@type"":""Offer"",""businessFunction"":""http://purl.org/goodrelations/v1#LeaseOut"",""priceCurrency"":""EUR"",""price"":""30"",""name"":""Scooter rental extra day"",""url"":""https://rentalscooterbarcelona.com/scooter/"",""availability"":""https://schema.org/InStock""}"
SCOOTER,es,1,$.@graph[5].offers[0],"{""@type"":""AggregateOffer"",""businessFunction"":""http://purl.org/goodrelations/v1#LeaseOut"",""name"":""Rango de precios del alquiler de scooter"",""priceCurrency"":""EUR"",""lowPrice"":""35"",""highPrice"":""115"",""offerCount"":""5"",""url"":""https://rentalscooterbarcelona.com/es/scooter/""}"
SCOOTER,es,1,$.@graph[5].offers[1],"{""@type"":""Offer"",""businessFunction"":""http://purl.org/goodrelations/v1#LeaseOut"",""priceCurrency"":""EUR"",""price"":""35"",""name"":""Alquiler de scooter día completo"",""availability"":""https://schema.org/InStock"",""url"":""https://rentalscooterbarcelona.com/es/scooter/""}"
SCOOTER,es,1,$.@graph[5].offers[2],"{""@type"":""Offer"",""businessFunction"":""http://purl.org/goodrelations/v1#LeaseOut"",""priceCurrency"":""EUR"",""price"":""40"",""name"":""Alquiler de scooter 24 horas"",""availability"":""https://schema.org/InStock"",""url"":""https://rentalscooterbarcelona.com/es/scooter/""}"
SCOOTER,es,1,$.@graph[5].offers[3],"{""@type"":""Offer"",""businessFunction"":""http://purl.org/goodrelations/v1#LeaseOut"",""priceCurrency"":""EUR"",""price"":""80"",""name"":""Alquiler de scooter 2 días"",""availability"":""https://schema.org/InStock"",""url"":""https://rentalscooterbarcelona.com/es/scooter/""}"
SCOOTER,es,1,$.@graph[5].offers[4],"{""@type"":""Offer"",""businessFunction"":""http://purl.org/goodrelations/v1#LeaseOut"",""priceCurrency"":""EUR"",""price"":""115"",""name"":""Alquiler de scooter 3 días"",""availability"":""https://schema.org/InStock"",""url"":""https://rentalscooterbarcelona.com/es/scooter/""}"
SCOOTER,es,1,$.@graph[5].offers[5],"{""@type"":""Offer"",""businessFunction"":""http://purl.org/goodrelations/v1#LeaseOut"",""priceCurrency"":""EUR"",""price"":""30"",""name"":""Alquiler de scooter día extra"",""availability"":""https://schema.org/InStock"",""url"":""https://rentalscooterbarcelona.com/es/scooter/""}"
SCOOTER,fr,1,$.@graph[5].offers[0],"{""@type"":""Offer"",""businessFunction"":""http://purl.org/goodrelations/v1#LeaseOut"",""priceCurrency"":""EUR"",""price"":""35"",""name"":""Location de scooter journée complète"",""availability"":""https://schema.org/InStock"",""url"":""https://rentalscooterbarcelona.com/fr/scooter/""}"
SCOOTER,fr,1,$.@graph[5].offers[1],"{""@type"":""Offer"",""businessFunction"":""http://purl.org/goodrelations/v1#LeaseOut"",""priceCurrency"":""EUR"",""price"":""40"",""name"":""Location de scooter 24 heures"",""availability"":""https://schema.org/InStock"",""url"":""https://rentalscooterbarcelona.com/fr/scooter/""}"
SCOOTER,fr,1,$.@graph[5].offers[2],"{""@type"":""Offer"",""businessFunction"":""http://purl.org/goodrelations/v1#LeaseOut"",""priceCurrency"":""EUR"",""price"":""80"",""name"":""Location de scooter 2 jours"",""availability"":""https://schema.org/InStock"",""url"":""https://rentalscooterbarcelona.com/fr/scooter/""}"
SCOOTER,fr,1,$.@graph[5].offers[3],"{""@type"":""Offer"",""businessFunction"":""http://purl.org/goodrelations/v1#LeaseOut"",""priceCurrency"":""EUR"",""price"":""115"",""name"":""Location de scooter 3 jours"",""availability"":""https://schema.org/InStock"",""url"":""https://rentalscooterbarcelona.com/fr/scooter/""}"
SCOOTER,fr,1,$.@graph[5].offers[4],"{""@type"":""Offer"",""businessFunction"":""http://purl.org/goodrelations/v1#LeaseOut"",""priceCurrency"":""EUR"",""price"":""30"",""name"":""Location de scooter jour supplémentaire"",""availability"":""https://schema.org/InStock"",""url"":""https://rentalscooterbarcelona.com/fr/scooter/""}"
SCOOTER,it,1,$.@graph[5].offers[0],"{""@type"":""Offer"",""businessFunction"":""http://purl.org/goodrelations/v1#LeaseOut"",""priceCurrency"":""EUR"",""price"":""35"",""name"":""Noleggio scooter giornata intera"",""availability"":""https://schema.org/InStock"",""url"":""https://rentalscooterbarcelona.com/it/scooter/""}"
SCOOTER,it,1,$.@graph[5].offers[1],"{""@type"":""Offer"",""businessFunction"":""http://purl.org/goodrelations/v1#LeaseOut"",""priceCurrency"":""EUR"",""price"":""40"",""name"":""Noleggio scooter 24 ore"",""availability"":""https://schema.org/InStock"",""url"":""https://rentalscooterbarcelona.com/it/scooter/""}"
SCOOTER,it,1,$.@graph[5].offers[2],"{""@type"":""Offer"",""businessFunction"":""http://purl.org/goodrelations/v1#LeaseOut"",""priceCurrency"":""EUR"",""price"":""80"",""name"":""Noleggio scooter 2 giorni"",""availability"":""https://schema.org/InStock"",""url"":""https://rentalscooterbarcelona.com/it/scooter/""}"
SCOOTER,it,1,$.@graph[5].offers[3],"{""@type"":""Offer"",""businessFunction"":""http://purl.org/goodrelations/v1#LeaseOut"",""priceCurrency"":""EUR"",""price"":""115"",""name"":""Noleggio scooter 3 giorni"",""availability"":""https://schema.org/InStock"",""url"":""https://rentalscooterbarcelona.com/it/scooter/""}"
SCOOTER,it,1,$.@graph[5].offers[4],"{""@type"":""Offer"",""businessFunction"":""http://purl.org/goodrelations/v1#LeaseOut"",""priceCurrency"":""EUR"",""price"":""30"",""name"":""Noleggio scooter giorno extra"",""availability"":""https://schema.org/InStock"",""url"":""https://rentalscooterbarcelona.com/it/scooter/""}"
SCOOTER,de,1,$.@graph[5].offers[0],"{""@type"":""Offer"",""businessFunction"":""http://purl.org/goodrelations/v1#LeaseOut"",""priceCurrency"":""EUR"",""price"":""35"",""name"":""Scooter mieten ganzer Tag"",""availability"":""https://schema.org/InStock"",""url"":""https://rentalscooterbarcelona.com/de/scooter/""}"
SCOOTER,de,1,$.@graph[5].offers[1],"{""@type"":""Offer"",""businessFunction"":""http://purl.org/goodrelations/v1#LeaseOut"",""priceCurrency"":""EUR"",""price"":""40"",""name"":""Scooter mieten 24 Stunden"",""availability"":""https://schema.org/InStock"",""url"":""https://rentalscooterbarcelona.com/de/scooter/""}"
SCOOTER,de,1,$.@graph[5].offers[2],"{""@type"":""Offer"",""businessFunction"":""http://purl.org/goodrelations/v1#LeaseOut"",""priceCurrency"":""EUR"",""price"":""80"",""name"":""Scooter mieten 2 Tage"",""availability"":""https://schema.org/InStock"",""url"":""https://rentalscooterbarcelona.com/de/scooter/""}"
SCOOTER,de,1,$.@graph[5].offers[3],"{""@type"":""Offer"",""businessFunction"":""http://purl.org/goodrelations/v1#LeaseOut"",""priceCurrency"":""EUR"",""price"":""115"",""name"":""Scooter mieten 3 Tage"",""availability"":""https://schema.org/InStock"",""url"":""https://rentalscooterbarcelona.com/de/scooter/""}"
SCOOTER,de,1,$.@graph[5].offers[4],"{""@type"":""Offer"",""businessFunction"":""http://purl.org/goodrelations/v1#LeaseOut"",""priceCurrency"":""EUR"",""price"":""30"",""name"":""Scooter mieten zusätzlicher Tag"",""availability"":""https://schema.org/InStock"",""url"":""https://rentalscooterbarcelona.com/de/scooter/""}"
SCOOTER,nl,1,$.@graph[5].offers[0],"{""@type"":""Offer"",""businessFunction"":""http://purl.org/goodrelations/v1#LeaseOut"",""priceCurrency"":""EUR"",""price"":""35"",""name"":""Scooter huren hele dag"",""availability"":""https://schema.org/InStock"",""url"":""https://rentalscooterbarcelona.com/nl/scooter/""}"
SCOOTER,nl,1,$.@graph[5].offers[1],"{""@type"":""Offer"",""businessFunction"":""http://purl.org/goodrelations/v1#LeaseOut"",""priceCurrency"":""EUR"",""price"":""40"",""name"":""Scooter huren 24 uur"",""availability"":""https://schema.org/InStock"",""url"":""https://rentalscooterbarcelona.com/nl/scooter/""}"
SCOOTER,nl,1,$.@graph[5].offers[2],"{""@type"":""Offer"",""businessFunction"":""http://purl.org/goodrelations/v1#LeaseOut"",""priceCurrency"":""EUR"",""price"":""80"",""name"":""Scooter huren 2 dagen"",""availability"":""https://schema.org/InStock"",""url"":""https://rentalscooterbarcelona.com/nl/scooter/""}"
SCOOTER,nl,1,$.@graph[5].offers[3],"{""@type"":""Offer"",""businessFunction"":""http://purl.org/goodrelations/v1#LeaseOut"",""priceCurrency"":""EUR"",""price"":""115"",""name"":""Scooter huren 3 dagen"",""availability"":""https://schema.org/InStock"",""url"":""https://rentalscooterbarcelona.com/nl/scooter/""}"
SCOOTER,nl,1,$.@graph[5].offers[4],"{""@type"":""Offer"",""businessFunction"":""http://purl.org/goodrelations/v1#LeaseOut"",""priceCurrency"":""EUR"",""price"":""30"",""name"":""Scooter huren extra dag"",""availability"":""https://schema.org/InStock"",""url"":""https://rentalscooterbarcelona.com/nl/scooter/""}"
SCOOTER,pt,1,$.@graph[5].offers[0],"{""@type"":""Offer"",""businessFunction"":""http://purl.org/goodrelations/v1#LeaseOut"",""priceCurrency"":""EUR"",""price"":""35"",""name"":""Aluguer de scooter dia completo"",""availability"":""https://schema.org/InStock"",""url"":""https://rentalscooterbarcelona.com/pt/scooter/""}"
SCOOTER,pt,1,$.@graph[5].offers[1],"{""@type"":""Offer"",""businessFunction"":""http://purl.org/goodrelations/v1#LeaseOut"",""priceCurrency"":""EUR"",""price"":""40"",""name"":""Aluguer de scooter 24 horas"",""availability"":""https://schema.org/InStock"",""url"":""https://rentalscooterbarcelona.com/pt/scooter/""}"
SCOOTER,pt,1,$.@graph[5].offers[2],"{""@type"":""Offer"",""businessFunction"":""http://purl.org/goodrelations/v1#LeaseOut"",""priceCurrency"":""EUR"",""price"":""80"",""name"":""Aluguer de scooter 2 dias"",""availability"":""https://schema.org/InStock"",""url"":""https://rentalscooterbarcelona.com/pt/scooter/""}"
SCOOTER,pt,1,$.@graph[5].offers[3],"{""@type"":""Offer"",""businessFunction"":""http://purl.org/goodrelations/v1#LeaseOut"",""priceCurrency"":""EUR"",""price"":""115"",""name"":""Aluguer de scooter 3 dias"",""availability"":""https://schema.org/InStock"",""url"":""https://rentalscooterbarcelona.com/pt/scooter/""}"
SCOOTER,pt,1,$.@graph[5].offers[4],"{""@type"":""Offer"",""businessFunction"":""http://purl.org/goodrelations/v1#LeaseOut"",""priceCurrency"":""EUR"",""price"":""30"",""name"":""Aluguer de scooter dia extra"",""availability"":""https://schema.org/InStock"",""url"":""https://rentalscooterbarcelona.com/pt/scooter/""}"
SCOOTER,ca,1,$.@graph[5].offers[0],"{""@type"":""Offer"",""businessFunction"":""http://purl.org/goodrelations/v1#LeaseOut"",""priceCurrency"":""EUR"",""price"":""35"",""name"":""Lloguer de scooter dia complet"",""availability"":""https://schema.org/InStock"",""url"":""https://rentalscooterbarcelona.com/cat/scooter/""}"
SCOOTER,ca,1,$.@graph[5].offers[1],"{""@type"":""Offer"",""businessFunction"":""http://purl.org/goodrelations/v1#LeaseOut"",""priceCurrency"":""EUR"",""price"":""40"",""name"":""Lloguer de scooter 24 hores"",""availability"":""https://schema.org/InStock"",""url"":""https://rentalscooterbarcelona.com/cat/scooter/""}"
SCOOTER,ca,1,$.@graph[5].offers[2],"{""@type"":""Offer"",""businessFunction"":""http://purl.org/goodrelations/v1#LeaseOut"",""priceCurrency"":""EUR"",""price"":""80"",""name"":""Lloguer de scooter 2 dies"",""availability"":""https://schema.org/InStock"",""url"":""https://rentalscooterbarcelona.com/cat/scooter/""}"
SCOOTER,ca,1,$.@graph[5].offers[3],"{""@type"":""Offer"",""businessFunction"":""http://purl.org/goodrelations/v1#LeaseOut"",""priceCurrency"":""EUR"",""price"":""115"",""name"":""Lloguer de scooter 3 dies"",""availability"":""https://schema.org/InStock"",""url"":""https://rentalscooterbarcelona.com/cat/scooter/""}"
SCOOTER,ca,1,$.@graph[5].offers[4],"{""@type"":""Offer"",""businessFunction"":""http://purl.org/goodrelations/v1#LeaseOut"",""priceCurrency"":""EUR"",""price"":""30"",""name"":""Lloguer de scooter dia extra"",""availability"":""https://schema.org/InStock"",""url"":""https://rentalscooterbarcelona.com/cat/scooter/""}"
SCOOTER,sv,1,$.@graph[5].offers[0],"{""@type"":""Offer"",""businessFunction"":""http://purl.org/goodrelations/v1#LeaseOut"",""priceCurrency"":""EUR"",""price"":""35"",""name"":""Scooteruthyrning heldag"",""availability"":""https://schema.org/InStock"",""url"":""https://rentalscooterbarcelona.com/sv/scooter/""}"
SCOOTER,sv,1,$.@graph[5].offers[1],"{""@type"":""Offer"",""businessFunction"":""http://purl.org/goodrelations/v1#LeaseOut"",""priceCurrency"":""EUR"",""price"":""40"",""name"":""Scooteruthyrning 24 timmar"",""availability"":""https://schema.org/InStock"",""url"":""https://rentalscooterbarcelona.com/sv/scooter/""}"
SCOOTER,sv,1,$.@graph[5].offers[2],"{""@type"":""Offer"",""businessFunction"":""http://purl.org/goodrelations/v1#LeaseOut"",""priceCurrency"":""EUR"",""price"":""80"",""name"":""Scooteruthyrning 2 dagar"",""availability"":""https://schema.org/InStock"",""url"":""https://rentalscooterbarcelona.com/sv/scooter/""}"
SCOOTER,sv,1,$.@graph[5].offers[3],"{""@type"":""Offer"",""businessFunction"":""http://purl.org/goodrelations/v1#LeaseOut"",""priceCurrency"":""EUR"",""price"":""115"",""name"":""Scooteruthyrning 3 dagar"",""availability"":""https://schema.org/InStock"",""url"":""https://rentalscooterbarcelona.com/sv/scooter/""}"
SCOOTER,sv,1,$.@graph[5].offers[4],"{""@type"":""Offer"",""businessFunction"":""http://purl.org/goodrelations/v1#LeaseOut"",""priceCurrency"":""EUR"",""price"":""30"",""name"":""Scooteruthyrning extra dag"",""availability"":""https://schema.org/InStock"",""url"":""https://rentalscooterbarcelona.com/sv/scooter/""}"
SCOOTER,pl,1,$.@graph[5].offers[0],"{""@type"":""AggregateOffer"",""businessFunction"":""http://purl.org/goodrelations/v1#LeaseOut"",""name"":""Zakres cen wynajmu skuterów"",""priceCurrency"":""EUR"",""lowPrice"":""35"",""highPrice"":""115"",""offerCount"":""5"",""url"":""https://rentalscooterbarcelona.com/pl/scooter/""}"
SCOOTER,pl,1,$.@graph[5].offers[1],"{""@type"":""Offer"",""businessFunction"":""http://purl.org/goodrelations/v1#LeaseOut"",""priceCurrency"":""EUR"",""price"":""35"",""name"":""Całodniowy wynajem skuterów"",""url"":""https://rentalscooterbarcelona.com/pl/scooter/"",""availability"":""https://schema.org/InStock""}"
SCOOTER,pl,1,$.@graph[5].offers[2],"{""@type"":""Offer"",""businessFunction"":""http://purl.org/goodrelations/v1#LeaseOut"",""priceCurrency"":""EUR"",""price"":""40"",""name"":""Wynajem skuterów 24 godziny"",""url"":""https://rentalscooterbarcelona.com/pl/scooter/"",""availability"":""https://schema.org/InStock""}"
SCOOTER,pl,1,$.@graph[5].offers[3],"{""@type"":""Offer"",""businessFunction"":""http://purl.org/goodrelations/v1#LeaseOut"",""priceCurrency"":""EUR"",""price"":""80"",""name"":""Wynajem skuterów na 2 dni"",""url"":""https://rentalscooterbarcelona.com/pl/scooter/"",""availability"":""https://schema.org/InStock""}"
SCOOTER,pl,1,$.@graph[5].offers[4],"{""@type"":""Offer"",""businessFunction"":""http://purl.org/goodrelations/v1#LeaseOut"",""priceCurrency"":""EUR"",""price"":""115"",""name"":""Wynajem skuterów na 3 dni"",""url"":""https://rentalscooterbarcelona.com/pl/scooter/"",""availability"":""https://schema.org/InStock""}"
SCOOTER,pl,1,$.@graph[5].offers[5],"{""@type"":""Offer"",""businessFunction"":""http://purl.org/goodrelations/v1#LeaseOut"",""priceCurrency"":""EUR"",""price"":""30"",""name"":""Dodatkowy dzień wynajmu skuterów"",""url"":""https://rentalscooterbarcelona.com/pl/scooter/"",""availability"":""https://schema.org/InStock""}"
ROLLERBLADES,en,1,$.@graph[5].offers[0],"{""@type"":""AggregateOffer"",""businessFunction"":""http://purl.org/goodrelations/v1#LeaseOut"",""name"":""Inline skates rental price range"",""priceCurrency"":""EUR"",""lowPrice"":""6"",""highPrice"":""20"",""offerCount"":""6"",""url"":""https://rentalscooterbarcelona.com/rollerblades/""}"
ROLLERBLADES,en,1,$.@graph[5].offers[1],"{""@type"":""Offer"",""businessFunction"":""http://purl.org/goodrelations/v1#LeaseOut"",""priceCurrency"":""EUR"",""price"":""6"",""name"":""Inline skates rental 1 hour"",""url"":""https://rentalscooterbarcelona.com/rollerblades/"",""availability"":""https://schema.org/InStock""}"
ROLLERBLADES,en,1,$.@graph[5].offers[2],"{""@type"":""Offer"",""businessFunction"":""http://purl.org/goodrelations/v1#LeaseOut"",""priceCurrency"":""EUR"",""price"":""12"",""name"":""Inline skates rental 2 hours"",""url"":""https://rentalscooterbarcelona.com/rollerblades/"",""availability"":""https://schema.org/InStock""}"
ROLLERBLADES,en,1,$.@graph[5].offers[3],"{""@type"":""Offer"",""businessFunction"":""http://purl.org/goodrelations/v1#LeaseOut"",""priceCurrency"":""EUR"",""price"":""15"",""name"":""Inline skates rental 3 hours"",""url"":""https://rentalscooterbarcelona.com/rollerblades/"",""availability"":""https://schema.org/InStock""}"
ROLLERBLADES,en,1,$.@graph[5].offers[4],"{""@type"":""Offer"",""businessFunction"":""http://purl.org/goodrelations/v1#LeaseOut"",""priceCurrency"":""EUR"",""price"":""18"",""name"":""Inline skates rental full day"",""url"":""https://rentalscooterbarcelona.com/rollerblades/"",""availability"":""https://schema.org/InStock""}"
ROLLERBLADES,en,1,$.@graph[5].offers[5],"{""@type"":""Offer"",""businessFunction"":""http://purl.org/goodrelations/v1#LeaseOut"",""priceCurrency"":""EUR"",""price"":""20"",""name"":""Inline skates rental 24 hours"",""url"":""https://rentalscooterbarcelona.com/rollerblades/"",""availability"":""https://schema.org/InStock""}"
ROLLERBLADES,en,1,$.@graph[5].offers[6],"{""@type"":""Offer"",""businessFunction"":""http://purl.org/goodrelations/v1#LeaseOut"",""priceCurrency"":""EUR"",""price"":""10"",""name"":""Inline skates rental extra day"",""url"":""https://rentalscooterbarcelona.com/rollerblades/"",""availability"":""https://schema.org/InStock""}"
ROLLERBLADES,es,1,$.@graph[5].offers[0],"{""@type"":""AggregateOffer"",""businessFunction"":""http://purl.org/goodrelations/v1#LeaseOut"",""name"":""Rango de precios del alquiler de patines en línea"",""priceCurrency"":""EUR"",""lowPrice"":""6"",""highPrice"":""20"",""offerCount"":""6"",""url"":""https://rentalscooterbarcelona.com/es/rollerblades/""}"
ROLLERBLADES,es,1,$.@graph[5].offers[1],"{""@type"":""Offer"",""businessFunction"":""http://purl.org/goodrelations/v1#LeaseOut"",""priceCurrency"":""EUR"",""price"":""6"",""name"":""Alquiler de patines en línea 1 hora"",""availability"":""https://schema.org/InStock"",""url"":""https://rentalscooterbarcelona.com/es/rollerblades/""}"
ROLLERBLADES,es,1,$.@graph[5].offers[2],"{""@type"":""Offer"",""businessFunction"":""http://purl.org/goodrelations/v1#LeaseOut"",""priceCurrency"":""EUR"",""price"":""12"",""name"":""Alquiler de patines en línea 2 horas"",""availability"":""https://schema.org/InStock"",""url"":""https://rentalscooterbarcelona.com/es/rollerblades/""}"
ROLLERBLADES,es,1,$.@graph[5].offers[3],"{""@type"":""Offer"",""businessFunction"":""http://purl.org/goodrelations/v1#LeaseOut"",""priceCurrency"":""EUR"",""price"":""15"",""name"":""Alquiler de patines en línea 3 horas"",""availability"":""https://schema.org/InStock"",""url"":""https://rentalscooterbarcelona.com/es/rollerblades/""}"
ROLLERBLADES,es,1,$.@graph[5].offers[4],"{""@type"":""Offer"",""businessFunction"":""http://purl.org/goodrelations/v1#LeaseOut"",""priceCurrency"":""EUR"",""price"":""18"",""name"":""Alquiler de patines en línea día completo"",""availability"":""https://schema.org/InStock"",""url"":""https://rentalscooterbarcelona.com/es/rollerblades/""}"
ROLLERBLADES,es,1,$.@graph[5].offers[5],"{""@type"":""Offer"",""businessFunction"":""http://purl.org/goodrelations/v1#LeaseOut"",""priceCurrency"":""EUR"",""price"":""20"",""name"":""Alquiler de patines en línea 24 horas"",""availability"":""https://schema.org/InStock"",""url"":""https://rentalscooterbarcelona.com/es/rollerblades/""}"
ROLLERBLADES,es,1,$.@graph[5].offers[6],"{""@type"":""Offer"",""businessFunction"":""http://purl.org/goodrelations/v1#LeaseOut"",""priceCurrency"":""EUR"",""price"":""10"",""name"":""Alquiler de patines en línea día extra"",""availability"":""https://schema.org/InStock"",""url"":""https://rentalscooterbarcelona.com/es/rollerblades/""}"
ROLLERBLADES,fr,1,$.@graph[5].offers[0],"{""@type"":""Offer"",""businessFunction"":""http://purl.org/goodrelations/v1#LeaseOut"",""priceCurrency"":""EUR"",""price"":""6"",""name"":""Location de rollers en ligne 1 heure"",""availability"":""https://schema.org/InStock"",""url"":""https://rentalscooterbarcelona.com/fr/rollerblades/""}"
ROLLERBLADES,fr,1,$.@graph[5].offers[1],"{""@type"":""Offer"",""businessFunction"":""http://purl.org/goodrelations/v1#LeaseOut"",""priceCurrency"":""EUR"",""price"":""12"",""name"":""Location de rollers en ligne 2 heures"",""availability"":""https://schema.org/InStock"",""url"":""https://rentalscooterbarcelona.com/fr/rollerblades/""}"
ROLLERBLADES,fr,1,$.@graph[5].offers[2],"{""@type"":""Offer"",""businessFunction"":""http://purl.org/goodrelations/v1#LeaseOut"",""priceCurrency"":""EUR"",""price"":""15"",""name"":""Location de rollers en ligne 3 heures"",""availability"":""https://schema.org/InStock"",""url"":""https://rentalscooterbarcelona.com/fr/rollerblades/""}"
ROLLERBLADES,fr,1,$.@graph[5].offers[3],"{""@type"":""Offer"",""businessFunction"":""http://purl.org/goodrelations/v1#LeaseOut"",""priceCurrency"":""EUR"",""price"":""18"",""name"":""Location de rollers en ligne journée complète"",""availability"":""https://schema.org/InStock"",""url"":""https://rentalscooterbarcelona.com/fr/rollerblades/""}"
ROLLERBLADES,fr,1,$.@graph[5].offers[4],"{""@type"":""Offer"",""businessFunction"":""http://purl.org/goodrelations/v1#LeaseOut"",""priceCurrency"":""EUR"",""price"":""20"",""name"":""Location de rollers en ligne 24 heures"",""availability"":""https://schema.org/InStock"",""url"":""https://rentalscooterbarcelona.com/fr/rollerblades/""}"
ROLLERBLADES,fr,1,$.@graph[5].offers[5],"{""@type"":""Offer"",""businessFunction"":""http://purl.org/goodrelations/v1#LeaseOut"",""priceCurrency"":""EUR"",""price"":""10"",""name"":""Location de rollers en ligne jour supplémentaire"",""availability"":""https://schema.org/InStock"",""url"":""https://rentalscooterbarcelona.com/fr/rollerblades/""}"
ROLLERBLADES,it,1,$.@graph[5].offers[0],"{""@type"":""Offer"",""businessFunction"":""http://purl.org/goodrelations/v1#LeaseOut"",""priceCurrency"":""EUR"",""price"":""6"",""name"":""Noleggio di pattini in linea 1 ora"",""availability"":""https://schema.org/InStock"",""url"":""https://rentalscooterbarcelona.com/it/rollerblades/""}"
ROLLERBLADES,it,1,$.@graph[5].offers[1],"{""@type"":""Offer"",""businessFunction"":""http://purl.org/goodrelations/v1#LeaseOut"",""priceCurrency"":""EUR"",""price"":""12"",""name"":""Noleggio di pattini in linea 2 ore"",""availability"":""https://schema.org/InStock"",""url"":""https://rentalscooterbarcelona.com/it/rollerblades/""}"
ROLLERBLADES,it,1,$.@graph[5].offers[2],"{""@type"":""Offer"",""businessFunction"":""http://purl.org/goodrelations/v1#LeaseOut"",""priceCurrency"":""EUR"",""price"":""15"",""name"":""Noleggio di pattini in linea 3 ore"",""availability"":""https://schema.org/InStock"",""url"":""https://rentalscooterbarcelona.com/it/rollerblades/""}"
ROLLERBLADES,it,1,$.@graph[5].offers[3],"{""@type"":""Offer"",""businessFunction"":""http://purl.org/goodrelations/v1#LeaseOut"",""priceCurrency"":""EUR"",""price"":""18"",""name"":""Noleggio di pattini in linea giornata intera"",""availability"":""https://schema.org/InStock"",""url"":""https://rentalscooterbarcelona.com/it/rollerblades/""}"
ROLLERBLADES,it,1,$.@graph[5].offers[4],"{""@type"":""Offer"",""businessFunction"":""http://purl.org/goodrelations/v1#LeaseOut"",""priceCurrency"":""EUR"",""price"":""20"",""name"":""Noleggio di pattini in linea 24 ore"",""availability"":""https://schema.org/InStock"",""url"":""https://rentalscooterbarcelona.com/it/rollerblades/""}"
ROLLERBLADES,it,1,$.@graph[5].offers[5],"{""@type"":""Offer"",""businessFunction"":""http://purl.org/goodrelations/v1#LeaseOut"",""priceCurrency"":""EUR"",""price"":""10"",""name"":""Noleggio di pattini in linea giorno extra"",""availability"":""https://schema.org/InStock"",""url"":""https://rentalscooterbarcelona.com/it/rollerblades/""}"
ROLLERBLADES,de,1,$.@graph[5].offers[0],"{""@type"":""Offer"",""businessFunction"":""http://purl.org/goodrelations/v1#LeaseOut"",""priceCurrency"":""EUR"",""price"":""6"",""name"":""Inlineskates 1 Stunde"",""availability"":""https://schema.org/InStock"",""url"":""https://rentalscooterbarcelona.com/de/rollerblades/""}"
ROLLERBLADES,de,1,$.@graph[5].offers[1],"{""@type"":""Offer"",""businessFunction"":""http://purl.org/goodrelations/v1#LeaseOut"",""priceCurrency"":""EUR"",""price"":""12"",""name"":""Inlineskates 2 Stunden"",""availability"":""https://schema.org/InStock"",""url"":""https://rentalscooterbarcelona.com/de/rollerblades/""}"
ROLLERBLADES,de,1,$.@graph[5].offers[2],"{""@type"":""Offer"",""businessFunction"":""http://purl.org/goodrelations/v1#LeaseOut"",""priceCurrency"":""EUR"",""price"":""15"",""name"":""Inlineskates 3 Stunden"",""availability"":""https://schema.org/InStock"",""url"":""https://rentalscooterbarcelona.com/de/rollerblades/""}"
ROLLERBLADES,de,1,$.@graph[5].offers[3],"{""@type"":""Offer"",""businessFunction"":""http://purl.org/goodrelations/v1#LeaseOut"",""priceCurrency"":""EUR"",""price"":""18"",""name"":""Inlineskates ganzer Tag"",""availability"":""https://schema.org/InStock"",""url"":""https://rentalscooterbarcelona.com/de/rollerblades/""}"
ROLLERBLADES,de,1,$.@graph[5].offers[4],"{""@type"":""Offer"",""businessFunction"":""http://purl.org/goodrelations/v1#LeaseOut"",""priceCurrency"":""EUR"",""price"":""20"",""name"":""Inlineskates 24 Stunden"",""availability"":""https://schema.org/InStock"",""url"":""https://rentalscooterbarcelona.com/de/rollerblades/""}"
ROLLERBLADES,de,1,$.@graph[5].offers[5],"{""@type"":""Offer"",""businessFunction"":""http://purl.org/goodrelations/v1#LeaseOut"",""priceCurrency"":""EUR"",""price"":""10"",""name"":""Inlineskates zusätzlicher Tag"",""availability"":""https://schema.org/InStock"",""url"":""https://rentalscooterbarcelona.com/de/rollerblades/""}"
ROLLERBLADES,nl,1,$.@graph[5].offers[0],"{""@type"":""Offer"",""businessFunction"":""http://purl.org/goodrelations/v1#LeaseOut"",""priceCurrency"":""EUR"",""price"":""6"",""name"":""Inline skates 1 uur"",""availability"":""https://schema.org/InStock"",""url"":""https://rentalscooterbarcelona.com/nl/rollerblades/""}"
ROLLERBLADES,nl,1,$.@graph[5].offers[1],"{""@type"":""Offer"",""businessFunction"":""http://purl.org/goodrelations/v1#LeaseOut"",""priceCurrency"":""EUR"",""price"":""12"",""name"":""Inline skates 2 uur"",""availability"":""https://schema.org/InStock"",""url"":""https://rentalscooterbarcelona.com/nl/rollerblades/""}"
ROLLERBLADES,nl,1,$.@graph[5].offers[2],"{""@type"":""Offer"",""businessFunction"":""http://purl.org/goodrelations/v1#LeaseOut"",""priceCurrency"":""EUR"",""price"":""15"",""name"":""Inline skates 3 uur"",""availability"":""https://schema.org/InStock"",""url"":""https://rentalscooterbarcelona.com/nl/rollerblades/""}"
ROLLERBLADES,nl,1,$.@graph[5].offers[3],"{""@type"":""Offer"",""businessFunction"":""http://purl.org/goodrelations/v1#LeaseOut"",""priceCurrency"":""EUR"",""price"":""18"",""name"":""Inline skates hele dag"",""availability"":""https://schema.org/InStock"",""url"":""https://rentalscooterbarcelona.com/nl/rollerblades/""}"
ROLLERBLADES,nl,1,$.@graph[5].offers[4],"{""@type"":""Offer"",""businessFunction"":""http://purl.org/goodrelations/v1#LeaseOut"",""priceCurrency"":""EUR"",""price"":""20"",""name"":""Inline skates 24 uur"",""availability"":""https://schema.org/InStock"",""url"":""https://rentalscooterbarcelona.com/nl/rollerblades/""}"
ROLLERBLADES,nl,1,$.@graph[5].offers[5],"{""@type"":""Offer"",""businessFunction"":""http://purl.org/goodrelations/v1#LeaseOut"",""priceCurrency"":""EUR"",""price"":""10"",""name"":""Inline skates extra dag"",""availability"":""https://schema.org/InStock"",""url"":""https://rentalscooterbarcelona.com/nl/rollerblades/""}"
ROLLERBLADES,pt,1,$.@graph[5].offers[0],"{""@type"":""Offer"",""businessFunction"":""http://purl.org/goodrelations/v1#LeaseOut"",""priceCurrency"":""EUR"",""price"":""6"",""name"":""Aluguer de patins em linha 1 hora"",""availability"":""https://schema.org/InStock"",""url"":""https://rentalscooterbarcelona.com/pt/rollerblades/""}"
ROLLERBLADES,pt,1,$.@graph[5].offers[1],"{""@type"":""Offer"",""businessFunction"":""http://purl.org/goodrelations/v1#LeaseOut"",""priceCurrency"":""EUR"",""price"":""12"",""name"":""Aluguer de patins em linha 2 horas"",""availability"":""https://schema.org/InStock"",""url"":""https://rentalscooterbarcelona.com/pt/rollerblades/""}"
ROLLERBLADES,pt,1,$.@graph[5].offers[2],"{""@type"":""Offer"",""businessFunction"":""http://purl.org/goodrelations/v1#LeaseOut"",""priceCurrency"":""EUR"",""price"":""15"",""name"":""Aluguer de patins em linha 3 horas"",""availability"":""https://schema.org/InStock"",""url"":""https://rentalscooterbarcelona.com/pt/rollerblades/""}"
ROLLERBLADES,pt,1,$.@graph[5].offers[3],"{""@type"":""Offer"",""businessFunction"":""http://purl.org/goodrelations/v1#LeaseOut"",""priceCurrency"":""EUR"",""price"":""18"",""name"":""Aluguer de patins em linha dia completo"",""availability"":""https://schema.org/InStock"",""url"":""https://rentalscooterbarcelona.com/pt/rollerblades/""}"
ROLLERBLADES,pt,1,$.@graph[5].offers[4],"{""@type"":""Offer"",""businessFunction"":""http://purl.org/goodrelations/v1#LeaseOut"",""priceCurrency"":""EUR"",""price"":""20"",""name"":""Aluguer de patins em linha 24 horas"",""availability"":""https://schema.org/InStock"",""url"":""https://rentalscooterbarcelona.com/pt/rollerblades/""}"
ROLLERBLADES,pt,1,$.@graph[5].offers[5],"{""@type"":""Offer"",""businessFunction"":""http://purl.org/goodrelations/v1#LeaseOut"",""priceCurrency"":""EUR"",""price"":""10"",""name"":""Aluguer de patins em linha dia extra"",""availability"":""https://schema.org/InStock"",""url"":""https://rentalscooterbarcelona.com/pt/rollerblades/""}"
ROLLERBLADES,ca,1,$.@graph[5].offers[0],"{""@type"":""Offer"",""businessFunction"":""http://purl.org/goodrelations/v1#LeaseOut"",""priceCurrency"":""EUR"",""price"":""6"",""name"":""Lloguer de patins en línia 1 hora"",""availability"":""https://schema.org/InStock"",""url"":""https://rentalscooterbarcelona.com/cat/rollerblades/""}"
ROLLERBLADES,ca,1,$.@graph[5].offers[1],"{""@type"":""Offer"",""businessFunction"":""http://purl.org/goodrelations/v1#LeaseOut"",""priceCurrency"":""EUR"",""price"":""12"",""name"":""Lloguer de patins en línia 2 hores"",""availability"":""https://schema.org/InStock"",""url"":""https://rentalscooterbarcelona.com/cat/rollerblades/""}"
ROLLERBLADES,ca,1,$.@graph[5].offers[2],"{""@type"":""Offer"",""businessFunction"":""http://purl.org/goodrelations/v1#LeaseOut"",""priceCurrency"":""EUR"",""price"":""15"",""name"":""Lloguer de patins en línia 3 hores"",""availability"":""https://schema.org/InStock"",""url"":""https://rentalscooterbarcelona.com/cat/rollerblades/""}"
ROLLERBLADES,ca,1,$.@graph[5].offers[3],"{""@type"":""Offer"",""businessFunction"":""http://purl.org/goodrelations/v1#LeaseOut"",""priceCurrency"":""EUR"",""price"":""18"",""name"":""Lloguer de patins en línia dia complet"",""availability"":""https://schema.org/InStock"",""url"":""https://rentalscooterbarcelona.com/cat/rollerblades/""}"
ROLLERBLADES,ca,1,$.@graph[5].offers[4],"{""@type"":""Offer"",""businessFunction"":""http://purl.org/goodrelations/v1#LeaseOut"",""priceCurrency"":""EUR"",""price"":""20"",""name"":""Lloguer de patins en línia 24 hores"",""availability"":""https://schema.org/InStock"",""url"":""https://rentalscooterbarcelona.com/cat/rollerblades/""}"
ROLLERBLADES,ca,1,$.@graph[5].offers[5],"{""@type"":""Offer"",""businessFunction"":""http://purl.org/goodrelations/v1#LeaseOut"",""priceCurrency"":""EUR"",""price"":""10"",""name"":""Lloguer de patins en línia dia extra"",""availability"":""https://schema.org/InStock"",""url"":""https://rentalscooterbarcelona.com/cat/rollerblades/""}"
ROLLERBLADES,sv,1,$.@graph[5].offers[0],"{""@type"":""Offer"",""businessFunction"":""http://purl.org/goodrelations/v1#LeaseOut"",""priceCurrency"":""EUR"",""price"":""6"",""name"":""Inlinesuthyrning 1 timme"",""availability"":""https://schema.org/InStock"",""url"":""https://rentalscooterbarcelona.com/sv/rollerblades/""}"
ROLLERBLADES,sv,1,$.@graph[5].offers[1],"{""@type"":""Offer"",""businessFunction"":""http://purl.org/goodrelations/v1#LeaseOut"",""priceCurrency"":""EUR"",""price"":""12"",""name"":""Inlinesuthyrning 2 timmar"",""availability"":""https://schema.org/InStock"",""url"":""https://rentalscooterbarcelona.com/sv/rollerblades/""}"
ROLLERBLADES,sv,1,$.@graph[5].offers[2],"{""@type"":""Offer"",""businessFunction"":""http://purl.org/goodrelations/v1#LeaseOut"",""priceCurrency"":""EUR"",""price"":""15"",""name"":""Inlinesuthyrning 3 timmar"",""availability"":""https://schema.org/InStock"",""url"":""https://rentalscooterbarcelona.com/sv/rollerblades/""}"
ROLLERBLADES,sv,1,$.@graph[5].offers[3],"{""@type"":""Offer"",""businessFunction"":""http://purl.org/goodrelations/v1#LeaseOut"",""priceCurrency"":""EUR"",""price"":""18"",""name"":""Inlinesuthyrning heldag"",""availability"":""https://schema.org/InStock"",""url"":""https://rentalscooterbarcelona.com/sv/rollerblades/""}"
ROLLERBLADES,sv,1,$.@graph[5].offers[4],"{""@type"":""Offer"",""businessFunction"":""http://purl.org/goodrelations/v1#LeaseOut"",""priceCurrency"":""EUR"",""price"":""20"",""name"":""Inlinesuthyrning 24 timmar"",""availability"":""https://schema.org/InStock"",""url"":""https://rentalscooterbarcelona.com/sv/rollerblades/""}"
ROLLERBLADES,sv,1,$.@graph[5].offers[5],"{""@type"":""Offer"",""businessFunction"":""http://purl.org/goodrelations/v1#LeaseOut"",""priceCurrency"":""EUR"",""price"":""10"",""name"":""Inlinesuthyrning extra dag"",""availability"":""https://schema.org/InStock"",""url"":""https://rentalscooterbarcelona.com/sv/rollerblades/""}"
ROLLERBLADES,pl,1,$.@graph[5].offers[0],"{""@type"":""AggregateOffer"",""businessFunction"":""http://purl.org/goodrelations/v1#LeaseOut"",""name"":""Zakres cen wynajmu rolek"",""priceCurrency"":""EUR"",""lowPrice"":""6"",""highPrice"":""20"",""offerCount"":""6"",""url"":""https://rentalscooterbarcelona.com/pl/rollerblades/""}"
ROLLERBLADES,pl,1,$.@graph[5].offers[1],"{""@type"":""Offer"",""businessFunction"":""http://purl.org/goodrelations/v1#LeaseOut"",""priceCurrency"":""EUR"",""price"":""6"",""name"":""Wynajem rolek 1 godzina"",""url"":""https://rentalscooterbarcelona.com/pl/rollerblades/"",""availability"":""https://schema.org/InStock""}"
ROLLERBLADES,pl,1,$.@graph[5].offers[2],"{""@type"":""Offer"",""businessFunction"":""http://purl.org/goodrelations/v1#LeaseOut"",""priceCurrency"":""EUR"",""price"":""12"",""name"":""Wynajem rolek 2 godziny"",""url"":""https://rentalscooterbarcelona.com/pl/rollerblades/"",""availability"":""https://schema.org/InStock""}"
ROLLERBLADES,pl,1,$.@graph[5].offers[3],"{""@type"":""Offer"",""businessFunction"":""http://purl.org/goodrelations/v1#LeaseOut"",""priceCurrency"":""EUR"",""price"":""15"",""name"":""Wynajem rolek 3 godziny"",""url"":""https://rentalscooterbarcelona.com/pl/rollerblades/"",""availability"":""https://schema.org/InStock""}"
ROLLERBLADES,pl,1,$.@graph[5].offers[4],"{""@type"":""Offer"",""businessFunction"":""http://purl.org/goodrelations/v1#LeaseOut"",""priceCurrency"":""EUR"",""price"":""18"",""name"":""Całodniowy wynajem rolek"",""url"":""https://rentalscooterbarcelona.com/pl/rollerblades/"",""availability"":""https://schema.org/InStock""}"
ROLLERBLADES,pl,1,$.@graph[5].offers[5],"{""@type"":""Offer"",""businessFunction"":""http://purl.org/goodrelations/v1#LeaseOut"",""priceCurrency"":""EUR"",""price"":""20"",""name"":""Wynajem rolek 24 godziny"",""url"":""https://rentalscooterbarcelona.com/pl/rollerblades/"",""availability"":""https://schema.org/InStock""}"
ROLLERBLADES,pl,1,$.@graph[5].offers[6],"{""@type"":""Offer"",""businessFunction"":""http://purl.org/goodrelations/v1#LeaseOut"",""priceCurrency"":""EUR"",""price"":""10"",""name"":""Dodatkowy dzień wynajmu rolek"",""url"":""https://rentalscooterbarcelona.com/pl/rollerblades/"",""availability"":""https://schema.org/InStock""}"
