grupo,idioma,linea,schema_completo,tarjeta_visible,autor_visible,texto_coincide,fecha_visible_si_schema
HOME,en,1213,"{""@type"":""Review"",""@id"":""https://rentalscooterbarcelona.com/#google-review-1"",""itemReviewed"":{""@id"":""https://rentalscooterbarcelona.com/#business""},""author"":{""@type"":""Person"",""name"":""Michel new technology""},""datePublished"":""2020-09-24"",""reviewRating"":{""@type"":""Rating"",""ratingValue"":5,""bestRating"":5,""worstRating"":1},""reviewBody"":""\""Very nice and funny the shop assistant. We will be coming again next year and will recommend it to all our friends and family. Thank you very much for the help, for the recommendations and for the pleasant kindness! good prices and good attendance.\"""",""publisher"":{""@type"":""Organization"",""name"":""Google""}}","{""line"":1213,""text"":""“Very nice and funny the shop assistant. We will be coming again next year and will recommend it to all our friends and family. Thank you very much for the help, for the recommendations and for the pleasant kindness! good prices and good attendance.” Michel new technology Google review 2020-09-24"",""links"":[]}",SÍ,SÍ,SÍ
HOME,en,1230,"{""@type"":""Review"",""@id"":""https://rentalscooterbarcelona.com/#google-review-2"",""itemReviewed"":{""@id"":""https://rentalscooterbarcelona.com/#business""},""author"":{""@type"":""Person"",""name"":""TheDoctorIsIn""},""datePublished"":""2018-10-11"",""reviewRating"":{""@type"":""Rating"",""ratingValue"":5,""bestRating"":5,""worstRating"":1},""reviewBody"":""\""Quick and easy! Light on the paperwork, and open on Sundays. Bikes, scooters, skateboards, rollerblades. Small shop has it all!\"""",""publisher"":{""@type"":""Organization"",""name"":""Google""}}","{""line"":1230,""text"":""“Quick and easy! Light on the paperwork, and open on Sundays. Bikes, scooters, skateboards, rollerblades. Small shop has it all!” TheDoctorIsIn Google review 2018-10-11"",""links"":[]}",SÍ,SÍ,SÍ
HOME,en,1247,"{""@type"":""Review"",""@id"":""https://rentalscooterbarcelona.com/#google-review-3"",""itemReviewed"":{""@id"":""https://rentalscooterbarcelona.com/#business""},""author"":{""@type"":""Person"",""name"":""Jodie Alexander""},""datePublished"":""2017-01-27"",""reviewRating"":{""@type"":""Rating"",""ratingValue"":5,""bestRating"":5,""worstRating"":1},""reviewBody"":""\""The best place to rent rollerblades, a scooter or a bike. The owner is really friendly and helpful. In the beginning I rented rollerblades and afterwards I could always borrow the owner's longboard. It was an amazing experience and whenever I'm back in Barcelona or want to explore the city with friends I know where to be. Thank you for everything!\"""",""publisher"":{""@type"":""Organization"",""name"":""Google""}}","{""line"":1247,""text"":""“The best place to rent rollerblades, a scooter or a bike. The owner is really friendly and helpful. In the beginning I rented rollerblades and afterwards I could always borrow the owner's longboard. It was an amazing experience and whenever I'm back in Barcelona or want to explore the city with friends I know where to be. Thank you for everything!” Jodie Alexander Google review 2017-01-27"",""links"":[]}",SÍ,SÍ,SÍ
HOME,es,1204,"{""@type"":""Review"",""@id"":""https://rentalscooterbarcelona.com/es/#google-review-1"",""itemReviewed"":{""@id"":""https://rentalscooterbarcelona.com/#business""},""author"":{""@type"":""Person"",""name"":""Diego Salerno""},""datePublished"":""2026-06-02"",""reviewRating"":{""@type"":""Rating"",""ratingValue"":5,""bestRating"":5,""worstRating"":1},""reviewBody"":""\""Excelente experiencia no dudéis en venir, locales y turistas ❤️ un local de toda la vida que no falla\"""",""publisher"":{""@type"":""Organization"",""name"":""Google""}}","{""line"":1204,""text"":""★★★★★ “Excelente experiencia no dudéis en venir, locales y turistas ❤️ un local de toda la vida que no falla” Diego Salerno · Reseña de Google · 2026-06-02"",""links"":[]}",SÍ,SÍ,SÍ
HOME,es,1205,"{""@type"":""Review"",""@id"":""https://rentalscooterbarcelona.com/es/#google-review-2"",""itemReviewed"":{""@id"":""https://rentalscooterbarcelona.com/#business""},""author"":{""@type"":""Person"",""name"":""Señor Piña""},""datePublished"":""2020-02-29"",""reviewRating"":{""@type"":""Rating"",""ratingValue"":5,""bestRating"":5,""worstRating"":1},""reviewBody"":""\""De todos los sitios donde he alquilado este es el mejor con mucha diferencia, tanto por trato, material y precios. Sin duda cuando vuelva a Barcelona volveré allí :)\"""",""publisher"":{""@type"":""Organization"",""name"":""Google""}}","{""line"":1205,""text"":""★★★★★ “De todos los sitios donde he alquilado este es el mejor con mucha diferencia, tanto por trato, material y precios. Sin duda cuando vuelva a Barcelona volveré allí :)” Señor Piña · Reseña de Google · 2020-02-29"",""links"":[]}",SÍ,SÍ,SÍ
HOME,es,1206,"{""@type"":""Review"",""@id"":""https://rentalscooterbarcelona.com/es/#google-review-3"",""itemReviewed"":{""@id"":""https://rentalscooterbarcelona.com/#business""},""author"":{""@type"":""Person"",""name"":""Claudia Montes""},""datePublished"":""2021-04-12"",""reviewRating"":{""@type"":""Rating"",""ratingValue"":5,""bestRating"":5,""worstRating"":1},""reviewBody"":""\""Excelente servicio, además está al lado del paseo marítimo, si quieres disfrutar Barcelona en ruedas aquí encuentras bicis, patines, patinetas, scooters. Tamnbien tienen patines y bicis para niños.\"""",""publisher"":{""@type"":""Organization"",""name"":""Google""}}","{""line"":1206,""text"":""★★★★★ “Excelente servicio, además está al lado del paseo marítimo, si quieres disfrutar Barcelona en ruedas aquí encuentras bicis, patines, patinetas, scooters. Tamnbien tienen patines y bicis para niños.” Claudia Montes · Reseña de Google · 2021-04-12"",""links"":[]}",SÍ,SÍ,SÍ
HOME,fr,1197,"{""@type"":""Review"",""@id"":""https://rentalscooterbarcelona.com/fr/#google-review-1"",""itemReviewed"":{""@id"":""https://rentalscooterbarcelona.com/#business""},""author"":{""@type"":""Person"",""name"":""Franck HERENCIA""},""datePublished"":""2022-06-05"",""reviewRating"":{""@type"":""Rating"",""ratingValue"":5,""bestRating"":5,""worstRating"":1},""reviewBody"":""\""J’ai loué un scooter 125 cc pour 2 jours avec ma copine et je recommande très clairement Rental Scooter Barcelona ! Très sérieux, agréable, prix honnête, très bonne expérience ! Je reviendrais sans hésiter !\"""",""publisher"":{""@type"":""Organization"",""name"":""Google""}}","{""line"":1197,""text"":""★★★★★ “J’ai loué un scooter 125 cc pour 2 jours avec ma copine et je recommande très clairement Rental Scooter Barcelona ! Très sérieux, agréable, prix honnête, très bonne expérience ! Je reviendrais sans hésiter !” Franck HERENCIA · Avis Google · 2022-06-05"",""links"":[]}",SÍ,SÍ,SÍ
HOME,fr,1198,"{""@type"":""Review"",""@id"":""https://rentalscooterbarcelona.com/fr/#google-review-2"",""itemReviewed"":{""@id"":""https://rentalscooterbarcelona.com/#business""},""author"":{""@type"":""Person"",""name"":""Boumedien el bouazzaoui""},""datePublished"":""2019-12-23"",""reviewRating"":{""@type"":""Rating"",""ratingValue"":5,""bestRating"":5,""worstRating"":1},""reviewBody"":""\""Bon rapport qualité/prix.Nous avons eu à faire à une dame très très sympathique. À refaire\"""",""publisher"":{""@type"":""Organization"",""name"":""Google""}}","{""line"":1198,""text"":""★★★★★ “Bon rapport qualité/prix.Nous avons eu à faire à une dame très très sympathique. À refaire” Boumedien el bouazzaoui · Avis Google · 2019-12-23"",""links"":[]}",SÍ,SÍ,SÍ
HOME,fr,1199,"{""@type"":""Review"",""@id"":""https://rentalscooterbarcelona.com/fr/#google-review-3"",""itemReviewed"":{""@id"":""https://rentalscooterbarcelona.com/#business""},""author"":{""@type"":""Person"",""name"":""Anirbas Anirbas""},""datePublished"":""2023-09-10"",""reviewRating"":{""@type"":""Rating"",""ratingValue"":5,""bestRating"":5,""worstRating"":1},""reviewBody"":""\""Nous avons pris des rollers là-bas, Je conseille sans parler du vendeur qui était d’une gentillesse merci à lui\"""",""publisher"":{""@type"":""Organization"",""name"":""Google""}}","{""line"":1199,""text"":""★★★★★ “Nous avons pris des rollers là-bas, Je conseille sans parler du vendeur qui était d’une gentillesse merci à lui” Anirbas Anirbas · Avis Google · 2023-09-10"",""links"":[]}",SÍ,SÍ,SÍ
HOME,it,1202,"{""@type"":""Review"",""@id"":""https://rentalscooterbarcelona.com/it/#google-review-1"",""itemReviewed"":{""@id"":""https://rentalscooterbarcelona.com/#business""},""author"":{""@type"":""Person"",""name"":""Y""},""datePublished"":""2021-08-30"",""reviewRating"":{""@type"":""Rating"",""ratingValue"":5,""bestRating"":5,""worstRating"":1},""reviewBody"":""\""Tutto bene\"""",""publisher"":{""@type"":""Organization"",""name"":""Google""}}","{""line"":1202,""text"":""★★★★★ “Tutto bene” Y · Recensione Google · 2021-08-30"",""links"":[]}",SÍ,SÍ,SÍ
HOME,it,1203,"{""@type"":""Review"",""@id"":""https://rentalscooterbarcelona.com/it/#google-review-2"",""itemReviewed"":{""@id"":""https://rentalscooterbarcelona.com/#business""},""author"":{""@type"":""Person"",""name"":""Veronica Geluardi""},""datePublished"":""2019-11-21"",""reviewRating"":{""@type"":""Rating"",""ratingValue"":5,""bestRating"":5,""worstRating"":1},""reviewBody"":""\""Molto gentili!!!! Natalia supersimpatica e il tratto eccezionale😊!!e i prezzi molto buoni!!\"""",""publisher"":{""@type"":""Organization"",""name"":""Google""}}","{""line"":1203,""text"":""★★★★★ “Molto gentili!!!! Natalia supersimpatica e il tratto eccezionale😊!!e i prezzi molto buoni!!” Veronica Geluardi · Recensione Google · 2019-11-21"",""links"":[]}",SÍ,SÍ,SÍ
HOME,it,1204,"{""@type"":""Review"",""@id"":""https://rentalscooterbarcelona.com/it/#google-review-3"",""itemReviewed"":{""@id"":""https://rentalscooterbarcelona.com/#business""},""author"":{""@type"":""Person"",""name"":""Diego Salerno""},""datePublished"":""2026-06-02"",""reviewRating"":{""@type"":""Rating"",""ratingValue"":5,""bestRating"":5,""worstRating"":1},""reviewBody"":""\""Esperienza eccellente, non esitate a venire, residenti e turisti ❤️ un negozio di sempre che non delude.\"""",""publisher"":{""@type"":""Organization"",""name"":""Google""}}","{""line"":1204,""text"":""★★★★★ “Esperienza eccellente, non esitate a venire, residenti e turisti ❤️ un negozio di sempre che non delude.” Diego Salerno · Recensione Google · 2026-06-02"",""links"":[]}",SÍ,SÍ,SÍ
HOME,de,1195,"{""@type"":""Review"",""@id"":""https://rentalscooterbarcelona.com/de/#google-review-1"",""itemReviewed"":{""@id"":""https://rentalscooterbarcelona.com/#business""},""author"":{""@type"":""Person"",""name"":""Michel new technology""},""datePublished"":""2020-09-24"",""reviewRating"":{""@type"":""Rating"",""ratingValue"":5,""bestRating"":5,""worstRating"":1},""reviewBody"":""\""„Die Verkäuferin war sehr nett und lustig. Wir kommen nächstes Jahr wieder und werden den Laden all unseren Freunden und unserer Familie empfehlen. Vielen Dank für die Hilfe, die Empfehlungen und die angenehme Freundlichkeit! Gute Preise und guter Service.“\"""",""publisher"":{""@type"":""Organization"",""name"":""Google""}}","{""line"":1195,""text"":""★★★★★ „Die Verkäuferin war sehr nett und lustig. Wir kommen nächstes Jahr wieder und werden den Laden all unseren Freunden und unserer Familie empfehlen. Vielen Dank für die Hilfe, die Empfehlungen und die angenehme Freundlichkeit! Gute Preise und guter Service.“ Michel new technology Google-Bewertung · 2020-09-24"",""links"":[]}",SÍ,SÍ,SÍ
HOME,de,1201,"{""@type"":""Review"",""@id"":""https://rentalscooterbarcelona.com/de/#google-review-2"",""itemReviewed"":{""@id"":""https://rentalscooterbarcelona.com/#business""},""author"":{""@type"":""Person"",""name"":""TheDoctorIsIn""},""datePublished"":""2018-10-11"",""reviewRating"":{""@type"":""Rating"",""ratingValue"":5,""bestRating"":5,""worstRating"":1},""reviewBody"":""\""„Schnell und unkompliziert! Wenig Papierkram und sonntags geöffnet. Fahrräder, Scooter, Skateboards, Inlineskates. Der kleine Laden hat alles!“\"""",""publisher"":{""@type"":""Organization"",""name"":""Google""}}","{""line"":1201,""text"":""★★★★★ „Schnell und unkompliziert! Wenig Papierkram und sonntags geöffnet. Fahrräder, Scooter, Skateboards, Inlineskates. Der kleine Laden hat alles!“ TheDoctorIsIn Google-Bewertung · 2018-10-11"",""links"":[]}",SÍ,SÍ,SÍ
HOME,de,1207,"{""@type"":""Review"",""@id"":""https://rentalscooterbarcelona.com/de/#google-review-3"",""itemReviewed"":{""@id"":""https://rentalscooterbarcelona.com/#business""},""author"":{""@type"":""Person"",""name"":""Petrus Shaal""},""datePublished"":""2021-10-13"",""reviewRating"":{""@type"":""Rating"",""ratingValue"":5,""bestRating"":5,""worstRating"":1},""reviewBody"":""\""„Vielen Dank! Wir waren sehr zufrieden!“\"""",""publisher"":{""@type"":""Organization"",""name"":""Google""}}","{""line"":1207,""text"":""★★★★★ „Vielen Dank! Wir waren sehr zufrieden!“ Petrus Shaal Google-Bewertung · 2021-10-13"",""links"":[]}",SÍ,SÍ,SÍ
HOME,nl,1209,"{""@type"":""Review"",""@id"":""https://rentalscooterbarcelona.com/nl/#google-review-1"",""itemReviewed"":{""@id"":""https://rentalscooterbarcelona.com/#business""},""author"":{""@type"":""Person"",""name"":""sofie van santen""},""datePublished"":""2024-07-29"",""reviewRating"":{""@type"":""Rating"",""ratingValue"":5,""bestRating"":5,""worstRating"":1},""reviewBody"":""\""Hele aardige eigenaresse!\"""",""publisher"":{""@type"":""Organization"",""name"":""Google""}}","{""line"":1209,""text"":""★★★★★ “Hele aardige eigenaresse!” sofie van santen Google-review · 2024-07-29"",""links"":[]}",SÍ,SÍ,SÍ
HOME,nl,1215,"{""@type"":""Review"",""@id"":""https://rentalscooterbarcelona.com/nl/#google-review-2"",""itemReviewed"":{""@id"":""https://rentalscooterbarcelona.com/#business""},""author"":{""@type"":""Person"",""name"":""TheDoctorIsIn""},""datePublished"":""2018-10-11"",""reviewRating"":{""@type"":""Rating"",""ratingValue"":5,""bestRating"":5,""worstRating"":1},""reviewBody"":""\""Snel en eenvoudig! Weinig papierwerk en open op zondag. Fietsen, scooters, skateboards, inline skates. De kleine winkel heeft alles!\"""",""publisher"":{""@type"":""Organization"",""name"":""Google""}}","{""line"":1215,""text"":""★★★★★ “Snel en eenvoudig! Weinig papierwerk en open op zondag. Fietsen, scooters, skateboards, inline skates. De kleine winkel heeft alles!” TheDoctorIsIn Google-review · 2018-10-11"",""links"":[]}",SÍ,SÍ,SÍ
HOME,nl,1221,"{""@type"":""Review"",""@id"":""https://rentalscooterbarcelona.com/nl/#google-review-3"",""itemReviewed"":{""@id"":""https://rentalscooterbarcelona.com/#business""},""author"":{""@type"":""Person"",""name"":""Petrus Shaal""},""datePublished"":""2021-10-13"",""reviewRating"":{""@type"":""Rating"",""ratingValue"":5,""bestRating"":5,""worstRating"":1},""reviewBody"":""\""Heel erg bedankt! We waren zeer tevreden!\"""",""publisher"":{""@type"":""Organization"",""name"":""Google""}}","{""line"":1221,""text"":""★★★★★ “Heel erg bedankt! We waren zeer tevreden!” Petrus Shaal Google-review · 2021-10-13"",""links"":[]}",SÍ,SÍ,SÍ
HOME,pt,1214,"{""@type"":""Review"",""@id"":""https://rentalscooterbarcelona.com/pt/#google-review-1"",""itemReviewed"":{""@id"":""https://rentalscooterbarcelona.com/#business""},""author"":{""@type"":""Person"",""name"":""Ester Casacuberta""},""datePublished"":""2025-07-15"",""reviewRating"":{""@type"":""Rating"",""ratingValue"":5,""bestRating"":5,""worstRating"":1},""reviewBody"":""\""E S P E C T A C U L A R !\"""",""publisher"":{""@type"":""Organization"",""name"":""Google""}}","{""line"":1214,""text"":""★★★★★ “E S P E C T A C U L A R !” Ester Casacuberta Avaliação Google · 2025-07-15"",""links"":[]}",SÍ,SÍ,SÍ
HOME,pt,1220,"{""@type"":""Review"",""@id"":""https://rentalscooterbarcelona.com/pt/#google-review-2"",""itemReviewed"":{""@id"":""https://rentalscooterbarcelona.com/#business""},""author"":{""@type"":""Person"",""name"":""TheDoctorIsIn""},""datePublished"":""2018-10-11"",""reviewRating"":{""@type"":""Rating"",""ratingValue"":5,""bestRating"":5,""worstRating"":1},""reviewBody"":""\""Rápido e fácil! Pouca burocracia e aberto aos domingos. Bicicletas, scooters, skates, patins em linha. A pequena loja tem tudo!\"""",""publisher"":{""@type"":""Organization"",""name"":""Google""}}","{""line"":1220,""text"":""★★★★★ “Rápido e fácil! Pouca burocracia e aberto aos domingos. Bicicletas, scooters, skates, patins em linha. A pequena loja tem tudo!” TheDoctorIsIn Avaliação Google · 2018-10-11"",""links"":[]}",SÍ,SÍ,SÍ
HOME,pt,1226,"{""@type"":""Review"",""@id"":""https://rentalscooterbarcelona.com/pt/#google-review-3"",""itemReviewed"":{""@id"":""https://rentalscooterbarcelona.com/#business""},""author"":{""@type"":""Person"",""name"":""Petrus Shaal""},""datePublished"":""2021-10-13"",""reviewRating"":{""@type"":""Rating"",""ratingValue"":5,""bestRating"":5,""worstRating"":1},""reviewBody"":""\""Muito obrigado! Ficámos muito satisfeitos!\"""",""publisher"":{""@type"":""Organization"",""name"":""Google""}}","{""line"":1226,""text"":""★★★★★ “Muito obrigado! Ficámos muito satisfeitos!” Petrus Shaal Avaliação Google · 2021-10-13"",""links"":[]}",SÍ,SÍ,SÍ
HOME,ca,1201,"{""@type"":""Review"",""@id"":""https://rentalscooterbarcelona.com/cat/#google-review-1"",""itemReviewed"":{""@id"":""https://rentalscooterbarcelona.com/#business""},""author"":{""@type"":""Person"",""name"":""Michel new technology""},""datePublished"":""2020-09-24"",""reviewRating"":{""@type"":""Rating"",""ratingValue"":5,""bestRating"":5,""worstRating"":1},""reviewBody"":""\""L’assistent de la botiga era molt agradable i divertit. Tornarem l’any que ve i ho recomanarem a tots els nostres amics i familiars. Moltes gràcies per l’ajuda, per les recomanacions i per l’amabilitat! Bons preus i bona atenció.\"""",""publisher"":{""@type"":""Organization"",""name"":""Google""}}","{""line"":1201,""text"":""★★★★★ “L’assistent de la botiga era molt agradable i divertit. Tornarem l’any que ve i ho recomanarem a tots els nostres amics i familiars. Moltes gràcies per l’ajuda, per les recomanacions i per l’amabilitat! Bons preus i bona atenció.” Michel new technology Ressenya de Google · 2020-09-24"",""links"":[]}",SÍ,SÍ,SÍ
HOME,ca,1207,"{""@type"":""Review"",""@id"":""https://rentalscooterbarcelona.com/cat/#google-review-2"",""itemReviewed"":{""@id"":""https://rentalscooterbarcelona.com/#business""},""author"":{""@type"":""Person"",""name"":""TheDoctorIsIn""},""datePublished"":""2018-10-11"",""reviewRating"":{""@type"":""Rating"",""ratingValue"":5,""bestRating"":5,""worstRating"":1},""reviewBody"":""\""Ràpid i fàcil! Poca paperassa i obert els diumenges. Bicicletes, scooters, monopatins i patins en línia. La petita botiga ho té tot!\"""",""publisher"":{""@type"":""Organization"",""name"":""Google""}}","{""line"":1207,""text"":""★★★★★ “Ràpid i fàcil! Poca paperassa i obert els diumenges. Bicicletes, scooters, monopatins i patins en línia. La petita botiga ho té tot!” TheDoctorIsIn Ressenya de Google · 2018-10-11"",""links"":[]}",SÍ,SÍ,SÍ
HOME,ca,1213,"{""@type"":""Review"",""@id"":""https://rentalscooterbarcelona.com/cat/#google-review-3"",""itemReviewed"":{""@id"":""https://rentalscooterbarcelona.com/#business""},""author"":{""@type"":""Person"",""name"":""Laura Ruiz""},""datePublished"":""2025-11-16"",""reviewRating"":{""@type"":""Rating"",""ratingValue"":5,""bestRating"":5,""worstRating"":1},""reviewBody"":""\""Una super experiència, l’Oscar és un gran professional que ens ha tractat excel.lent i ens ha ajudat molt. Molt bé de preu en comparació amb altres del voltant. Recomanem!!\"""",""publisher"":{""@type"":""Organization"",""name"":""Google""}}","{""line"":1213,""text"":""★★★★★ “Una super experiència, l’Oscar és un gran professional que ens ha tractat excel.lent i ens ha ajudat molt. Molt bé de preu en comparació amb altres del voltant. Recomanem!!” Laura Ruiz Ressenya de Google · 2025-11-16"",""links"":[]}",SÍ,SÍ,SÍ
HOME,sv,1211,"{""@type"":""Review"",""@id"":""https://rentalscooterbarcelona.com/sv/#google-review-1"",""itemReviewed"":{""@id"":""https://rentalscooterbarcelona.com/#business""},""author"":{""@type"":""Person"",""name"":""Michel new technology""},""datePublished"":""2020-09-24"",""reviewRating"":{""@type"":""Rating"",""ratingValue"":5,""bestRating"":5,""worstRating"":1},""reviewBody"":""\""Butiksbiträdet var mycket trevligt och roligt. Vi kommer tillbaka nästa år och kommer att rekommendera stället till alla våra vänner och släktingar. Tack så mycket för hjälpen, rekommendationerna och det vänliga bemötandet! Bra priser och bra service.\"""",""publisher"":{""@type"":""Organization"",""name"":""Google""}}","{""line"":1211,""text"":""★★★★★ “Butiksbiträdet var mycket trevligt och roligt. Vi kommer tillbaka nästa år och kommer att rekommendera stället till alla våra vänner och släktingar. Tack så mycket för hjälpen, rekommendationerna och det vänliga bemötandet! Bra priser och bra service.” Michel new technology Google-recension · 2020-09-24"",""links"":[]}",SÍ,SÍ,SÍ
HOME,sv,1217,"{""@type"":""Review"",""@id"":""https://rentalscooterbarcelona.com/sv/#google-review-2"",""itemReviewed"":{""@id"":""https://rentalscooterbarcelona.com/#business""},""author"":{""@type"":""Person"",""name"":""TheDoctorIsIn""},""datePublished"":""2018-10-11"",""reviewRating"":{""@type"":""Rating"",""ratingValue"":5,""bestRating"":5,""worstRating"":1},""reviewBody"":""\""Snabbt och enkelt! Lite pappersarbete och öppet på söndagar. Cyklar, scootrar, skateboards och inlines. Den lilla butiken har allt!\"""",""publisher"":{""@type"":""Organization"",""name"":""Google""}}","{""line"":1217,""text"":""★★★★★ “Snabbt och enkelt! Lite pappersarbete och öppet på söndagar. Cyklar, scootrar, skateboards och inlines. Den lilla butiken har allt!” TheDoctorIsIn Google-recension · 2018-10-11"",""links"":[]}",SÍ,SÍ,SÍ
HOME,sv,1223,"{""@type"":""Review"",""@id"":""https://rentalscooterbarcelona.com/sv/#google-review-3"",""itemReviewed"":{""@id"":""https://rentalscooterbarcelona.com/#business""},""author"":{""@type"":""Person"",""name"":""Laura Ruiz""},""datePublished"":""2025-11-16"",""reviewRating"":{""@type"":""Rating"",""ratingValue"":5,""bestRating"":5,""worstRating"":1},""reviewBody"":""\""En fantastisk upplevelse. Oscar är mycket professionell, behandlade oss utmärkt och hjälpte oss mycket. Mycket bra pris jämfört med andra i närheten. Vi rekommenderar stället!!\"""",""publisher"":{""@type"":""Organization"",""name"":""Google""}}","{""line"":1223,""text"":""★★★★★ “En fantastisk upplevelse. Oscar är mycket professionell, behandlade oss utmärkt och hjälpte oss mycket. Mycket bra pris jämfört med andra i närheten. Vi rekommenderar stället!!” Laura Ruiz Google-recension · 2025-11-16"",""links"":[]}",SÍ,SÍ,SÍ
HOME,pl,1199,"{""@type"":""Review"",""@id"":""https://rentalscooterbarcelona.com/pl/#google-review-1"",""itemReviewed"":{""@id"":""https://rentalscooterbarcelona.com/#business""},""author"":{""@type"":""Person"",""name"":""Michel new technology""},""datePublished"":""2020-09-24"",""reviewRating"":{""@type"":""Rating"",""ratingValue"":5,""bestRating"":5,""worstRating"":1},""reviewBody"":""\""Pracownik sklepu był bardzo miły i zabawny. Wrócimy w przyszłym roku i polecimy to miejsce wszystkim naszym znajomym i rodzinie. Bardzo dziękujemy za pomoc, rekomendacje i życzliwość! Dobre ceny i dobra obsługa.\"""",""publisher"":{""@type"":""Organization"",""name"":""Google""}}","{""line"":1199,""text"":""★★★★★ “Pracownik sklepu był bardzo miły i zabawny. Wrócimy w przyszłym roku i polecimy to miejsce wszystkim naszym znajomym i rodzinie. Bardzo dziękujemy za pomoc, rekomendacje i życzliwość! Dobre ceny i dobra obsługa.” Michel new technology Opinia Google · 2020-09-24"",""links"":[]}",SÍ,SÍ,SÍ
HOME,pl,1205,"{""@type"":""Review"",""@id"":""https://rentalscooterbarcelona.com/pl/#google-review-2"",""itemReviewed"":{""@id"":""https://rentalscooterbarcelona.com/#business""},""author"":{""@type"":""Person"",""name"":""TheDoctorIsIn""},""datePublished"":""2018-10-11"",""reviewRating"":{""@type"":""Rating"",""ratingValue"":5,""bestRating"":5,""worstRating"":1},""reviewBody"":""\""Szybko i łatwo! Mało formalności i otwarte w niedziele. Rowery, skutery, deskorolki i rolki. Ten mały sklep ma wszystko!\"""",""publisher"":{""@type"":""Organization"",""name"":""Google""}}","{""line"":1205,""text"":""★★★★★ “Szybko i łatwo! Mało formalności i otwarte w niedziele. Rowery, skutery, deskorolki i rolki. Ten mały sklep ma wszystko!” TheDoctorIsIn Opinia Google · 2018-10-11"",""links"":[]}",SÍ,SÍ,SÍ
HOME,pl,1211,"{""@type"":""Review"",""@id"":""https://rentalscooterbarcelona.com/pl/#google-review-3"",""itemReviewed"":{""@id"":""https://rentalscooterbarcelona.com/#business""},""author"":{""@type"":""Person"",""name"":""Laura Ruiz""},""datePublished"":""2025-11-16"",""reviewRating"":{""@type"":""Rating"",""ratingValue"":5,""bestRating"":5,""worstRating"":1},""reviewBody"":""\""Świetne doświadczenie. Oscar jest znakomitym profesjonalistą, potraktował nas doskonale i bardzo nam pomógł. Bardzo dobra cena w porównaniu z innymi wypożyczalniami w okolicy. Polecamy!!\"""",""publisher"":{""@type"":""Organization"",""name"":""Google""}}","{""line"":1211,""text"":""★★★★★ “Świetne doświadczenie. Oscar jest znakomitym profesjonalistą, potraktował nas doskonale i bardzo nam pomógł. Bardzo dobra cena w porównaniu z innymi wypożyczalniami w okolicy. Polecamy!!” Laura Ruiz Opinia Google · 2025-11-16"",""links"":[]}",SÍ,SÍ,SÍ
PRICES,en,1589,"{""@type"":""Review"",""@id"":""https://rentalscooterbarcelona.com/Prices/#google-review-1"",""itemReviewed"":{""@id"":""https://rentalscooterbarcelona.com/#business""},""author"":{""@type"":""Person"",""name"":""Tony iL""},""reviewRating"":{""@type"":""Rating"",""ratingValue"":5,""bestRating"":5,""worstRating"":1},""reviewBody"":""\""Nice people, good price and superb scooters!\"""",""publisher"":{""@type"":""Organization"",""name"":""Google""},""datePublished"":""2025-04-24""}","{""line"":1589,""text"":""★★★★★ “Nice people, good price and superb scooters!” — Tony iL Google review · 2025-04-24"",""links"":[]}",SÍ,SÍ,SÍ
PRICES,en,1595,"{""@type"":""Review"",""@id"":""https://rentalscooterbarcelona.com/Prices/#google-review-2"",""itemReviewed"":{""@id"":""https://rentalscooterbarcelona.com/#business""},""author"":{""@type"":""Person"",""name"":""elli Pe""},""reviewRating"":{""@type"":""Rating"",""ratingValue"":5,""bestRating"":5,""worstRating"":1},""reviewBody"":""\""Renting a scooter was quick, uncomplicated and very cheap\"""",""publisher"":{""@type"":""Organization"",""name"":""Google""},""datePublished"":""2023-07-23""}","{""line"":1595,""text"":""★★★★★ “Renting a scooter was quick, uncomplicated and very cheap” — elli Pe Google review · 2023-07-23"",""links"":[]}",SÍ,SÍ,SÍ
PRICES,en,1601,"{""@type"":""Review"",""@id"":""https://rentalscooterbarcelona.com/Prices/#google-review-3"",""itemReviewed"":{""@id"":""https://rentalscooterbarcelona.com/#business""},""author"":{""@type"":""Person"",""name"":""Johnny Zara""},""reviewRating"":{""@type"":""Rating"",""ratingValue"":5,""bestRating"":5,""worstRating"":1},""reviewBody"":""\""Very friendly people, super competitive prices and efficient scooters! I just recommend it! Thank you, a la próxima!!\"""",""publisher"":{""@type"":""Organization"",""name"":""Google""},""datePublished"":""2018-07-09""}","{""line"":1601,""text"":""★★★★★ “Very friendly people, super competitive prices and efficient scooters! I just recommend it! Thank you, a la próxima!!” — Johnny Zara Google review · 2018-07-09"",""links"":[]}",SÍ,SÍ,SÍ
PRICES,es,1584,"{""@type"":""Review"",""@id"":""https://rentalscooterbarcelona.com/es/Prices/#google-review-1"",""itemReviewed"":{""@id"":""https://rentalscooterbarcelona.com/#business""},""author"":{""@type"":""Person"",""name"":""Montserrat Ros""},""datePublished"":""2021-07-09"",""reviewRating"":{""@type"":""Rating"",""ratingValue"":5,""bestRating"":5,""worstRating"":1},""reviewBody"":""\""Recomendable 100%. Buen trato y buenos precios de alquiler, ya sea por horas o un dia entero! Personal muy atento a tus necesidades. 😊\"""",""publisher"":{""@type"":""Organization"",""name"":""Google""}}","{""line"":1584,""text"":""★★★★★ “Recomendable 100%. Buen trato y buenos precios de alquiler, ya sea por horas o un dia entero! Personal muy atento a tus necesidades. 😊” Montserrat Ros · Reseña de Google · 2021-07-09"",""links"":[]}",SÍ,SÍ,SÍ
PRICES,es,1585,"{""@type"":""Review"",""@id"":""https://rentalscooterbarcelona.com/es/Prices/#google-review-2"",""itemReviewed"":{""@id"":""https://rentalscooterbarcelona.com/#business""},""author"":{""@type"":""Person"",""name"":""Isabel Fernandez Nuñez""},""datePublished"":""2019-11-21"",""reviewRating"":{""@type"":""Rating"",""ratingValue"":5,""bestRating"":5,""worstRating"":1},""reviewBody"":""\""Muy buena atención, y precio muy razonable .saludos.....\"""",""publisher"":{""@type"":""Organization"",""name"":""Google""}}","{""line"":1585,""text"":""★★★★★ “Muy buena atención, y precio muy razonable .saludos.....” Isabel Fernandez Nuñez · Reseña de Google · 2019-11-21"",""links"":[]}",SÍ,SÍ,SÍ
PRICES,es,1586,"{""@type"":""Review"",""@id"":""https://rentalscooterbarcelona.com/es/Prices/#google-review-3"",""itemReviewed"":{""@id"":""https://rentalscooterbarcelona.com/#business""},""author"":{""@type"":""Person"",""name"":""Marc Bonet Fernández""},""datePublished"":""2025-07-01"",""reviewRating"":{""@type"":""Rating"",""ratingValue"":5,""bestRating"":5,""worstRating"":1},""reviewBody"":""\""Pequeña sorpresa junto a la playa de Barcelona. Mi experiencia fué genial. Precios razonables y a un tiro de piedra del paseo marítimo. Lo mejor de todo, la atención de la propietaria.\"""",""publisher"":{""@type"":""Organization"",""name"":""Google""}}","{""line"":1586,""text"":""★★★★★ “Pequeña sorpresa junto a la playa de Barcelona. Mi experiencia fué genial. Precios razonables y a un tiro de piedra del paseo marítimo. Lo mejor de todo, la atención de la propietaria.” Marc Bonet Fernández · Reseña de Google · 2025-07-01"",""links"":[]}",SÍ,SÍ,SÍ
PRICES,fr,1569,"{""@type"":""Review"",""@id"":""https://rentalscooterbarcelona.com/fr/Prices/#google-review-1"",""itemReviewed"":{""@id"":""https://rentalscooterbarcelona.com/#business""},""author"":{""@type"":""Person"",""name"":""Boumedien el bouazzaoui""},""datePublished"":""2019-12-23"",""reviewRating"":{""@type"":""Rating"",""ratingValue"":5,""bestRating"":5,""worstRating"":1},""reviewBody"":""\""Bon rapport qualité/prix.Nous avons eu à faire à une dame très très sympathique. À refaire\"""",""publisher"":{""@type"":""Organization"",""name"":""Google""}}","{""line"":1569,""text"":""★★★★★ “Bon rapport qualité/prix.Nous avons eu à faire à une dame très très sympathique. À refaire” Boumedien el bouazzaoui · Avis Google · 2019-12-23"",""links"":[]}",SÍ,SÍ,SÍ
PRICES,fr,1570,"{""@type"":""Review"",""@id"":""https://rentalscooterbarcelona.com/fr/Prices/#google-review-2"",""itemReviewed"":{""@id"":""https://rentalscooterbarcelona.com/#business""},""author"":{""@type"":""Person"",""name"":""Marc Bonet Fernández""},""datePublished"":""2025-07-01"",""reviewRating"":{""@type"":""Rating"",""ratingValue"":5,""bestRating"":5,""worstRating"":1},""reviewBody"":""\""Une petite surprise près de la plage de Barcelone. Mon expérience a été géniale. Des prix raisonnables et à deux pas de la promenade maritime. Le meilleur de tout, l’accueil de la propriétaire.\"""",""publisher"":{""@type"":""Organization"",""name"":""Google""}}","{""line"":1570,""text"":""★★★★★ “Une petite surprise près de la plage de Barcelone. Mon expérience a été géniale. Des prix raisonnables et à deux pas de la promenade maritime. Le meilleur de tout, l’accueil de la propriétaire.” Marc Bonet Fernández · Avis Google · 2025-07-01"",""links"":[]}",SÍ,SÍ,SÍ
PRICES,fr,1571,"{""@type"":""Review"",""@id"":""https://rentalscooterbarcelona.com/fr/Prices/#google-review-3"",""itemReviewed"":{""@id"":""https://rentalscooterbarcelona.com/#business""},""author"":{""@type"":""Person"",""name"":""Señor Piña""},""datePublished"":""2020-02-29"",""reviewRating"":{""@type"":""Rating"",""ratingValue"":5,""bestRating"":5,""worstRating"":1},""reviewBody"":""\""De tous les endroits où j’ai loué, celui-ci est de loin le meilleur, tant pour l’accueil que pour le matériel et les prix. Sans aucun doute, quand je reviendrai à Barcelone, j’y retournerai :)\"""",""publisher"":{""@type"":""Organization"",""name"":""Google""}}","{""line"":1571,""text"":""★★★★★ “De tous les endroits où j’ai loué, celui-ci est de loin le meilleur, tant pour l’accueil que pour le matériel et les prix. Sans aucun doute, quand je reviendrai à Barcelone, j’y retournerai :)” Señor Piña · Avis Google · 2020-02-29"",""links"":[]}",SÍ,SÍ,SÍ
PRICES,it,1574,"{""@type"":""Review"",""@id"":""https://rentalscooterbarcelona.com/it/Prices/#google-review-1"",""itemReviewed"":{""@id"":""https://rentalscooterbarcelona.com/#business""},""author"":{""@type"":""Person"",""name"":""Veronica Geluardi""},""datePublished"":""2019-11-21"",""reviewRating"":{""@type"":""Rating"",""ratingValue"":5,""bestRating"":5,""worstRating"":1},""reviewBody"":""\""Molto gentili!!!! Natalia supersimpatica e il tratto eccezionale😊!!e i prezzi molto buoni!!\"""",""publisher"":{""@type"":""Organization"",""name"":""Google""}}","{""line"":1574,""text"":""★★★★★ “Molto gentili!!!! Natalia supersimpatica e il tratto eccezionale😊!!e i prezzi molto buoni!!” Veronica Geluardi · Recensione Google · 2019-11-21"",""links"":[]}",SÍ,SÍ,SÍ
PRICES,it,1575,"{""@type"":""Review"",""@id"":""https://rentalscooterbarcelona.com/it/Prices/#google-review-2"",""itemReviewed"":{""@id"":""https://rentalscooterbarcelona.com/#business""},""author"":{""@type"":""Person"",""name"":""Marc Bonet Fernández""},""datePublished"":""2025-07-01"",""reviewRating"":{""@type"":""Rating"",""ratingValue"":5,""bestRating"":5,""worstRating"":1},""reviewBody"":""\""Una piccola sorpresa vicino alla spiaggia di Barcellona. La mia esperienza è stata fantastica. Prezzi ragionevoli e a due passi dal lungomare. La cosa migliore è stata l’attenzione della proprietaria.\"""",""publisher"":{""@type"":""Organization"",""name"":""Google""}}","{""line"":1575,""text"":""★★★★★ “Una piccola sorpresa vicino alla spiaggia di Barcellona. La mia esperienza è stata fantastica. Prezzi ragionevoli e a due passi dal lungomare. La cosa migliore è stata l’attenzione della proprietaria.” Marc Bonet Fernández · Recensione Google · 2025-07-01"",""links"":[]}",SÍ,SÍ,SÍ
PRICES,it,1576,"{""@type"":""Review"",""@id"":""https://rentalscooterbarcelona.com/it/Prices/#google-review-3"",""itemReviewed"":{""@id"":""https://rentalscooterbarcelona.com/#business""},""author"":{""@type"":""Person"",""name"":""Señor Piña""},""datePublished"":""2020-02-29"",""reviewRating"":{""@type"":""Rating"",""ratingValue"":5,""bestRating"":5,""worstRating"":1},""reviewBody"":""\""Tra tutti i posti in cui ho noleggiato, questo è di gran lunga il migliore per il servizio, il materiale e i prezzi. Senza dubbio, quando tornerò a Barcellona, tornerò qui :)\"""",""publisher"":{""@type"":""Organization"",""name"":""Google""}}","{""line"":1576,""text"":""★★★★★ “Tra tutti i posti in cui ho noleggiato, questo è di gran lunga il migliore per il servizio, il materiale e i prezzi. Senza dubbio, quando tornerò a Barcellona, tornerò qui :)” Señor Piña · Recensione Google · 2020-02-29"",""links"":[]}",SÍ,SÍ,SÍ
PRICES,de,1578,"{""@type"":""Review"",""@id"":""https://rentalscooterbarcelona.com/de/Prices/#google-review-1"",""itemReviewed"":{""@id"":""https://rentalscooterbarcelona.com/#business""},""author"":{""@type"":""Person"",""name"":""Tony iL""},""datePublished"":""2025-04-24"",""reviewRating"":{""@type"":""Rating"",""ratingValue"":5,""bestRating"":5,""worstRating"":1},""reviewBody"":""\""„Nette Leute, guter Preis und hervorragende Scooter!“\"""",""publisher"":{""@type"":""Organization"",""name"":""Google""}}","{""line"":1578,""text"":""★★★★★ „Nette Leute, guter Preis und hervorragende Scooter!“ Tony iL Google-Bewertung · 2025-04-24"",""links"":[]}",SÍ,SÍ,SÍ
PRICES,de,1584,"{""@type"":""Review"",""@id"":""https://rentalscooterbarcelona.com/de/Prices/#google-review-2"",""itemReviewed"":{""@id"":""https://rentalscooterbarcelona.com/#business""},""author"":{""@type"":""Person"",""name"":""elli Pe""},""datePublished"":""2023-07-23"",""reviewRating"":{""@type"":""Rating"",""ratingValue"":5,""bestRating"":5,""worstRating"":1},""reviewBody"":""\""„Einen Scooter zu mieten war schnell, unkompliziert und sehr günstig.“\"""",""publisher"":{""@type"":""Organization"",""name"":""Google""}}","{""line"":1584,""text"":""★★★★★ „Einen Scooter zu mieten war schnell, unkompliziert und sehr günstig.“ elli Pe Google-Bewertung · 2023-07-23"",""links"":[]}",SÍ,SÍ,SÍ
PRICES,de,1590,"{""@type"":""Review"",""@id"":""https://rentalscooterbarcelona.com/de/Prices/#google-review-3"",""itemReviewed"":{""@id"":""https://rentalscooterbarcelona.com/#business""},""author"":{""@type"":""Person"",""name"":""Johnny Zara""},""datePublished"":""2018-07-09"",""reviewRating"":{""@type"":""Rating"",""ratingValue"":5,""bestRating"":5,""worstRating"":1},""reviewBody"":""\""„Sehr freundliche Leute, äußerst wettbewerbsfähige Preise und effiziente Scooter! Ich kann es nur empfehlen! Danke, bis zum nächsten Mal!!“\"""",""publisher"":{""@type"":""Organization"",""name"":""Google""}}","{""line"":1590,""text"":""★★★★★ „Sehr freundliche Leute, äußerst wettbewerbsfähige Preise und effiziente Scooter! Ich kann es nur empfehlen! Danke, bis zum nächsten Mal!!“ Johnny Zara Google-Bewertung · 2018-07-09"",""links"":[]}",SÍ,SÍ,SÍ
PRICES,nl,1590,"{""@type"":""Review"",""@id"":""https://rentalscooterbarcelona.com/nl/Prices/#google-review-1"",""itemReviewed"":{""@id"":""https://rentalscooterbarcelona.com/#business""},""author"":{""@type"":""Person"",""name"":""A B""},""datePublished"":""2023-07-21"",""reviewRating"":{""@type"":""Rating"",""ratingValue"":5,""bestRating"":5,""worstRating"":1},""reviewBody"":""\""Betrouwbare eerlijke zaak met een sympathieke eigenaar. Scooters zijn in goede staat en dat tegen een eerlijke prijs. Ik kom hier toekomstgericht zeker terug.\"""",""publisher"":{""@type"":""Organization"",""name"":""Google""}}","{""line"":1590,""text"":""★★★★★ “Betrouwbare eerlijke zaak met een sympathieke eigenaar. Scooters zijn in goede staat en dat tegen een eerlijke prijs. Ik kom hier toekomstgericht zeker terug.” A B Google-review · 2023-07-21"",""links"":[]}",SÍ,SÍ,SÍ
PRICES,nl,1596,"{""@type"":""Review"",""@id"":""https://rentalscooterbarcelona.com/nl/Prices/#google-review-2"",""itemReviewed"":{""@id"":""https://rentalscooterbarcelona.com/#business""},""author"":{""@type"":""Person"",""name"":""elli Pe""},""datePublished"":""2023-07-23"",""reviewRating"":{""@type"":""Rating"",""ratingValue"":5,""bestRating"":5,""worstRating"":1},""reviewBody"":""\""Een scooter huren ging snel, eenvoudig en was erg goedkoop.\"""",""publisher"":{""@type"":""Organization"",""name"":""Google""}}","{""line"":1596,""text"":""★★★★★ “Een scooter huren ging snel, eenvoudig en was erg goedkoop.” elli Pe Google-review · 2023-07-23"",""links"":[]}",SÍ,SÍ,SÍ
PRICES,nl,1602,"{""@type"":""Review"",""@id"":""https://rentalscooterbarcelona.com/nl/Prices/#google-review-3"",""itemReviewed"":{""@id"":""https://rentalscooterbarcelona.com/#business""},""author"":{""@type"":""Person"",""name"":""Johnny Zara""},""datePublished"":""2018-07-09"",""reviewRating"":{""@type"":""Rating"",""ratingValue"":5,""bestRating"":5,""worstRating"":1},""reviewBody"":""\""Zeer vriendelijke mensen, zeer concurrerende prijzen en efficiënte scooters! Ik kan het alleen maar aanbevelen! Bedankt, tot de volgende keer!!\"""",""publisher"":{""@type"":""Organization"",""name"":""Google""}}","{""line"":1602,""text"":""★★★★★ “Zeer vriendelijke mensen, zeer concurrerende prijzen en efficiënte scooters! Ik kan het alleen maar aanbevelen! Bedankt, tot de volgende keer!!” Johnny Zara Google-review · 2018-07-09"",""links"":[]}",SÍ,SÍ,SÍ
PRICES,pt,1584,"{""@type"":""Review"",""@id"":""https://rentalscooterbarcelona.com/pt/Prices/#google-review-1"",""itemReviewed"":{""@id"":""https://rentalscooterbarcelona.com/#business""},""author"":{""@type"":""Person"",""name"":""Tony iL""},""datePublished"":""2025-04-24"",""reviewRating"":{""@type"":""Rating"",""ratingValue"":5,""bestRating"":5,""worstRating"":1},""reviewBody"":""\""Pessoas simpáticas, bom preço e scooters excelentes!\"""",""publisher"":{""@type"":""Organization"",""name"":""Google""}}","{""line"":1584,""text"":""★★★★★ “Pessoas simpáticas, bom preço e scooters excelentes!” Tony iL Avaliação Google · 2025-04-24"",""links"":[]}",SÍ,SÍ,SÍ
PRICES,pt,1590,"{""@type"":""Review"",""@id"":""https://rentalscooterbarcelona.com/pt/Prices/#google-review-2"",""itemReviewed"":{""@id"":""https://rentalscooterbarcelona.com/#business""},""author"":{""@type"":""Person"",""name"":""elli Pe""},""datePublished"":""2023-07-23"",""reviewRating"":{""@type"":""Rating"",""ratingValue"":5,""bestRating"":5,""worstRating"":1},""reviewBody"":""\""Alugar um scooter foi rápido, simples e muito barato.\"""",""publisher"":{""@type"":""Organization"",""name"":""Google""}}","{""line"":1590,""text"":""★★★★★ “Alugar um scooter foi rápido, simples e muito barato.” elli Pe Avaliação Google · 2023-07-23"",""links"":[]}",SÍ,SÍ,SÍ
PRICES,pt,1596,"{""@type"":""Review"",""@id"":""https://rentalscooterbarcelona.com/pt/Prices/#google-review-3"",""itemReviewed"":{""@id"":""https://rentalscooterbarcelona.com/#business""},""author"":{""@type"":""Person"",""name"":""Johnny Zara""},""datePublished"":""2018-07-09"",""reviewRating"":{""@type"":""Rating"",""ratingValue"":5,""bestRating"":5,""worstRating"":1},""reviewBody"":""\""Pessoas muito simpáticas, preços muito competitivos e scooters eficientes! Recomendo! Obrigado, até à próxima!!\"""",""publisher"":{""@type"":""Organization"",""name"":""Google""}}","{""line"":1596,""text"":""★★★★★ “Pessoas muito simpáticas, preços muito competitivos e scooters eficientes! Recomendo! Obrigado, até à próxima!!” Johnny Zara Avaliação Google · 2018-07-09"",""links"":[]}",SÍ,SÍ,SÍ
PRICES,ca,1573,"{""@type"":""Review"",""@id"":""https://rentalscooterbarcelona.com/cat/Prices/#google-review-1"",""itemReviewed"":{""@id"":""https://rentalscooterbarcelona.com/#business""},""author"":{""@type"":""Person"",""name"":""Tony iL""},""datePublished"":""2025-04-24"",""reviewRating"":{""@type"":""Rating"",""ratingValue"":5,""bestRating"":5,""worstRating"":1},""reviewBody"":""\""Gent agradable, bon preu i scooters excel·lents!\"""",""publisher"":{""@type"":""Organization"",""name"":""Google""}}","{""line"":1573,""text"":""★★★★★ “Gent agradable, bon preu i scooters excel·lents!” Tony iL Ressenya de Google · 2025-04-24"",""links"":[]}",SÍ,SÍ,SÍ
PRICES,ca,1579,"{""@type"":""Review"",""@id"":""https://rentalscooterbarcelona.com/cat/Prices/#google-review-2"",""itemReviewed"":{""@id"":""https://rentalscooterbarcelona.com/#business""},""author"":{""@type"":""Person"",""name"":""Johnny Zara""},""datePublished"":""2018-07-09"",""reviewRating"":{""@type"":""Rating"",""ratingValue"":5,""bestRating"":5,""worstRating"":1},""reviewBody"":""\""Gent molt amable, preus supercompetitius i scooters eficients! Ho recomano! Gràcies, a la pròxima!!\"""",""publisher"":{""@type"":""Organization"",""name"":""Google""}}","{""line"":1579,""text"":""★★★★★ “Gent molt amable, preus supercompetitius i scooters eficients! Ho recomano! Gràcies, a la pròxima!!” Johnny Zara Ressenya de Google · 2018-07-09"",""links"":[]}",SÍ,SÍ,SÍ
PRICES,ca,1585,"{""@type"":""Review"",""@id"":""https://rentalscooterbarcelona.com/cat/Prices/#google-review-3"",""itemReviewed"":{""@id"":""https://rentalscooterbarcelona.com/#business""},""author"":{""@type"":""Person"",""name"":""Laura Ruiz""},""datePublished"":""2025-11-16"",""reviewRating"":{""@type"":""Rating"",""ratingValue"":5,""bestRating"":5,""worstRating"":1},""reviewBody"":""\""Una super experiència, l’Oscar és un gran professional que ens ha tractat excel.lent i ens ha ajudat molt. Molt bé de preu en comparació amb altres del voltant. Recomanem!!\"""",""publisher"":{""@type"":""Organization"",""name"":""Google""}}","{""line"":1585,""text"":""★★★★★ “Una super experiència, l’Oscar és un gran professional que ens ha tractat excel.lent i ens ha ajudat molt. Molt bé de preu en comparació amb altres del voltant. Recomanem!!” Laura Ruiz Ressenya de Google · 2025-11-16"",""links"":[]}",SÍ,SÍ,SÍ
PRICES,sv,1580,"{""@type"":""Review"",""@id"":""https://rentalscooterbarcelona.com/sv/Prices/#google-review-1"",""itemReviewed"":{""@id"":""https://rentalscooterbarcelona.com/#business""},""author"":{""@type"":""Person"",""name"":""Tony iL""},""datePublished"":""2025-04-24"",""reviewRating"":{""@type"":""Rating"",""ratingValue"":5,""bestRating"":5,""worstRating"":1},""reviewBody"":""\""Trevliga människor, bra pris och fantastiska scootrar!\"""",""publisher"":{""@type"":""Organization"",""name"":""Google""}}","{""line"":1580,""text"":""★★★★★ “Trevliga människor, bra pris och fantastiska scootrar!” Tony iL Google-recension · 2025-04-24"",""links"":[]}",SÍ,SÍ,SÍ
PRICES,sv,1586,"{""@type"":""Review"",""@id"":""https://rentalscooterbarcelona.com/sv/Prices/#google-review-2"",""itemReviewed"":{""@id"":""https://rentalscooterbarcelona.com/#business""},""author"":{""@type"":""Person"",""name"":""Johnny Zara""},""datePublished"":""2018-07-09"",""reviewRating"":{""@type"":""Rating"",""ratingValue"":5,""bestRating"":5,""worstRating"":1},""reviewBody"":""\""Mycket trevliga människor, superkonkurrenskraftiga priser och effektiva scootrar! Jag rekommenderar det verkligen! Tack, vi ses nästa gång!!\"""",""publisher"":{""@type"":""Organization"",""name"":""Google""}}","{""line"":1586,""text"":""★★★★★ “Mycket trevliga människor, superkonkurrenskraftiga priser och effektiva scootrar! Jag rekommenderar det verkligen! Tack, vi ses nästa gång!!” Johnny Zara Google-recension · 2018-07-09"",""links"":[]}",SÍ,SÍ,SÍ
PRICES,sv,1592,"{""@type"":""Review"",""@id"":""https://rentalscooterbarcelona.com/sv/Prices/#google-review-3"",""itemReviewed"":{""@id"":""https://rentalscooterbarcelona.com/#business""},""author"":{""@type"":""Person"",""name"":""Laura Ruiz""},""datePublished"":""2025-11-16"",""reviewRating"":{""@type"":""Rating"",""ratingValue"":5,""bestRating"":5,""worstRating"":1},""reviewBody"":""\""En fantastisk upplevelse. Oscar är mycket professionell, behandlade oss utmärkt och hjälpte oss mycket. Mycket bra pris jämfört med andra i närheten. Vi rekommenderar stället!!\"""",""publisher"":{""@type"":""Organization"",""name"":""Google""}}","{""line"":1592,""text"":""★★★★★ “En fantastisk upplevelse. Oscar är mycket professionell, behandlade oss utmärkt och hjälpte oss mycket. Mycket bra pris jämfört med andra i närheten. Vi rekommenderar stället!!” Laura Ruiz Google-recension · 2025-11-16"",""links"":[]}",SÍ,SÍ,SÍ
PRICES,pl,1586,"{""@type"":""Review"",""@id"":""https://rentalscooterbarcelona.com/pl/Prices/#google-review-1"",""itemReviewed"":{""@id"":""https://rentalscooterbarcelona.com/#business""},""author"":{""@type"":""Person"",""name"":""Tony iL""},""datePublished"":""2025-04-24"",""reviewRating"":{""@type"":""Rating"",""ratingValue"":5,""bestRating"":5,""worstRating"":1},""reviewBody"":""\""Mili ludzie, dobra cena i świetne skutery!\"""",""publisher"":{""@type"":""Organization"",""name"":""Google""}}","{""line"":1586,""text"":""★★★★★ “Mili ludzie, dobra cena i świetne skutery!” Tony iL Opinia Google · 2025-04-24"",""links"":[]}",SÍ,SÍ,SÍ
PRICES,pl,1592,"{""@type"":""Review"",""@id"":""https://rentalscooterbarcelona.com/pl/Prices/#google-review-2"",""itemReviewed"":{""@id"":""https://rentalscooterbarcelona.com/#business""},""author"":{""@type"":""Person"",""name"":""Johnny Zara""},""datePublished"":""2018-07-09"",""reviewRating"":{""@type"":""Rating"",""ratingValue"":5,""bestRating"":5,""worstRating"":1},""reviewBody"":""\""Bardzo mili ludzie, wyjątkowo konkurencyjne ceny i sprawne skutery! Zdecydowanie polecam! Dziękuję, do następnego razu!!\"""",""publisher"":{""@type"":""Organization"",""name"":""Google""}}","{""line"":1592,""text"":""★★★★★ “Bardzo mili ludzie, wyjątkowo konkurencyjne ceny i sprawne skutery! Zdecydowanie polecam! Dziękuję, do następnego razu!!” Johnny Zara Opinia Google · 2018-07-09"",""links"":[]}",SÍ,SÍ,SÍ
PRICES,pl,1598,"{""@type"":""Review"",""@id"":""https://rentalscooterbarcelona.com/pl/Prices/#google-review-3"",""itemReviewed"":{""@id"":""https://rentalscooterbarcelona.com/#business""},""author"":{""@type"":""Person"",""name"":""Laura Ruiz""},""datePublished"":""2025-11-16"",""reviewRating"":{""@type"":""Rating"",""ratingValue"":5,""bestRating"":5,""worstRating"":1},""reviewBody"":""\""Świetne doświadczenie. Oscar jest znakomitym profesjonalistą, potraktował nas doskonale i bardzo nam pomógł. Bardzo dobra cena w porównaniu z innymi wypożyczalniami w okolicy. Polecamy!!\"""",""publisher"":{""@type"":""Organization"",""name"":""Google""}}","{""line"":1598,""text"":""★★★★★ “Świetne doświadczenie. Oscar jest znakomitym profesjonalistą, potraktował nas doskonale i bardzo nam pomógł. Bardzo dobra cena w porównaniu z innymi wypożyczalniami w okolicy. Polecamy!!” Laura Ruiz Opinia Google · 2025-11-16"",""links"":[]}",SÍ,SÍ,SÍ
SCOOTER,en,1031,"{""@type"":""Review"",""@id"":""https://rentalscooterbarcelona.com/scooter/#google-review-1"",""itemReviewed"":{""@id"":""https://rentalscooterbarcelona.com/#business""},""author"":{""@type"":""Person"",""name"":""Kristof Keleti""},""reviewRating"":{""@type"":""Rating"",""ratingValue"":5,""bestRating"":5,""worstRating"":1},""reviewBody"":""\""My best scooter rental experience ever! Very friendly and helpful staff! The bike and everything was perfect! Highly recommended.\"""",""publisher"":{""@type"":""Organization"",""name"":""Google""}}","{""line"":1031,""text"":""★★★★★ “My best scooter rental experience ever! Very friendly and helpful staff! The bike and everything was perfect! Highly recommended.” Kristof Keleti Google review · 2019-06-26"",""links"":[]}",SÍ,SÍ,AUSENTE
SCOOTER,en,1039,"{""@type"":""Review"",""@id"":""https://rentalscooterbarcelona.com/scooter/#google-review-2"",""itemReviewed"":{""@id"":""https://rentalscooterbarcelona.com/#business""},""author"":{""@type"":""Person"",""name"":""Marwan Hatem""},""reviewRating"":{""@type"":""Rating"",""ratingValue"":5,""bestRating"":5,""worstRating"":1},""reviewBody"":""\""Very good scooter, clean, helmet clean :) Amazing staff Thanks\"""",""publisher"":{""@type"":""Organization"",""name"":""Google""}}","{""line"":1039,""text"":""★★★★★ “Very good scooter, clean, helmet clean :) Amazing staff Thanks” Marwan Hatem Google review · 2019-05-22"",""links"":[]}",SÍ,SÍ,AUSENTE
SCOOTER,en,1047,"{""@type"":""Review"",""@id"":""https://rentalscooterbarcelona.com/scooter/#google-review-3"",""itemReviewed"":{""@id"":""https://rentalscooterbarcelona.com/#business""},""author"":{""@type"":""Person"",""name"":""Deividas Skiparis""},""reviewRating"":{""@type"":""Rating"",""ratingValue"":5,""bestRating"":5,""worstRating"":1},""reviewBody"":""\""Hassle free and quick service. Rented a scooter - scooters are not new but in good technical condition. Returned deposit no questions asked. Will use again!\"""",""publisher"":{""@type"":""Organization"",""name"":""Google""}}","{""line"":1047,""text"":""★★★★★ “Hassle free and quick service. Rented a scooter - scooters are not new but in good technical condition. Returned deposit no questions asked. Will use again!” Deividas Skiparis Google review · 2018-08-06"",""links"":[]}",SÍ,SÍ,AUSENTE
SCOOTER,en,1055,"{""@type"":""Review"",""@id"":""https://rentalscooterbarcelona.com/scooter/#google-review-4"",""itemReviewed"":{""@id"":""https://rentalscooterbarcelona.com/#business""},""author"":{""@type"":""Person"",""name"":""Ollie Olney""},""reviewRating"":{""@type"":""Rating"",""ratingValue"":5,""bestRating"":5,""worstRating"":1},""reviewBody"":""\""Fantastic for renting a scooter at an affordable price (compared to the leading providers in Barcelona!). We rented a scooter for a day, and then loved it so much we hired it for an extra day. Natalia was lovely and very helpful :) Would recommend to anyone to rent from here\"""",""publisher"":{""@type"":""Organization"",""name"":""Google""}}","{""line"":1055,""text"":""★★★★★ “Fantastic for renting a scooter at an affordable price (compared to the leading providers in Barcelona!). We rented a scooter for a day, and then loved it so much we hired it for an extra day. Natalia was lovely and very helpful :) Would recommend to anyone to rent from here” Ollie Olney Google review · 2017-09-26"",""links"":[]}",SÍ,SÍ,AUSENTE
SCOOTER,en,1063,"{""@type"":""Review"",""@id"":""https://rentalscooterbarcelona.com/scooter/#google-review-5"",""itemReviewed"":{""@id"":""https://rentalscooterbarcelona.com/#business""},""author"":{""@type"":""Person"",""name"":""Pavel Obešlo""},""reviewRating"":{""@type"":""Rating"",""ratingValue"":5,""bestRating"":5,""worstRating"":1},""reviewBody"":""\""We enjoyed this so much!! Highly recommend exploring Barcelona on a scooter. 40€ per day, 250€ deposit cash or card, the money came back to the account the next day. Gracias! 🙏\"""",""publisher"":{""@type"":""Organization"",""name"":""Google""}}","{""line"":1063,""text"":""★★★★★ “We enjoyed this so much!! Highly recommend exploring Barcelona on a scooter. 40€ per day, 250€ deposit cash or card, the money came back to the account the next day. Gracias! 🙏” Pavel Obešlo Google review · 2025-06-13"",""links"":[]}",SÍ,SÍ,AUSENTE
SCOOTER,en,1071,"{""@type"":""Review"",""@id"":""https://rentalscooterbarcelona.com/scooter/#google-review-6"",""itemReviewed"":{""@id"":""https://rentalscooterbarcelona.com/#business""},""author"":{""@type"":""Person"",""name"":""Soumya Singh""},""reviewRating"":{""@type"":""Rating"",""ratingValue"":5,""bestRating"":5,""worstRating"":1},""reviewBody"":""\""Price was pefect (we needed scooter for 30 hours and were ready to pay 2 days worth of amount, but the owner gave us heavy discount). Scooters were great... and got a lot of instructions in advance which made driving in Barcelona easier. Will definitely avail your services again :)\"""",""publisher"":{""@type"":""Organization"",""name"":""Google""}}","{""line"":1071,""text"":""★★★★★ “Price was pefect (we needed scooter for 30 hours and were ready to pay 2 days worth of amount, but the owner gave us heavy discount). Scooters were great... and got a lot of instructions in advance which made driving in Barcelona easier. Will definitely avail your services again :)” Soumya Singh Google review · 2015-11-17"",""links"":[]}",SÍ,SÍ,AUSENTE
SCOOTER,es,1031,"{""@type"":""Review"",""@id"":""https://rentalscooterbarcelona.com/es/scooter/#google-review-1"",""itemReviewed"":{""@id"":""https://rentalscooterbarcelona.com/#business""},""author"":{""@type"":""Person"",""name"":""Carlos Vega Fernandez""},""datePublished"":""2017-04-07"",""reviewRating"":{""@type"":""Rating"",""ratingValue"":5,""bestRating"":5,""worstRating"":1},""reviewBody"":""\""Cada vez que viene un amigo de visita a Barcelona, siempre alquilo una 125cc aquí, muy buen trato y amabilidad.\"""",""publisher"":{""@type"":""Organization"",""name"":""Google""}}","{""line"":1031,""text"":""★★★★★ “Cada vez que viene un amigo de visita a Barcelona, siempre alquilo una 125cc aquí, muy buen trato y amabilidad.” Carlos Vega Fernandez · Reseña de Google · 2017-04-07"",""links"":[]}",SÍ,SÍ,SÍ
SCOOTER,es,1032,"{""@type"":""Review"",""@id"":""https://rentalscooterbarcelona.com/es/scooter/#google-review-2"",""itemReviewed"":{""@id"":""https://rentalscooterbarcelona.com/#business""},""author"":{""@type"":""Person"",""name"":""Sergio Curbelo""},""datePublished"":""2020-02-29"",""reviewRating"":{""@type"":""Rating"",""ratingValue"":5,""bestRating"":5,""worstRating"":1},""reviewBody"":""\""El mejor lugar de Barcelona para alquilar scooter y dar una vuelta por la ciudad\"""",""publisher"":{""@type"":""Organization"",""name"":""Google""}}","{""line"":1032,""text"":""★★★★★ “El mejor lugar de Barcelona para alquilar scooter y dar una vuelta por la ciudad” Sergio Curbelo · Reseña de Google · 2020-02-29"",""links"":[]}",SÍ,SÍ,SÍ
SCOOTER,es,1033,"{""@type"":""Review"",""@id"":""https://rentalscooterbarcelona.com/es/scooter/#google-review-3"",""itemReviewed"":{""@id"":""https://rentalscooterbarcelona.com/#business""},""author"":{""@type"":""Person"",""name"":""Diana Tyemir""},""datePublished"":""2020-08-23"",""reviewRating"":{""@type"":""Rating"",""ratingValue"":5,""bestRating"":5,""worstRating"":1},""reviewBody"":""\""Me han puesto la scooter de mi color favorito, me ha encantado el servicio\"""",""publisher"":{""@type"":""Organization"",""name"":""Google""}}","{""line"":1033,""text"":""★★★★★ “Me han puesto la scooter de mi color favorito, me ha encantado el servicio” Diana Tyemir · Reseña de Google · 2020-08-23"",""links"":[]}",SÍ,SÍ,SÍ
SCOOTER,es,1034,"{""@type"":""Review"",""@id"":""https://rentalscooterbarcelona.com/es/scooter/#google-review-4"",""itemReviewed"":{""@id"":""https://rentalscooterbarcelona.com/#business""},""author"":{""@type"":""Person"",""name"":""Enbeth""},""datePublished"":""2018-05-01"",""reviewRating"":{""@type"":""Rating"",""ratingValue"":5,""bestRating"":5,""worstRating"":1},""reviewBody"":""\""Siempre que viajo a barcelona, vengo a esta increíble empresa ,alquilar la bicicleta o la moto. Genial , te hacen sentir como en casa. Muy buena atención. Gracias\"""",""publisher"":{""@type"":""Organization"",""name"":""Google""}}","{""line"":1034,""text"":""★★★★★ “Siempre que viajo a barcelona, vengo a esta increíble empresa ,alquilar la bicicleta o la moto. Genial , te hacen sentir como en casa. Muy buena atención. Gracias” Enbeth · Reseña de Google · 2018-05-01"",""links"":[]}",SÍ,SÍ,SÍ
SCOOTER,es,1035,"{""@type"":""Review"",""@id"":""https://rentalscooterbarcelona.com/es/scooter/#google-review-5"",""itemReviewed"":{""@id"":""https://rentalscooterbarcelona.com/#business""},""author"":{""@type"":""Person"",""name"":""Claudia Montes""},""datePublished"":""2021-04-12"",""reviewRating"":{""@type"":""Rating"",""ratingValue"":5,""bestRating"":5,""worstRating"":1},""reviewBody"":""\""Excelente servicio, además está al lado del paseo marítimo, si quieres disfrutar Barcelona en ruedas aquí encuentras bicis, patines, patinetas, scooters. Tamnbien tienen patines y bicis para niños.\"""",""publisher"":{""@type"":""Organization"",""name"":""Google""}}","{""line"":1035,""text"":""★★★★★ “Excelente servicio, además está al lado del paseo marítimo, si quieres disfrutar Barcelona en ruedas aquí encuentras bicis, patines, patinetas, scooters. Tamnbien tienen patines y bicis para niños.” Claudia Montes · Reseña de Google · 2021-04-12"",""links"":[]}",SÍ,SÍ,SÍ
SCOOTER,es,1036,"{""@type"":""Review"",""@id"":""https://rentalscooterbarcelona.com/es/scooter/#google-review-6"",""itemReviewed"":{""@id"":""https://rentalscooterbarcelona.com/#business""},""author"":{""@type"":""Person"",""name"":""Tony iL""},""datePublished"":""2025-04-24"",""reviewRating"":{""@type"":""Rating"",""ratingValue"":5,""bestRating"":5,""worstRating"":1},""reviewBody"":""\""¡Gente amable, buen precio y scooters excelentes!\"""",""publisher"":{""@type"":""Organization"",""name"":""Google""}}","{""line"":1036,""text"":""★★★★★ “¡Gente amable, buen precio y scooters excelentes!” Tony iL · Reseña de Google · 2025-04-24"",""links"":[]}",SÍ,SÍ,SÍ
SCOOTER,fr,924,"{""@type"":""Review"",""@id"":""https://rentalscooterbarcelona.com/fr/scooter/#google-review-1"",""itemReviewed"":{""@id"":""https://rentalscooterbarcelona.com/#business""},""author"":{""@type"":""Person"",""name"":""Franck HERENCIA""},""datePublished"":""2022-06-05"",""reviewRating"":{""@type"":""Rating"",""ratingValue"":5,""bestRating"":5,""worstRating"":1},""reviewBody"":""\""J’ai loué un scooter 125 cc pour 2 jours avec ma copine et je recommande très clairement Rental Scooter Barcelona ! Très sérieux, agréable, prix honnête, très bonne expérience ! Je reviendrais sans hésiter !\"""",""publisher"":{""@type"":""Organization"",""name"":""Google""}}","{""line"":924,""text"":""★★★★★ “J’ai loué un scooter 125 cc pour 2 jours avec ma copine et je recommande très clairement Rental Scooter Barcelona ! Très sérieux, agréable, prix honnête, très bonne expérience ! Je reviendrais sans hésiter !” Franck HERENCIA · Avis Google · 2022-06-05"",""links"":[]}",SÍ,SÍ,SÍ
SCOOTER,fr,925,"{""@type"":""Review"",""@id"":""https://rentalscooterbarcelona.com/fr/scooter/#google-review-2"",""itemReviewed"":{""@id"":""https://rentalscooterbarcelona.com/#business""},""author"":{""@type"":""Person"",""name"":""TT370 TT""},""datePublished"":""2018-04-26"",""reviewRating"":{""@type"":""Rating"",""ratingValue"":5,""bestRating"":5,""worstRating"":1},""reviewBody"":""\""J'ai loué un scooter 125 cm3 pour deux jour ... Aucun problemes, ils sont cool et sèrieux bien placé proche de la plage . Rien à dire, je reviendrai ici.\"""",""publisher"":{""@type"":""Organization"",""name"":""Google""}}","{""line"":925,""text"":""★★★★★ “J'ai loué un scooter 125 cm3 pour deux jour ... Aucun problemes, ils sont cool et sèrieux bien placé proche de la plage . Rien à dire, je reviendrai ici.” TT370 TT · Avis Google · 2018-04-26"",""links"":[]}",SÍ,SÍ,SÍ
SCOOTER,fr,926,"{""@type"":""Review"",""@id"":""https://rentalscooterbarcelona.com/fr/scooter/#google-review-3"",""itemReviewed"":{""@id"":""https://rentalscooterbarcelona.com/#business""},""author"":{""@type"":""Person"",""name"":""Tony iL""},""datePublished"":""2025-04-24"",""reviewRating"":{""@type"":""Rating"",""ratingValue"":5,""bestRating"":5,""worstRating"":1},""reviewBody"":""\""Des gens sympathiques, un bon prix et d’excellents scooters !\"""",""publisher"":{""@type"":""Organization"",""name"":""Google""}}","{""line"":926,""text"":""★★★★★ “Des gens sympathiques, un bon prix et d’excellents scooters !” Tony iL · Avis Google · 2025-04-24"",""links"":[]}",SÍ,SÍ,SÍ
SCOOTER,fr,927,"{""@type"":""Review"",""@id"":""https://rentalscooterbarcelona.com/fr/scooter/#google-review-4"",""itemReviewed"":{""@id"":""https://rentalscooterbarcelona.com/#business""},""author"":{""@type"":""Person"",""name"":""Maciej Bielawski""},""datePublished"":""2026-04-28"",""reviewRating"":{""@type"":""Rating"",""ratingValue"":5,""bestRating"":5,""worstRating"":1},""reviewBody"":""\""Le dernier jour de notre séjour à Barcelone, nous avons loué un scooter ici et c’était un excellent choix. Grâce au scooter de 125 cm³, nous avons exploré les coins les plus éloignés de la ville. Le service de location et la communication étaient excellents. Je recommande.\"""",""publisher"":{""@type"":""Organization"",""name"":""Google""}}","{""line"":927,""text"":""★★★★★ “Le dernier jour de notre séjour à Barcelone, nous avons loué un scooter ici et c’était un excellent choix. Grâce au scooter de 125 cm³, nous avons exploré les coins les plus éloignés de la ville. Le service de location et la communication étaient excellents. Je recommande.” Maciej Bielawski · Avis Google · 2026-04-28"",""links"":[]}",SÍ,SÍ,SÍ
SCOOTER,fr,928,"{""@type"":""Review"",""@id"":""https://rentalscooterbarcelona.com/fr/scooter/#google-review-5"",""itemReviewed"":{""@id"":""https://rentalscooterbarcelona.com/#business""},""author"":{""@type"":""Person"",""name"":""Sergio Curbelo""},""datePublished"":""2020-02-29"",""reviewRating"":{""@type"":""Rating"",""ratingValue"":5,""bestRating"":5,""worstRating"":1},""reviewBody"":""\""Le meilleur endroit de Barcelone pour louer un scooter et faire un tour dans la ville.\"""",""publisher"":{""@type"":""Organization"",""name"":""Google""}}","{""line"":928,""text"":""★★★★★ “Le meilleur endroit de Barcelone pour louer un scooter et faire un tour dans la ville.” Sergio Curbelo · Avis Google · 2020-02-29"",""links"":[]}",SÍ,SÍ,SÍ
SCOOTER,fr,929,"{""@type"":""Review"",""@id"":""https://rentalscooterbarcelona.com/fr/scooter/#google-review-6"",""itemReviewed"":{""@id"":""https://rentalscooterbarcelona.com/#business""},""author"":{""@type"":""Person"",""name"":""elli Pe""},""datePublished"":""2023-07-23"",""reviewRating"":{""@type"":""Rating"",""ratingValue"":5,""bestRating"":5,""worstRating"":1},""reviewBody"":""\""La location d’un scooter a été rapide, simple et très bon marché.\"""",""publisher"":{""@type"":""Organization"",""name"":""Google""}}","{""line"":929,""text"":""★★★★★ “La location d’un scooter a été rapide, simple et très bon marché.” elli Pe · Avis Google · 2023-07-23"",""links"":[]}",SÍ,SÍ,SÍ
SCOOTER,it,929,"{""@type"":""Review"",""@id"":""https://rentalscooterbarcelona.com/it/scooter/#google-review-1"",""itemReviewed"":{""@id"":""https://rentalscooterbarcelona.com/#business""},""author"":{""@type"":""Person"",""name"":""Carm Barba""},""datePublished"":""2026-04-25"",""reviewRating"":{""@type"":""Rating"",""ratingValue"":5,""bestRating"":5,""worstRating"":1},""reviewBody"":""\""Personale simpatico e competente, scooter ottimi e prezzi buoni. Girare a Barcellona in scooter è fantastico lo cinsiglio\"""",""publisher"":{""@type"":""Organization"",""name"":""Google""}}","{""line"":929,""text"":""★★★★★ “Personale simpatico e competente, scooter ottimi e prezzi buoni. Girare a Barcellona in scooter è fantastico lo cinsiglio” Carm Barba · Recensione Google · 2026-04-25"",""links"":[]}",SÍ,SÍ,SÍ
SCOOTER,it,930,"{""@type"":""Review"",""@id"":""https://rentalscooterbarcelona.com/it/scooter/#google-review-2"",""itemReviewed"":{""@id"":""https://rentalscooterbarcelona.com/#business""},""author"":{""@type"":""Person"",""name"":""Franck HERENCIA""},""datePublished"":""2022-06-05"",""reviewRating"":{""@type"":""Rating"",""ratingValue"":5,""bestRating"":5,""worstRating"":1},""reviewBody"":""\""Ho noleggiato uno scooter 125 cc per due giorni con la mia ragazza e consiglio senza dubbio Rental Scooter Barcelona! Molto seri, gentili, prezzi onesti, ottima esperienza! Tornerei senza esitazione!\"""",""publisher"":{""@type"":""Organization"",""name"":""Google""}}","{""line"":930,""text"":""★★★★★ “Ho noleggiato uno scooter 125 cc per due giorni con la mia ragazza e consiglio senza dubbio Rental Scooter Barcelona! Molto seri, gentili, prezzi onesti, ottima esperienza! Tornerei senza esitazione!” Franck HERENCIA · Recensione Google · 2022-06-05"",""links"":[]}",SÍ,SÍ,SÍ
SCOOTER,it,931,"{""@type"":""Review"",""@id"":""https://rentalscooterbarcelona.com/it/scooter/#google-review-3"",""itemReviewed"":{""@id"":""https://rentalscooterbarcelona.com/#business""},""author"":{""@type"":""Person"",""name"":""Tony iL""},""datePublished"":""2025-04-24"",""reviewRating"":{""@type"":""Rating"",""ratingValue"":5,""bestRating"":5,""worstRating"":1},""reviewBody"":""\""Persone gentili, buon prezzo e scooter eccellenti!\"""",""publisher"":{""@type"":""Organization"",""name"":""Google""}}","{""line"":931,""text"":""★★★★★ “Persone gentili, buon prezzo e scooter eccellenti!” Tony iL · Recensione Google · 2025-04-24"",""links"":[]}",SÍ,SÍ,SÍ
SCOOTER,it,932,"{""@type"":""Review"",""@id"":""https://rentalscooterbarcelona.com/it/scooter/#google-review-4"",""itemReviewed"":{""@id"":""https://rentalscooterbarcelona.com/#business""},""author"":{""@type"":""Person"",""name"":""Maciej Bielawski""},""datePublished"":""2026-04-28"",""reviewRating"":{""@type"":""Rating"",""ratingValue"":5,""bestRating"":5,""worstRating"":1},""reviewBody"":""\""L’ultimo giorno del nostro soggiorno a Barcellona abbiamo noleggiato qui uno scooter ed è stata una scelta perfetta. Grazie allo scooter 125 cc abbiamo esplorato gli angoli più lontani della città. Il servizio di noleggio e la comunicazione sono stati eccellenti. Lo consiglio.\"""",""publisher"":{""@type"":""Organization"",""name"":""Google""}}","{""line"":932,""text"":""★★★★★ “L’ultimo giorno del nostro soggiorno a Barcellona abbiamo noleggiato qui uno scooter ed è stata una scelta perfetta. Grazie allo scooter 125 cc abbiamo esplorato gli angoli più lontani della città. Il servizio di noleggio e la comunicazione sono stati eccellenti. Lo consiglio.” Maciej Bielawski · Recensione Google · 2026-04-28"",""links"":[]}",SÍ,SÍ,SÍ
SCOOTER,it,933,"{""@type"":""Review"",""@id"":""https://rentalscooterbarcelona.com/it/scooter/#google-review-5"",""itemReviewed"":{""@id"":""https://rentalscooterbarcelona.com/#business""},""author"":{""@type"":""Person"",""name"":""Sergio Curbelo""},""datePublished"":""2020-02-29"",""reviewRating"":{""@type"":""Rating"",""ratingValue"":5,""bestRating"":5,""worstRating"":1},""reviewBody"":""\""Il posto migliore di Barcellona per noleggiare uno scooter e fare un giro per la città.\"""",""publisher"":{""@type"":""Organization"",""name"":""Google""}}","{""line"":933,""text"":""★★★★★ “Il posto migliore di Barcellona per noleggiare uno scooter e fare un giro per la città.” Sergio Curbelo · Recensione Google · 2020-02-29"",""links"":[]}",SÍ,SÍ,SÍ
SCOOTER,it,934,"{""@type"":""Review"",""@id"":""https://rentalscooterbarcelona.com/it/scooter/#google-review-6"",""itemReviewed"":{""@id"":""https://rentalscooterbarcelona.com/#business""},""author"":{""@type"":""Person"",""name"":""elli Pe""},""datePublished"":""2023-07-23"",""reviewRating"":{""@type"":""Rating"",""ratingValue"":5,""bestRating"":5,""worstRating"":1},""reviewBody"":""\""Noleggiare uno scooter è stato rapido, semplice e molto economico.\"""",""publisher"":{""@type"":""Organization"",""name"":""Google""}}","{""line"":934,""text"":""★★★★★ “Noleggiare uno scooter è stato rapido, semplice e molto economico.” elli Pe · Recensione Google · 2023-07-23"",""links"":[]}",SÍ,SÍ,SÍ
SCOOTER,de,971,"{""@type"":""Review"",""@id"":""https://rentalscooterbarcelona.com/de/scooter/#google-review-1"",""itemReviewed"":{""@id"":""https://rentalscooterbarcelona.com/#business""},""author"":{""@type"":""Person"",""name"":""Kristof Keleti""},""datePublished"":""2019-06-26"",""reviewRating"":{""@type"":""Rating"",""ratingValue"":5,""bestRating"":5,""worstRating"":1},""reviewBody"":""\""„Meine beste Erfahrung mit einem Scooterverleih überhaupt! Sehr freundliches und hilfsbereites Personal! Das Bike und alles andere waren perfekt! Sehr empfehlenswert.“\"""",""publisher"":{""@type"":""Organization"",""name"":""Google""}}","{""line"":971,""text"":""★★★★★ „Meine beste Erfahrung mit einem Scooterverleih überhaupt! Sehr freundliches und hilfsbereites Personal! Das Bike und alles andere waren perfekt! Sehr empfehlenswert.“ Kristof Keleti Google-Bewertung · 2019-06-26"",""links"":[]}",SÍ,SÍ,SÍ
SCOOTER,de,979,"{""@type"":""Review"",""@id"":""https://rentalscooterbarcelona.com/de/scooter/#google-review-2"",""itemReviewed"":{""@id"":""https://rentalscooterbarcelona.com/#business""},""author"":{""@type"":""Person"",""name"":""Marwan Hatem""},""datePublished"":""2019-05-22"",""reviewRating"":{""@type"":""Rating"",""ratingValue"":5,""bestRating"":5,""worstRating"":1},""reviewBody"":""\""„Sehr guter Scooter, sauber, Helm sauber :) Tolles Personal, danke.“\"""",""publisher"":{""@type"":""Organization"",""name"":""Google""}}","{""line"":979,""text"":""★★★★★ „Sehr guter Scooter, sauber, Helm sauber :) Tolles Personal, danke.“ Marwan Hatem Google-Bewertung · 2019-05-22"",""links"":[]}",SÍ,SÍ,SÍ
SCOOTER,de,987,"{""@type"":""Review"",""@id"":""https://rentalscooterbarcelona.com/de/scooter/#google-review-3"",""itemReviewed"":{""@id"":""https://rentalscooterbarcelona.com/#business""},""author"":{""@type"":""Person"",""name"":""Tony iL""},""datePublished"":""2025-04-24"",""reviewRating"":{""@type"":""Rating"",""ratingValue"":5,""bestRating"":5,""worstRating"":1},""reviewBody"":""\""„Nette Leute, guter Preis und hervorragende Scooter!“\"""",""publisher"":{""@type"":""Organization"",""name"":""Google""}}","{""line"":987,""text"":""★★★★★ „Nette Leute, guter Preis und hervorragende Scooter!“ Tony iL Google-Bewertung · 2025-04-24"",""links"":[]}",SÍ,SÍ,SÍ
SCOOTER,de,995,"{""@type"":""Review"",""@id"":""https://rentalscooterbarcelona.com/de/scooter/#google-review-4"",""itemReviewed"":{""@id"":""https://rentalscooterbarcelona.com/#business""},""author"":{""@type"":""Person"",""name"":""Sergio Curbelo""},""datePublished"":""2020-02-29"",""reviewRating"":{""@type"":""Rating"",""ratingValue"":5,""bestRating"":5,""worstRating"":1},""reviewBody"":""\""„Der beste Ort in Barcelona, um einen Scooter zu mieten und eine Runde durch die Stadt zu fahren.“\"""",""publisher"":{""@type"":""Organization"",""name"":""Google""}}","{""line"":995,""text"":""★★★★★ „Der beste Ort in Barcelona, um einen Scooter zu mieten und eine Runde durch die Stadt zu fahren.“ Sergio Curbelo Google-Bewertung · 2020-02-29"",""links"":[]}",SÍ,SÍ,SÍ
SCOOTER,de,1003,"{""@type"":""Review"",""@id"":""https://rentalscooterbarcelona.com/de/scooter/#google-review-5"",""itemReviewed"":{""@id"":""https://rentalscooterbarcelona.com/#business""},""author"":{""@type"":""Person"",""name"":""Stathis Papadopoulos""},""datePublished"":""2017-06-10"",""reviewRating"":{""@type"":""Rating"",""ratingValue"":5,""bestRating"":5,""worstRating"":1},""reviewBody"":""\""„Natalie war großartig und sehr freundlich zu uns. Alles, worum wir baten, hat sie für uns erledigt. Der Scooter war ausgezeichnet. Der Preis ist der beste. Wir empfehlen diesen Verleih für euren Urlaub in Barcelona. Vielen Dank.“\"""",""publisher"":{""@type"":""Organization"",""name"":""Google""}}","{""line"":1003,""text"":""★★★★★ „Natalie war großartig und sehr freundlich zu uns. Alles, worum wir baten, hat sie für uns erledigt. Der Scooter war ausgezeichnet. Der Preis ist der beste. Wir empfehlen diesen Verleih für euren Urlaub in Barcelona. Vielen Dank.“ Stathis Papadopoulos Google-Bewertung · 2017-06-10"",""links"":[]}",SÍ,SÍ,SÍ
SCOOTER,de,1011,"{""@type"":""Review"",""@id"":""https://rentalscooterbarcelona.com/de/scooter/#google-review-6"",""itemReviewed"":{""@id"":""https://rentalscooterbarcelona.com/#business""},""author"":{""@type"":""Person"",""name"":""Johnny Zara""},""datePublished"":""2018-07-09"",""reviewRating"":{""@type"":""Rating"",""ratingValue"":5,""bestRating"":5,""worstRating"":1},""reviewBody"":""\""„Sehr freundliche Leute, äußerst wettbewerbsfähige Preise und effiziente Scooter! Ich kann es nur empfehlen! Danke, bis zum nächsten Mal!!“\"""",""publisher"":{""@type"":""Organization"",""name"":""Google""}}","{""line"":1011,""text"":""★★★★★ „Sehr freundliche Leute, äußerst wettbewerbsfähige Preise und effiziente Scooter! Ich kann es nur empfehlen! Danke, bis zum nächsten Mal!!“ Johnny Zara Google-Bewertung · 2018-07-09"",""links"":[]}",SÍ,SÍ,SÍ
SCOOTER,nl,980,"{""@type"":""Review"",""@id"":""https://rentalscooterbarcelona.com/nl/scooter/#google-review-1"",""itemReviewed"":{""@id"":""https://rentalscooterbarcelona.com/#business""},""author"":{""@type"":""Person"",""name"":""A B""},""datePublished"":""2023-07-21"",""reviewRating"":{""@type"":""Rating"",""ratingValue"":5,""bestRating"":5,""worstRating"":1},""reviewBody"":""\""Betrouwbare eerlijke zaak met een sympathieke eigenaar. Scooters zijn in goede staat en dat tegen een eerlijke prijs. Ik kom hier toekomstgericht zeker terug.\"""",""publisher"":{""@type"":""Organization"",""name"":""Google""}}","{""line"":980,""text"":""★★★★★ “Betrouwbare eerlijke zaak met een sympathieke eigenaar. Scooters zijn in goede staat en dat tegen een eerlijke prijs. Ik kom hier toekomstgericht zeker terug.” A B Google-review · 2023-07-21"",""links"":[]}",SÍ,SÍ,SÍ
SCOOTER,nl,988,"{""@type"":""Review"",""@id"":""https://rentalscooterbarcelona.com/nl/scooter/#google-review-2"",""itemReviewed"":{""@id"":""https://rentalscooterbarcelona.com/#business""},""author"":{""@type"":""Person"",""name"":""Rens Van Esch""},""datePublished"":""2024-07-29"",""reviewRating"":{""@type"":""Rating"",""ratingValue"":5,""bestRating"":5,""worstRating"":1},""reviewBody"":""\""[…] Echt een aanrader als je een fijne scooter wil rijden met goede service. Top dag gehad.\"""",""publisher"":{""@type"":""Organization"",""name"":""Google""}}","{""line"":988,""text"":""★★★★★ “[…] Echt een aanrader als je een fijne scooter wil rijden met goede service. Top dag gehad.” Rens Van Esch Google-review · 2024-07-29"",""links"":[]}",SÍ,SÍ,SÍ
SCOOTER,nl,996,"{""@type"":""Review"",""@id"":""https://rentalscooterbarcelona.com/nl/scooter/#google-review-3"",""itemReviewed"":{""@id"":""https://rentalscooterbarcelona.com/#business""},""author"":{""@type"":""Person"",""name"":""Tony iL""},""datePublished"":""2025-04-24"",""reviewRating"":{""@type"":""Rating"",""ratingValue"":5,""bestRating"":5,""worstRating"":1},""reviewBody"":""\""Aardige mensen, goede prijs en uitstekende scooters!\"""",""publisher"":{""@type"":""Organization"",""name"":""Google""}}","{""line"":996,""text"":""★★★★★ “Aardige mensen, goede prijs en uitstekende scooters!” Tony iL Google-review · 2025-04-24"",""links"":[]}",SÍ,SÍ,SÍ
SCOOTER,nl,1004,"{""@type"":""Review"",""@id"":""https://rentalscooterbarcelona.com/nl/scooter/#google-review-4"",""itemReviewed"":{""@id"":""https://rentalscooterbarcelona.com/#business""},""author"":{""@type"":""Person"",""name"":""Sergio Curbelo""},""datePublished"":""2020-02-29"",""reviewRating"":{""@type"":""Rating"",""ratingValue"":5,""bestRating"":5,""worstRating"":1},""reviewBody"":""\""De beste plek in Barcelona om een scooter te huren en een rondje door de stad te rijden.\"""",""publisher"":{""@type"":""Organization"",""name"":""Google""}}","{""line"":1004,""text"":""★★★★★ “De beste plek in Barcelona om een scooter te huren en een rondje door de stad te rijden.” Sergio Curbelo Google-review · 2020-02-29"",""links"":[]}",SÍ,SÍ,SÍ
SCOOTER,nl,1012,"{""@type"":""Review"",""@id"":""https://rentalscooterbarcelona.com/nl/scooter/#google-review-5"",""itemReviewed"":{""@id"":""https://rentalscooterbarcelona.com/#business""},""author"":{""@type"":""Person"",""name"":""Stathis Papadopoulos""},""datePublished"":""2017-06-10"",""reviewRating"":{""@type"":""Rating"",""ratingValue"":5,""bestRating"":5,""worstRating"":1},""reviewBody"":""\""Natalie was geweldig en erg vriendelijk tegen ons. Alles waar we om vroegen, deed ze voor ons. De scooter was uitstekend. De prijs is de beste. We raden deze verhuurwinkel aan voor je vakantie in Barcelona. Bedankt.\"""",""publisher"":{""@type"":""Organization"",""name"":""Google""}}","{""line"":1012,""text"":""★★★★★ “Natalie was geweldig en erg vriendelijk tegen ons. Alles waar we om vroegen, deed ze voor ons. De scooter was uitstekend. De prijs is de beste. We raden deze verhuurwinkel aan voor je vakantie in Barcelona. Bedankt.” Stathis Papadopoulos Google-review · 2017-06-10"",""links"":[]}",SÍ,SÍ,SÍ
SCOOTER,nl,1020,"{""@type"":""Review"",""@id"":""https://rentalscooterbarcelona.com/nl/scooter/#google-review-6"",""itemReviewed"":{""@id"":""https://rentalscooterbarcelona.com/#business""},""author"":{""@type"":""Person"",""name"":""Johnny Zara""},""datePublished"":""2018-07-09"",""reviewRating"":{""@type"":""Rating"",""ratingValue"":5,""bestRating"":5,""worstRating"":1},""reviewBody"":""\""Zeer vriendelijke mensen, zeer concurrerende prijzen en efficiënte scooters! Ik kan het alleen maar aanbevelen! Bedankt, tot de volgende keer!!\"""",""publisher"":{""@type"":""Organization"",""name"":""Google""}}","{""line"":1020,""text"":""★★★★★ “Zeer vriendelijke mensen, zeer concurrerende prijzen en efficiënte scooters! Ik kan het alleen maar aanbevelen! Bedankt, tot de volgende keer!!” Johnny Zara Google-review · 2018-07-09"",""links"":[]}",SÍ,SÍ,SÍ
SCOOTER,pt,954,"{""@type"":""Review"",""@id"":""https://rentalscooterbarcelona.com/pt/scooter/#google-review-1"",""itemReviewed"":{""@id"":""https://rentalscooterbarcelona.com/#business""},""author"":{""@type"":""Person"",""name"":""Kristof Keleti""},""datePublished"":""2019-06-26"",""reviewRating"":{""@type"":""Rating"",""ratingValue"":5,""bestRating"":5,""worstRating"":1},""reviewBody"":""\""A minha melhor experiência de aluguer de scooter de sempre! Pessoal muito simpático e prestável! A mota e tudo o resto estavam perfeitos! Recomendo vivamente.\"""",""publisher"":{""@type"":""Organization"",""name"":""Google""}}","{""line"":954,""text"":""★★★★★ “A minha melhor experiência de aluguer de scooter de sempre! Pessoal muito simpático e prestável! A mota e tudo o resto estavam perfeitos! Recomendo vivamente.” Kristof Keleti Avaliação Google · 2019-06-26"",""links"":[]}",SÍ,SÍ,SÍ
SCOOTER,pt,962,"{""@type"":""Review"",""@id"":""https://rentalscooterbarcelona.com/pt/scooter/#google-review-2"",""itemReviewed"":{""@id"":""https://rentalscooterbarcelona.com/#business""},""author"":{""@type"":""Person"",""name"":""Marwan Hatem""},""datePublished"":""2019-05-22"",""reviewRating"":{""@type"":""Rating"",""ratingValue"":5,""bestRating"":5,""worstRating"":1},""reviewBody"":""\""Scooter muito boa, limpa, capacete limpo :) Pessoal incrível, obrigado.\"""",""publisher"":{""@type"":""Organization"",""name"":""Google""}}","{""line"":962,""text"":""★★★★★ “Scooter muito boa, limpa, capacete limpo :) Pessoal incrível, obrigado.” Marwan Hatem Avaliação Google · 2019-05-22"",""links"":[]}",SÍ,SÍ,SÍ
SCOOTER,pt,970,"{""@type"":""Review"",""@id"":""https://rentalscooterbarcelona.com/pt/scooter/#google-review-3"",""itemReviewed"":{""@id"":""https://rentalscooterbarcelona.com/#business""},""author"":{""@type"":""Person"",""name"":""Tony iL""},""datePublished"":""2025-04-24"",""reviewRating"":{""@type"":""Rating"",""ratingValue"":5,""bestRating"":5,""worstRating"":1},""reviewBody"":""\""Pessoas simpáticas, bom preço e scooters excelentes!\"""",""publisher"":{""@type"":""Organization"",""name"":""Google""}}","{""line"":970,""text"":""★★★★★ “Pessoas simpáticas, bom preço e scooters excelentes!” Tony iL Avaliação Google · 2025-04-24"",""links"":[]}",SÍ,SÍ,SÍ
SCOOTER,pt,978,"{""@type"":""Review"",""@id"":""https://rentalscooterbarcelona.com/pt/scooter/#google-review-4"",""itemReviewed"":{""@id"":""https://rentalscooterbarcelona.com/#business""},""author"":{""@type"":""Person"",""name"":""Sergio Curbelo""},""datePublished"":""2020-02-29"",""reviewRating"":{""@type"":""Rating"",""ratingValue"":5,""bestRating"":5,""worstRating"":1},""reviewBody"":""\""O melhor sítio de Barcelona para alugar um scooter e dar uma volta pela cidade.\"""",""publisher"":{""@type"":""Organization"",""name"":""Google""}}","{""line"":978,""text"":""★★★★★ “O melhor sítio de Barcelona para alugar um scooter e dar uma volta pela cidade.” Sergio Curbelo Avaliação Google · 2020-02-29"",""links"":[]}",SÍ,SÍ,SÍ
SCOOTER,pt,986,"{""@type"":""Review"",""@id"":""https://rentalscooterbarcelona.com/pt/scooter/#google-review-5"",""itemReviewed"":{""@id"":""https://rentalscooterbarcelona.com/#business""},""author"":{""@type"":""Person"",""name"":""Stathis Papadopoulos""},""datePublished"":""2017-06-10"",""reviewRating"":{""@type"":""Rating"",""ratingValue"":5,""bestRating"":5,""worstRating"":1},""reviewBody"":""\""A Natalie foi incrível e muito simpática connosco. Fez tudo o que lhe pedimos. O scooter era excelente. O preço é o melhor. Recomendamos esta loja de aluguer para as suas férias em Barcelona. Obrigado.\"""",""publisher"":{""@type"":""Organization"",""name"":""Google""}}","{""line"":986,""text"":""★★★★★ “A Natalie foi incrível e muito simpática connosco. Fez tudo o que lhe pedimos. O scooter era excelente. O preço é o melhor. Recomendamos esta loja de aluguer para as suas férias em Barcelona. Obrigado.” Stathis Papadopoulos Avaliação Google · 2017-06-10"",""links"":[]}",SÍ,SÍ,SÍ
SCOOTER,pt,994,"{""@type"":""Review"",""@id"":""https://rentalscooterbarcelona.com/pt/scooter/#google-review-6"",""itemReviewed"":{""@id"":""https://rentalscooterbarcelona.com/#business""},""author"":{""@type"":""Person"",""name"":""Johnny Zara""},""datePublished"":""2018-07-09"",""reviewRating"":{""@type"":""Rating"",""ratingValue"":5,""bestRating"":5,""worstRating"":1},""reviewBody"":""\""Pessoas muito simpáticas, preços muito competitivos e scooters eficientes! Recomendo! Obrigado, até à próxima!!\"""",""publisher"":{""@type"":""Organization"",""name"":""Google""}}","{""line"":994,""text"":""★★★★★ “Pessoas muito simpáticas, preços muito competitivos e scooters eficientes! Recomendo! Obrigado, até à próxima!!” Johnny Zara Avaliação Google · 2018-07-09"",""links"":[]}",SÍ,SÍ,SÍ
SCOOTER,ca,930,"{""@type"":""Review"",""@id"":""https://rentalscooterbarcelona.com/cat/scooter/#google-review-1"",""itemReviewed"":{""@id"":""https://rentalscooterbarcelona.com/#business""},""author"":{""@type"":""Person"",""name"":""Tony iL""},""datePublished"":""2025-04-24"",""reviewRating"":{""@type"":""Rating"",""ratingValue"":5,""bestRating"":5,""worstRating"":1},""reviewBody"":""\""Gent agradable, bon preu i scooters excel·lents!\"""",""publisher"":{""@type"":""Organization"",""name"":""Google""}}","{""line"":930,""text"":""★★★★★ “Gent agradable, bon preu i scooters excel·lents!” Tony iL Ressenya de Google · 2025-04-24"",""links"":[]}",SÍ,SÍ,SÍ
SCOOTER,ca,938,"{""@type"":""Review"",""@id"":""https://rentalscooterbarcelona.com/cat/scooter/#google-review-2"",""itemReviewed"":{""@id"":""https://rentalscooterbarcelona.com/#business""},""author"":{""@type"":""Person"",""name"":""elli Pe""},""datePublished"":""2023-07-23"",""reviewRating"":{""@type"":""Rating"",""ratingValue"":5,""bestRating"":5,""worstRating"":1},""reviewBody"":""\""Llogar un scooter va ser ràpid, senzill i molt barat.\"""",""publisher"":{""@type"":""Organization"",""name"":""Google""}}","{""line"":938,""text"":""★★★★★ “Llogar un scooter va ser ràpid, senzill i molt barat.” elli Pe Ressenya de Google · 2023-07-23"",""links"":[]}",SÍ,SÍ,SÍ
SCOOTER,ca,946,"{""@type"":""Review"",""@id"":""https://rentalscooterbarcelona.com/cat/scooter/#google-review-3"",""itemReviewed"":{""@id"":""https://rentalscooterbarcelona.com/#business""},""author"":{""@type"":""Person"",""name"":""Johnny Zara""},""datePublished"":""2018-07-09"",""reviewRating"":{""@type"":""Rating"",""ratingValue"":5,""bestRating"":5,""worstRating"":1},""reviewBody"":""\""Gent molt amable, preus supercompetitius i scooters eficients! Ho recomano! Gràcies, a la pròxima!!\"""",""publisher"":{""@type"":""Organization"",""name"":""Google""}}","{""line"":946,""text"":""★★★★★ “Gent molt amable, preus supercompetitius i scooters eficients! Ho recomano! Gràcies, a la pròxima!!” Johnny Zara Ressenya de Google · 2018-07-09"",""links"":[]}",SÍ,SÍ,SÍ
SCOOTER,ca,954,"{""@type"":""Review"",""@id"":""https://rentalscooterbarcelona.com/cat/scooter/#google-review-4"",""itemReviewed"":{""@id"":""https://rentalscooterbarcelona.com/#business""},""author"":{""@type"":""Person"",""name"":""Kristof Keleti""},""datePublished"":""2019-06-26"",""reviewRating"":{""@type"":""Rating"",""ratingValue"":5,""bestRating"":5,""worstRating"":1},""reviewBody"":""\""La meva millor experiència de lloguer de scooter! Personal molt amable i servicial! La moto i tot va ser perfecte! Molt recomanable.\"""",""publisher"":{""@type"":""Organization"",""name"":""Google""}}","{""line"":954,""text"":""★★★★★ “La meva millor experiència de lloguer de scooter! Personal molt amable i servicial! La moto i tot va ser perfecte! Molt recomanable.” Kristof Keleti Ressenya de Google · 2019-06-26"",""links"":[]}",SÍ,SÍ,SÍ
SCOOTER,ca,962,"{""@type"":""Review"",""@id"":""https://rentalscooterbarcelona.com/cat/scooter/#google-review-5"",""itemReviewed"":{""@id"":""https://rentalscooterbarcelona.com/#business""},""author"":{""@type"":""Person"",""name"":""Marwan Hatem""},""datePublished"":""2019-05-22"",""reviewRating"":{""@type"":""Rating"",""ratingValue"":5,""bestRating"":5,""worstRating"":1},""reviewBody"":""\""Scooter molt bo, net, casc net :) Personal increïble. Gràcies.\"""",""publisher"":{""@type"":""Organization"",""name"":""Google""}}","{""line"":962,""text"":""★★★★★ “Scooter molt bo, net, casc net :) Personal increïble. Gràcies.” Marwan Hatem Ressenya de Google · 2019-05-22"",""links"":[]}",SÍ,SÍ,SÍ
SCOOTER,ca,970,"{""@type"":""Review"",""@id"":""https://rentalscooterbarcelona.com/cat/scooter/#google-review-6"",""itemReviewed"":{""@id"":""https://rentalscooterbarcelona.com/#business""},""author"":{""@type"":""Person"",""name"":""Ollie Olney""},""datePublished"":""2017-09-26"",""reviewRating"":{""@type"":""Rating"",""ratingValue"":5,""bestRating"":5,""worstRating"":1},""reviewBody"":""\""Fantàstic per llogar un scooter a un preu assequible, comparat amb els principals proveïdors de Barcelona! Vam llogar un scooter per un dia i ens va agradar tant que el vam llogar un dia més. La Natalia va ser encantadora i molt servicial :) Ho recomanaria a qualsevol persona que vulgui llogar aquí.\"""",""publisher"":{""@type"":""Organization"",""name"":""Google""}}","{""line"":970,""text"":""★★★★★ “Fantàstic per llogar un scooter a un preu assequible, comparat amb els principals proveïdors de Barcelona! Vam llogar un scooter per un dia i ens va agradar tant que el vam llogar un dia més. La Natalia va ser encantadora i molt servicial :) Ho recomanaria a qualsevol persona que vulgui llogar aquí.” Ollie Olney Ressenya de Google · 2017-09-26"",""links"":[]}",SÍ,SÍ,SÍ
SCOOTER,sv,943,"{""@type"":""Review"",""@id"":""https://rentalscooterbarcelona.com/sv/scooter/#google-review-1"",""itemReviewed"":{""@id"":""https://rentalscooterbarcelona.com/#business""},""author"":{""@type"":""Person"",""name"":""Tony iL""},""datePublished"":""2025-04-24"",""reviewRating"":{""@type"":""Rating"",""ratingValue"":5,""bestRating"":5,""worstRating"":1},""reviewBody"":""\""Trevliga människor, bra pris och fantastiska scootrar!\"""",""publisher"":{""@type"":""Organization"",""name"":""Google""}}","{""line"":943,""text"":""★★★★★ “Trevliga människor, bra pris och fantastiska scootrar!” Tony iL Google-recension · 2025-04-24"",""links"":[]}",SÍ,SÍ,SÍ
SCOOTER,sv,951,"{""@type"":""Review"",""@id"":""https://rentalscooterbarcelona.com/sv/scooter/#google-review-2"",""itemReviewed"":{""@id"":""https://rentalscooterbarcelona.com/#business""},""author"":{""@type"":""Person"",""name"":""elli Pe""},""datePublished"":""2023-07-23"",""reviewRating"":{""@type"":""Rating"",""ratingValue"":5,""bestRating"":5,""worstRating"":1},""reviewBody"":""\""Det gick snabbt, enkelt och var mycket billigt att hyra en scooter.\"""",""publisher"":{""@type"":""Organization"",""name"":""Google""}}","{""line"":951,""text"":""★★★★★ “Det gick snabbt, enkelt och var mycket billigt att hyra en scooter.” elli Pe Google-recension · 2023-07-23"",""links"":[]}",SÍ,SÍ,SÍ
SCOOTER,sv,959,"{""@type"":""Review"",""@id"":""https://rentalscooterbarcelona.com/sv/scooter/#google-review-3"",""itemReviewed"":{""@id"":""https://rentalscooterbarcelona.com/#business""},""author"":{""@type"":""Person"",""name"":""Johnny Zara""},""datePublished"":""2018-07-09"",""reviewRating"":{""@type"":""Rating"",""ratingValue"":5,""bestRating"":5,""worstRating"":1},""reviewBody"":""\""Mycket trevliga människor, superkonkurrenskraftiga priser och effektiva scootrar! Jag rekommenderar det verkligen! Tack, vi ses nästa gång!!\"""",""publisher"":{""@type"":""Organization"",""name"":""Google""}}","{""line"":959,""text"":""★★★★★ “Mycket trevliga människor, superkonkurrenskraftiga priser och effektiva scootrar! Jag rekommenderar det verkligen! Tack, vi ses nästa gång!!” Johnny Zara Google-recension · 2018-07-09"",""links"":[]}",SÍ,SÍ,SÍ
SCOOTER,sv,967,"{""@type"":""Review"",""@id"":""https://rentalscooterbarcelona.com/sv/scooter/#google-review-4"",""itemReviewed"":{""@id"":""https://rentalscooterbarcelona.com/#business""},""author"":{""@type"":""Person"",""name"":""Kristof Keleti""},""datePublished"":""2019-06-26"",""reviewRating"":{""@type"":""Rating"",""ratingValue"":5,""bestRating"":5,""worstRating"":1},""reviewBody"":""\""Min bästa upplevelse av scooteruthyrning någonsin! Mycket trevlig och hjälpsam personal! Motorcykeln och allt annat var perfekt! Rekommenderas varmt.\"""",""publisher"":{""@type"":""Organization"",""name"":""Google""}}","{""line"":967,""text"":""★★★★★ “Min bästa upplevelse av scooteruthyrning någonsin! Mycket trevlig och hjälpsam personal! Motorcykeln och allt annat var perfekt! Rekommenderas varmt.” Kristof Keleti Google-recension · 2019-06-26"",""links"":[]}",SÍ,SÍ,SÍ
SCOOTER,sv,975,"{""@type"":""Review"",""@id"":""https://rentalscooterbarcelona.com/sv/scooter/#google-review-5"",""itemReviewed"":{""@id"":""https://rentalscooterbarcelona.com/#business""},""author"":{""@type"":""Person"",""name"":""Marwan Hatem""},""datePublished"":""2019-05-22"",""reviewRating"":{""@type"":""Rating"",""ratingValue"":5,""bestRating"":5,""worstRating"":1},""reviewBody"":""\""Mycket bra scooter, ren, ren hjälm :) Fantastisk personal. Tack.\"""",""publisher"":{""@type"":""Organization"",""name"":""Google""}}","{""line"":975,""text"":""★★★★★ “Mycket bra scooter, ren, ren hjälm :) Fantastisk personal. Tack.” Marwan Hatem Google-recension · 2019-05-22"",""links"":[]}",SÍ,SÍ,SÍ
SCOOTER,sv,983,"{""@type"":""Review"",""@id"":""https://rentalscooterbarcelona.com/sv/scooter/#google-review-6"",""itemReviewed"":{""@id"":""https://rentalscooterbarcelona.com/#business""},""author"":{""@type"":""Person"",""name"":""Ollie Olney""},""datePublished"":""2017-09-26"",""reviewRating"":{""@type"":""Rating"",""ratingValue"":5,""bestRating"":5,""worstRating"":1},""reviewBody"":""\""Fantastiskt ställe för att hyra en scooter till ett rimligt pris jämfört med de stora uthyrarna i Barcelona! Vi hyrde en scooter för en dag och tyckte så mycket om den att vi hyrde den en dag till. Natalia var underbar och mycket hjälpsam :) Jag skulle rekommendera vem som helst att hyra här.\"""",""publisher"":{""@type"":""Organization"",""name"":""Google""}}","{""line"":983,""text"":""★★★★★ “Fantastiskt ställe för att hyra en scooter till ett rimligt pris jämfört med de stora uthyrarna i Barcelona! Vi hyrde en scooter för en dag och tyckte så mycket om den att vi hyrde den en dag till. Natalia var underbar och mycket hjälpsam :) Jag skulle rekommendera vem som helst att hyra här.” Ollie Olney Google-recension · 2017-09-26"",""links"":[]}",SÍ,SÍ,SÍ
SCOOTER,pl,997,"{""@type"":""Review"",""@id"":""https://rentalscooterbarcelona.com/pl/scooter/#google-review-1"",""itemReviewed"":{""@id"":""https://rentalscooterbarcelona.com/#business""},""author"":{""@type"":""Person"",""name"":""Maciej Bielawski""},""datePublished"":""2026-04-28"",""reviewRating"":{""@type"":""Rating"",""ratingValue"":5,""bestRating"":5,""worstRating"":1},""reviewBody"":""\""Ostatniego dnia pobytu w Barcelonie wynajęliśmy tutaj skuter i to był strzał w 10. Dzięki maszynie 125cm3 zwiedziliśmy odległe zakamarki miasta. Sama obsługa w wypożyczalni jak i kontakt w jak najlepszym porządku. Polecam\"""",""publisher"":{""@type"":""Organization"",""name"":""Google""}}","{""line"":997,""text"":""★★★★★ “Ostatniego dnia pobytu w Barcelonie wynajęliśmy tutaj skuter i to był strzał w 10. Dzięki maszynie 125cm3 zwiedziliśmy odległe zakamarki miasta. Sama obsługa w wypożyczalni jak i kontakt w jak najlepszym porządku. Polecam” Maciej Bielawski Opinia Google · 2026-04-28"",""links"":[]}",SÍ,SÍ,SÍ
SCOOTER,pl,1005,"{""@type"":""Review"",""@id"":""https://rentalscooterbarcelona.com/pl/scooter/#google-review-2"",""itemReviewed"":{""@id"":""https://rentalscooterbarcelona.com/#business""},""author"":{""@type"":""Person"",""name"":""Tony iL""},""datePublished"":""2025-04-24"",""reviewRating"":{""@type"":""Rating"",""ratingValue"":5,""bestRating"":5,""worstRating"":1},""reviewBody"":""\""Mili ludzie, dobra cena i świetne skutery!\"""",""publisher"":{""@type"":""Organization"",""name"":""Google""}}","{""line"":1005,""text"":""★★★★★ “Mili ludzie, dobra cena i świetne skutery!” Tony iL Opinia Google · 2025-04-24"",""links"":[]}",SÍ,SÍ,SÍ
SCOOTER,pl,1013,"{""@type"":""Review"",""@id"":""https://rentalscooterbarcelona.com/pl/scooter/#google-review-3"",""itemReviewed"":{""@id"":""https://rentalscooterbarcelona.com/#business""},""author"":{""@type"":""Person"",""name"":""elli Pe""},""datePublished"":""2023-07-23"",""reviewRating"":{""@type"":""Rating"",""ratingValue"":5,""bestRating"":5,""worstRating"":1},""reviewBody"":""\""Wynajem skutera był szybki, prosty i bardzo tani.\"""",""publisher"":{""@type"":""Organization"",""name"":""Google""}}","{""line"":1013,""text"":""★★★★★ “Wynajem skutera był szybki, prosty i bardzo tani.” elli Pe Opinia Google · 2023-07-23"",""links"":[]}",SÍ,SÍ,SÍ
SCOOTER,pl,1021,"{""@type"":""Review"",""@id"":""https://rentalscooterbarcelona.com/pl/scooter/#google-review-4"",""itemReviewed"":{""@id"":""https://rentalscooterbarcelona.com/#business""},""author"":{""@type"":""Person"",""name"":""Johnny Zara""},""datePublished"":""2018-07-09"",""reviewRating"":{""@type"":""Rating"",""ratingValue"":5,""bestRating"":5,""worstRating"":1},""reviewBody"":""\""Bardzo mili ludzie, wyjątkowo konkurencyjne ceny i sprawne skutery! Zdecydowanie polecam! Dziękuję, do następnego razu!!\"""",""publisher"":{""@type"":""Organization"",""name"":""Google""}}","{""line"":1021,""text"":""★★★★★ “Bardzo mili ludzie, wyjątkowo konkurencyjne ceny i sprawne skutery! Zdecydowanie polecam! Dziękuję, do następnego razu!!” Johnny Zara Opinia Google · 2018-07-09"",""links"":[]}",SÍ,SÍ,SÍ
SCOOTER,pl,1029,"{""@type"":""Review"",""@id"":""https://rentalscooterbarcelona.com/pl/scooter/#google-review-5"",""itemReviewed"":{""@id"":""https://rentalscooterbarcelona.com/#business""},""author"":{""@type"":""Person"",""name"":""Marwan Hatem""},""datePublished"":""2019-05-22"",""reviewRating"":{""@type"":""Rating"",""ratingValue"":5,""bestRating"":5,""worstRating"":1},""reviewBody"":""\""Bardzo dobry skuter, czysty, kask czysty :) Wspaniała obsługa. Dziękuję.\"""",""publisher"":{""@type"":""Organization"",""name"":""Google""}}","{""line"":1029,""text"":""★★★★★ “Bardzo dobry skuter, czysty, kask czysty :) Wspaniała obsługa. Dziękuję.” Marwan Hatem Opinia Google · 2019-05-22"",""links"":[]}",SÍ,SÍ,SÍ
SCOOTER,pl,1037,"{""@type"":""Review"",""@id"":""https://rentalscooterbarcelona.com/pl/scooter/#google-review-6"",""itemReviewed"":{""@id"":""https://rentalscooterbarcelona.com/#business""},""author"":{""@type"":""Person"",""name"":""Ollie Olney""},""datePublished"":""2017-09-26"",""reviewRating"":{""@type"":""Rating"",""ratingValue"":5,""bestRating"":5,""worstRating"":1},""reviewBody"":""\""Fantastyczne miejsce na wynajem skutera w przystępnej cenie w porównaniu z największymi wypożyczalniami w Barcelonie! Wynajęliśmy skuter na jeden dzień, a potem spodobał nam się tak bardzo, że wynajęliśmy go na kolejny dzień. Natalia była przemiła i bardzo pomocna :) Poleciłbym każdemu wynajem w tym miejscu.\"""",""publisher"":{""@type"":""Organization"",""name"":""Google""}}","{""line"":1037,""text"":""★★★★★ “Fantastyczne miejsce na wynajem skutera w przystępnej cenie w porównaniu z największymi wypożyczalniami w Barcelonie! Wynajęliśmy skuter na jeden dzień, a potem spodobał nam się tak bardzo, że wynajęliśmy go na kolejny dzień. Natalia była przemiła i bardzo pomocna :) Poleciłbym każdemu wynajem w tym miejscu.” Ollie Olney Opinia Google · 2017-09-26"",""links"":[]}",SÍ,SÍ,SÍ
ROLLERBLADES,en,985,"{""@type"":""Review"",""@id"":""https://rentalscooterbarcelona.com/rollerblades/#google-review-1"",""itemReviewed"":{""@id"":""https://rentalscooterbarcelona.com/#business""},""author"":{""@type"":""Person"",""name"":""Yassine Souri""},""reviewRating"":{""@type"":""Rating"",""ratingValue"":5,""bestRating"":5,""worstRating"":1},""reviewBody"":""\""Best Rollers 🛼 rental spot , You can go alongside Barceloneta. Amazing time and experience. The owner is also a wonderful guy. I recommend a lot\"""",""publisher"":{""@type"":""Organization"",""name"":""Google""},""datePublished"":""2026-07-30""}","{""line"":985,""text"":""★★★★★ “Best Rollers 🛼 rental spot , You can go alongside Barceloneta. Amazing time and experience. The owner is also a wonderful guy. I recommend a lot” Yassine Souri Google review · 2026-07-30"",""links"":[]}",SÍ,SÍ,SÍ
ROLLERBLADES,en,993,"{""@type"":""Review"",""@id"":""https://rentalscooterbarcelona.com/rollerblades/#google-review-2"",""itemReviewed"":{""@id"":""https://rentalscooterbarcelona.com/#business""},""author"":{""@type"":""Person"",""name"":""Islem lahami""},""reviewRating"":{""@type"":""Rating"",""ratingValue"":5,""bestRating"":5,""worstRating"":1},""reviewBody"":""\""The best place to rent skates in Barcelona ❤️\"""",""publisher"":{""@type"":""Organization"",""name"":""Google""},""datePublished"":""2026-05-30""}","{""line"":993,""text"":""★★★★★ “The best place to rent skates in Barcelona ❤️” Islem lahami Google review · 2026-05-30"",""links"":[]}",SÍ,SÍ,SÍ
ROLLERBLADES,en,1001,"{""@type"":""Review"",""@id"":""https://rentalscooterbarcelona.com/rollerblades/#google-review-3"",""itemReviewed"":{""@id"":""https://rentalscooterbarcelona.com/#business""},""author"":{""@type"":""Person"",""name"":""Zarya""},""reviewRating"":{""@type"":""Rating"",""ratingValue"":5,""bestRating"":5,""worstRating"":1},""reviewBody"":""\""Amazing place to rent your chosen wheel fun and ride around the area or of course if braver on the beach promenade, which is right round the corner! Our Argentinian host was super lovely and even taught us how to skate as some of us had never been on before. Can't recommend enough that place!\"""",""publisher"":{""@type"":""Organization"",""name"":""Google""},""datePublished"":""2023-04-25""}","{""line"":1001,""text"":""★★★★★ “Amazing place to rent your chosen wheel fun and ride around the area or of course if braver on the beach promenade, which is right round the corner! Our Argentinian host was super lovely and even taught us how to skate as some of us had never been on before. Can't recommend enough that place!” Zarya Google review · 2023-04-25"",""links"":[]}",SÍ,SÍ,SÍ
ROLLERBLADES,en,1009,"{""@type"":""Review"",""@id"":""https://rentalscooterbarcelona.com/rollerblades/#google-review-4"",""itemReviewed"":{""@id"":""https://rentalscooterbarcelona.com/#business""},""author"":{""@type"":""Person"",""name"":""Pierre L""},""reviewRating"":{""@type"":""Rating"",""ratingValue"":5,""bestRating"":5,""worstRating"":1},""reviewBody"":""\""Great place to rent skates in Barcelona. We rented both inline skates (rollerblades) and classic 4-wheel roller skates. Everything was in good condition, the staff was helpful and the location near the beach is perfect for skating. Highly recommended if you're looking for inline skate or roller skate rental in Barcelona.\"""",""publisher"":{""@type"":""Organization"",""name"":""Google""},""datePublished"":""2026-08-10""}","{""line"":1009,""text"":""★★★★★ “Great place to rent skates in Barcelona. We rented both inline skates (rollerblades) and classic 4-wheel roller skates. Everything was in good condition, the staff was helpful and the location near the beach is perfect for skating. Highly recommended if you're looking for inline skate or roller skate rental in Barcelona.” Pierre L Google review · 2026-08-10"",""links"":[]}",SÍ,SÍ,SÍ
ROLLERBLADES,en,1017,"{""@type"":""Review"",""@id"":""https://rentalscooterbarcelona.com/rollerblades/#google-review-5"",""itemReviewed"":{""@id"":""https://rentalscooterbarcelona.com/#business""},""author"":{""@type"":""Person"",""name"":""Bailey Brooke""},""reviewRating"":{""@type"":""Rating"",""ratingValue"":5,""bestRating"":5,""worstRating"":1},""reviewBody"":""\""My boyfriend and I rented a pair of skates and bike to go up the board walk and it was so fun! The owners were so sweet and helpful and the price was great! Very happy with this place and will come back.\"""",""publisher"":{""@type"":""Organization"",""name"":""Google""},""datePublished"":""2026-04-04""}","{""line"":1017,""text"":""★★★★★ “My boyfriend and I rented a pair of skates and bike to go up the board walk and it was so fun! The owners were so sweet and helpful and the price was great! Very happy with this place and will come back.” Bailey Brooke Google review · 2026-04-04"",""links"":[]}",SÍ,SÍ,SÍ
ROLLERBLADES,es,982,"{""@type"":""Review"",""@id"":""https://rentalscooterbarcelona.com/es/rollerblades/#google-review-1"",""itemReviewed"":{""@id"":""https://rentalscooterbarcelona.com/#business""},""author"":{""@type"":""Person"",""name"":""Sonia""},""datePublished"":""2026-05-20"",""reviewRating"":{""@type"":""Rating"",""ratingValue"":5,""bestRating"":5,""worstRating"":1},""reviewBody"":""\""Alquilamos patines en línea en Barcelona en nuestras vacaciones,, tambien tienen patines de 4 ruedas, esta situada en la Vila Olimpica, al lado del paseo maritimo ycerca de la Barceloneta. Buen precio y una atenci¡on genial, lo recomiendo .100x100\"""",""publisher"":{""@type"":""Organization"",""name"":""Google""}}","{""line"":982,""text"":""★★★★★ “Alquilamos patines en línea en Barcelona en nuestras vacaciones,, tambien tienen patines de 4 ruedas, esta situada en la Vila Olimpica, al lado del paseo maritimo ycerca de la Barceloneta. Buen precio y una atenci¡on genial, lo recomiendo .100x100” Sonia · Reseña de Google · 2026-05-20"",""links"":[]}",SÍ,SÍ,SÍ
ROLLERBLADES,es,983,"{""@type"":""Review"",""@id"":""https://rentalscooterbarcelona.com/es/rollerblades/#google-review-2"",""itemReviewed"":{""@id"":""https://rentalscooterbarcelona.com/#business""},""author"":{""@type"":""Person"",""name"":""Luz""},""datePublished"":""2026-03-08"",""reviewRating"":{""@type"":""Rating"",""ratingValue"":5,""bestRating"":5,""worstRating"":1},""reviewBody"":""\""Hemos venido al puerto olímpico a patinar con mi hijo y nos ha ido genial la equipación. El trato muy agradable también, muchas gracias!!\"""",""publisher"":{""@type"":""Organization"",""name"":""Google""}}","{""line"":983,""text"":""★★★★★ “Hemos venido al puerto olímpico a patinar con mi hijo y nos ha ido genial la equipación. El trato muy agradable también, muchas gracias!!” Luz · Reseña de Google · 2026-03-08"",""links"":[]}",SÍ,SÍ,SÍ
ROLLERBLADES,es,984,"{""@type"":""Review"",""@id"":""https://rentalscooterbarcelona.com/es/rollerblades/#google-review-3"",""itemReviewed"":{""@id"":""https://rentalscooterbarcelona.com/#business""},""author"":{""@type"":""Person"",""name"":""Cristhian Oscar Heredia Rejas""},""datePublished"":""2025-06-23"",""reviewRating"":{""@type"":""Rating"",""ratingValue"":5,""bestRating"":5,""worstRating"":1},""reviewBody"":""\""Experiencia increíble. Todo fue genial, la atención, el material y las instrucciones previas antes del uso de los patines. 💯 Recomendable. La dueña se preocupa que tengas todo, muy atenta y cordial. Repetiré.\"""",""publisher"":{""@type"":""Organization"",""name"":""Google""}}","{""line"":984,""text"":""★★★★★ “Experiencia increíble. Todo fue genial, la atención, el material y las instrucciones previas antes del uso de los patines. 💯 Recomendable. La dueña se preocupa que tengas todo, muy atenta y cordial. Repetiré.” Cristhian Oscar Heredia Rejas · Reseña de Google · 2025-06-23"",""links"":[]}",SÍ,SÍ,SÍ
ROLLERBLADES,es,985,"{""@type"":""Review"",""@id"":""https://rentalscooterbarcelona.com/es/rollerblades/#google-review-4"",""itemReviewed"":{""@id"":""https://rentalscooterbarcelona.com/#business""},""author"":{""@type"":""Person"",""name"":""Greta Mirizzi""},""datePublished"":""2025-12-19"",""reviewRating"":{""@type"":""Rating"",""ratingValue"":5,""bestRating"":5,""worstRating"":1},""reviewBody"":""\""Experiencia súper! Las chicas fueron súper gentiles, me eligieron unos patines perfectos y me recomendaron la ruta! Unas amores. Eficiente y barato! Gracias!!! <333\"""",""publisher"":{""@type"":""Organization"",""name"":""Google""}}","{""line"":985,""text"":""★★★★★ “Experiencia súper! Las chicas fueron súper gentiles, me eligieron unos patines perfectos y me recomendaron la ruta! Unas amores. Eficiente y barato! Gracias!!! <333” Greta Mirizzi · Reseña de Google · 2025-12-19"",""links"":[]}",SÍ,SÍ,SÍ
ROLLERBLADES,es,986,"{""@type"":""Review"",""@id"":""https://rentalscooterbarcelona.com/es/rollerblades/#google-review-5"",""itemReviewed"":{""@id"":""https://rentalscooterbarcelona.com/#business""},""author"":{""@type"":""Person"",""name"":""xavier barrachina canovas""},""datePublished"":""2026-01-04"",""reviewRating"":{""@type"":""Rating"",""ratingValue"":5,""bestRating"":5,""worstRating"":1},""reviewBody"":""\""Alquile unosbm patines en linea y el precio está genial, con protecciónesbpara las manos incluidas, lo mejor😊\"""",""publisher"":{""@type"":""Organization"",""name"":""Google""}}","{""line"":986,""text"":""★★★★★ “Alquile unosbm patines en linea y el precio está genial, con protecciónesbpara las manos incluidas, lo mejor😊” xavier barrachina canovas · Reseña de Google · 2026-01-04"",""links"":[]}",SÍ,SÍ,SÍ
ROLLERBLADES,fr,921,"{""@type"":""Review"",""@id"":""https://rentalscooterbarcelona.com/fr/rollerblades/#google-review-1"",""itemReviewed"":{""@id"":""https://rentalscooterbarcelona.com/#business""},""author"":{""@type"":""Person"",""name"":""Anirbas Anirbas""},""datePublished"":""2023-09-10"",""reviewRating"":{""@type"":""Rating"",""ratingValue"":5,""bestRating"":5,""worstRating"":1},""reviewBody"":""\""Nous avons pris des rollers là-bas, Je conseille sans parler du vendeur qui était d’une gentillesse merci à lui\"""",""publisher"":{""@type"":""Organization"",""name"":""Google""}}","{""line"":921,""text"":""★★★★★ “Nous avons pris des rollers là-bas, Je conseille sans parler du vendeur qui était d’une gentillesse merci à lui” Anirbas Anirbas · Avis Google · 2023-09-10"",""links"":[]}",SÍ,SÍ,SÍ
ROLLERBLADES,fr,922,"{""@type"":""Review"",""@id"":""https://rentalscooterbarcelona.com/fr/rollerblades/#google-review-2"",""itemReviewed"":{""@id"":""https://rentalscooterbarcelona.com/#business""},""author"":{""@type"":""Person"",""name"":""Sonia""},""datePublished"":""2026-05-20"",""reviewRating"":{""@type"":""Rating"",""ratingValue"":5,""bestRating"":5,""worstRating"":1},""reviewBody"":""\""Nous avons loué des rollers en ligne à Barcelone pendant nos vacances. Ils ont aussi des patins à quatre roues. La boutique se trouve à la Vila Olímpica, à côté de la promenade maritime et près de la Barceloneta. Bon prix et excellent accueil, je recommande à 100 %.\"""",""publisher"":{""@type"":""Organization"",""name"":""Google""}}","{""line"":922,""text"":""★★★★★ “Nous avons loué des rollers en ligne à Barcelone pendant nos vacances. Ils ont aussi des patins à quatre roues. La boutique se trouve à la Vila Olímpica, à côté de la promenade maritime et près de la Barceloneta. Bon prix et excellent accueil, je recommande à 100 %.” Sonia · Avis Google · 2026-05-20"",""links"":[]}",SÍ,SÍ,SÍ
ROLLERBLADES,fr,923,"{""@type"":""Review"",""@id"":""https://rentalscooterbarcelona.com/fr/rollerblades/#google-review-3"",""itemReviewed"":{""@id"":""https://rentalscooterbarcelona.com/#business""},""author"":{""@type"":""Person"",""name"":""Luz""},""datePublished"":""2026-03-08"",""reviewRating"":{""@type"":""Rating"",""ratingValue"":5,""bestRating"":5,""worstRating"":1},""reviewBody"":""\""Nous sommes venus au Port Olímpic pour patiner avec mon fils et l’équipement nous a parfaitement convenu. L’accueil a également été très agréable, merci beaucoup !\"""",""publisher"":{""@type"":""Organization"",""name"":""Google""}}","{""line"":923,""text"":""★★★★★ “Nous sommes venus au Port Olímpic pour patiner avec mon fils et l’équipement nous a parfaitement convenu. L’accueil a également été très agréable, merci beaucoup !” Luz · Avis Google · 2026-03-08"",""links"":[]}",SÍ,SÍ,SÍ
ROLLERBLADES,fr,924,"{""@type"":""Review"",""@id"":""https://rentalscooterbarcelona.com/fr/rollerblades/#google-review-4"",""itemReviewed"":{""@id"":""https://rentalscooterbarcelona.com/#business""},""author"":{""@type"":""Person"",""name"":""Cristhian Oscar Heredia Rejas""},""datePublished"":""2025-06-23"",""reviewRating"":{""@type"":""Rating"",""ratingValue"":5,""bestRating"":5,""worstRating"":1},""reviewBody"":""\""Expérience incroyable. Tout était parfait : l’accueil, le matériel et les instructions données avant d’utiliser les patins. 💯 Recommandé. La propriétaire veille à ce que vous ayez tout ce qu’il faut ; elle est très attentionnée et cordiale. Je reviendrai.\"""",""publisher"":{""@type"":""Organization"",""name"":""Google""}}","{""line"":924,""text"":""★★★★★ “Expérience incroyable. Tout était parfait : l’accueil, le matériel et les instructions données avant d’utiliser les patins. 💯 Recommandé. La propriétaire veille à ce que vous ayez tout ce qu’il faut ; elle est très attentionnée et cordiale. Je reviendrai.” Cristhian Oscar Heredia Rejas · Avis Google · 2025-06-23"",""links"":[]}",SÍ,SÍ,SÍ
ROLLERBLADES,fr,925,"{""@type"":""Review"",""@id"":""https://rentalscooterbarcelona.com/fr/rollerblades/#google-review-5"",""itemReviewed"":{""@id"":""https://rentalscooterbarcelona.com/#business""},""author"":{""@type"":""Person"",""name"":""Islem lahami""},""datePublished"":""2026-05-30"",""reviewRating"":{""@type"":""Rating"",""ratingValue"":5,""bestRating"":5,""worstRating"":1},""reviewBody"":""\""Le meilleur endroit pour louer des patins à Barcelone ❤️\"""",""publisher"":{""@type"":""Organization"",""name"":""Google""}}","{""line"":925,""text"":""★★★★★ “Le meilleur endroit pour louer des patins à Barcelone ❤️” Islem lahami · Avis Google · 2026-05-30"",""links"":[]}",SÍ,SÍ,SÍ
ROLLERBLADES,it,927,"{""@type"":""Review"",""@id"":""https://rentalscooterbarcelona.com/it/rollerblades/#google-review-1"",""itemReviewed"":{""@id"":""https://rentalscooterbarcelona.com/#business""},""author"":{""@type"":""Person"",""name"":""Silvia G""},""datePublished"":""2022-07-12"",""reviewRating"":{""@type"":""Rating"",""ratingValue"":5,""bestRating"":5,""worstRating"":1},""reviewBody"":""\""Ottima esperienza! Io e una mia amica abbiamo deciso di noleggiare per un’ora i pattini. Se hai bisogno di casco o protezioni te le forniscono. La signora che ci ha noleggiato i pattini è stata gentilissima e super disponibile.\"""",""publisher"":{""@type"":""Organization"",""name"":""Google""}}","{""line"":927,""text"":""★★★★★ “Ottima esperienza! Io e una mia amica abbiamo deciso di noleggiare per un’ora i pattini. Se hai bisogno di casco o protezioni te le forniscono. La signora che ci ha noleggiato i pattini è stata gentilissima e super disponibile.” Silvia G · Recensione Google · 2022-07-12"",""links"":[]}",SÍ,SÍ,SÍ
ROLLERBLADES,it,928,"{""@type"":""Review"",""@id"":""https://rentalscooterbarcelona.com/it/rollerblades/#google-review-2"",""itemReviewed"":{""@id"":""https://rentalscooterbarcelona.com/#business""},""author"":{""@type"":""Person"",""name"":""Sonia""},""datePublished"":""2026-05-20"",""reviewRating"":{""@type"":""Rating"",""ratingValue"":5,""bestRating"":5,""worstRating"":1},""reviewBody"":""\""Abbiamo noleggiato pattini in linea a Barcellona durante le nostre vacanze. Hanno anche pattini a quattro ruote. Il negozio si trova nella Vila Olímpica, accanto al lungomare e vicino alla Barceloneta. Buon prezzo e ottimo servizio, lo consiglio al 100%.\"""",""publisher"":{""@type"":""Organization"",""name"":""Google""}}","{""line"":928,""text"":""★★★★★ “Abbiamo noleggiato pattini in linea a Barcellona durante le nostre vacanze. Hanno anche pattini a quattro ruote. Il negozio si trova nella Vila Olímpica, accanto al lungomare e vicino alla Barceloneta. Buon prezzo e ottimo servizio, lo consiglio al 100%.” Sonia · Recensione Google · 2026-05-20"",""links"":[]}",SÍ,SÍ,SÍ
ROLLERBLADES,it,929,"{""@type"":""Review"",""@id"":""https://rentalscooterbarcelona.com/it/rollerblades/#google-review-3"",""itemReviewed"":{""@id"":""https://rentalscooterbarcelona.com/#business""},""author"":{""@type"":""Person"",""name"":""Luz""},""datePublished"":""2026-03-08"",""reviewRating"":{""@type"":""Rating"",""ratingValue"":5,""bestRating"":5,""worstRating"":1},""reviewBody"":""\""Siamo venuti al Port Olímpic a pattinare con mio figlio e l’attrezzatura è andata benissimo. Anche il servizio è stato molto gentile, grazie mille!\"""",""publisher"":{""@type"":""Organization"",""name"":""Google""}}","{""line"":929,""text"":""★★★★★ “Siamo venuti al Port Olímpic a pattinare con mio figlio e l’attrezzatura è andata benissimo. Anche il servizio è stato molto gentile, grazie mille!” Luz · Recensione Google · 2026-03-08"",""links"":[]}",SÍ,SÍ,SÍ
ROLLERBLADES,it,930,"{""@type"":""Review"",""@id"":""https://rentalscooterbarcelona.com/it/rollerblades/#google-review-4"",""itemReviewed"":{""@id"":""https://rentalscooterbarcelona.com/#business""},""author"":{""@type"":""Person"",""name"":""Cristhian Oscar Heredia Rejas""},""datePublished"":""2025-06-23"",""reviewRating"":{""@type"":""Rating"",""ratingValue"":5,""bestRating"":5,""worstRating"":1},""reviewBody"":""\""Esperienza incredibile. Tutto è stato fantastico: il servizio, il materiale e le istruzioni prima di usare i pattini. 💯 Consigliato. La proprietaria si assicura che tu abbia tutto il necessario; è molto attenta e cordiale. Tornerò.\"""",""publisher"":{""@type"":""Organization"",""name"":""Google""}}","{""line"":930,""text"":""★★★★★ “Esperienza incredibile. Tutto è stato fantastico: il servizio, il materiale e le istruzioni prima di usare i pattini. 💯 Consigliato. La proprietaria si assicura che tu abbia tutto il necessario; è molto attenta e cordiale. Tornerò.” Cristhian Oscar Heredia Rejas · Recensione Google · 2025-06-23"",""links"":[]}",SÍ,SÍ,SÍ
ROLLERBLADES,it,931,"{""@type"":""Review"",""@id"":""https://rentalscooterbarcelona.com/it/rollerblades/#google-review-5"",""itemReviewed"":{""@id"":""https://rentalscooterbarcelona.com/#business""},""author"":{""@type"":""Person"",""name"":""Islem lahami""},""datePublished"":""2026-05-30"",""reviewRating"":{""@type"":""Rating"",""ratingValue"":5,""bestRating"":5,""worstRating"":1},""reviewBody"":""\""Il posto migliore per noleggiare pattini a Barcellona ❤️\"""",""publisher"":{""@type"":""Organization"",""name"":""Google""}}","{""line"":931,""text"":""★★★★★ “Il posto migliore per noleggiare pattini a Barcellona ❤️” Islem lahami · Recensione Google · 2026-05-30"",""links"":[]}",SÍ,SÍ,SÍ
ROLLERBLADES,de,923,"{""@type"":""Review"",""@id"":""https://rentalscooterbarcelona.com/de/rollerblades/#google-review-1"",""itemReviewed"":{""@id"":""https://rentalscooterbarcelona.com/#business""},""author"":{""@type"":""Person"",""name"":""maria yo""},""datePublished"":""2021-08-09"",""reviewRating"":{""@type"":""Rating"",""ratingValue"":5,""bestRating"":5,""worstRating"":1},""reviewBody"":""\""„Super nette Leute! Perfekte Standort um von dort direkt zum Strand Skaten, Radfahrern oder sonst...dann die Küste entlang weiter zu entdecken... […] Ich kann es nur empfehlen. Danke euch!“\"""",""publisher"":{""@type"":""Organization"",""name"":""Google""}}","{""line"":923,""text"":""★★★★★ „Super nette Leute! Perfekte Standort um von dort direkt zum Strand Skaten, Radfahrern oder sonst...dann die Küste entlang weiter zu entdecken... […] Ich kann es nur empfehlen. Danke euch!“ maria yo Google-Bewertung · 2021-08-09"",""links"":[]}",SÍ,SÍ,SÍ
ROLLERBLADES,de,931,"{""@type"":""Review"",""@id"":""https://rentalscooterbarcelona.com/de/rollerblades/#google-review-2"",""itemReviewed"":{""@id"":""https://rentalscooterbarcelona.com/#business""},""author"":{""@type"":""Person"",""name"":""Islem lahami""},""datePublished"":""2026-05-30"",""reviewRating"":{""@type"":""Rating"",""ratingValue"":5,""bestRating"":5,""worstRating"":1},""reviewBody"":""\""„Der beste Ort, um in Barcelona Skates zu mieten ❤️“\"""",""publisher"":{""@type"":""Organization"",""name"":""Google""}}","{""line"":931,""text"":""★★★★★ „Der beste Ort, um in Barcelona Skates zu mieten ❤️“ Islem lahami Google-Bewertung · 2026-05-30"",""links"":[]}",SÍ,SÍ,SÍ
ROLLERBLADES,de,939,"{""@type"":""Review"",""@id"":""https://rentalscooterbarcelona.com/de/rollerblades/#google-review-3"",""itemReviewed"":{""@id"":""https://rentalscooterbarcelona.com/#business""},""author"":{""@type"":""Person"",""name"":""Sonia""},""datePublished"":""2026-05-20"",""reviewRating"":{""@type"":""Rating"",""ratingValue"":5,""bestRating"":5,""worstRating"":1},""reviewBody"":""\""„Wir haben während unseres Urlaubs in Barcelona Inlineskates gemietet. Dort gibt es auch Rollschuhe. Das Geschäft liegt in der Vila Olímpica, direkt an der Strandpromenade und in der Nähe der Barceloneta. Guter Preis und toller Service – ich empfehle es zu 100 %.“\"""",""publisher"":{""@type"":""Organization"",""name"":""Google""}}","{""line"":939,""text"":""★★★★★ „Wir haben während unseres Urlaubs in Barcelona Inlineskates gemietet. Dort gibt es auch Rollschuhe. Das Geschäft liegt in der Vila Olímpica, direkt an der Strandpromenade und in der Nähe der Barceloneta. Guter Preis und toller Service – ich empfehle es zu 100 %.“ Sonia Google-Bewertung · 2026-05-20"",""links"":[]}",SÍ,SÍ,SÍ
ROLLERBLADES,de,947,"{""@type"":""Review"",""@id"":""https://rentalscooterbarcelona.com/de/rollerblades/#google-review-4"",""itemReviewed"":{""@id"":""https://rentalscooterbarcelona.com/#business""},""author"":{""@type"":""Person"",""name"":""Pierre L""},""datePublished"":""2026-08-10"",""reviewRating"":{""@type"":""Rating"",""ratingValue"":5,""bestRating"":5,""worstRating"":1},""reviewBody"":""\""„Ein toller Ort, um in Barcelona Skates zu mieten. Wir haben sowohl Inlineskates (Rollerblades) als auch klassische Rollschuhe mit vier Rollen gemietet. Alles war in gutem Zustand, das Personal war hilfsbereit und die Lage nahe dem Strand ist perfekt zum Skaten. Sehr empfehlenswert, wenn man in Barcelona Inlineskates oder Rollschuhe mieten möchte.“\"""",""publisher"":{""@type"":""Organization"",""name"":""Google""}}","{""line"":947,""text"":""★★★★★ „Ein toller Ort, um in Barcelona Skates zu mieten. Wir haben sowohl Inlineskates (Rollerblades) als auch klassische Rollschuhe mit vier Rollen gemietet. Alles war in gutem Zustand, das Personal war hilfsbereit und die Lage nahe dem Strand ist perfekt zum Skaten. Sehr empfehlenswert, wenn man in Barcelona Inlineskates oder Rollschuhe mieten möchte.“ Pierre L Google-Bewertung · 2026-08-10"",""links"":[]}",SÍ,SÍ,SÍ
ROLLERBLADES,de,955,"{""@type"":""Review"",""@id"":""https://rentalscooterbarcelona.com/de/rollerblades/#google-review-5"",""itemReviewed"":{""@id"":""https://rentalscooterbarcelona.com/#business""},""author"":{""@type"":""Person"",""name"":""Bailey Brooke""},""datePublished"":""2026-04-04"",""reviewRating"":{""@type"":""Rating"",""ratingValue"":5,""bestRating"":5,""worstRating"":1},""reviewBody"":""\""„Mein Freund und ich haben ein Paar Skates und ein Fahrrad gemietet, um die Strandpromenade entlangzufahren, und es hat sehr viel Spaß gemacht! Die Besitzer waren sehr lieb und hilfsbereit, und der Preis war großartig! Wir sind mit diesem Ort sehr zufrieden und werden wiederkommen.“\"""",""publisher"":{""@type"":""Organization"",""name"":""Google""}}","{""line"":955,""text"":""★★★★★ „Mein Freund und ich haben ein Paar Skates und ein Fahrrad gemietet, um die Strandpromenade entlangzufahren, und es hat sehr viel Spaß gemacht! Die Besitzer waren sehr lieb und hilfsbereit, und der Preis war großartig! Wir sind mit diesem Ort sehr zufrieden und werden wiederkommen.“ Bailey Brooke Google-Bewertung · 2026-04-04"",""links"":[]}",SÍ,SÍ,SÍ
ROLLERBLADES,nl,935,"{""@type"":""Review"",""@id"":""https://rentalscooterbarcelona.com/nl/rollerblades/#google-review-1"",""itemReviewed"":{""@id"":""https://rentalscooterbarcelona.com/#business""},""author"":{""@type"":""Person"",""name"":""Yassine Souri""},""datePublished"":""2026-07-30"",""reviewRating"":{""@type"":""Rating"",""ratingValue"":5,""bestRating"":5,""worstRating"":1},""reviewBody"":""\""De beste verhuurplek voor rollers 🛼. Je kunt langs Barceloneta gaan. Geweldige tijd en ervaring. De eigenaar is ook een geweldige man. Ik raad het ten zeerste aan.\"""",""publisher"":{""@type"":""Organization"",""name"":""Google""}}","{""line"":935,""text"":""★★★★★ “De beste verhuurplek voor rollers 🛼. Je kunt langs Barceloneta gaan. Geweldige tijd en ervaring. De eigenaar is ook een geweldige man. Ik raad het ten zeerste aan.” Yassine Souri Google-review · 2026-07-30"",""links"":[]}",SÍ,SÍ,SÍ
ROLLERBLADES,nl,943,"{""@type"":""Review"",""@id"":""https://rentalscooterbarcelona.com/nl/rollerblades/#google-review-2"",""itemReviewed"":{""@id"":""https://rentalscooterbarcelona.com/#business""},""author"":{""@type"":""Person"",""name"":""Islem lahami""},""datePublished"":""2026-05-30"",""reviewRating"":{""@type"":""Rating"",""ratingValue"":5,""bestRating"":5,""worstRating"":1},""reviewBody"":""\""De beste plek om skates te huren in Barcelona ❤️\"""",""publisher"":{""@type"":""Organization"",""name"":""Google""}}","{""line"":943,""text"":""★★★★★ “De beste plek om skates te huren in Barcelona ❤️” Islem lahami Google-review · 2026-05-30"",""links"":[]}",SÍ,SÍ,SÍ
ROLLERBLADES,nl,951,"{""@type"":""Review"",""@id"":""https://rentalscooterbarcelona.com/nl/rollerblades/#google-review-3"",""itemReviewed"":{""@id"":""https://rentalscooterbarcelona.com/#business""},""author"":{""@type"":""Person"",""name"":""Sonia""},""datePublished"":""2026-05-20"",""reviewRating"":{""@type"":""Rating"",""ratingValue"":5,""bestRating"":5,""worstRating"":1},""reviewBody"":""\""Tijdens onze vakantie huurden we inline skates in Barcelona. Ze hebben ook rolschaatsen. De winkel ligt in Vila Olímpica, naast de boulevard en dicht bij Barceloneta. Goede prijs en geweldige service, ik raad het 100% aan.\"""",""publisher"":{""@type"":""Organization"",""name"":""Google""}}","{""line"":951,""text"":""★★★★★ Tijdens onze vakantie huurden we inline skates in Barcelona. Ze hebben ook rolschaatsen. De winkel ligt in Vila Olímpica, naast de boulevard en dicht bij Barceloneta. Goede prijs en geweldige service, ik raad het 100% aan. Sonia Google-review · 2026-05-20"",""links"":[]}",SÍ,SÍ,SÍ
ROLLERBLADES,nl,959,"{""@type"":""Review"",""@id"":""https://rentalscooterbarcelona.com/nl/rollerblades/#google-review-4"",""itemReviewed"":{""@id"":""https://rentalscooterbarcelona.com/#business""},""author"":{""@type"":""Person"",""name"":""Pierre L""},""datePublished"":""2026-08-10"",""reviewRating"":{""@type"":""Rating"",""ratingValue"":5,""bestRating"":5,""worstRating"":1},""reviewBody"":""\""Een geweldige plek om skates te huren in Barcelona. We huurden zowel inline skates (rollerblades) als klassieke rolschaatsen met vier wielen. Alles was in goede staat, het personeel was behulpzaam en de locatie vlak bij het strand is perfect om te skaten. Een echte aanrader als je inline skates of rolschaatsen wilt huren in Barcelona.\"""",""publisher"":{""@type"":""Organization"",""name"":""Google""}}","{""line"":959,""text"":""★★★★★ “Een geweldige plek om skates te huren in Barcelona. We huurden zowel inline skates (rollerblades) als klassieke rolschaatsen met vier wielen. Alles was in goede staat, het personeel was behulpzaam en de locatie vlak bij het strand is perfect om te skaten. Een echte aanrader als je inline skates of rolschaatsen wilt huren in Barcelona.” Pierre L Google-review · 2026-08-10"",""links"":[]}",SÍ,SÍ,SÍ
ROLLERBLADES,nl,967,"{""@type"":""Review"",""@id"":""https://rentalscooterbarcelona.com/nl/rollerblades/#google-review-5"",""itemReviewed"":{""@id"":""https://rentalscooterbarcelona.com/#business""},""author"":{""@type"":""Person"",""name"":""Bailey Brooke""},""datePublished"":""2026-04-04"",""reviewRating"":{""@type"":""Rating"",""ratingValue"":5,""bestRating"":5,""worstRating"":1},""reviewBody"":""\""Mijn vriend en ik huurden een paar skates en een fiets om over de boulevard te gaan en het was zo leuk! De eigenaren waren zo lief en behulpzaam en de prijs was geweldig! We zijn erg blij met deze plek en komen terug.\"""",""publisher"":{""@type"":""Organization"",""name"":""Google""}}","{""line"":967,""text"":""★★★★★ “Mijn vriend en ik huurden een paar skates en een fiets om over de boulevard te gaan en het was zo leuk! De eigenaren waren zo lief en behulpzaam en de prijs was geweldig! We zijn erg blij met deze plek en komen terug.” Bailey Brooke Google-review · 2026-04-04"",""links"":[]}",SÍ,SÍ,SÍ
ROLLERBLADES,pt,940,"{""@type"":""Review"",""@id"":""https://rentalscooterbarcelona.com/pt/rollerblades/#google-review-1"",""itemReviewed"":{""@id"":""https://rentalscooterbarcelona.com/#business""},""author"":{""@type"":""Person"",""name"":""Yassine Souri""},""datePublished"":""2026-07-30"",""reviewRating"":{""@type"":""Rating"",""ratingValue"":5,""bestRating"":5,""worstRating"":1},""reviewBody"":""\""O melhor local para alugar rollers 🛼. Pode ir ao longo da Barceloneta. Um tempo e uma experiência incríveis. O proprietário também é uma pessoa maravilhosa. Recomendo muito.\"""",""publisher"":{""@type"":""Organization"",""name"":""Google""}}","{""line"":940,""text"":""★★★★★ “O melhor local para alugar rollers 🛼. Pode ir ao longo da Barceloneta. Um tempo e uma experiência incríveis. O proprietário também é uma pessoa maravilhosa. Recomendo muito.” Yassine Souri Avaliação Google · 2026-07-30"",""links"":[]}",SÍ,SÍ,SÍ
ROLLERBLADES,pt,948,"{""@type"":""Review"",""@id"":""https://rentalscooterbarcelona.com/pt/rollerblades/#google-review-2"",""itemReviewed"":{""@id"":""https://rentalscooterbarcelona.com/#business""},""author"":{""@type"":""Person"",""name"":""Islem lahami""},""datePublished"":""2026-05-30"",""reviewRating"":{""@type"":""Rating"",""ratingValue"":5,""bestRating"":5,""worstRating"":1},""reviewBody"":""\""O melhor sítio para alugar patins em Barcelona ❤️\"""",""publisher"":{""@type"":""Organization"",""name"":""Google""}}","{""line"":948,""text"":""★★★★★ “O melhor sítio para alugar patins em Barcelona ❤️” Islem lahami Avaliação Google · 2026-05-30"",""links"":[]}",SÍ,SÍ,SÍ
ROLLERBLADES,pt,956,"{""@type"":""Review"",""@id"":""https://rentalscooterbarcelona.com/pt/rollerblades/#google-review-3"",""itemReviewed"":{""@id"":""https://rentalscooterbarcelona.com/#business""},""author"":{""@type"":""Person"",""name"":""Sonia""},""datePublished"":""2026-05-20"",""reviewRating"":{""@type"":""Rating"",""ratingValue"":5,""bestRating"":5,""worstRating"":1},""reviewBody"":""\""Alugámos patins em linha em Barcelona durante as nossas férias. Também têm patins de quatro rodas. A loja fica na Vila Olímpica, junto ao passeio marítimo e perto da Barceloneta. Bom preço e ótimo serviço, recomendo a 100%.\"""",""publisher"":{""@type"":""Organization"",""name"":""Google""}}","{""line"":956,""text"":""★★★★★ Alugámos patins em linha em Barcelona durante as nossas férias. Também têm patins de quatro rodas. A loja fica na Vila Olímpica, junto ao passeio marítimo e perto da Barceloneta. Bom preço e ótimo serviço, recomendo a 100%. Sonia Avaliação Google · 2026-05-20"",""links"":[]}",SÍ,SÍ,SÍ
ROLLERBLADES,pt,964,"{""@type"":""Review"",""@id"":""https://rentalscooterbarcelona.com/pt/rollerblades/#google-review-4"",""itemReviewed"":{""@id"":""https://rentalscooterbarcelona.com/#business""},""author"":{""@type"":""Person"",""name"":""Pierre L""},""datePublished"":""2026-08-10"",""reviewRating"":{""@type"":""Rating"",""ratingValue"":5,""bestRating"":5,""worstRating"":1},""reviewBody"":""\""Um ótimo sítio para alugar patins em Barcelona. Alugámos tanto patins em linha (rollerblades) como patins clássicos de quatro rodas. Tudo estava em boas condições, o pessoal foi prestável e a localização perto da praia é perfeita para patinar. Muito recomendável se procura alugar patins em linha ou patins clássicos em Barcelona.\"""",""publisher"":{""@type"":""Organization"",""name"":""Google""}}","{""line"":964,""text"":""★★★★★ “Um ótimo sítio para alugar patins em Barcelona. Alugámos tanto patins em linha (rollerblades) como patins clássicos de quatro rodas. Tudo estava em boas condições, o pessoal foi prestável e a localização perto da praia é perfeita para patinar. Muito recomendável se procura alugar patins em linha ou patins clássicos em Barcelona.” Pierre L Avaliação Google · 2026-08-10"",""links"":[]}",SÍ,SÍ,SÍ
ROLLERBLADES,pt,972,"{""@type"":""Review"",""@id"":""https://rentalscooterbarcelona.com/pt/rollerblades/#google-review-5"",""itemReviewed"":{""@id"":""https://rentalscooterbarcelona.com/#business""},""author"":{""@type"":""Person"",""name"":""Bailey Brooke""},""datePublished"":""2026-04-04"",""reviewRating"":{""@type"":""Rating"",""ratingValue"":5,""bestRating"":5,""worstRating"":1},""reviewBody"":""\""Eu e o meu namorado alugámos um par de patins e uma bicicleta para percorrer o passeio marítimo e foi muito divertido! Os proprietários foram muito queridos e prestáveis e o preço foi ótimo! Ficámos muito satisfeitos com este sítio e vamos voltar.\"""",""publisher"":{""@type"":""Organization"",""name"":""Google""}}","{""line"":972,""text"":""★★★★★ “Eu e o meu namorado alugámos um par de patins e uma bicicleta para percorrer o passeio marítimo e foi muito divertido! Os proprietários foram muito queridos e prestáveis e o preço foi ótimo! Ficámos muito satisfeitos com este sítio e vamos voltar.” Bailey Brooke Avaliação Google · 2026-04-04"",""links"":[]}",SÍ,SÍ,SÍ
ROLLERBLADES,ca,927,"{""@type"":""Review"",""@id"":""https://rentalscooterbarcelona.com/cat/rollerblades/#google-review-1"",""itemReviewed"":{""@id"":""https://rentalscooterbarcelona.com/#business""},""author"":{""@type"":""Person"",""name"":""Yassine Souri""},""datePublished"":""2026-07-30"",""reviewRating"":{""@type"":""Rating"",""ratingValue"":5,""bestRating"":5,""worstRating"":1},""reviewBody"":""\""El millor lloc per llogar patins 🛼. Pots anar pel costat de la Barceloneta. Una estona i una experiència increïbles. El propietari també és una persona meravellosa. Ho recomano molt.\"""",""publisher"":{""@type"":""Organization"",""name"":""Google""}}","{""line"":927,""text"":""★★★★★ “El millor lloc per llogar patins 🛼. Pots anar pel costat de la Barceloneta. Una estona i una experiència increïbles. El propietari també és una persona meravellosa. Ho recomano molt.” Yassine Souri Ressenya de Google · 2026-07-30"",""links"":[]}",SÍ,SÍ,SÍ
ROLLERBLADES,ca,935,"{""@type"":""Review"",""@id"":""https://rentalscooterbarcelona.com/cat/rollerblades/#google-review-2"",""itemReviewed"":{""@id"":""https://rentalscooterbarcelona.com/#business""},""author"":{""@type"":""Person"",""name"":""Islem lahami""},""datePublished"":""2026-05-30"",""reviewRating"":{""@type"":""Rating"",""ratingValue"":5,""bestRating"":5,""worstRating"":1},""reviewBody"":""\""El millor lloc per llogar patins a Barcelona ❤️\"""",""publisher"":{""@type"":""Organization"",""name"":""Google""}}","{""line"":935,""text"":""★★★★★ “El millor lloc per llogar patins a Barcelona ❤️” Islem lahami Ressenya de Google · 2026-05-30"",""links"":[]}",SÍ,SÍ,SÍ
ROLLERBLADES,ca,943,"{""@type"":""Review"",""@id"":""https://rentalscooterbarcelona.com/cat/rollerblades/#google-review-3"",""itemReviewed"":{""@id"":""https://rentalscooterbarcelona.com/#business""},""author"":{""@type"":""Person"",""name"":""Pierre L""},""datePublished"":""2026-08-10"",""reviewRating"":{""@type"":""Rating"",""ratingValue"":5,""bestRating"":5,""worstRating"":1},""reviewBody"":""\""Un lloc fantàstic per llogar patins a Barcelona. Vam llogar tant patins en línia com patins clàssics de quatre rodes. Tot estava en bon estat, el personal va ser servicial i la ubicació prop de la platja és perfecta per patinar. Molt recomanable si busques lloguer de patins en línia o patins clàssics a Barcelona.\"""",""publisher"":{""@type"":""Organization"",""name"":""Google""}}","{""line"":943,""text"":""★★★★★ “Un lloc fantàstic per llogar patins a Barcelona. Vam llogar tant patins en línia com patins clàssics de quatre rodes. Tot estava en bon estat, el personal va ser servicial i la ubicació prop de la platja és perfecta per patinar. Molt recomanable si busques lloguer de patins en línia o patins clàssics a Barcelona.” Pierre L Ressenya de Google · 2026-08-10"",""links"":[]}",SÍ,SÍ,SÍ
ROLLERBLADES,ca,951,"{""@type"":""Review"",""@id"":""https://rentalscooterbarcelona.com/cat/rollerblades/#google-review-4"",""itemReviewed"":{""@id"":""https://rentalscooterbarcelona.com/#business""},""author"":{""@type"":""Person"",""name"":""Cristhian Oscar Heredia Rejas""},""datePublished"":""2025-06-23"",""reviewRating"":{""@type"":""Rating"",""ratingValue"":5,""bestRating"":5,""worstRating"":1},""reviewBody"":""\""Experiència increïble. Tot va ser genial: l’atenció, el material i les instruccions prèvies abans d’utilitzar els patins. 💯 Recomanable. La propietària es preocupa que ho tinguis tot, molt atenta i cordial. Repetiré.\"""",""publisher"":{""@type"":""Organization"",""name"":""Google""}}","{""line"":951,""text"":""★★★★★ “Experiència increïble. Tot va ser genial: l’atenció, el material i les instruccions prèvies abans d’utilitzar els patins. 💯 Recomanable. La propietària es preocupa que ho tinguis tot, molt atenta i cordial. Repetiré.” Cristhian Oscar Heredia Rejas Ressenya de Google · 2025-06-23"",""links"":[]}",SÍ,SÍ,SÍ
ROLLERBLADES,ca,959,"{""@type"":""Review"",""@id"":""https://rentalscooterbarcelona.com/cat/rollerblades/#google-review-5"",""itemReviewed"":{""@id"":""https://rentalscooterbarcelona.com/#business""},""author"":{""@type"":""Person"",""name"":""Sonia""},""datePublished"":""2026-05-20"",""reviewRating"":{""@type"":""Rating"",""ratingValue"":5,""bestRating"":5,""worstRating"":1},""reviewBody"":""\""Vam llogar patins en línia a Barcelona durant les vacances. També tenen patins de quatre rodes. La botiga és a la Vila Olímpica, al costat del passeig marítim i prop de la Barceloneta. Bon preu i una atenció genial, ho recomano al 100%.\"""",""publisher"":{""@type"":""Organization"",""name"":""Google""}}","{""line"":959,""text"":""★★★★★ “Vam llogar patins en línia a Barcelona durant les vacances. També tenen patins de quatre rodes. La botiga és a la Vila Olímpica, al costat del passeig marítim i prop de la Barceloneta. Bon preu i una atenció genial, ho recomano al 100%.” Sonia Ressenya de Google · 2026-05-20"",""links"":[]}",SÍ,SÍ,SÍ
ROLLERBLADES,sv,937,"{""@type"":""Review"",""@id"":""https://rentalscooterbarcelona.com/sv/rollerblades/#google-review-1"",""itemReviewed"":{""@id"":""https://rentalscooterbarcelona.com/#business""},""author"":{""@type"":""Person"",""name"":""Yassine Souri""},""datePublished"":""2026-07-30"",""reviewRating"":{""@type"":""Rating"",""ratingValue"":5,""bestRating"":5,""worstRating"":1},""reviewBody"":""\""Det bästa stället att hyra inlines 🛼. Du kan åka längs Barceloneta. En fantastisk stund och upplevelse. Ägaren är också en underbar person. Jag rekommenderar det verkligen.\"""",""publisher"":{""@type"":""Organization"",""name"":""Google""}}","{""line"":937,""text"":""★★★★★ “Det bästa stället att hyra inlines 🛼. Du kan åka längs Barceloneta. En fantastisk stund och upplevelse. Ägaren är också en underbar person. Jag rekommenderar det verkligen.” Yassine Souri Google-recension · 2026-07-30"",""links"":[]}",SÍ,SÍ,SÍ
ROLLERBLADES,sv,945,"{""@type"":""Review"",""@id"":""https://rentalscooterbarcelona.com/sv/rollerblades/#google-review-2"",""itemReviewed"":{""@id"":""https://rentalscooterbarcelona.com/#business""},""author"":{""@type"":""Person"",""name"":""Islem lahami""},""datePublished"":""2026-05-30"",""reviewRating"":{""@type"":""Rating"",""ratingValue"":5,""bestRating"":5,""worstRating"":1},""reviewBody"":""\""Det bästa stället att hyra rullskridskor i Barcelona ❤️\"""",""publisher"":{""@type"":""Organization"",""name"":""Google""}}","{""line"":945,""text"":""★★★★★ “Det bästa stället att hyra rullskridskor i Barcelona ❤️” Islem lahami Google-recension · 2026-05-30"",""links"":[]}",SÍ,SÍ,SÍ
ROLLERBLADES,sv,953,"{""@type"":""Review"",""@id"":""https://rentalscooterbarcelona.com/sv/rollerblades/#google-review-3"",""itemReviewed"":{""@id"":""https://rentalscooterbarcelona.com/#business""},""author"":{""@type"":""Person"",""name"":""Pierre L""},""datePublished"":""2026-08-10"",""reviewRating"":{""@type"":""Rating"",""ratingValue"":5,""bestRating"":5,""worstRating"":1},""reviewBody"":""\""Ett fantastiskt ställe att hyra rullskridskor i Barcelona. Vi hyrde både inlines och klassiska fyrhjuliga rullskridskor. Allt var i gott skick, personalen var hjälpsam och läget nära stranden är perfekt för att åka. Rekommenderas varmt om du söker uthyrning av inlines eller rullskridskor i Barcelona.\"""",""publisher"":{""@type"":""Organization"",""name"":""Google""}}","{""line"":953,""text"":""★★★★★ “Ett fantastiskt ställe att hyra rullskridskor i Barcelona. Vi hyrde både inlines och klassiska fyrhjuliga rullskridskor. Allt var i gott skick, personalen var hjälpsam och läget nära stranden är perfekt för att åka. Rekommenderas varmt om du söker uthyrning av inlines eller rullskridskor i Barcelona.” Pierre L Google-recension · 2026-08-10"",""links"":[]}",SÍ,SÍ,SÍ
ROLLERBLADES,sv,961,"{""@type"":""Review"",""@id"":""https://rentalscooterbarcelona.com/sv/rollerblades/#google-review-4"",""itemReviewed"":{""@id"":""https://rentalscooterbarcelona.com/#business""},""author"":{""@type"":""Person"",""name"":""Cristhian Oscar Heredia Rejas""},""datePublished"":""2025-06-23"",""reviewRating"":{""@type"":""Rating"",""ratingValue"":5,""bestRating"":5,""worstRating"":1},""reviewBody"":""\""En fantastisk upplevelse. Allt var utmärkt: servicen, utrustningen och instruktionerna innan vi använde rullskridskorna. 💯 Rekommenderas. Ägaren ser till att du har allt du behöver och är mycket uppmärksam och vänlig. Jag kommer tillbaka.\"""",""publisher"":{""@type"":""Organization"",""name"":""Google""}}","{""line"":961,""text"":""★★★★★ “En fantastisk upplevelse. Allt var utmärkt: servicen, utrustningen och instruktionerna innan vi använde rullskridskorna. 💯 Rekommenderas. Ägaren ser till att du har allt du behöver och är mycket uppmärksam och vänlig. Jag kommer tillbaka.” Cristhian Oscar Heredia Rejas Google-recension · 2025-06-23"",""links"":[]}",SÍ,SÍ,SÍ
ROLLERBLADES,sv,969,"{""@type"":""Review"",""@id"":""https://rentalscooterbarcelona.com/sv/rollerblades/#google-review-5"",""itemReviewed"":{""@id"":""https://rentalscooterbarcelona.com/#business""},""author"":{""@type"":""Person"",""name"":""Sonia""},""datePublished"":""2026-05-20"",""reviewRating"":{""@type"":""Rating"",""ratingValue"":5,""bestRating"":5,""worstRating"":1},""reviewBody"":""\""Vi hyrde inlines i Barcelona under semestern. De har även fyrhjuliga rullskridskor. Butiken ligger i Vila Olímpica, intill strandpromenaden och nära Barceloneta. Bra pris och fantastisk service, jag rekommenderar den till 100 procent.\"""",""publisher"":{""@type"":""Organization"",""name"":""Google""}}","{""line"":969,""text"":""★★★★★ “Vi hyrde inlines i Barcelona under semestern. De har även fyrhjuliga rullskridskor. Butiken ligger i Vila Olímpica, intill strandpromenaden och nära Barceloneta. Bra pris och fantastisk service, jag rekommenderar den till 100 procent.” Sonia Google-recension · 2026-05-20"",""links"":[]}",SÍ,SÍ,SÍ
ROLLERBLADES,pl,983,"{""@type"":""Review"",""@id"":""https://rentalscooterbarcelona.com/pl/rollerblades/#google-review-1"",""itemReviewed"":{""@id"":""https://rentalscooterbarcelona.com/#business""},""author"":{""@type"":""Person"",""name"":""Yassine Souri""},""datePublished"":""2026-07-30"",""reviewRating"":{""@type"":""Rating"",""ratingValue"":5,""bestRating"":5,""worstRating"":1},""reviewBody"":""\""Najlepsze miejsce na wynajem rolek 🛼. Można jeździć wzdłuż Barcelonety. Wspaniale spędzony czas i świetne doświadczenie. Właściciel jest również wspaniałą osobą. Bardzo polecam.\"""",""publisher"":{""@type"":""Organization"",""name"":""Google""}}","{""line"":983,""text"":""★★★★★ “Najlepsze miejsce na wynajem rolek 🛼. Można jeździć wzdłuż Barcelonety. Wspaniale spędzony czas i świetne doświadczenie. Właściciel jest również wspaniałą osobą. Bardzo polecam.” Yassine Souri Opinia Google · 2026-07-30"",""links"":[]}",SÍ,SÍ,SÍ
ROLLERBLADES,pl,991,"{""@type"":""Review"",""@id"":""https://rentalscooterbarcelona.com/pl/rollerblades/#google-review-2"",""itemReviewed"":{""@id"":""https://rentalscooterbarcelona.com/#business""},""author"":{""@type"":""Person"",""name"":""Islem lahami""},""datePublished"":""2026-05-30"",""reviewRating"":{""@type"":""Rating"",""ratingValue"":5,""bestRating"":5,""worstRating"":1},""reviewBody"":""\""Najlepsze miejsce na wynajem rolek w Barcelonie ❤️\"""",""publisher"":{""@type"":""Organization"",""name"":""Google""}}","{""line"":991,""text"":""★★★★★ “Najlepsze miejsce na wynajem rolek w Barcelonie ❤️” Islem lahami Opinia Google · 2026-05-30"",""links"":[]}",SÍ,SÍ,SÍ
ROLLERBLADES,pl,999,"{""@type"":""Review"",""@id"":""https://rentalscooterbarcelona.com/pl/rollerblades/#google-review-3"",""itemReviewed"":{""@id"":""https://rentalscooterbarcelona.com/#business""},""author"":{""@type"":""Person"",""name"":""Pierre L""},""datePublished"":""2026-08-10"",""reviewRating"":{""@type"":""Rating"",""ratingValue"":5,""bestRating"":5,""worstRating"":1},""reviewBody"":""\""Świetne miejsce na wynajem rolek w Barcelonie. Wynajęliśmy zarówno rolki, jak i klasyczne wrotki na czterech kółkach. Wszystko było w dobrym stanie, personel był pomocny, a lokalizacja blisko plaży jest idealna do jazdy. Gorąco polecam, jeśli szukasz wynajmu rolek lub wrotek w Barcelonie.\"""",""publisher"":{""@type"":""Organization"",""name"":""Google""}}","{""line"":999,""text"":""★★★★★ “Świetne miejsce na wynajem rolek w Barcelonie. Wynajęliśmy zarówno rolki, jak i klasyczne wrotki na czterech kółkach. Wszystko było w dobrym stanie, personel był pomocny, a lokalizacja blisko plaży jest idealna do jazdy. Gorąco polecam, jeśli szukasz wynajmu rolek lub wrotek w Barcelonie.” Pierre L Opinia Google · 2026-08-10"",""links"":[]}",SÍ,SÍ,SÍ
ROLLERBLADES,pl,1007,"{""@type"":""Review"",""@id"":""https://rentalscooterbarcelona.com/pl/rollerblades/#google-review-4"",""itemReviewed"":{""@id"":""https://rentalscooterbarcelona.com/#business""},""author"":{""@type"":""Person"",""name"":""Cristhian Oscar Heredia Rejas""},""datePublished"":""2025-06-23"",""reviewRating"":{""@type"":""Rating"",""ratingValue"":5,""bestRating"":5,""worstRating"":1},""reviewBody"":""\""Niesamowite doświadczenie. Wszystko było świetne: obsługa, sprzęt i instrukcje przed użyciem rolek. 💯 Polecam. Właścicielka dba o to, aby niczego ci nie brakowało; jest bardzo uważna i serdeczna. Wrócę.\"""",""publisher"":{""@type"":""Organization"",""name"":""Google""}}","{""line"":1007,""text"":""★★★★★ “Niesamowite doświadczenie. Wszystko było świetne: obsługa, sprzęt i instrukcje przed użyciem rolek. 💯 Polecam. Właścicielka dba o to, aby niczego ci nie brakowało; jest bardzo uważna i serdeczna. Wrócę.” Cristhian Oscar Heredia Rejas Opinia Google · 2025-06-23"",""links"":[]}",SÍ,SÍ,SÍ
ROLLERBLADES,pl,1015,"{""@type"":""Review"",""@id"":""https://rentalscooterbarcelona.com/pl/rollerblades/#google-review-5"",""itemReviewed"":{""@id"":""https://rentalscooterbarcelona.com/#business""},""author"":{""@type"":""Person"",""name"":""Sonia""},""datePublished"":""2026-05-20"",""reviewRating"":{""@type"":""Rating"",""ratingValue"":5,""bestRating"":5,""worstRating"":1},""reviewBody"":""\""Podczas wakacji wynajęliśmy rolki w Barcelonie. Mają również wrotki na czterech kółkach. Sklep znajduje się w Vila Olímpica, obok nadmorskiej promenady i blisko Barcelonety. Dobra cena i świetna obsługa, polecam w 100 procentach.\"""",""publisher"":{""@type"":""Organization"",""name"":""Google""}}","{""line"":1015,""text"":""★★★★★ “Podczas wakacji wynajęliśmy rolki w Barcelonie. Mają również wrotki na czterech kółkach. Sklep znajduje się w Vila Olímpica, obok nadmorskiej promenady i blisko Barcelonety. Dobra cena i świetna obsługa, polecam w 100 procentach.” Sonia Opinia Google · 2026-05-20"",""links"":[]}",SÍ,SÍ,SÍ
